solid OpenSCAD_Model
  facet normal 0 0 -1
    outer loop
      vertex -28.88153340021932 -41.908768370508575 0
      vertex -28.997335568919592 -41.61628547935894 0
      vertex -28.545084971874736 -42.43892626146236 0
    endloop
  endfacet
  facet normal 0 0 -1
    outer loop
      vertex -27.902460215688194 -43.123252120716124 0
      vertex -28.14484313710706 -42.92273552964344 0
      vertex -28.32974470492999 -42.66824035462518 0
    endloop
  endfacet
  facet normal 0 0 -1
    outer loop
      vertex -29.342915805643155 -40.743449435824274 0
      vertex -29.460573506572388 -40.12666616782152 0
      vertex -29.46344807205274 -39.789338302751595 0
    endloop
  endfacet
  facet normal 0 0 -1
    outer loop
      vertex -27.687119948743447 -43.352566213878944 0
      vertex -26.894499510254978 -43.855578439771634 0
      vertex -27.179133974894985 -43.72163962751007 0
    endloop
  endfacet
  facet normal 0 0 -1
    outer loop
      vertex -26.628896457825363 -44.0241352623301 0
      vertex -25.436906572928624 -44.411436253643444 0
      vertex -26.045084971874736 -44.25528258147577 0
    endloop
  endfacet
  facet normal 0 0 -1
    outer loop
      vertex -29.5 -35.5 0
      vertex -25.58740463957512 -30.62720508219109 0
      vertex -25.568882993001477 -30.959176877912054 0
    endloop
  endfacet
  facet normal 0 0 -1
    outer loop
      vertex -24.71882890057217 -31.010181486629126 0
      vertex -24.715533412416548 -30.543178793997225 0
      vertex -24.173597674598852 -30.66262419483242 0
    endloop
  endfacet
  facet normal 0 0 -1
    outer loop
      vertex -24.71882890057217 -31.010181486629126 0
      vertex -24.077352024078955 -30.867156613383088 0
      vertex -23.973716882196236 -31.030459466422332 0
    endloop
  endfacet
  facet normal 0 0 -1
    outer loop
      vertex -24.71882890057217 -31.010181486629126 0
      vertex -24.173597674598852 -30.66262419483242 0
      vertex -24.077352024078955 -30.867156613383088 0
    endloop
  endfacet
  facet normal 0 0 -1
    outer loop
      vertex -25.58740463957512 -30.62720508219109 0
      vertex -25.12930523171858 -24.41030206995054 0
      vertex -24.715533412416548 -30.543178793997225 0
    endloop
  endfacet
  facet normal 0 0 -1
    outer loop
      vertex -24.715533412416548 -30.543178793997225 0
      vertex -24.3 -30 0
      vertex -24.28580646236606 -30.22559982041575 0
    endloop
  endfacet
  facet normal 0 0 -1
    outer loop
      vertex -24.715533412416548 -30.543178793997225 0
      vertex -24.243449690031536 -30.44764179689674 0
      vertex -24.173597674598852 -30.66262419483242 0
    endloop
  endfacet
  facet normal 0 0 -1
    outer loop
      vertex -24.715533412416548 -30.543178793997225 0
      vertex -24.28580646236606 -30.22559982041575 0
      vertex -24.243449690031536 -30.44764179689674 0
    endloop
  endfacet
  facet normal 0 0 -1
    outer loop
      vertex -24.715533412416548 -30.543178793997225 0
      vertex -25.12930523171858 -24.41030206995054 0
      vertex -24.3 -30 0
    endloop
  endfacet
  facet normal 0 0 -1
    outer loop
      vertex -25.12930523171858 -24.41030206995054 0
      vertex -24.28580646236606 -29.77440017958425 0
      vertex -24.3 -30 0
    endloop
  endfacet
  facet normal 0 0 -1
    outer loop
      vertex -24.28580646236606 -29.77440017958425 0
      vertex -25.12930523171858 -24.41030206995054 0
      vertex -24.243449690031536 -29.55235820310326 0
    endloop
  endfacet
  facet normal 0 0 -1
    outer loop
      vertex -24.243449690031536 -29.55235820310326 0
      vertex -24.869148039119587 -24.72477809426824 0
      vertex -24.173597674598852 -29.33737580516758 0
    endloop
  endfacet
  facet normal 0 0 -1
    outer loop
      vertex -24.173597674598852 -29.33737580516758 0
      vertex -24.57162796668324 -25.004168039021316 0
      vertex -24.077352024078955 -29.132843386616912 0
    endloop
  endfacet
  facet normal 0 0 -1
    outer loop
      vertex -25.58740463957512 -30.62720508219109 0
      vertex -25.647895273668052 -23.308242133285777 0
      vertex -25.521773579136816 -23.696404796225202 0
    endloop
  endfacet
  facet normal 0 0 -1
    outer loop
      vertex -25.58740463957512 -30.62720508219109 0
      vertex -25.521773579136816 -23.696404796225202 0
      vertex -25.347996710142557 -24.065699440830574 0
    endloop
  endfacet
  facet normal 0 0 -1
    outer loop
      vertex -25.58740463957512 -30.62720508219109 0
      vertex -25.347996710142557 -24.065699440830574 0
      vertex -25.12930523171858 -24.41030206995054 0
    endloop
  endfacet
  facet normal 0 0 -1
    outer loop
      vertex -25.58740463957512 -30.62720508219109 0
      vertex -25.724372779272052 -22.907333009083988 0
      vertex -25.647895273668052 -23.308242133285777 0
    endloop
  endfacet
  facet normal 0 0 -1
    outer loop
      vertex -25.58740463957512 -30.62720508219109 0
      vertex -25.75 -22.5 0
      vertex -25.724372779272052 -22.907333009083988 0
    endloop
  endfacet
  facet normal 0 0 -1
    outer loop
      vertex -24.077352024078955 -29.132843386616912 0
      vertex -24.57162796668324 -25.004168039021316 0
      vertex -23.956230589874906 -28.941986545873547 0
    endloop
  endfacet
  facet normal 0 0 -1
    outer loop
      vertex -23.81214352935854 -28.76781520932836 0
      vertex -23.956230589874906 -28.941986545873547 0
      vertex -24.24143708368174 -25.24406575788155 0
    endloop
  endfacet
  facet normal 0 0 -1
    outer loop
      vertex -23.81214352935854 -28.76781520932836 0
      vertex -24.24143708368174 -25.24406575788155 0
      vertex -23.883782697586486 -25.440687920514563 0
    endloop
  endfacet
  facet normal 0 0 -1
    outer loop
      vertex -24.243449690031536 -29.55235820310326 0
      vertex -25.12930523171858 -24.41030206995054 0
      vertex -24.869148039119587 -24.72477809426824 0
    endloop
  endfacet
  facet normal 0 0 -1
    outer loop
      vertex -24.173597674598852 -29.33737580516758 0
      vertex -24.869148039119587 -24.72477809426824 0
      vertex -24.57162796668324 -25.004168039021316 0
    endloop
  endfacet
  facet normal 0 0 -1
    outer loop
      vertex -23.956230589874906 -28.941986545873547 0
      vertex -24.57162796668324 -25.004168039021316 0
      vertex -24.24143708368174 -25.24406575788155 0
    endloop
  endfacet
  facet normal 0 0 -1
    outer loop
      vertex -23.81214352935854 -28.76781520932836 0
      vertex -23.883782697586486 -25.440687920514563 0
      vertex -23.64736318154764 -28.61307616300358 0
    endloop
  endfacet
  facet normal 0 0 -1
    outer loop
      vertex -23.64736318154764 -28.61307616300358 0
      vertex -23.883782697586486 -25.440687920514563 0
      vertex -23.464488230962193 -28.480209734096373 0
    endloop
  endfacet
  facet normal 0 0 -1
    outer loop
      vertex -23.464488230962193 -28.480209734096373 0
      vertex -23.883782697586486 -25.440687920514563 0
      vertex -23.50430523171858 -25.59093367795925 0
    endloop
  endfacet
  facet normal 0 0 -1
    outer loop
      vertex -23.464488230962193 -28.480209734096373 0
      vertex -23.50430523171858 -25.59093367795925 0
      vertex -23.26640272481713 -28.371311305561164 0
    endloop
  endfacet
  facet normal 0 0 -1
    outer loop
      vertex -23.26640272481713 -28.371311305561164 0
      vertex -23.108989272403605 -25.69243356486824 0
      vertex -23.056230589874904 -28.288098270668723 0
    endloop
  endfacet
  facet normal 0 0 -1
    outer loop
      vertex -23.26640272481713 -28.371311305561164 0
      vertex -23.50430523171858 -25.59093367795925 0
      vertex -23.108989272403605 -25.69243356486824 0
    endloop
  endfacet
  facet normal 0 0 -1
    outer loop
      vertex -23.056230589874904 -28.288098270668723 0
      vertex -23.108989272403605 -25.69243356486824 0
      vertex -22.837286366254304 -28.23188294868836 0
    endloop
  endfacet
  facet normal 0 0 -1
    outer loop
      vertex -22.837286366254304 -28.23188294868836 0
      vertex -22.70406918847027 -25.743586867391883 0
      vertex -22.613022935152763 -28.20355188882911 0
    endloop
  endfacet
  facet normal 0 0 -1
    outer loop
      vertex -22.837286366254304 -28.23188294868836 0
      vertex -23.108989272403605 -25.69243356486824 0
      vertex -22.70406918847027 -25.743586867391883 0
    endloop
  endfacet
  facet normal 0 0 -1
    outer loop
      vertex -22.613022935152763 -28.20355188882911 0
      vertex -22.29593081152973 -25.743586867391883 0
      vertex -22.386977064847237 -28.20355188882911 0
    endloop
  endfacet
  facet normal 0 0 -1
    outer loop
      vertex -22.386977064847237 -28.20355188882911 0
      vertex -22.29593081152973 -25.743586867391883 0
      vertex -22.162713633745696 -28.23188294868836 0
    endloop
  endfacet
  facet normal 0 0 -1
    outer loop
      vertex -22.613022935152763 -28.20355188882911 0
      vertex -22.70406918847027 -25.743586867391883 0
      vertex -22.29593081152973 -25.743586867391883 0
    endloop
  endfacet
  facet normal 0 0 -1
    outer loop
      vertex -16.35445427529363 -31.237815205387154 0
      vertex -21.08598889038929 -31.10904803890808 0
      vertex -21.043769410125094 -31.058013454126453 0
    endloop
  endfacet
  facet normal 0 0 -1
    outer loop
      vertex -16.35445427529363 -31.237815205387154 0
      vertex -21.043769410125094 -31.058013454126453 0
      vertex -20.922647975921045 -30.867156613383088 0
    endloop
  endfacet
  facet normal 0 0 -1
    outer loop
      vertex -16.35445427529363 -31.237815205387154 0
      vertex -20.922647975921045 -30.867156613383088 0
      vertex -20.826402325401148 -30.66262419483242 0
    endloop
  endfacet
  facet normal 0 0 -1
    outer loop
      vertex -16.429736905787607 -30.50986635785864 0
      vertex -20.826402325401148 -29.33737580516758 0
      vertex -20.922647975921045 -29.132843386616912 0
    endloop
  endfacet
  facet normal 0 0 -1
    outer loop
      vertex -16.429736905787607 -30.50986635785864 0
      vertex -20.826402325401148 -30.66262419483242 0
      vertex -20.756550309968464 -30.44764179689674 0
    endloop
  endfacet
  facet normal 0 0 -1
    outer loop
      vertex -16.429736905787607 -30.50986635785864 0
      vertex -20.756550309968464 -30.44764179689674 0
      vertex -20.71419353763394 -30.22559982041575 0
    endloop
  endfacet
  facet normal 0 0 -1
    outer loop
      vertex -16.429736905787607 -30.50986635785864 0
      vertex -20.71419353763394 -30.22559982041575 0
      vertex -20.7 -30 0
    endloop
  endfacet
  facet normal 0 0 -1
    outer loop
      vertex -16.429736905787607 -30.50986635785864 0
      vertex -20.7 -30 0
      vertex -20.71419353763394 -29.77440017958425 0
    endloop
  endfacet
  facet normal 0 0 -1
    outer loop
      vertex -16.429736905787607 -30.50986635785864 0
      vertex -20.71419353763394 -29.77440017958425 0
      vertex -20.756550309968464 -29.55235820310326 0
    endloop
  endfacet
  facet normal 0 0 -1
    outer loop
      vertex -16.429736905787607 -30.50986635785864 0
      vertex -20.756550309968464 -29.55235820310326 0
      vertex -20.826402325401148 -29.33737580516758 0
    endloop
  endfacet
  facet normal 0 0 -1
    outer loop
      vertex -16.429736905787607 -30.50986635785864 0
      vertex -20.922647975921045 -29.132843386616912 0
      vertex -20.42837203331676 -25.004168039021316 0
    endloop
  endfacet
  facet normal 0 0 -1
    outer loop
      vertex -22.162713633745696 -28.23188294868836 0
      vertex -21.891010727596395 -25.69243356486824 0
      vertex -21.943769410125096 -28.288098270668723 0
    endloop
  endfacet
  facet normal 0 0 -1
    outer loop
      vertex -21.943769410125096 -28.288098270668723 0
      vertex -21.49569476828142 -25.59093367795925 0
      vertex -21.73359727518287 -28.371311305561164 0
    endloop
  endfacet
  facet normal 0 0 -1
    outer loop
      vertex -22.162713633745696 -28.23188294868836 0
      vertex -22.29593081152973 -25.743586867391883 0
      vertex -21.891010727596395 -25.69243356486824 0
    endloop
  endfacet
  facet normal 0 0 -1
    outer loop
      vertex -21.943769410125096 -28.288098270668723 0
      vertex -21.891010727596395 -25.69243356486824 0
      vertex -21.49569476828142 -25.59093367795925 0
    endloop
  endfacet
  facet normal 0 0 -1
    outer loop
      vertex -21.73359727518287 -28.371311305561164 0
      vertex -21.49569476828142 -25.59093367795925 0
      vertex -21.535511769037807 -28.480209734096373 0
    endloop
  endfacet
  facet normal 0 0 -1
    outer loop
      vertex -21.535511769037807 -28.480209734096373 0
      vertex -21.116217302413514 -25.440687920514563 0
      vertex -21.352636818452357 -28.61307616300358 0
    endloop
  endfacet
  facet normal 0 0 -1
    outer loop
      vertex -21.535511769037807 -28.480209734096373 0
      vertex -21.49569476828142 -25.59093367795925 0
      vertex -21.116217302413514 -25.440687920514563 0
    endloop
  endfacet
  facet normal 0 0 -1
    outer loop
      vertex -21.352636818452357 -28.61307616300358 0
      vertex -20.75856291631826 -25.24406575788155 0
      vertex -21.18785647064146 -28.76781520932836 0
    endloop
  endfacet
  facet normal 0 0 -1
    outer loop
      vertex -21.18785647064146 -28.76781520932836 0
      vertex -20.42837203331676 -25.004168039021316 0
      vertex -21.043769410125094 -28.941986545873547 0
    endloop
  endfacet
  facet normal 0 0 -1
    outer loop
      vertex -21.043769410125094 -28.941986545873547 0
      vertex -20.42837203331676 -25.004168039021316 0
      vertex -20.922647975921045 -29.132843386616912 0
    endloop
  endfacet
  facet normal 0 0 -1
    outer loop
      vertex -21.352636818452357 -28.61307616300358 0
      vertex -21.116217302413514 -25.440687920514563 0
      vertex -20.75856291631826 -25.24406575788155 0
    endloop
  endfacet
  facet normal 0 0 -1
    outer loop
      vertex -21.18785647064146 -28.76781520932836 0
      vertex -20.75856291631826 -25.24406575788155 0
      vertex -20.42837203331676 -25.004168039021316 0
    endloop
  endfacet
  facet normal 0 0 -1
    outer loop
      vertex -16.429736905787607 -30.50986635785864 0
      vertex -20.42837203331676 -25.004168039021316 0
      vertex -20.130851960880413 -24.72477809426824 0
    endloop
  endfacet
  facet normal 0 0 -1
    outer loop
      vertex -16.429736905787607 -30.50986635785864 0
      vertex -20.130851960880413 -24.72477809426824 0
      vertex -19.87069476828142 -24.41030206995054 0
    endloop
  endfacet
  facet normal 0 0 -1
    outer loop
      vertex -16.429736905787607 -30.50986635785864 0
      vertex -19.87069476828142 -24.41030206995054 0
      vertex -19.652003289857443 -24.065699440830574 0
    endloop
  endfacet
  facet normal 0 0 -1
    outer loop
      vertex -16.429736905787607 -30.50986635785864 0
      vertex -19.652003289857443 -24.065699440830574 0
      vertex -19.478226420863184 -23.696404796225206 0
    endloop
  endfacet
  facet normal 0 0 -1
    outer loop
      vertex -16.35445427529363 -31.237815205387154 0
      vertex -20.826402325401148 -30.66262419483242 0
      vertex -16.429736905787607 -30.50986635785864 0
    endloop
  endfacet
  facet normal 0 0 -1
    outer loop
      vertex -16.429736905787607 -30.50986635785864 0
      vertex -19.478226420863184 -23.696404796225206 0
      vertex -19.352104726331948 -23.308242133285777 0
    endloop
  endfacet
  facet normal 0 0 -1
    outer loop
      vertex -16.429736905787607 -30.50986635785864 0
      vertex -19.352104726331948 -23.308242133285777 0
      vertex -19.275627220727948 -22.907333009083988 0
    endloop
  endfacet
  facet normal 0 0 -1
    outer loop
      vertex -16.429736905787607 -30.50986635785864 0
      vertex -19.275627220727948 -22.907333009083988 0
      vertex -19.25 -22.5 0
    endloop
  endfacet
  facet normal 0 0 -1
    outer loop
      vertex -16.429736905787607 -30.50986635785864 0
      vertex -19.25 -22.5 0
      vertex -19.275627220727948 -22.092666990916012 0
    endloop
  endfacet
  facet normal -0.7705132427757907 -0.6374239897486881 0
    outer loop
      vertex -28.545084971874736 -42.43892626146236 0
      vertex -28.14484313710706 -42.92273552964344 0
      vertex -28.545084971874736 -42.43892626146236 3
    endloop
  endfacet
  facet normal -0.9822872507286892 -0.18738131458572183 0
    outer loop
      vertex -29.342915805643155 -40.743449435824274 0
      vertex -29.460573506572388 -40.12666616782152 3
      vertex -29.460573506572388 -40.12666616782152 0
    endloop
  endfacet
  facet normal -0.24868988716485604 -0.9685831611286309 0
    outer loop
      vertex -26.045084971874736 -44.25528258147577 0
      vertex -25.436906572928624 -44.411436253643444 0
      vertex -26.045084971874736 -44.25528258147577 3
    endloop
  endfacet
  facet normal 0 0 -1
    outer loop
      vertex -25.521773579136816 -21.303595203774798 0
      vertex -24.3 -15 0
      vertex -25.347996710142557 -20.934300559169426 0
    endloop
  endfacet
  facet normal 0 0 -1
    outer loop
      vertex -25.347996710142557 -20.934300559169426 0
      vertex -24.3 -15 0
      vertex -25.12930523171858 -20.58969793004946 0
    endloop
  endfacet
  facet normal 0 0 -1
    outer loop
      vertex -24.869148039119587 -20.27522190573176 0
      vertex -25.12930523171858 -20.58969793004946 0
      vertex -24.243449690031536 -15.447641796896738 0
    endloop
  endfacet
  facet normal 0 0 -1
    outer loop
      vertex -24.869148039119587 -20.27522190573176 0
      vertex -24.173597674598852 -15.66262419483242 0
      vertex -24.57162796668324 -19.995831960978684 0
    endloop
  endfacet
  facet normal 0 0 -1
    outer loop
      vertex -24.57162796668324 -19.995831960978684 0
      vertex -23.956230589874906 -16.058013454126453 0
      vertex -24.24143708368174 -19.75593424211845 0
    endloop
  endfacet
  facet normal 0 0 -1
    outer loop
      vertex -24.24143708368174 -19.75593424211845 0
      vertex -23.81214352935854 -16.23218479067164 0
      vertex -23.883782697586486 -19.559312079485437 0
    endloop
  endfacet
  facet normal 0 0 -1
    outer loop
      vertex -25.12930523171858 -20.58969793004946 0
      vertex -24.28580646236606 -15.225599820415747 0
      vertex -24.243449690031536 -15.447641796896738 0
    endloop
  endfacet
  facet normal 0 0 -1
    outer loop
      vertex -25.12930523171858 -20.58969793004946 0
      vertex -24.3 -15 0
      vertex -24.28580646236606 -15.225599820415747 0
    endloop
  endfacet
  facet normal 0 0 -1
    outer loop
      vertex -24.869148039119587 -20.27522190573176 0
      vertex -24.243449690031536 -15.447641796896738 0
      vertex -24.173597674598852 -15.66262419483242 0
    endloop
  endfacet
  facet normal 0 0 -1
    outer loop
      vertex -24.57162796668324 -19.995831960978684 0
      vertex -24.077352024078955 -15.867156613383088 0
      vertex -23.956230589874906 -16.058013454126453 0
    endloop
  endfacet
  facet normal 0 0 -1
    outer loop
      vertex -24.57162796668324 -19.995831960978684 0
      vertex -24.173597674598852 -15.66262419483242 0
      vertex -24.077352024078955 -15.867156613383088 0
    endloop
  endfacet
  facet normal 0 0 -1
    outer loop
      vertex -24.24143708368174 -19.75593424211845 0
      vertex -23.956230589874906 -16.058013454126453 0
      vertex -23.81214352935854 -16.23218479067164 0
    endloop
  endfacet
  facet normal 0 0 -1
    outer loop
      vertex -23.883782697586486 -19.559312079485437 0
      vertex -23.464488230962193 -16.519790265903627 0
      vertex -23.50430523171858 -19.40906632204075 0
    endloop
  endfacet
  facet normal 0 0 -1
    outer loop
      vertex -23.50430523171858 -19.40906632204075 0
      vertex -23.26640272481713 -16.628688694438836 0
      vertex -23.108989272403605 -19.30756643513176 0
    endloop
  endfacet
  facet normal 0 0 -1
    outer loop
      vertex -23.883782697586486 -19.559312079485437 0
      vertex -23.81214352935854 -16.23218479067164 0
      vertex -23.64736318154764 -16.38692383699642 0
    endloop
  endfacet
  facet normal 0 0 -1
    outer loop
      vertex -23.883782697586486 -19.559312079485437 0
      vertex -23.64736318154764 -16.38692383699642 0
      vertex -23.464488230962193 -16.519790265903627 0
    endloop
  endfacet
  facet normal 0 0 -1
    outer loop
      vertex -23.50430523171858 -19.40906632204075 0
      vertex -23.464488230962193 -16.519790265903627 0
      vertex -23.26640272481713 -16.628688694438836 0
    endloop
  endfacet
  facet normal 0 0 -1
    outer loop
      vertex -23.108989272403605 -19.30756643513176 0
      vertex -23.26640272481713 -16.628688694438836 0
      vertex -23.056230589874904 -16.711901729331277 0
    endloop
  endfacet
  facet normal 0 0 -1
    outer loop
      vertex -23.108989272403605 -19.30756643513176 0
      vertex -22.837286366254304 -16.76811705131164 0
      vertex -22.704069188470267 -19.256413132608117 0
    endloop
  endfacet
  facet normal 0 0 -1
    outer loop
      vertex -22.704069188470267 -19.256413132608117 0
      vertex -22.613022935152763 -16.79644811117089 0
      vertex -22.295930811529733 -19.256413132608117 0
    endloop
  endfacet
  facet normal 0 0 -1
    outer loop
      vertex -23.108989272403605 -19.30756643513176 0
      vertex -23.056230589874904 -16.711901729331277 0
      vertex -22.837286366254304 -16.76811705131164 0
    endloop
  endfacet
  facet normal 0 0 -1
    outer loop
      vertex -22.704069188470267 -19.256413132608117 0
      vertex -22.837286366254304 -16.76811705131164 0
      vertex -22.613022935152763 -16.79644811117089 0
    endloop
  endfacet
  facet normal 0 0 -1
    outer loop
      vertex -22.613022935152763 -16.79644811117089 0
      vertex -22.386977064847237 -16.79644811117089 0
      vertex -22.295930811529733 -19.256413132608117 0
    endloop
  endfacet
  facet normal 0 0 -1
    outer loop
      vertex -22.295930811529733 -19.256413132608117 0
      vertex -22.386977064847237 -16.79644811117089 0
      vertex -22.162713633745696 -16.76811705131164 0
    endloop
  endfacet
  facet normal 0 0 -1
    outer loop
      vertex -25.521773579136816 -21.303595203774798 0
      vertex -25.521773579136816 -8.696404796225202 0
      vertex -24.3 -15 0
    endloop
  endfacet
  facet normal 0 0 -1
    outer loop
      vertex -25.521773579136816 -21.303595203774798 0
      vertex -25.647895273668052 -8.308242133285779 0
      vertex -25.521773579136816 -8.696404796225202 0
    endloop
  endfacet
  facet normal 0 0 -1
    outer loop
      vertex -25.521773579136816 -21.303595203774798 0
      vertex -25.724372779272052 -7.907333009083988 0
      vertex -25.647895273668052 -8.308242133285779 0
    endloop
  endfacet
  facet normal 0 0 -1
    outer loop
      vertex -24.3 -15 0
      vertex -25.521773579136816 -8.696404796225202 0
      vertex -24.28580646236606 -14.774400179584253 0
    endloop
  endfacet
  facet normal 0 0 -1
    outer loop
      vertex -24.28580646236606 -14.774400179584253 0
      vertex -25.347996710142557 -9.065699440830574 0
      vertex -24.243449690031536 -14.552358203103262 0
    endloop
  endfacet
  facet normal 0 0 -1
    outer loop
      vertex -24.243449690031536 -14.552358203103262 0
      vertex -25.12930523171858 -9.410302069950538 0
      vertex -24.173597674598852 -14.33737580516758 0
    endloop
  endfacet
  facet normal 0 0 -1
    outer loop
      vertex -24.173597674598852 -14.33737580516758 0
      vertex -24.869148039119587 -9.724778094268238 0
      vertex -24.077352024078955 -14.132843386616912 0
    endloop
  endfacet
  facet normal 0 0 -1
    outer loop
      vertex -24.077352024078955 -14.132843386616912 0
      vertex -24.57162796668324 -10.004168039021316 0
      vertex -23.956230589874906 -13.941986545873549 0
    endloop
  endfacet
  facet normal 0 0 -1
    outer loop
      vertex -23.81214352935854 -13.767815209328361 0
      vertex -23.956230589874906 -13.941986545873549 0
      vertex -24.57162796668324 -10.004168039021316 0
    endloop
  endfacet
  facet normal 0 0 -1
    outer loop
      vertex -24.173597674598852 -14.33737580516758 0
      vertex -25.12930523171858 -9.410302069950538 0
      vertex -24.869148039119587 -9.724778094268238 0
    endloop
  endfacet
  facet normal 0 0 -1
    outer loop
      vertex -24.077352024078955 -14.132843386616912 0
      vertex -24.869148039119587 -9.724778094268238 0
      vertex -24.57162796668324 -10.004168039021316 0
    endloop
  endfacet
  facet normal 0 0 -1
    outer loop
      vertex -23.81214352935854 -13.767815209328361 0
      vertex -24.57162796668324 -10.004168039021316 0
      vertex -24.24143708368174 -10.244065757881549 0
    endloop
  endfacet
  facet normal 0 0 -1
    outer loop
      vertex -23.81214352935854 -13.767815209328361 0
      vertex -24.24143708368174 -10.244065757881549 0
      vertex -23.64736318154764 -13.61307616300358 0
    endloop
  endfacet
  facet normal 0 0 -1
    outer loop
      vertex -23.64736318154764 -13.61307616300358 0
      vertex -23.883782697586486 -10.440687920514563 0
      vertex -23.464488230962193 -13.480209734096373 0
    endloop
  endfacet
  facet normal 0 0 -1
    outer loop
      vertex -23.64736318154764 -13.61307616300358 0
      vertex -24.24143708368174 -10.244065757881549 0
      vertex -23.883782697586486 -10.440687920514563 0
    endloop
  endfacet
  facet normal 0 0 -1
    outer loop
      vertex -23.464488230962193 -13.480209734096373 0
      vertex -23.883782697586486 -10.440687920514563 0
      vertex -23.50430523171858 -10.59093367795925 0
    endloop
  endfacet
  facet normal 0 0 -1
    outer loop
      vertex -23.464488230962193 -13.480209734096373 0
      vertex -23.50430523171858 -10.59093367795925 0
      vertex -23.26640272481713 -13.371311305561164 0
    endloop
  endfacet
  facet normal 0 0 -1
    outer loop
      vertex -23.26640272481713 -13.371311305561164 0
      vertex -23.50430523171858 -10.59093367795925 0
      vertex -23.056230589874904 -13.288098270668723 0
    endloop
  endfacet
  facet normal 0 0 -1
    outer loop
      vertex -23.056230589874904 -13.288098270668723 0
      vertex -23.50430523171858 -10.59093367795925 0
      vertex -23.108989272403605 -10.692433564868239 0
    endloop
  endfacet
  facet normal 0 0 -1
    outer loop
      vertex -23.056230589874904 -13.288098270668723 0
      vertex -23.108989272403605 -10.692433564868239 0
      vertex -22.837286366254304 -13.23188294868836 0
    endloop
  endfacet
  facet normal 0 0 -1
    outer loop
      vertex -22.837286366254304 -13.23188294868836 0
      vertex -22.70406918847027 -10.743586867391883 0
      vertex -22.613022935152763 -13.20355188882911 0
    endloop
  endfacet
  facet normal 0 0 -1
    outer loop
      vertex -22.837286366254304 -13.23188294868836 0
      vertex -23.108989272403605 -10.692433564868239 0
      vertex -22.70406918847027 -10.743586867391883 0
    endloop
  endfacet
  facet normal 0 0 -1
    outer loop
      vertex -22.613022935152763 -13.20355188882911 0
      vertex -22.70406918847027 -10.743586867391883 0
      vertex -22.386977064847237 -13.20355188882911 0
    endloop
  endfacet
  facet normal 0 0 -1
    outer loop
      vertex -22.386977064847237 -13.20355188882911 0
      vertex -22.29593081152973 -10.743586867391883 0
      vertex -22.162713633745696 -13.23188294868836 0
    endloop
  endfacet
  facet normal 0 0 -1
    outer loop
      vertex -22.70406918847027 -10.743586867391883 0
      vertex -22.29593081152973 -10.743586867391883 0
      vertex -22.386977064847237 -13.20355188882911 0
    endloop
  endfacet
  facet normal 0 0 -1
    outer loop
      vertex -29.5 -35.5 0
      vertex -29.5 39.5 0
      vertex -25.58740463957512 -30.62720508219109 0
    endloop
  endfacet
  facet normal 0 0 -1
    outer loop
      vertex -25.58740463957512 -30.62720508219109 0
      vertex -29.5 39.5 0
      vertex -25.75 -22.5 0
    endloop
  endfacet
  facet normal 0 0 -1
    outer loop
      vertex -29.5 39.5 0
      vertex -25.724372779272052 -22.092666990916012 0
      vertex -25.75 -22.5 0
    endloop
  endfacet
  facet normal 0 0 -1
    outer loop
      vertex -29.5 39.5 0
      vertex -25.647895273668052 -21.691757866714223 0
      vertex -25.724372779272052 -22.092666990916012 0
    endloop
  endfacet
  facet normal 0 0 -1
    outer loop
      vertex -29.5 39.5 0
      vertex -25.521773579136816 -21.303595203774798 0
      vertex -25.647895273668052 -21.691757866714223 0
    endloop
  endfacet
  facet normal 0 0 -1
    outer loop
      vertex -24.28580646236606 -14.774400179584253 0
      vertex -25.521773579136816 -8.696404796225202 0
      vertex -25.347996710142557 -9.065699440830574 0
    endloop
  endfacet
  facet normal 0 0 -1
    outer loop
      vertex -24.243449690031536 -14.552358203103262 0
      vertex -25.347996710142557 -9.065699440830574 0
      vertex -25.12930523171858 -9.410302069950538 0
    endloop
  endfacet
  facet normal 0 0 -1
    outer loop
      vertex -25.521773579136816 -6.303595203774797 0
      vertex -24.28580646236606 -0.22559982041574733 0
      vertex -25.347996710142557 -5.934300559169425 0
    endloop
  endfacet
  facet normal 0 0 -1
    outer loop
      vertex -25.347996710142557 -5.934300559169425 0
      vertex -24.243449690031536 -0.4476417968967387 0
      vertex -25.12930523171858 -5.5896979300494625 0
    endloop
  endfacet
  facet normal 0 0 -1
    outer loop
      vertex -24.869148039119587 -5.275221905731762 0
      vertex -25.12930523171858 -5.5896979300494625 0
      vertex -24.173597674598852 -0.6626241948324202 0
    endloop
  endfacet
  facet normal 0 0 -1
    outer loop
      vertex -24.869148039119587 -5.275221905731762 0
      vertex -24.077352024078955 -0.8671566133830877 0
      vertex -24.57162796668324 -4.995831960978684 0
    endloop
  endfacet
  facet normal 0 0 -1
    outer loop
      vertex -24.57162796668324 -4.995831960978684 0
      vertex -23.81214352935854 -1.2321847906716394 0
      vertex -24.24143708368174 -4.755934242118451 0
    endloop
  endfacet
  facet normal 0 0 -1
    outer loop
      vertex -25.75 -7.5 0
      vertex -25.75 7.5 0
      vertex -25.724372779272052 -7.092666990916012 0
    endloop
  endfacet
  facet normal 0 0 -1
    outer loop
      vertex -25.724372779272052 -7.092666990916012 0
      vertex -25.724372779272052 7.092666990916012 0
      vertex -25.647895273668052 -6.691757866714221 0
    endloop
  endfacet
  facet normal 0 0 -1
    outer loop
      vertex -25.647895273668052 -6.691757866714221 0
      vertex -25.647895273668052 6.691757866714221 0
      vertex -25.521773579136816 -6.303595203774797 0
    endloop
  endfacet
  facet normal 0 0 -1
    outer loop
      vertex -25.521773579136816 -6.303595203774797 0
      vertex -24.3 0 0
      vertex -24.28580646236606 -0.22559982041574733 0
    endloop
  endfacet
  facet normal 0 0 -1
    outer loop
      vertex -25.347996710142557 -5.934300559169425 0
      vertex -24.28580646236606 -0.22559982041574733 0
      vertex -24.243449690031536 -0.4476417968967387 0
    endloop
  endfacet
  facet normal 0 0 -1
    outer loop
      vertex -25.12930523171858 -5.5896979300494625 0
      vertex -24.243449690031536 -0.4476417968967387 0
      vertex -24.173597674598852 -0.6626241948324202 0
    endloop
  endfacet
  facet normal 0 0 -1
    outer loop
      vertex -24.869148039119587 -5.275221905731762 0
      vertex -24.173597674598852 -0.6626241948324202 0
      vertex -24.077352024078955 -0.8671566133830877 0
    endloop
  endfacet
  facet normal 0 0 -1
    outer loop
      vertex -24.57162796668324 -4.995831960978684 0
      vertex -24.077352024078955 -0.8671566133830877 0
      vertex -23.956230589874906 -1.0580134541264516 0
    endloop
  endfacet
  facet normal 0 0 -1
    outer loop
      vertex -24.57162796668324 -4.995831960978684 0
      vertex -23.956230589874906 -1.0580134541264516 0
      vertex -23.81214352935854 -1.2321847906716394 0
    endloop
  endfacet
  facet normal 0 0 -1
    outer loop
      vertex -24.24143708368174 -4.755934242118451 0
      vertex -23.64736318154764 -1.386923836996421 0
      vertex -23.883782697586486 -4.559312079485437 0
    endloop
  endfacet
  facet normal 0 0 -1
    outer loop
      vertex -23.883782697586486 -4.559312079485437 0
      vertex -23.464488230962193 -1.5197902659036269 0
      vertex -23.50430523171858 -4.409066322040751 0
    endloop
  endfacet
  facet normal 0 0 -1
    outer loop
      vertex -23.50430523171858 -4.409066322040751 0
      vertex -23.056230589874904 -1.7119017293312764 0
      vertex -23.108989272403605 -4.307566435131761 0
    endloop
  endfacet
  facet normal 0 0 -1
    outer loop
      vertex -23.108989272403605 -4.307566435131761 0
      vertex -22.837286366254304 -1.7681170513116395 0
      vertex -22.704069188470267 -4.256413132608118 0
    endloop
  endfacet
  facet normal 0 0 -1
    outer loop
      vertex -22.704069188470267 -4.256413132608118 0
      vertex -22.386977064847237 -1.7964481111708888 0
      vertex -22.295930811529733 -4.256413132608118 0
    endloop
  endfacet
  facet normal 0 0 -1
    outer loop
      vertex -24.24143708368174 -4.755934242118451 0
      vertex -23.81214352935854 -1.2321847906716394 0
      vertex -23.64736318154764 -1.386923836996421 0
    endloop
  endfacet
  facet normal 0 0 -1
    outer loop
      vertex -23.883782697586486 -4.559312079485437 0
      vertex -23.64736318154764 -1.386923836996421 0
      vertex -23.464488230962193 -1.5197902659036269 0
    endloop
  endfacet
  facet normal 0 0 -1
    outer loop
      vertex -23.50430523171858 -4.409066322040751 0
      vertex -23.464488230962193 -1.5197902659036269 0
      vertex -23.26640272481713 -1.6286886944388352 0
    endloop
  endfacet
  facet normal 0 0 -1
    outer loop
      vertex -23.50430523171858 -4.409066322040751 0
      vertex -23.26640272481713 -1.6286886944388352 0
      vertex -23.056230589874904 -1.7119017293312764 0
    endloop
  endfacet
  facet normal 0 0 -1
    outer loop
      vertex -23.108989272403605 -4.307566435131761 0
      vertex -23.056230589874904 -1.7119017293312764 0
      vertex -22.837286366254304 -1.7681170513116395 0
    endloop
  endfacet
  facet normal 0 0 -1
    outer loop
      vertex -22.704069188470267 -4.256413132608118 0
      vertex -22.837286366254304 -1.7681170513116395 0
      vertex -22.613022935152763 -1.7964481111708888 0
    endloop
  endfacet
  facet normal 0 0 -1
    outer loop
      vertex -22.704069188470267 -4.256413132608118 0
      vertex -22.613022935152763 -1.7964481111708888 0
      vertex -22.386977064847237 -1.7964481111708888 0
    endloop
  endfacet
  facet normal 0 0 -1
    outer loop
      vertex -22.295930811529733 -4.256413132608118 0
      vertex -22.386977064847237 -1.7964481111708888 0
      vertex -22.162713633745696 -1.7681170513116395 0
    endloop
  endfacet
  facet normal 0 0 -1
    outer loop
      vertex -22.295930811529733 -19.256413132608117 0
      vertex -22.162713633745696 -16.76811705131164 0
      vertex -21.891010727596395 -19.30756643513176 0
    endloop
  endfacet
  facet normal 0 0 -1
    outer loop
      vertex -21.891010727596395 -19.30756643513176 0
      vertex -21.943769410125096 -16.711901729331277 0
      vertex -21.49569476828142 -19.40906632204075 0
    endloop
  endfacet
  facet normal 0 0 -1
    outer loop
      vertex -21.49569476828142 -19.40906632204075 0
      vertex -21.535511769037807 -16.519790265903627 0
      vertex -21.116217302413514 -19.559312079485437 0
    endloop
  endfacet
  facet normal 0 0 -1
    outer loop
      vertex -21.891010727596395 -19.30756643513176 0
      vertex -22.162713633745696 -16.76811705131164 0
      vertex -21.943769410125096 -16.711901729331277 0
    endloop
  endfacet
  facet normal 0 0 -1
    outer loop
      vertex -21.49569476828142 -19.40906632204075 0
      vertex -21.943769410125096 -16.711901729331277 0
      vertex -21.73359727518287 -16.628688694438836 0
    endloop
  endfacet
  facet normal 0 0 -1
    outer loop
      vertex -21.49569476828142 -19.40906632204075 0
      vertex -21.73359727518287 -16.628688694438836 0
      vertex -21.535511769037807 -16.519790265903627 0
    endloop
  endfacet
  facet normal 0 0 -1
    outer loop
      vertex -21.116217302413514 -19.559312079485437 0
      vertex -21.535511769037807 -16.519790265903627 0
      vertex -21.352636818452357 -16.38692383699642 0
    endloop
  endfacet
  facet normal 0 0 -1
    outer loop
      vertex -21.116217302413514 -19.559312079485437 0
      vertex -21.352636818452357 -16.38692383699642 0
      vertex -20.75856291631826 -19.75593424211845 0
    endloop
  endfacet
  facet normal 0 0 -1
    outer loop
      vertex -21.18785647064146 -16.23218479067164 0
      vertex -20.42837203331676 -19.995831960978684 0
      vertex -20.75856291631826 -19.75593424211845 0
    endloop
  endfacet
  facet normal 0 0 -1
    outer loop
      vertex -20.922647975921045 -15.867156613383088 0
      vertex -20.130851960880413 -20.27522190573176 0
      vertex -20.42837203331676 -19.995831960978684 0
    endloop
  endfacet
  facet normal 0 0 -1
    outer loop
      vertex -21.18785647064146 -16.23218479067164 0
      vertex -20.75856291631826 -19.75593424211845 0
      vertex -21.352636818452357 -16.38692383699642 0
    endloop
  endfacet
  facet normal 0 0 -1
    outer loop
      vertex -21.18785647064146 -16.23218479067164 0
      vertex -21.043769410125094 -16.058013454126453 0
      vertex -20.42837203331676 -19.995831960978684 0
    endloop
  endfacet
  facet normal 0 0 -1
    outer loop
      vertex -21.043769410125094 -16.058013454126453 0
      vertex -20.922647975921045 -15.867156613383088 0
      vertex -20.42837203331676 -19.995831960978684 0
    endloop
  endfacet
  facet normal 0 0 -1
    outer loop
      vertex -20.922647975921045 -15.867156613383088 0
      vertex -20.826402325401148 -15.662624194832421 0
      vertex -20.130851960880413 -20.27522190573176 0
    endloop
  endfacet
  facet normal 0 0 -1
    outer loop
      vertex -19.87069476828142 -20.58969793004946 0
      vertex -20.826402325401148 -15.662624194832421 0
      vertex -20.756550309968464 -15.447641796896738 0
    endloop
  endfacet
  facet normal 0 0 -1
    outer loop
      vertex -19.652003289857443 -20.934300559169426 0
      vertex -20.756550309968464 -15.447641796896738 0
      vertex -20.71419353763394 -15.225599820415747 0
    endloop
  endfacet
  facet normal 0 0 -1
    outer loop
      vertex -19.478226420863184 -21.303595203774798 0
      vertex -20.71419353763394 -15.225599820415747 0
      vertex -20.7 -15 0
    endloop
  endfacet
  facet normal 0 0 -1
    outer loop
      vertex -19.478226420863184 -21.303595203774798 0
      vertex -20.7 -15 0
      vertex -20.71419353763394 -14.774400179584251 0
    endloop
  endfacet
  facet normal 0 0 -1
    outer loop
      vertex -16.429736905787607 -30.50986635785864 0
      vertex -19.275627220727948 -22.092666990916012 0
      vertex -20.130851960880413 -9.724778094268238 0
    endloop
  endfacet
  facet normal 0 0 -1
    outer loop
      vertex -19.87069476828142 -20.58969793004946 0
      vertex -20.130851960880413 -20.27522190573176 0
      vertex -20.826402325401148 -15.662624194832421 0
    endloop
  endfacet
  facet normal 0 0 -1
    outer loop
      vertex -19.87069476828142 -20.58969793004946 0
      vertex -20.756550309968464 -15.447641796896738 0
      vertex -19.652003289857443 -20.934300559169426 0
    endloop
  endfacet
  facet normal 0 0 -1
    outer loop
      vertex -19.652003289857443 -20.934300559169426 0
      vertex -20.71419353763394 -15.225599820415747 0
      vertex -19.478226420863184 -21.303595203774798 0
    endloop
  endfacet
  facet normal 0 0 -1
    outer loop
      vertex -19.352104726331948 -21.691757866714223 0
      vertex -21.116217302413514 -10.440687920514563 0
      vertex -19.275627220727948 -22.092666990916012 0
    endloop
  endfacet
  facet normal 0 0 -1
    outer loop
      vertex -19.352104726331948 -21.691757866714223 0
      vertex -19.478226420863184 -21.303595203774798 0
      vertex -21.49569476828142 -10.59093367795925 0
    endloop
  endfacet
  facet normal 0 0 -1
    outer loop
      vertex -19.478226420863184 -21.303595203774798 0
      vertex -20.71419353763394 -14.774400179584251 0
      vertex -21.49569476828142 -10.59093367795925 0
    endloop
  endfacet
  facet normal 0 0 -1
    outer loop
      vertex -19.352104726331948 -21.691757866714223 0
      vertex -21.49569476828142 -10.59093367795925 0
      vertex -21.116217302413514 -10.440687920514563 0
    endloop
  endfacet
  facet normal 0 0 -1
    outer loop
      vertex -19.275627220727948 -22.092666990916012 0
      vertex -21.116217302413514 -10.440687920514563 0
      vertex -20.75856291631826 -10.24406575788155 0
    endloop
  endfacet
  facet normal 0 0 -1
    outer loop
      vertex -21.535511769037807 -13.480209734096373 0
      vertex -21.49569476828142 -10.59093367795925 0
      vertex -21.352636818452357 -13.61307616300358 0
    endloop
  endfacet
  facet normal 0 0 -1
    outer loop
      vertex -21.352636818452357 -13.61307616300358 0
      vertex -21.49569476828142 -10.59093367795925 0
      vertex -21.18785647064146 -13.76781520932836 0
    endloop
  endfacet
  facet normal 0 0 -1
    outer loop
      vertex -21.18785647064146 -13.76781520932836 0
      vertex -21.49569476828142 -10.59093367795925 0
      vertex -21.043769410125094 -13.941986545873549 0
    endloop
  endfacet
  facet normal 0 0 -1
    outer loop
      vertex -22.162713633745696 -13.23188294868836 0
      vertex -21.891010727596395 -10.692433564868239 0
      vertex -21.943769410125096 -13.288098270668723 0
    endloop
  endfacet
  facet normal 0 0 -1
    outer loop
      vertex -21.943769410125096 -13.288098270668723 0
      vertex -21.891010727596395 -10.692433564868239 0
      vertex -21.73359727518287 -13.371311305561164 0
    endloop
  endfacet
  facet normal 0 0 -1
    outer loop
      vertex -22.162713633745696 -13.23188294868836 0
      vertex -22.29593081152973 -10.743586867391883 0
      vertex -21.891010727596395 -10.692433564868239 0
    endloop
  endfacet
  facet normal 0 0 -1
    outer loop
      vertex -21.73359727518287 -13.371311305561164 0
      vertex -21.891010727596395 -10.692433564868239 0
      vertex -21.49569476828142 -10.59093367795925 0
    endloop
  endfacet
  facet normal 0 0 -1
    outer loop
      vertex -21.73359727518287 -13.371311305561164 0
      vertex -21.49569476828142 -10.59093367795925 0
      vertex -21.535511769037807 -13.480209734096373 0
    endloop
  endfacet
  facet normal 0 0 -1
    outer loop
      vertex -21.49569476828142 -10.59093367795925 0
      vertex -20.71419353763394 -14.774400179584251 0
      vertex -20.756550309968464 -14.552358203103262 0
    endloop
  endfacet
  facet normal 0 0 -1
    outer loop
      vertex -21.043769410125094 -13.941986545873549 0
      vertex -21.49569476828142 -10.59093367795925 0
      vertex -20.922647975921045 -14.132843386616912 0
    endloop
  endfacet
  facet normal 0 0 -1
    outer loop
      vertex -21.49569476828142 -10.59093367795925 0
      vertex -20.756550309968464 -14.552358203103262 0
      vertex -20.826402325401148 -14.33737580516758 0
    endloop
  endfacet
  facet normal 0 0 -1
    outer loop
      vertex -21.49569476828142 -10.59093367795925 0
      vertex -20.826402325401148 -14.33737580516758 0
      vertex -20.922647975921045 -14.132843386616912 0
    endloop
  endfacet
  facet normal 0 0 -1
    outer loop
      vertex -19.275627220727948 -22.092666990916012 0
      vertex -20.75856291631826 -10.24406575788155 0
      vertex -20.42837203331676 -10.004168039021314 0
    endloop
  endfacet
  facet normal 0 0 -1
    outer loop
      vertex -20.130851960880413 -9.724778094268238 0
      vertex -19.275627220727948 -22.092666990916012 0
      vertex -20.42837203331676 -10.004168039021314 0
    endloop
  endfacet
  facet normal 0 0 -1
    outer loop
      vertex -16.429736905787607 -30.50986635785864 0
      vertex -20.130851960880413 -9.724778094268238 0
      vertex -19.87069476828142 -9.410302069950538 0
    endloop
  endfacet
  facet normal 0 0 -1
    outer loop
      vertex -16.429736905787607 -30.50986635785864 0
      vertex -19.87069476828142 -9.410302069950538 0
      vertex -19.652003289857443 -9.065699440830574 0
    endloop
  endfacet
  facet normal 0 0 -1
    outer loop
      vertex -16.429736905787607 -30.50986635785864 0
      vertex -19.652003289857443 -9.065699440830574 0
      vertex -19.478226420863184 -8.696404796225204 0
    endloop
  endfacet
  facet normal 0 0 -1
    outer loop
      vertex -16.429736905787607 -30.50986635785864 0
      vertex -19.478226420863184 -8.696404796225204 0
      vertex -19.352104726331948 -8.308242133285777 0
    endloop
  endfacet
  facet normal 0 0 -1
    outer loop
      vertex -16.429736905787607 -30.50986635785864 0
      vertex -19.352104726331948 -8.308242133285777 0
      vertex -19.275627220727948 -7.907333009083988 0
    endloop
  endfacet
  facet normal 0 0 -1
    outer loop
      vertex -16.429736905787607 -30.50986635785864 0
      vertex -19.275627220727948 -7.907333009083988 0
      vertex -19.25 -7.5 0
    endloop
  endfacet
  facet normal 0 0 -1
    outer loop
      vertex -16.429736905787607 -30.50986635785864 0
      vertex -19.25 -7.5 0
      vertex -19.275627220727948 -7.092666990916011 0
    endloop
  endfacet
  facet normal 0 0 -1
    outer loop
      vertex -16.429736905787607 -30.50986635785864 0
      vertex -19.275627220727948 -7.092666990916011 0
      vertex -19.87069476828142 5.5896979300494625 0
    endloop
  endfacet
  facet normal 0 0 -1
    outer loop
      vertex -16.429736905787607 -30.50986635785864 0
      vertex -19.87069476828142 5.5896979300494625 0
      vertex -19.652003289857443 5.934300559169425 0
    endloop
  endfacet
  facet normal 0 0 -1
    outer loop
      vertex -16.429736905787607 -30.50986635785864 0
      vertex -19.652003289857443 5.934300559169425 0
      vertex -19.478226420863184 6.303595203774796 0
    endloop
  endfacet
  facet normal 0 0 -1
    outer loop
      vertex -22.295930811529733 -4.256413132608118 0
      vertex -22.162713633745696 -1.7681170513116395 0
      vertex -21.891010727596395 -4.307566435131761 0
    endloop
  endfacet
  facet normal 0 0 -1
    outer loop
      vertex -21.73359727518287 -1.6286886944388352 0
      vertex -21.49569476828142 -4.409066322040751 0
      vertex -21.891010727596395 -4.307566435131761 0
    endloop
  endfacet
  facet normal 0 0 -1
    outer loop
      vertex -21.49569476828142 -4.409066322040751 0
      vertex -21.535511769037807 -1.5197902659036275 0
      vertex -21.116217302413514 -4.559312079485437 0
    endloop
  endfacet
  facet normal 0 0 -1
    outer loop
      vertex -21.116217302413514 -4.559312079485437 0
      vertex -21.352636818452357 -1.3869238369964203 0
      vertex -20.75856291631826 -4.755934242118451 0
    endloop
  endfacet
  facet normal 0 0 -1
    outer loop
      vertex -21.18785647064146 -1.2321847906716394 0
      vertex -20.42837203331676 -4.995831960978686 0
      vertex -20.75856291631826 -4.755934242118451 0
    endloop
  endfacet
  facet normal 0 0 -1
    outer loop
      vertex -20.130851960880413 -5.275221905731762 0
      vertex -20.42837203331676 -4.995831960978686 0
      vertex -20.922647975921045 -0.8671566133830877 0
    endloop
  endfacet
  facet normal 0 0 -1
    outer loop
      vertex -21.891010727596395 -4.307566435131761 0
      vertex -22.162713633745696 -1.7681170513116395 0
      vertex -21.943769410125096 -1.7119017293312764 0
    endloop
  endfacet
  facet normal 0 0 -1
    outer loop
      vertex -21.73359727518287 -1.6286886944388352 0
      vertex -21.891010727596395 -4.307566435131761 0
      vertex -21.943769410125096 -1.7119017293312764 0
    endloop
  endfacet
  facet normal 0 0 -1
    outer loop
      vertex -21.49569476828142 -4.409066322040751 0
      vertex -21.73359727518287 -1.6286886944388352 0
      vertex -21.535511769037807 -1.5197902659036275 0
    endloop
  endfacet
  facet normal 0 0 -1
    outer loop
      vertex -21.116217302413514 -4.559312079485437 0
      vertex -21.535511769037807 -1.5197902659036275 0
      vertex -21.352636818452357 -1.3869238369964203 0
    endloop
  endfacet
  facet normal 0 0 -1
    outer loop
      vertex -21.18785647064146 -1.2321847906716394 0
      vertex -20.75856291631826 -4.755934242118451 0
      vertex -21.352636818452357 -1.3869238369964203 0
    endloop
  endfacet
  facet normal 0 0 -1
    outer loop
      vertex -21.18785647064146 -1.2321847906716394 0
      vertex -21.043769410125094 -1.0580134541264516 0
      vertex -20.42837203331676 -4.995831960978686 0
    endloop
  endfacet
  facet normal 0 0 -1
    outer loop
      vertex -21.043769410125094 -1.0580134541264516 0
      vertex -20.922647975921045 -0.8671566133830877 0
      vertex -20.42837203331676 -4.995831960978686 0
    endloop
  endfacet
  facet normal 0 0 -1
    outer loop
      vertex -20.130851960880413 -5.275221905731762 0
      vertex -20.922647975921045 -0.8671566133830877 0
      vertex -20.826402325401148 -0.6626241948324211 0
    endloop
  endfacet
  facet normal 0 0 -1
    outer loop
      vertex -19.87069476828142 -5.5896979300494625 0
      vertex -20.826402325401148 -0.6626241948324211 0
      vertex -20.756550309968464 -0.447641796896738 0
    endloop
  endfacet
  facet normal 0 0 -1
    outer loop
      vertex -19.652003289857443 -5.934300559169425 0
      vertex -20.756550309968464 -0.447641796896738 0
      vertex -20.71419353763394 -0.22559982041574733 0
    endloop
  endfacet
  facet normal 0 0 -1
    outer loop
      vertex -19.478226420863184 -6.303595203774797 0
      vertex -20.71419353763394 -0.22559982041574733 0
      vertex -20.7 0 0
    endloop
  endfacet
  facet normal 0 0 -1
    outer loop
      vertex -20.130851960880413 -5.275221905731762 0
      vertex -20.826402325401148 -0.6626241948324211 0
      vertex -19.87069476828142 -5.5896979300494625 0
    endloop
  endfacet
  facet normal 0 0 -1
    outer loop
      vertex -19.87069476828142 -5.5896979300494625 0
      vertex -20.756550309968464 -0.447641796896738 0
      vertex -19.652003289857443 -5.934300559169425 0
    endloop
  endfacet
  facet normal 0 0 -1
    outer loop
      vertex -19.478226420863184 -6.303595203774797 0
      vertex -19.652003289857443 -5.934300559169425 0
      vertex -20.71419353763394 -0.22559982041574733 0
    endloop
  endfacet
  facet normal 0 0 -1
    outer loop
      vertex -19.87069476828142 5.5896979300494625 0
      vertex -19.275627220727948 -7.092666990916011 0
      vertex -19.352104726331948 -6.691757866714222 0
    endloop
  endfacet
  facet normal 0 0 -1
    outer loop
      vertex -19.87069476828142 5.5896979300494625 0
      vertex -19.352104726331948 -6.691757866714222 0
      vertex -19.478226420863184 -6.303595203774797 0
    endloop
  endfacet
  facet normal 0 0 -1
    outer loop
      vertex -19.87069476828142 5.5896979300494625 0
      vertex -19.478226420863184 -6.303595203774797 0
      vertex -20.7 0 0
    endloop
  endfacet
  facet normal 0 0 -1
    outer loop
      vertex -16.429736905787607 -30.50986635785864 0
      vertex -19.275627220727948 7.907333009083989 0
      vertex -19.652003289857443 20.934300559169426 0
    endloop
  endfacet
  facet normal 0 0 -1
    outer loop
      vertex -16.429736905787607 -30.50986635785864 0
      vertex -19.478226420863184 6.303595203774796 0
      vertex -19.352104726331948 6.691757866714223 0
    endloop
  endfacet
  facet normal 0 0 -1
    outer loop
      vertex -16.429736905787607 -30.50986635785864 0
      vertex -19.352104726331948 6.691757866714223 0
      vertex -19.275627220727948 7.092666990916012 0
    endloop
  endfacet
  facet normal 0 0 -1
    outer loop
      vertex -16.429736905787607 -30.50986635785864 0
      vertex -15.5 39.5 0
      vertex -15.5 -30.50986635785864 0
    endloop
  endfacet
  facet normal 0 0 -1
    outer loop
      vertex -16.429736905787607 -30.50986635785864 0
      vertex -19.275627220727948 7.092666990916012 0
      vertex -19.25 7.5 0
    endloop
  endfacet
  facet normal 0 0 -1
    outer loop
      vertex -16.429736905787607 -30.50986635785864 0
      vertex -19.25 7.5 0
      vertex -19.275627220727948 7.907333009083989 0
    endloop
  endfacet
  facet normal -1 0 0
    outer loop
      vertex -29.5 -39.5 0
      vertex -29.5 39.5 3
      vertex -29.5 -35.5 0
    endloop
  endfacet
  facet normal -0.7705132427757907 -0.6374239897486881 0
    outer loop
      vertex -28.14484313710706 -42.92273552964344 0
      vertex -28.14484313710706 -42.92273552964344 3
      vertex -28.545084971874736 -42.43892626146236 3
    endloop
  endfacet
  facet normal -0.9822872507286892 -0.18738131458572183 0
    outer loop
      vertex -29.342915805643155 -40.743449435824274 0
      vertex -29.342915805643155 -40.743449435824274 3
      vertex -29.460573506572388 -40.12666616782152 3
    endloop
  endfacet
  facet normal -0.24868988716485604 -0.9685831611286309 0
    outer loop
      vertex -25.436906572928624 -44.411436253643444 0
      vertex -25.436906572928624 -44.411436253643444 3
      vertex -26.045084971874736 -44.25528258147577 3
    endloop
  endfacet
  facet normal 0 0 1
    outer loop
      vertex -28.14484313710706 -42.92273552964344 3
      vertex -27.179133974894985 -43.72163962751007 3
      vertex -28.32974470492999 -42.66824035462518 3
    endloop
  endfacet
  facet normal 0 0 1
    outer loop
      vertex -28.545084971874736 -42.43892626146236 3
      vertex -28.14484313710706 -42.92273552964344 3
      vertex -28.32974470492999 -42.66824035462518 3
    endloop
  endfacet
  facet normal 0 0 1
    outer loop
      vertex -28.32974470492999 -42.66824035462518 3
      vertex -26.045084971874736 -44.25528258147577 3
      vertex -29.382342299070768 -40.431356604270995 3
    endloop
  endfacet
  facet normal 0 0 1
    outer loop
      vertex -28.88153340021932 -41.908768370508575 3
      vertex -29.382342299070768 -40.431356604270995 3
      vertex -29.342915805643155 -40.743449435824274 3
    endloop
  endfacet
  facet normal 0 0 1
    outer loop
      vertex -29.342915805643155 -40.743449435824274 3
      vertex -29.382342299070768 -40.431356604270995 3
      vertex -29.460573506572388 -40.12666616782152 3
    endloop
  endfacet
  facet normal 0 0 1
    outer loop
      vertex -28.88153340021932 -41.908768370508575 3
      vertex -28.32974470492999 -42.66824035462518 3
      vertex -29.382342299070768 -40.431356604270995 3
    endloop
  endfacet
  facet normal 0 0 1
    outer loop
      vertex -28.32974470492999 -42.66824035462518 3
      vertex -27.179133974894985 -43.72163962751007 3
      vertex -26.045084971874736 -44.25528258147577 3
    endloop
  endfacet
  facet normal 0 0 1
    outer loop
      vertex -29.382342299070768 -40.431356604270995 3
      vertex -26.045084971874736 -44.25528258147577 3
      vertex -25.30270904966612 -42.08285305181637 3
    endloop
  endfacet
  facet normal 0 0 1
    outer loop
      vertex -29.382342299070768 -40.431356604270995 3
      vertex -25.30270904966612 -42.08285305181637 3
      vertex -28.122704018068394 -40.066611504235425 3
    endloop
  endfacet
  facet normal 0 0 1
    outer loop
      vertex -28.122704018068394 -40.066611504235425 3
      vertex -25.60642773015616 -38.43586610927943 3
      vertex -25.647895273668052 -38.30824213328578 3
    endloop
  endfacet
  facet normal 0 0 1
    outer loop
      vertex -28.122704018068394 -40.066611504235425 3
      vertex -25.724372779272052 -37.90733300908399 3
      vertex -25.75 -37.5 3
    endloop
  endfacet
  facet normal 0 0 1
    outer loop
      vertex -28.122704018068394 -40.066611504235425 3
      vertex -25.647895273668052 -38.30824213328578 3
      vertex -25.724372779272052 -37.90733300908399 3
    endloop
  endfacet
  facet normal 0 0 1
    outer loop
      vertex -28.122704018068394 -40.066611504235425 3
      vertex -25.75 -37.5 3
      vertex -25.724372779272052 -37.09266699091601 3
    endloop
  endfacet
  facet normal 0 0 1
    outer loop
      vertex -28.122704018068394 -40.066611504235425 3
      vertex -25.724372779272052 -37.09266699091601 3
      vertex -25.647895273668052 -36.69175786671422 3
    endloop
  endfacet
  facet normal 0 0 1
    outer loop
      vertex -28.122704018068394 -40.066611504235425 3
      vertex -25.647895273668052 -36.69175786671422 3
      vertex -25.521773579136816 -36.3035952037748 3
    endloop
  endfacet
  facet normal 0 0 1
    outer loop
      vertex -28.122704018068394 -40.066611504235425 3
      vertex -25.521773579136816 -36.3035952037748 3
      vertex -24.28580646236606 -30.22559982041575 3
    endloop
  endfacet
  facet normal 0 0 1
    outer loop
      vertex -26.045084971874736 -44.25528258147577 3
      vertex -25.436906572928624 -44.411436253643444 3
      vertex -25.736083594239254 -44.31422774675933 3
    endloop
  endfacet
  facet normal 0 0 1
    outer loop
      vertex -26.045084971874736 -44.25528258147577 3
      vertex -25.736083594239254 -44.31422774675933 3
      vertex -25.40924390487007 -44.11235029091704 3
    endloop
  endfacet
  facet normal 0 0 1
    outer loop
      vertex -26.045084971874736 -44.25528258147577 3
      vertex -25.40924390487007 -44.11235029091704 3
      vertex -25.30270904966612 -42.08285305181637 3
    endloop
  endfacet
  facet normal 0 0 1
    outer loop
      vertex -25.736083594239254 -44.31422774675933 3
      vertex -24.81395259764657 -44.49013364214136 3
      vertex -25.40924390487007 -44.11235029091704 3
    endloop
  endfacet
  facet normal 0 0 1
    outer loop
      vertex -28.122704018068394 -40.066611504235425 3
      vertex -25.30270904966612 -42.08285305181637 3
      vertex -18.247723713905334 -42.426028562404724 3
    endloop
  endfacet
  facet normal 0 0 1
    outer loop
      vertex -28.122704018068394 -40.066611504235425 3
      vertex -24.28580646236606 -30.22559982041575 3
      vertex -24.3 -30 3
    endloop
  endfacet
  facet normal 0 0 1
    outer loop
      vertex -25.521773579136816 -36.3035952037748 3
      vertex -25.347996710142557 -35.93430055916942 3
      vertex -24.28580646236606 -30.22559982041575 3
    endloop
  endfacet
  facet normal 0 0 1
    outer loop
      vertex -25.347996710142557 -35.93430055916942 3
      vertex -25.12930523171858 -35.58969793004946 3
      vertex -24.243449690031536 -30.44764179689674 3
    endloop
  endfacet
  facet normal 0 0 1
    outer loop
      vertex -25.12930523171858 -35.58969793004946 3
      vertex -24.869148039119587 -35.27522190573176 3
      vertex -24.173597674598852 -30.66262419483242 3
    endloop
  endfacet
  facet normal 0 0 1
    outer loop
      vertex -24.869148039119587 -35.27522190573176 3
      vertex -24.57162796668324 -34.995831960978684 3
      vertex -24.077352024078955 -30.867156613383088 3
    endloop
  endfacet
  facet normal 0 0 1
    outer loop
      vertex -24.57162796668324 -34.995831960978684 3
      vertex -24.24143708368174 -34.75593424211845 3
      vertex -23.81214352935854 -31.23218479067164 3
    endloop
  endfacet
  facet normal 0 0 1
    outer loop
      vertex -24.24143708368174 -34.75593424211845 3
      vertex -23.883782697586486 -34.55931207948544 3
      vertex -23.64736318154764 -31.38692383699642 3
    endloop
  endfacet
  facet normal 0 0 1
    outer loop
      vertex -23.883782697586486 -34.55931207948544 3
      vertex -23.50430523171858 -34.40906632204075 3
      vertex -23.464488230962193 -31.519790265903627 3
    endloop
  endfacet
  facet normal 0 0 1
    outer loop
      vertex -23.50430523171858 -34.40906632204075 3
      vertex -23.108989272403605 -34.30756643513176 3
      vertex -23.056230589874904 -31.711901729331277 3
    endloop
  endfacet
  facet normal 0 0 1
    outer loop
      vertex -23.108989272403605 -34.30756643513176 3
      vertex -22.704069188470267 -34.25641313260812 3
      vertex -22.837286366254304 -31.76811705131164 3
    endloop
  endfacet
  facet normal 0 0 1
    outer loop
      vertex -22.386977064847237 -31.79644811117089 3
      vertex -22.704069188470267 -34.25641313260812 3
      vertex -22.295930811529733 -34.25641313260812 3
    endloop
  endfacet
  facet normal 0 0 1
    outer loop
      vertex -28.122704018068394 -40.066611504235425 3
      vertex -24.3 -30 3
      vertex -25.521773579136816 -23.696404796225202 3
    endloop
  endfacet
  facet normal 0 0 1
    outer loop
      vertex -28.122704018068394 -40.066611504235425 3
      vertex -25.521773579136816 -23.696404796225202 3
      vertex -25.647895273668052 -23.308242133285777 3
    endloop
  endfacet
  facet normal 0 0 1
    outer loop
      vertex -28.122704018068394 -40.066611504235425 3
      vertex -25.647895273668052 -23.308242133285777 3
      vertex -25.724372779272052 -22.907333009083988 3
    endloop
  endfacet
  facet normal 0 0 1
    outer loop
      vertex -28.122704018068394 -40.066611504235425 3
      vertex -25.724372779272052 -22.907333009083988 3
      vertex -25.75 -22.5 3
    endloop
  endfacet
  facet normal 0 0 1
    outer loop
      vertex -28.122704018068394 -40.066611504235425 3
      vertex -25.75 -22.5 3
      vertex -25.75 -7.5 3
    endloop
  endfacet
  facet normal 0 0 1
    outer loop
      vertex -25.347996710142557 -35.93430055916942 3
      vertex -24.243449690031536 -30.44764179689674 3
      vertex -24.28580646236606 -30.22559982041575 3
    endloop
  endfacet
  facet normal 0 0 1
    outer loop
      vertex -25.12930523171858 -35.58969793004946 3
      vertex -24.173597674598852 -30.66262419483242 3
      vertex -24.243449690031536 -30.44764179689674 3
    endloop
  endfacet
  facet normal 0 0 1
    outer loop
      vertex -24.869148039119587 -35.27522190573176 3
      vertex -24.077352024078955 -30.867156613383088 3
      vertex -24.173597674598852 -30.66262419483242 3
    endloop
  endfacet
  facet normal 0 0 1
    outer loop
      vertex -24.57162796668324 -34.995831960978684 3
      vertex -23.956230589874906 -31.058013454126453 3
      vertex -24.077352024078955 -30.867156613383088 3
    endloop
  endfacet
  facet normal 0 0 1
    outer loop
      vertex -24.57162796668324 -34.995831960978684 3
      vertex -23.81214352935854 -31.23218479067164 3
      vertex -23.956230589874906 -31.058013454126453 3
    endloop
  endfacet
  facet normal 0 0 1
    outer loop
      vertex -24.3 -30 3
      vertex -24.28580646236606 -29.77440017958425 3
      vertex -25.521773579136816 -23.696404796225202 3
    endloop
  endfacet
  facet normal 0 0 1
    outer loop
      vertex -24.24143708368174 -34.75593424211845 3
      vertex -23.64736318154764 -31.38692383699642 3
      vertex -23.81214352935854 -31.23218479067164 3
    endloop
  endfacet
  facet normal 0 0 1
    outer loop
      vertex -23.883782697586486 -34.55931207948544 3
      vertex -23.464488230962193 -31.519790265903627 3
      vertex -23.64736318154764 -31.38692383699642 3
    endloop
  endfacet
  facet normal 0 0 1
    outer loop
      vertex -23.50430523171858 -34.40906632204075 3
      vertex -23.26640272481713 -31.628688694438836 3
      vertex -23.464488230962193 -31.519790265903627 3
    endloop
  endfacet
  facet normal 0 0 1
    outer loop
      vertex -23.50430523171858 -34.40906632204075 3
      vertex -23.056230589874904 -31.711901729331277 3
      vertex -23.26640272481713 -31.628688694438836 3
    endloop
  endfacet
  facet normal 0 0 1
    outer loop
      vertex -23.108989272403605 -34.30756643513176 3
      vertex -22.837286366254304 -31.76811705131164 3
      vertex -23.056230589874904 -31.711901729331277 3
    endloop
  endfacet
  facet normal 0 0 1
    outer loop
      vertex -22.837286366254304 -31.76811705131164 3
      vertex -22.704069188470267 -34.25641313260812 3
      vertex -22.613022935152763 -31.79644811117089 3
    endloop
  endfacet
  facet normal 0 0 1
    outer loop
      vertex -22.613022935152763 -31.79644811117089 3
      vertex -22.704069188470267 -34.25641313260812 3
      vertex -22.386977064847237 -31.79644811117089 3
    endloop
  endfacet
  facet normal 0 0 1
    outer loop
      vertex -22.386977064847237 -31.79644811117089 3
      vertex -22.295930811529733 -34.25641313260812 3
      vertex -22.162713633745696 -31.76811705131164 3
    endloop
  endfacet
  facet normal 0 0 1
    outer loop
      vertex -24.28580646236606 -29.77440017958425 3
      vertex -25.347996710142557 -24.065699440830574 3
      vertex -25.521773579136816 -23.696404796225202 3
    endloop
  endfacet
  facet normal 0 0 1
    outer loop
      vertex -24.243449690031536 -29.55235820310326 3
      vertex -25.12930523171858 -24.41030206995054 3
      vertex -25.347996710142557 -24.065699440830574 3
    endloop
  endfacet
  facet normal 0 0 1
    outer loop
      vertex -24.28580646236606 -29.77440017958425 3
      vertex -24.243449690031536 -29.55235820310326 3
      vertex -25.347996710142557 -24.065699440830574 3
    endloop
  endfacet
  facet normal 0 0 1
    outer loop
      vertex -24.243449690031536 -29.55235820310326 3
      vertex -24.173597674598852 -29.33737580516758 3
      vertex -25.12930523171858 -24.41030206995054 3
    endloop
  endfacet
  facet normal 0 0 1
    outer loop
      vertex -24.173597674598852 -29.33737580516758 3
      vertex -24.077352024078955 -29.132843386616912 3
      vertex -24.869148039119587 -24.72477809426824 3
    endloop
  endfacet
  facet normal 0 0 1
    outer loop
      vertex -24.077352024078955 -29.132843386616912 3
      vertex -23.956230589874906 -28.941986545873547 3
      vertex -24.57162796668324 -25.004168039021316 3
    endloop
  endfacet
  facet normal 0 0 1
    outer loop
      vertex -23.956230589874906 -28.941986545873547 3
      vertex -23.81214352935854 -28.76781520932836 3
      vertex -24.57162796668324 -25.004168039021316 3
    endloop
  endfacet
  facet normal 0 0 1
    outer loop
      vertex -24.173597674598852 -29.33737580516758 3
      vertex -24.869148039119587 -24.72477809426824 3
      vertex -25.12930523171858 -24.41030206995054 3
    endloop
  endfacet
  facet normal 0 0 1
    outer loop
      vertex -24.077352024078955 -29.132843386616912 3
      vertex -24.57162796668324 -25.004168039021316 3
      vertex -24.869148039119587 -24.72477809426824 3
    endloop
  endfacet
  facet normal 0 0 1
    outer loop
      vertex -23.81214352935854 -28.76781520932836 3
      vertex -24.24143708368174 -25.24406575788155 3
      vertex -24.57162796668324 -25.004168039021316 3
    endloop
  endfacet
  facet normal 0 0 1
    outer loop
      vertex -23.81214352935854 -28.76781520932836 3
      vertex -23.64736318154764 -28.61307616300358 3
      vertex -24.24143708368174 -25.24406575788155 3
    endloop
  endfacet
  facet normal 0 0 1
    outer loop
      vertex -23.64736318154764 -28.61307616300358 3
      vertex -23.464488230962193 -28.480209734096373 3
      vertex -23.883782697586486 -25.440687920514563 3
    endloop
  endfacet
  facet normal 0 0 1
    outer loop
      vertex -23.64736318154764 -28.61307616300358 3
      vertex -23.883782697586486 -25.440687920514563 3
      vertex -24.24143708368174 -25.24406575788155 3
    endloop
  endfacet
  facet normal 0 0 1
    outer loop
      vertex -23.464488230962193 -28.480209734096373 3
      vertex -23.50430523171858 -25.59093367795925 3
      vertex -23.883782697586486 -25.440687920514563 3
    endloop
  endfacet
  facet normal 0 0 1
    outer loop
      vertex -23.464488230962193 -28.480209734096373 3
      vertex -23.26640272481713 -28.371311305561164 3
      vertex -23.50430523171858 -25.59093367795925 3
    endloop
  endfacet
  facet normal 0 0 1
    outer loop
      vertex -23.26640272481713 -28.371311305561164 3
      vertex -23.056230589874904 -28.288098270668723 3
      vertex -23.50430523171858 -25.59093367795925 3
    endloop
  endfacet
  facet normal 0 0 1
    outer loop
      vertex -23.056230589874904 -28.288098270668723 3
      vertex -23.108989272403605 -25.69243356486824 3
      vertex -23.50430523171858 -25.59093367795925 3
    endloop
  endfacet
  facet normal 0 0 1
    outer loop
      vertex -23.056230589874904 -28.288098270668723 3
      vertex -22.837286366254304 -28.23188294868836 3
      vertex -23.108989272403605 -25.69243356486824 3
    endloop
  endfacet
  facet normal 0 0 1
    outer loop
      vertex -22.837286366254304 -28.23188294868836 3
      vertex -22.613022935152763 -28.20355188882911 3
      vertex -22.70406918847027 -25.743586867391883 3
    endloop
  endfacet
  facet normal 0 0 1
    outer loop
      vertex -22.837286366254304 -28.23188294868836 3
      vertex -22.70406918847027 -25.743586867391883 3
      vertex -23.108989272403605 -25.69243356486824 3
    endloop
  endfacet
  facet normal 0 0 1
    outer loop
      vertex -22.70406918847027 -25.743586867391883 3
      vertex -22.613022935152763 -28.20355188882911 3
      vertex -22.386977064847237 -28.20355188882911 3
    endloop
  endfacet
  facet normal 0 0 1
    outer loop
      vertex -22.29593081152973 -25.743586867391883 3
      vertex -22.386977064847237 -28.20355188882911 3
      vertex -22.162713633745696 -28.23188294868836 3
    endloop
  endfacet
  facet normal 0 0 1
    outer loop
      vertex -22.70406918847027 -25.743586867391883 3
      vertex -22.386977064847237 -28.20355188882911 3
      vertex -22.29593081152973 -25.743586867391883 3
    endloop
  endfacet
  facet normal 0 0 1
    outer loop
      vertex -22.295930811529733 -34.25641313260812 3
      vertex -21.891010727596395 -34.30756643513176 3
      vertex -22.162713633745696 -31.76811705131164 3
    endloop
  endfacet
  facet normal 0 0 1
    outer loop
      vertex -21.49569476828142 -34.40906632204075 3
      vertex -21.73359727518287 -31.628688694438836 3
      vertex -21.891010727596395 -34.30756643513176 3
    endloop
  endfacet
  facet normal 0 0 1
    outer loop
      vertex -21.49569476828142 -34.40906632204075 3
      vertex -21.116217302413514 -34.55931207948544 3
      vertex -21.535511769037807 -31.519790265903627 3
    endloop
  endfacet
  facet normal 0 0 1
    outer loop
      vertex -21.18785647064146 -31.23218479067164 3
      vertex -21.116217302413514 -34.55931207948544 3
      vertex -20.75856291631826 -34.75593424211845 3
    endloop
  endfacet
  facet normal 0 0 1
    outer loop
      vertex -16.710296177014833 -32.670471572559165 3
      vertex -20.75856291631826 -34.75593424211845 3
      vertex -20.42837203331676 -34.995831960978684 3
    endloop
  endfacet
  facet normal 0 0 1
    outer loop
      vertex -16.710296177014833 -32.670471572559165 3
      vertex -20.42837203331676 -34.995831960978684 3
      vertex -20.37529177897832 -35.045677637627165 3
    endloop
  endfacet
  facet normal 0 0 1
    outer loop
      vertex -21.891010727596395 -34.30756643513176 3
      vertex -21.943769410125096 -31.711901729331277 3
      vertex -22.162713633745696 -31.76811705131164 3
    endloop
  endfacet
  facet normal 0 0 1
    outer loop
      vertex -21.891010727596395 -34.30756643513176 3
      vertex -21.73359727518287 -31.628688694438836 3
      vertex -21.943769410125096 -31.711901729331277 3
    endloop
  endfacet
  facet normal 0 0 1
    outer loop
      vertex -21.49569476828142 -34.40906632204075 3
      vertex -21.535511769037807 -31.519790265903627 3
      vertex -21.73359727518287 -31.628688694438836 3
    endloop
  endfacet
  facet normal 0 0 1
    outer loop
      vertex -21.535511769037807 -31.519790265903627 3
      vertex -21.116217302413514 -34.55931207948544 3
      vertex -21.352636818452357 -31.38692383699642 3
    endloop
  endfacet
  facet normal 0 0 1
    outer loop
      vertex -21.352636818452357 -31.38692383699642 3
      vertex -21.116217302413514 -34.55931207948544 3
      vertex -21.18785647064146 -31.23218479067164 3
    endloop
  endfacet
  facet normal 0 0 1
    outer loop
      vertex -20.826402325401148 -29.33737580516758 3
      vertex -20.42837203331676 -25.004168039021316 3
      vertex -20.922647975921045 -29.132843386616912 3
    endloop
  endfacet
  facet normal 0 0 1
    outer loop
      vertex -20.756550309968464 -29.55235820310326 3
      vertex -20.130851960880413 -24.72477809426824 3
      vertex -20.826402325401148 -29.33737580516758 3
    endloop
  endfacet
  facet normal 0 0 1
    outer loop
      vertex -20.756550309968464 -29.55235820310326 3
      vertex -20.71419353763394 -29.77440017958425 3
      vertex -19.87069476828142 -24.41030206995054 3
    endloop
  endfacet
  facet normal 0 0 1
    outer loop
      vertex -16.710296177014833 -32.670471572559165 3
      vertex -21.18785647064146 -31.23218479067164 3
      vertex -20.75856291631826 -34.75593424211845 3
    endloop
  endfacet
  facet normal 0 0 1
    outer loop
      vertex -16.710296177014833 -32.670471572559165 3
      vertex -21.043769410125094 -31.058013454126453 3
      vertex -21.18785647064146 -31.23218479067164 3
    endloop
  endfacet
  facet normal 0 0 1
    outer loop
      vertex -16.710296177014833 -32.670471572559165 3
      vertex -20.922647975921045 -30.867156613383088 3
      vertex -21.043769410125094 -31.058013454126453 3
    endloop
  endfacet
  facet normal 0 0 1
    outer loop
      vertex -16.710296177014833 -32.670471572559165 3
      vertex -20.826402325401148 -30.66262419483242 3
      vertex -20.922647975921045 -30.867156613383088 3
    endloop
  endfacet
  facet normal 0 0 1
    outer loop
      vertex -16.710296177014833 -32.670471572559165 3
      vertex -20.756550309968464 -30.44764179689674 3
      vertex -20.826402325401148 -30.66262419483242 3
    endloop
  endfacet
  facet normal 0 0 1
    outer loop
      vertex -16.710296177014833 -32.670471572559165 3
      vertex -20.71419353763394 -30.22559982041575 3
      vertex -20.756550309968464 -30.44764179689674 3
    endloop
  endfacet
  facet normal 0 0 1
    outer loop
      vertex -16.710296177014833 -32.670471572559165 3
      vertex -20.7 -30 3
      vertex -20.71419353763394 -30.22559982041575 3
    endloop
  endfacet
  facet normal 0 0 1
    outer loop
      vertex -16.710296177014833 -32.670471572559165 3
      vertex -20.71419353763394 -29.77440017958425 3
      vertex -20.7 -30 3
    endloop
  endfacet
  facet normal 0 0 1
    outer loop
      vertex -16.710296177014833 -32.670471572559165 3
      vertex -19.652003289857443 -24.065699440830574 3
      vertex -20.71419353763394 -29.77440017958425 3
    endloop
  endfacet
  facet normal 0 0 1
    outer loop
      vertex -22.162713633745696 -28.23188294868836 3
      vertex -21.943769410125096 -28.288098270668723 3
      vertex -21.891010727596395 -25.69243356486824 3
    endloop
  endfacet
  facet normal 0 0 1
    outer loop
      vertex -21.943769410125096 -28.288098270668723 3
      vertex -21.73359727518287 -28.371311305561164 3
      vertex -21.891010727596395 -25.69243356486824 3
    endloop
  endfacet
  facet normal 0 0 1
    outer loop
      vertex -22.29593081152973 -25.743586867391883 3
      vertex -22.162713633745696 -28.23188294868836 3
      vertex -21.891010727596395 -25.69243356486824 3
    endloop
  endfacet
  facet normal 0 0 1
    outer loop
      vertex -21.73359727518287 -28.371311305561164 3
      vertex -21.49569476828142 -25.59093367795925 3
      vertex -21.891010727596395 -25.69243356486824 3
    endloop
  endfacet
  facet normal 0 0 1
    outer loop
      vertex -21.73359727518287 -28.371311305561164 3
      vertex -21.535511769037807 -28.480209734096373 3
      vertex -21.49569476828142 -25.59093367795925 3
    endloop
  endfacet
  facet normal 0 0 1
    outer loop
      vertex -21.535511769037807 -28.480209734096373 3
      vertex -21.352636818452357 -28.61307616300358 3
      vertex -21.116217302413514 -25.440687920514563 3
    endloop
  endfacet
  facet normal 0 0 1
    outer loop
      vertex -21.352636818452357 -28.61307616300358 3
      vertex -21.18785647064146 -28.76781520932836 3
      vertex -21.116217302413514 -25.440687920514563 3
    endloop
  endfacet
  facet normal 0 0 1
    outer loop
      vertex -21.535511769037807 -28.480209734096373 3
      vertex -21.116217302413514 -25.440687920514563 3
      vertex -21.49569476828142 -25.59093367795925 3
    endloop
  endfacet
  facet normal 0 0 1
    outer loop
      vertex -21.18785647064146 -28.76781520932836 3
      vertex -21.043769410125094 -28.941986545873547 3
      vertex -20.75856291631826 -25.24406575788155 3
    endloop
  endfacet
  facet normal 0 0 1
    outer loop
      vertex -21.043769410125094 -28.941986545873547 3
      vertex -20.922647975921045 -29.132843386616912 3
      vertex -20.42837203331676 -25.004168039021316 3
    endloop
  endfacet
  facet normal 0 0 1
    outer loop
      vertex -21.18785647064146 -28.76781520932836 3
      vertex -20.75856291631826 -25.24406575788155 3
      vertex -21.116217302413514 -25.440687920514563 3
    endloop
  endfacet
  facet normal 0 0 1
    outer loop
      vertex -21.043769410125094 -28.941986545873547 3
      vertex -20.42837203331676 -25.004168039021316 3
      vertex -20.75856291631826 -25.24406575788155 3
    endloop
  endfacet
  facet normal 0 0 1
    outer loop
      vertex -20.826402325401148 -29.33737580516758 3
      vertex -20.130851960880413 -24.72477809426824 3
      vertex -20.42837203331676 -25.004168039021316 3
    endloop
  endfacet
  facet normal 0 0 1
    outer loop
      vertex -20.756550309968464 -29.55235820310326 3
      vertex -19.87069476828142 -24.41030206995054 3
      vertex -20.130851960880413 -24.72477809426824 3
    endloop
  endfacet
  facet normal 0 0 1
    outer loop
      vertex -20.71419353763394 -29.77440017958425 3
      vertex -19.652003289857443 -24.065699440830574 3
      vertex -19.87069476828142 -24.41030206995054 3
    endloop
  endfacet
  facet normal 0 0 1
    outer loop
      vertex -16.710296177014833 -32.670471572559165 3
      vertex -19.478226420863184 -23.696404796225206 3
      vertex -19.652003289857443 -24.065699440830574 3
    endloop
  endfacet
  facet normal 0 0 1
    outer loop
      vertex -16.710296177014833 -32.670471572559165 3
      vertex -19.352104726331948 -23.308242133285777 3
      vertex -19.478226420863184 -23.696404796225206 3
    endloop
  endfacet
  facet normal 0 0 1
    outer loop
      vertex -16.710296177014833 -32.670471572559165 3
      vertex -19.275627220727948 -22.907333009083988 3
      vertex -19.352104726331948 -23.308242133285777 3
    endloop
  endfacet
  facet normal 0 0 1
    outer loop
      vertex -16.710296177014833 -32.670471572559165 3
      vertex -19.25 -22.5 3
      vertex -19.275627220727948 -22.907333009083988 3
    endloop
  endfacet
  facet normal 0 0 1
    outer loop
      vertex -16.710296177014833 -32.670471572559165 3
      vertex -19.275627220727948 -22.092666990916012 3
      vertex -19.25 -22.5 3
    endloop
  endfacet
  facet normal -1 0 0
    outer loop
      vertex -29.5 -39.5 0
      vertex -29.5 -39.5 3
      vertex -29.5 39.5 3
    endloop
  endfacet
  facet normal 1 0 0
    outer loop
      vertex -15.5 -30.50986635785864 0
      vertex -15.5 39.5 3
      vertex -15.5 -30.50986635785864 3
    endloop
  endfacet
  facet normal 0 0 1
    outer loop
      vertex -28.122704018068394 -40.066611504235425 3
      vertex -25.75 -7.5 3
      vertex -25.724372779272052 -7.092666990916012 3
    endloop
  endfacet
  facet normal 0 0 1
    outer loop
      vertex -29.382342299070768 -40.431356604270995 3
      vertex -29.5 39.5 3
      vertex -29.5 -39.5 3
    endloop
  endfacet
  facet normal 0 0 1
    outer loop
      vertex -29.382342299070768 -40.431356604270995 3
      vertex -28.122704018068394 -40.066611504235425 3
      vertex -29.5 39.5 3
    endloop
  endfacet
  facet normal 0 0 1
    outer loop
      vertex -28.122704018068394 -40.066611504235425 3
      vertex -25.724372779272052 -7.092666990916012 3
      vertex -25.724372779272052 7.092666990916012 3
    endloop
  endfacet
  facet normal 0 0 1
    outer loop
      vertex -25.521773579136816 -21.303595203774798 3
      vertex -25.347996710142557 -20.934300559169426 3
      vertex -24.28580646236606 -15.225599820415747 3
    endloop
  endfacet
  facet normal 0 0 1
    outer loop
      vertex -25.347996710142557 -20.934300559169426 3
      vertex -25.12930523171858 -20.58969793004946 3
      vertex -24.243449690031536 -15.447641796896738 3
    endloop
  endfacet
  facet normal 0 0 1
    outer loop
      vertex -25.75 -22.5 3
      vertex -25.724372779272052 -22.092666990916012 3
      vertex -25.724372779272052 -7.907333009083988 3
    endloop
  endfacet
  facet normal 0 0 1
    outer loop
      vertex -25.724372779272052 -22.092666990916012 3
      vertex -25.647895273668052 -21.691757866714223 3
      vertex -25.647895273668052 -8.308242133285779 3
    endloop
  endfacet
  facet normal 0 0 1
    outer loop
      vertex -25.647895273668052 -21.691757866714223 3
      vertex -25.521773579136816 -21.303595203774798 3
      vertex -25.647895273668052 -8.308242133285779 3
    endloop
  endfacet
  facet normal 0 0 1
    outer loop
      vertex -25.12930523171858 -20.58969793004946 3
      vertex -24.869148039119587 -20.27522190573176 3
      vertex -24.173597674598852 -15.66262419483242 3
    endloop
  endfacet
  facet normal 0 0 1
    outer loop
      vertex -24.869148039119587 -20.27522190573176 3
      vertex -24.57162796668324 -19.995831960978684 3
      vertex -24.077352024078955 -15.867156613383088 3
    endloop
  endfacet
  facet normal 0 0 1
    outer loop
      vertex -24.57162796668324 -19.995831960978684 3
      vertex -24.24143708368174 -19.75593424211845 3
      vertex -23.81214352935854 -16.23218479067164 3
    endloop
  endfacet
  facet normal 0 0 1
    outer loop
      vertex -25.521773579136816 -21.303595203774798 3
      vertex -24.28580646236606 -15.225599820415747 3
      vertex -24.3 -15 3
    endloop
  endfacet
  facet normal 0 0 1
    outer loop
      vertex -25.347996710142557 -20.934300559169426 3
      vertex -24.243449690031536 -15.447641796896738 3
      vertex -24.28580646236606 -15.225599820415747 3
    endloop
  endfacet
  facet normal 0 0 1
    outer loop
      vertex -25.12930523171858 -20.58969793004946 3
      vertex -24.173597674598852 -15.66262419483242 3
      vertex -24.243449690031536 -15.447641796896738 3
    endloop
  endfacet
  facet normal 0 0 1
    outer loop
      vertex -24.57162796668324 -19.995831960978684 3
      vertex -23.81214352935854 -16.23218479067164 3
      vertex -23.956230589874906 -16.058013454126453 3
    endloop
  endfacet
  facet normal 0 0 1
    outer loop
      vertex -24.869148039119587 -20.27522190573176 3
      vertex -24.077352024078955 -15.867156613383088 3
      vertex -24.173597674598852 -15.66262419483242 3
    endloop
  endfacet
  facet normal 0 0 1
    outer loop
      vertex -24.57162796668324 -19.995831960978684 3
      vertex -23.956230589874906 -16.058013454126453 3
      vertex -24.077352024078955 -15.867156613383088 3
    endloop
  endfacet
  facet normal 0 0 1
    outer loop
      vertex -24.24143708368174 -19.75593424211845 3
      vertex -23.883782697586486 -19.559312079485437 3
      vertex -23.64736318154764 -16.38692383699642 3
    endloop
  endfacet
  facet normal 0 0 1
    outer loop
      vertex -23.883782697586486 -19.559312079485437 3
      vertex -23.50430523171858 -19.40906632204075 3
      vertex -23.464488230962193 -16.519790265903627 3
    endloop
  endfacet
  facet normal 0 0 1
    outer loop
      vertex -23.50430523171858 -19.40906632204075 3
      vertex -23.108989272403605 -19.30756643513176 3
      vertex -23.056230589874904 -16.711901729331277 3
    endloop
  endfacet
  facet normal 0 0 1
    outer loop
      vertex -24.24143708368174 -19.75593424211845 3
      vertex -23.64736318154764 -16.38692383699642 3
      vertex -23.81214352935854 -16.23218479067164 3
    endloop
  endfacet
  facet normal 0 0 1
    outer loop
      vertex -23.883782697586486 -19.559312079485437 3
      vertex -23.464488230962193 -16.519790265903627 3
      vertex -23.64736318154764 -16.38692383699642 3
    endloop
  endfacet
  facet normal 0 0 1
    outer loop
      vertex -23.50430523171858 -19.40906632204075 3
      vertex -23.26640272481713 -16.628688694438836 3
      vertex -23.464488230962193 -16.519790265903627 3
    endloop
  endfacet
  facet normal 0 0 1
    outer loop
      vertex -23.50430523171858 -19.40906632204075 3
      vertex -23.056230589874904 -16.711901729331277 3
      vertex -23.26640272481713 -16.628688694438836 3
    endloop
  endfacet
  facet normal 0 0 1
    outer loop
      vertex -23.108989272403605 -19.30756643513176 3
      vertex -22.704069188470267 -19.256413132608117 3
      vertex -22.837286366254304 -16.76811705131164 3
    endloop
  endfacet
  facet normal 0 0 1
    outer loop
      vertex -22.386977064847237 -16.79644811117089 3
      vertex -22.704069188470267 -19.256413132608117 3
      vertex -22.295930811529733 -19.256413132608117 3
    endloop
  endfacet
  facet normal 0 0 1
    outer loop
      vertex -23.108989272403605 -19.30756643513176 3
      vertex -22.837286366254304 -16.76811705131164 3
      vertex -23.056230589874904 -16.711901729331277 3
    endloop
  endfacet
  facet normal 0 0 1
    outer loop
      vertex -22.837286366254304 -16.76811705131164 3
      vertex -22.704069188470267 -19.256413132608117 3
      vertex -22.613022935152763 -16.79644811117089 3
    endloop
  endfacet
  facet normal 0 0 1
    outer loop
      vertex -22.613022935152763 -16.79644811117089 3
      vertex -22.704069188470267 -19.256413132608117 3
      vertex -22.386977064847237 -16.79644811117089 3
    endloop
  endfacet
  facet normal 0 0 1
    outer loop
      vertex -22.386977064847237 -16.79644811117089 3
      vertex -22.295930811529733 -19.256413132608117 3
      vertex -22.162713633745696 -16.76811705131164 3
    endloop
  endfacet
  facet normal 0 0 1
    outer loop
      vertex -25.521773579136816 -21.303595203774798 3
      vertex -24.3 -15 3
      vertex -25.521773579136816 -8.696404796225202 3
    endloop
  endfacet
  facet normal 0 0 1
    outer loop
      vertex -25.724372779272052 -22.092666990916012 3
      vertex -25.647895273668052 -8.308242133285779 3
      vertex -25.724372779272052 -7.907333009083988 3
    endloop
  endfacet
  facet normal 0 0 1
    outer loop
      vertex -25.75 -22.5 3
      vertex -25.724372779272052 -7.907333009083988 3
      vertex -25.75 -7.5 3
    endloop
  endfacet
  facet normal 0 0 1
    outer loop
      vertex -25.521773579136816 -21.303595203774798 3
      vertex -25.521773579136816 -8.696404796225202 3
      vertex -25.647895273668052 -8.308242133285779 3
    endloop
  endfacet
  facet normal 0 0 1
    outer loop
      vertex -24.3 -15 3
      vertex -24.28580646236606 -14.774400179584253 3
      vertex -25.521773579136816 -8.696404796225202 3
    endloop
  endfacet
  facet normal 0 0 1
    outer loop
      vertex -24.28580646236606 -14.774400179584253 3
      vertex -24.243449690031536 -14.552358203103262 3
      vertex -25.347996710142557 -9.065699440830574 3
    endloop
  endfacet
  facet normal 0 0 1
    outer loop
      vertex -24.243449690031536 -14.552358203103262 3
      vertex -24.173597674598852 -14.33737580516758 3
      vertex -25.12930523171858 -9.410302069950538 3
    endloop
  endfacet
  facet normal 0 0 1
    outer loop
      vertex -24.173597674598852 -14.33737580516758 3
      vertex -24.077352024078955 -14.132843386616912 3
      vertex -24.869148039119587 -9.724778094268238 3
    endloop
  endfacet
  facet normal 0 0 1
    outer loop
      vertex -24.077352024078955 -14.132843386616912 3
      vertex -23.956230589874906 -13.941986545873549 3
      vertex -24.57162796668324 -10.004168039021316 3
    endloop
  endfacet
  facet normal 0 0 1
    outer loop
      vertex -23.956230589874906 -13.941986545873549 3
      vertex -23.81214352935854 -13.767815209328361 3
      vertex -24.57162796668324 -10.004168039021316 3
    endloop
  endfacet
  facet normal 0 0 1
    outer loop
      vertex -24.173597674598852 -14.33737580516758 3
      vertex -24.869148039119587 -9.724778094268238 3
      vertex -25.12930523171858 -9.410302069950538 3
    endloop
  endfacet
  facet normal 0 0 1
    outer loop
      vertex -24.077352024078955 -14.132843386616912 3
      vertex -24.57162796668324 -10.004168039021316 3
      vertex -24.869148039119587 -9.724778094268238 3
    endloop
  endfacet
  facet normal 0 0 1
    outer loop
      vertex -23.81214352935854 -13.767815209328361 3
      vertex -24.24143708368174 -10.244065757881549 3
      vertex -24.57162796668324 -10.004168039021316 3
    endloop
  endfacet
  facet normal 0 0 1
    outer loop
      vertex -23.81214352935854 -13.767815209328361 3
      vertex -23.64736318154764 -13.61307616300358 3
      vertex -24.24143708368174 -10.244065757881549 3
    endloop
  endfacet
  facet normal 0 0 1
    outer loop
      vertex -23.64736318154764 -13.61307616300358 3
      vertex -23.464488230962193 -13.480209734096373 3
      vertex -23.883782697586486 -10.440687920514563 3
    endloop
  endfacet
  facet normal 0 0 1
    outer loop
      vertex -23.64736318154764 -13.61307616300358 3
      vertex -23.883782697586486 -10.440687920514563 3
      vertex -24.24143708368174 -10.244065757881549 3
    endloop
  endfacet
  facet normal 0 0 1
    outer loop
      vertex -23.464488230962193 -13.480209734096373 3
      vertex -23.50430523171858 -10.59093367795925 3
      vertex -23.883782697586486 -10.440687920514563 3
    endloop
  endfacet
  facet normal 0 0 1
    outer loop
      vertex -23.464488230962193 -13.480209734096373 3
      vertex -23.26640272481713 -13.371311305561164 3
      vertex -23.50430523171858 -10.59093367795925 3
    endloop
  endfacet
  facet normal 0 0 1
    outer loop
      vertex -23.26640272481713 -13.371311305561164 3
      vertex -23.056230589874904 -13.288098270668723 3
      vertex -23.50430523171858 -10.59093367795925 3
    endloop
  endfacet
  facet normal 0 0 1
    outer loop
      vertex -23.056230589874904 -13.288098270668723 3
      vertex -23.108989272403605 -10.692433564868239 3
      vertex -23.50430523171858 -10.59093367795925 3
    endloop
  endfacet
  facet normal 0 0 1
    outer loop
      vertex -23.056230589874904 -13.288098270668723 3
      vertex -22.837286366254304 -13.23188294868836 3
      vertex -23.108989272403605 -10.692433564868239 3
    endloop
  endfacet
  facet normal 0 0 1
    outer loop
      vertex -22.837286366254304 -13.23188294868836 3
      vertex -22.613022935152763 -13.20355188882911 3
      vertex -22.70406918847027 -10.743586867391883 3
    endloop
  endfacet
  facet normal 0 0 1
    outer loop
      vertex -22.837286366254304 -13.23188294868836 3
      vertex -22.70406918847027 -10.743586867391883 3
      vertex -23.108989272403605 -10.692433564868239 3
    endloop
  endfacet
  facet normal 0 0 1
    outer loop
      vertex -22.70406918847027 -10.743586867391883 3
      vertex -22.613022935152763 -13.20355188882911 3
      vertex -22.386977064847237 -13.20355188882911 3
    endloop
  endfacet
  facet normal 0 0 1
    outer loop
      vertex -22.29593081152973 -10.743586867391883 3
      vertex -22.386977064847237 -13.20355188882911 3
      vertex -22.162713633745696 -13.23188294868836 3
    endloop
  endfacet
  facet normal 0 0 1
    outer loop
      vertex -22.70406918847027 -10.743586867391883 3
      vertex -22.386977064847237 -13.20355188882911 3
      vertex -22.29593081152973 -10.743586867391883 3
    endloop
  endfacet
  facet normal 0 0 1
    outer loop
      vertex -28.122704018068394 -40.066611504235425 3
      vertex -25.724372779272052 7.092666990916012 3
      vertex -25.75 7.5 3
    endloop
  endfacet
  facet normal 0 0 1
    outer loop
      vertex -24.28580646236606 -14.774400179584253 3
      vertex -25.347996710142557 -9.065699440830574 3
      vertex -25.521773579136816 -8.696404796225202 3
    endloop
  endfacet
  facet normal 0 0 1
    outer loop
      vertex -24.243449690031536 -14.552358203103262 3
      vertex -25.12930523171858 -9.410302069950538 3
      vertex -25.347996710142557 -9.065699440830574 3
    endloop
  endfacet
  facet normal 0 0 1
    outer loop
      vertex -25.521773579136816 -6.303595203774797 3
      vertex -25.347996710142557 -5.934300559169425 3
      vertex -24.28580646236606 -0.22559982041574733 3
    endloop
  endfacet
  facet normal 0 0 1
    outer loop
      vertex -25.347996710142557 -5.934300559169425 3
      vertex -25.12930523171858 -5.5896979300494625 3
      vertex -24.243449690031536 -0.4476417968967387 3
    endloop
  endfacet
  facet normal 0 0 1
    outer loop
      vertex -25.12930523171858 -5.5896979300494625 3
      vertex -24.869148039119587 -5.275221905731762 3
      vertex -24.173597674598852 -0.6626241948324202 3
    endloop
  endfacet
  facet normal 0 0 1
    outer loop
      vertex -24.869148039119587 -5.275221905731762 3
      vertex -24.57162796668324 -4.995831960978684 3
      vertex -24.077352024078955 -0.8671566133830877 3
    endloop
  endfacet
  facet normal 0 0 1
    outer loop
      vertex -24.57162796668324 -4.995831960978684 3
      vertex -24.24143708368174 -4.755934242118451 3
      vertex -23.81214352935854 -1.2321847906716394 3
    endloop
  endfacet
  facet normal 0 0 1
    outer loop
      vertex -25.724372779272052 -7.092666990916012 3
      vertex -25.647895273668052 -6.691757866714221 3
      vertex -25.647895273668052 6.691757866714221 3
    endloop
  endfacet
  facet normal 0 0 1
    outer loop
      vertex -25.647895273668052 -6.691757866714221 3
      vertex -25.521773579136816 -6.303595203774797 3
      vertex -25.521773579136816 6.303595203774797 3
    endloop
  endfacet
  facet normal 0 0 1
    outer loop
      vertex -25.521773579136816 -6.303595203774797 3
      vertex -24.28580646236606 -0.22559982041574733 3
      vertex -24.3 0 3
    endloop
  endfacet
  facet normal 0 0 1
    outer loop
      vertex -25.347996710142557 -5.934300559169425 3
      vertex -24.243449690031536 -0.4476417968967387 3
      vertex -24.28580646236606 -0.22559982041574733 3
    endloop
  endfacet
  facet normal 0 0 1
    outer loop
      vertex -25.12930523171858 -5.5896979300494625 3
      vertex -24.173597674598852 -0.6626241948324202 3
      vertex -24.243449690031536 -0.4476417968967387 3
    endloop
  endfacet
  facet normal 0 0 1
    outer loop
      vertex -24.869148039119587 -5.275221905731762 3
      vertex -24.077352024078955 -0.8671566133830877 3
      vertex -24.173597674598852 -0.6626241948324202 3
    endloop
  endfacet
  facet normal 0 0 1
    outer loop
      vertex -24.57162796668324 -4.995831960978684 3
      vertex -23.956230589874906 -1.0580134541264516 3
      vertex -24.077352024078955 -0.8671566133830877 3
    endloop
  endfacet
  facet normal 0 0 1
    outer loop
      vertex -24.57162796668324 -4.995831960978684 3
      vertex -23.81214352935854 -1.2321847906716394 3
      vertex -23.956230589874906 -1.0580134541264516 3
    endloop
  endfacet
  facet normal 0 0 1
    outer loop
      vertex -24.24143708368174 -4.755934242118451 3
      vertex -23.883782697586486 -4.559312079485437 3
      vertex -23.64736318154764 -1.386923836996421 3
    endloop
  endfacet
  facet normal 0 0 1
    outer loop
      vertex -23.883782697586486 -4.559312079485437 3
      vertex -23.50430523171858 -4.409066322040751 3
      vertex -23.464488230962193 -1.5197902659036269 3
    endloop
  endfacet
  facet normal 0 0 1
    outer loop
      vertex -23.50430523171858 -4.409066322040751 3
      vertex -23.108989272403605 -4.307566435131761 3
      vertex -23.056230589874904 -1.7119017293312764 3
    endloop
  endfacet
  facet normal 0 0 1
    outer loop
      vertex -23.108989272403605 -4.307566435131761 3
      vertex -22.704069188470267 -4.256413132608118 3
      vertex -22.837286366254304 -1.7681170513116395 3
    endloop
  endfacet
  facet normal 0 0 1
    outer loop
      vertex -22.386977064847237 -1.7964481111708888 3
      vertex -22.704069188470267 -4.256413132608118 3
      vertex -22.295930811529733 -4.256413132608118 3
    endloop
  endfacet
  facet normal 0 0 1
    outer loop
      vertex -22.386977064847237 -1.7964481111708888 3
      vertex -22.295930811529733 -4.256413132608118 3
      vertex -21.891010727596395 -4.307566435131761 3
    endloop
  endfacet
  facet normal 0 0 1
    outer loop
      vertex -24.24143708368174 -4.755934242118451 3
      vertex -23.64736318154764 -1.386923836996421 3
      vertex -23.81214352935854 -1.2321847906716394 3
    endloop
  endfacet
  facet normal 0 0 1
    outer loop
      vertex -23.883782697586486 -4.559312079485437 3
      vertex -23.464488230962193 -1.5197902659036269 3
      vertex -23.64736318154764 -1.386923836996421 3
    endloop
  endfacet
  facet normal 0 0 1
    outer loop
      vertex -23.50430523171858 -4.409066322040751 3
      vertex -23.26640272481713 -1.6286886944388352 3
      vertex -23.464488230962193 -1.5197902659036269 3
    endloop
  endfacet
  facet normal 0 0 1
    outer loop
      vertex -23.50430523171858 -4.409066322040751 3
      vertex -23.056230589874904 -1.7119017293312764 3
      vertex -23.26640272481713 -1.6286886944388352 3
    endloop
  endfacet
  facet normal 0 0 1
    outer loop
      vertex -23.108989272403605 -4.307566435131761 3
      vertex -22.837286366254304 -1.7681170513116395 3
      vertex -23.056230589874904 -1.7119017293312764 3
    endloop
  endfacet
  facet normal 0 0 1
    outer loop
      vertex -22.837286366254304 -1.7681170513116395 3
      vertex -22.704069188470267 -4.256413132608118 3
      vertex -22.613022935152763 -1.7964481111708888 3
    endloop
  endfacet
  facet normal 0 0 1
    outer loop
      vertex -22.613022935152763 -1.7964481111708888 3
      vertex -22.704069188470267 -4.256413132608118 3
      vertex -22.386977064847237 -1.7964481111708888 3
    endloop
  endfacet
  facet normal 0 0 1
    outer loop
      vertex -22.295930811529733 -19.256413132608117 3
      vertex -21.891010727596395 -19.30756643513176 3
      vertex -22.162713633745696 -16.76811705131164 3
    endloop
  endfacet
  facet normal 0 0 1
    outer loop
      vertex -21.891010727596395 -19.30756643513176 3
      vertex -21.49569476828142 -19.40906632204075 3
      vertex -21.73359727518287 -16.628688694438836 3
    endloop
  endfacet
  facet normal 0 0 1
    outer loop
      vertex -21.49569476828142 -19.40906632204075 3
      vertex -21.116217302413514 -19.559312079485437 3
      vertex -21.535511769037807 -16.519790265903627 3
    endloop
  endfacet
  facet normal 0 0 1
    outer loop
      vertex -21.891010727596395 -19.30756643513176 3
      vertex -21.943769410125096 -16.711901729331277 3
      vertex -22.162713633745696 -16.76811705131164 3
    endloop
  endfacet
  facet normal 0 0 1
    outer loop
      vertex -21.891010727596395 -19.30756643513176 3
      vertex -21.73359727518287 -16.628688694438836 3
      vertex -21.943769410125096 -16.711901729331277 3
    endloop
  endfacet
  facet normal 0 0 1
    outer loop
      vertex -21.49569476828142 -19.40906632204075 3
      vertex -21.535511769037807 -16.519790265903627 3
      vertex -21.73359727518287 -16.628688694438836 3
    endloop
  endfacet
  facet normal 0 0 1
    outer loop
      vertex -21.535511769037807 -16.519790265903627 3
      vertex -21.116217302413514 -19.559312079485437 3
      vertex -21.352636818452357 -16.38692383699642 3
    endloop
  endfacet
  facet normal 0 0 1
    outer loop
      vertex -21.352636818452357 -16.38692383699642 3
      vertex -21.116217302413514 -19.559312079485437 3
      vertex -21.18785647064146 -16.23218479067164 3
    endloop
  endfacet
  facet normal 0 0 1
    outer loop
      vertex -21.18785647064146 -16.23218479067164 3
      vertex -21.116217302413514 -19.559312079485437 3
      vertex -20.75856291631826 -19.75593424211845 3
    endloop
  endfacet
  facet normal 0 0 1
    outer loop
      vertex -21.043769410125094 -16.058013454126453 3
      vertex -20.75856291631826 -19.75593424211845 3
      vertex -20.42837203331676 -19.995831960978684 3
    endloop
  endfacet
  facet normal 0 0 1
    outer loop
      vertex -20.130851960880413 -20.27522190573176 3
      vertex -20.826402325401148 -15.662624194832421 3
      vertex -20.42837203331676 -19.995831960978684 3
    endloop
  endfacet
  facet normal 0 0 1
    outer loop
      vertex -21.18785647064146 -16.23218479067164 3
      vertex -20.75856291631826 -19.75593424211845 3
      vertex -21.043769410125094 -16.058013454126453 3
    endloop
  endfacet
  facet normal 0 0 1
    outer loop
      vertex -21.043769410125094 -16.058013454126453 3
      vertex -20.42837203331676 -19.995831960978684 3
      vertex -20.922647975921045 -15.867156613383088 3
    endloop
  endfacet
  facet normal 0 0 1
    outer loop
      vertex -20.922647975921045 -15.867156613383088 3
      vertex -20.42837203331676 -19.995831960978684 3
      vertex -20.826402325401148 -15.662624194832421 3
    endloop
  endfacet
  facet normal 0 0 1
    outer loop
      vertex -20.130851960880413 -20.27522190573176 3
      vertex -20.756550309968464 -15.447641796896738 3
      vertex -20.826402325401148 -15.662624194832421 3
    endloop
  endfacet
  facet normal 0 0 1
    outer loop
      vertex -19.87069476828142 -20.58969793004946 3
      vertex -20.71419353763394 -15.225599820415747 3
      vertex -20.756550309968464 -15.447641796896738 3
    endloop
  endfacet
  facet normal 0 0 1
    outer loop
      vertex -19.87069476828142 -20.58969793004946 3
      vertex -20.7 -15 3
      vertex -20.71419353763394 -15.225599820415747 3
    endloop
  endfacet
  facet normal 0 0 1
    outer loop
      vertex -16.710296177014833 -32.670471572559165 3
      vertex -20.75856291631826 -10.24406575788155 3
      vertex -19.275627220727948 -22.092666990916012 3
    endloop
  endfacet
  facet normal 0 0 1
    outer loop
      vertex -20.130851960880413 -20.27522190573176 3
      vertex -19.87069476828142 -20.58969793004946 3
      vertex -20.756550309968464 -15.447641796896738 3
    endloop
  endfacet
  facet normal 0 0 1
    outer loop
      vertex -19.87069476828142 -20.58969793004946 3
      vertex -19.652003289857443 -20.934300559169426 3
      vertex -20.7 -15 3
    endloop
  endfacet
  facet normal 0 0 1
    outer loop
      vertex -19.352104726331948 -21.691757866714223 3
      vertex -20.7 -15 3
      vertex -19.478226420863184 -21.303595203774798 3
    endloop
  endfacet
  facet normal 0 0 1
    outer loop
      vertex -19.652003289857443 -20.934300559169426 3
      vertex -19.478226420863184 -21.303595203774798 3
      vertex -20.7 -15 3
    endloop
  endfacet
  facet normal 0 0 1
    outer loop
      vertex -20.75856291631826 -10.24406575788155 3
      vertex -19.352104726331948 -21.691757866714223 3
      vertex -19.275627220727948 -22.092666990916012 3
    endloop
  endfacet
  facet normal 0 0 1
    outer loop
      vertex -16.710296177014833 -32.670471572559165 3
      vertex -20.42837203331676 -10.004168039021314 3
      vertex -20.75856291631826 -10.24406575788155 3
    endloop
  endfacet
  facet normal 0 0 1
    outer loop
      vertex -16.710296177014833 -32.670471572559165 3
      vertex -20.130851960880413 -9.724778094268238 3
      vertex -20.42837203331676 -10.004168039021314 3
    endloop
  endfacet
  facet normal 0 0 1
    outer loop
      vertex -16.710296177014833 -32.670471572559165 3
      vertex -19.87069476828142 -9.410302069950538 3
      vertex -20.130851960880413 -9.724778094268238 3
    endloop
  endfacet
  facet normal 0 0 1
    outer loop
      vertex -16.710296177014833 -32.670471572559165 3
      vertex -19.652003289857443 -9.065699440830574 3
      vertex -19.87069476828142 -9.410302069950538 3
    endloop
  endfacet
  facet normal 0 0 1
    outer loop
      vertex -16.710296177014833 -32.670471572559165 3
      vertex -19.478226420863184 -8.696404796225204 3
      vertex -19.652003289857443 -9.065699440830574 3
    endloop
  endfacet
  facet normal 0 0 1
    outer loop
      vertex -21.352636818452357 -13.61307616300358 3
      vertex -21.18785647064146 -13.76781520932836 3
      vertex -21.116217302413514 -10.440687920514563 3
    endloop
  endfacet
  facet normal 0 0 1
    outer loop
      vertex -22.162713633745696 -13.23188294868836 3
      vertex -21.943769410125096 -13.288098270668723 3
      vertex -21.891010727596395 -10.692433564868239 3
    endloop
  endfacet
  facet normal 0 0 1
    outer loop
      vertex -21.943769410125096 -13.288098270668723 3
      vertex -21.73359727518287 -13.371311305561164 3
      vertex -21.891010727596395 -10.692433564868239 3
    endloop
  endfacet
  facet normal 0 0 1
    outer loop
      vertex -22.29593081152973 -10.743586867391883 3
      vertex -22.162713633745696 -13.23188294868836 3
      vertex -21.891010727596395 -10.692433564868239 3
    endloop
  endfacet
  facet normal 0 0 1
    outer loop
      vertex -21.73359727518287 -13.371311305561164 3
      vertex -21.49569476828142 -10.59093367795925 3
      vertex -21.891010727596395 -10.692433564868239 3
    endloop
  endfacet
  facet normal 0 0 1
    outer loop
      vertex -21.73359727518287 -13.371311305561164 3
      vertex -21.535511769037807 -13.480209734096373 3
      vertex -21.49569476828142 -10.59093367795925 3
    endloop
  endfacet
  facet normal 0 0 1
    outer loop
      vertex -21.535511769037807 -13.480209734096373 3
      vertex -21.352636818452357 -13.61307616300358 3
      vertex -21.116217302413514 -10.440687920514563 3
    endloop
  endfacet
  facet normal 0 0 1
    outer loop
      vertex -21.535511769037807 -13.480209734096373 3
      vertex -21.116217302413514 -10.440687920514563 3
      vertex -21.49569476828142 -10.59093367795925 3
    endloop
  endfacet
  facet normal 0 0 1
    outer loop
      vertex -20.75856291631826 -10.24406575788155 3
      vertex -21.18785647064146 -13.76781520932836 3
      vertex -21.043769410125094 -13.941986545873549 3
    endloop
  endfacet
  facet normal 0 0 1
    outer loop
      vertex -20.75856291631826 -10.24406575788155 3
      vertex -20.756550309968464 -14.552358203103262 3
      vertex -20.71419353763394 -14.774400179584251 3
    endloop
  endfacet
  facet normal 0 0 1
    outer loop
      vertex -20.75856291631826 -10.24406575788155 3
      vertex -20.826402325401148 -14.33737580516758 3
      vertex -20.756550309968464 -14.552358203103262 3
    endloop
  endfacet
  facet normal 0 0 1
    outer loop
      vertex -20.75856291631826 -10.24406575788155 3
      vertex -20.922647975921045 -14.132843386616912 3
      vertex -20.826402325401148 -14.33737580516758 3
    endloop
  endfacet
  facet normal 0 0 1
    outer loop
      vertex -20.75856291631826 -10.24406575788155 3
      vertex -21.043769410125094 -13.941986545873549 3
      vertex -20.922647975921045 -14.132843386616912 3
    endloop
  endfacet
  facet normal 0 0 1
    outer loop
      vertex -20.75856291631826 -10.24406575788155 3
      vertex -20.71419353763394 -14.774400179584251 3
      vertex -20.7 -15 3
    endloop
  endfacet
  facet normal 0 0 1
    outer loop
      vertex -21.18785647064146 -13.76781520932836 3
      vertex -20.75856291631826 -10.24406575788155 3
      vertex -21.116217302413514 -10.440687920514563 3
    endloop
  endfacet
  facet normal 0 0 1
    outer loop
      vertex -20.75856291631826 -10.24406575788155 3
      vertex -20.7 -15 3
      vertex -19.352104726331948 -21.691757866714223 3
    endloop
  endfacet
  facet normal 0 0 1
    outer loop
      vertex -16.710296177014833 -32.670471572559165 3
      vertex -19.352104726331948 -8.308242133285777 3
      vertex -19.478226420863184 -8.696404796225204 3
    endloop
  endfacet
  facet normal 0 0 1
    outer loop
      vertex -16.710296177014833 -32.670471572559165 3
      vertex -19.275627220727948 -7.907333009083988 3
      vertex -19.352104726331948 -8.308242133285777 3
    endloop
  endfacet
  facet normal 0 0 1
    outer loop
      vertex -21.49569476828142 -4.409066322040751 3
      vertex -22.386977064847237 -1.7964481111708888 3
      vertex -21.891010727596395 -4.307566435131761 3
    endloop
  endfacet
  facet normal 0 0 1
    outer loop
      vertex -21.49569476828142 -4.409066322040751 3
      vertex -21.116217302413514 -4.559312079485437 3
      vertex -21.535511769037807 -1.5197902659036275 3
    endloop
  endfacet
  facet normal 0 0 1
    outer loop
      vertex -21.352636818452357 -1.3869238369964203 3
      vertex -21.116217302413514 -4.559312079485437 3
      vertex -20.75856291631826 -4.755934242118451 3
    endloop
  endfacet
  facet normal 0 0 1
    outer loop
      vertex -20.42837203331676 -4.995831960978686 3
      vertex -21.18785647064146 -1.2321847906716394 3
      vertex -20.75856291631826 -4.755934242118451 3
    endloop
  endfacet
  facet normal 0 0 1
    outer loop
      vertex -20.42837203331676 -4.995831960978686 3
      vertex -20.130851960880413 -5.275221905731762 3
      vertex -20.922647975921045 -0.8671566133830877 3
    endloop
  endfacet
  facet normal 0 0 1
    outer loop
      vertex -21.49569476828142 -4.409066322040751 3
      vertex -22.162713633745696 -1.7681170513116395 3
      vertex -22.386977064847237 -1.7964481111708888 3
    endloop
  endfacet
  facet normal 0 0 1
    outer loop
      vertex -21.49569476828142 -4.409066322040751 3
      vertex -21.943769410125096 -1.7119017293312764 3
      vertex -22.162713633745696 -1.7681170513116395 3
    endloop
  endfacet
  facet normal 0 0 1
    outer loop
      vertex -21.49569476828142 -4.409066322040751 3
      vertex -21.73359727518287 -1.6286886944388352 3
      vertex -21.943769410125096 -1.7119017293312764 3
    endloop
  endfacet
  facet normal 0 0 1
    outer loop
      vertex -21.49569476828142 -4.409066322040751 3
      vertex -21.535511769037807 -1.5197902659036275 3
      vertex -21.73359727518287 -1.6286886944388352 3
    endloop
  endfacet
  facet normal 0 0 1
    outer loop
      vertex -21.535511769037807 -1.5197902659036275 3
      vertex -21.116217302413514 -4.559312079485437 3
      vertex -21.352636818452357 -1.3869238369964203 3
    endloop
  endfacet
  facet normal 0 0 1
    outer loop
      vertex -21.352636818452357 -1.3869238369964203 3
      vertex -20.75856291631826 -4.755934242118451 3
      vertex -21.18785647064146 -1.2321847906716394 3
    endloop
  endfacet
  facet normal 0 0 1
    outer loop
      vertex -20.42837203331676 -4.995831960978686 3
      vertex -21.043769410125094 -1.0580134541264516 3
      vertex -21.18785647064146 -1.2321847906716394 3
    endloop
  endfacet
  facet normal 0 0 1
    outer loop
      vertex -20.42837203331676 -4.995831960978686 3
      vertex -20.922647975921045 -0.8671566133830877 3
      vertex -21.043769410125094 -1.0580134541264516 3
    endloop
  endfacet
  facet normal 0 0 1
    outer loop
      vertex -20.130851960880413 -5.275221905731762 3
      vertex -20.826402325401148 -0.6626241948324211 3
      vertex -20.922647975921045 -0.8671566133830877 3
    endloop
  endfacet
  facet normal 0 0 1
    outer loop
      vertex -19.87069476828142 -5.5896979300494625 3
      vertex -20.756550309968464 -0.447641796896738 3
      vertex -20.826402325401148 -0.6626241948324211 3
    endloop
  endfacet
  facet normal 0 0 1
    outer loop
      vertex -19.652003289857443 -5.934300559169425 3
      vertex -20.71419353763394 -0.22559982041574733 3
      vertex -20.756550309968464 -0.447641796896738 3
    endloop
  endfacet
  facet normal 0 0 1
    outer loop
      vertex -19.478226420863184 -6.303595203774797 3
      vertex -20.7 0 3
      vertex -20.71419353763394 -0.22559982041574733 3
    endloop
  endfacet
  facet normal 0 0 1
    outer loop
      vertex -20.130851960880413 -5.275221905731762 3
      vertex -19.87069476828142 -5.5896979300494625 3
      vertex -20.826402325401148 -0.6626241948324211 3
    endloop
  endfacet
  facet normal 0 0 1
    outer loop
      vertex -19.87069476828142 -5.5896979300494625 3
      vertex -19.652003289857443 -5.934300559169425 3
      vertex -20.756550309968464 -0.447641796896738 3
    endloop
  endfacet
  facet normal 0 0 1
    outer loop
      vertex -19.478226420863184 -6.303595203774797 3
      vertex -20.71419353763394 -0.22559982041574733 3
      vertex -19.652003289857443 -5.934300559169425 3
    endloop
  endfacet
  facet normal 0 0 1
    outer loop
      vertex -19.352104726331948 -6.691757866714222 3
      vertex -19.478226420863184 6.303595203774796 3
      vertex -19.478226420863184 -6.303595203774797 3
    endloop
  endfacet
  facet normal 0 0 1
    outer loop
      vertex -16.710296177014833 -32.670471572559165 3
      vertex -15.5 -33.02026547989614 3
      vertex -15.53942649342761 40.12666616782152 3
    endloop
  endfacet
  facet normal 0 0 1
    outer loop
      vertex -15.5 -33.02026547989614 3
      vertex -15.5 -30.50986635785864 3
      vertex -15.53942649342761 40.12666616782152 3
    endloop
  endfacet
  facet normal 0 0 1
    outer loop
      vertex -16.710296177014833 -32.670471572559165 3
      vertex -15.53942649342761 40.12666616782152 3
      vertex -19.275627220727948 -7.907333009083988 3
    endloop
  endfacet
  facet normal 0 0 -1
    outer loop
      vertex -29.5 39.5 0
      vertex -25.724372779272052 -7.907333009083988 0
      vertex -25.521773579136816 -21.303595203774798 0
    endloop
  endfacet
  facet normal 0 0 -1
    outer loop
      vertex -29.5 39.5 0
      vertex -25.75 -7.5 0
      vertex -25.724372779272052 -7.907333009083988 0
    endloop
  endfacet
  facet normal 0 0 -1
    outer loop
      vertex -25.521773579136816 -6.303595203774797 0
      vertex -25.521773579136816 6.303595203774797 0
      vertex -24.3 0 0
    endloop
  endfacet
  facet normal 0 0 -1
    outer loop
      vertex -25.647895273668052 -6.691757866714221 0
      vertex -25.724372779272052 7.092666990916012 0
      vertex -25.647895273668052 6.691757866714221 0
    endloop
  endfacet
  facet normal 0 0 -1
    outer loop
      vertex -25.724372779272052 -7.092666990916012 0
      vertex -25.75 7.5 0
      vertex -25.724372779272052 7.092666990916012 0
    endloop
  endfacet
  facet normal 0 0 -1
    outer loop
      vertex -25.521773579136816 -6.303595203774797 0
      vertex -25.647895273668052 6.691757866714221 0
      vertex -25.521773579136816 6.303595203774797 0
    endloop
  endfacet
  facet normal 0 0 -1
    outer loop
      vertex -24.3 0 0
      vertex -25.521773579136816 6.303595203774797 0
      vertex -24.28580646236606 0.22559982041574733 0
    endloop
  endfacet
  facet normal 0 0 -1
    outer loop
      vertex -24.28580646236606 0.22559982041574733 0
      vertex -25.347996710142557 5.934300559169425 0
      vertex -24.243449690031536 0.4476417968967387 0
    endloop
  endfacet
  facet normal 0 0 -1
    outer loop
      vertex -24.243449690031536 0.4476417968967387 0
      vertex -25.12930523171858 5.5896979300494625 0
      vertex -24.173597674598852 0.6626241948324202 0
    endloop
  endfacet
  facet normal 0 0 -1
    outer loop
      vertex -24.173597674598852 0.6626241948324202 0
      vertex -24.869148039119587 5.275221905731762 0
      vertex -24.077352024078955 0.8671566133830877 0
    endloop
  endfacet
  facet normal 0 0 -1
    outer loop
      vertex -24.57162796668324 4.995831960978684 0
      vertex -23.956230589874906 1.0580134541264516 0
      vertex -24.077352024078955 0.8671566133830877 0
    endloop
  endfacet
  facet normal 0 0 -1
    outer loop
      vertex -23.81214352935854 1.2321847906716394 0
      vertex -23.956230589874906 1.0580134541264516 0
      vertex -24.57162796668324 4.995831960978684 0
    endloop
  endfacet
  facet normal 0 0 -1
    outer loop
      vertex -24.28580646236606 0.22559982041574733 0
      vertex -25.521773579136816 6.303595203774797 0
      vertex -25.347996710142557 5.934300559169425 0
    endloop
  endfacet
  facet normal 0 0 -1
    outer loop
      vertex -24.243449690031536 0.4476417968967387 0
      vertex -25.347996710142557 5.934300559169425 0
      vertex -25.12930523171858 5.5896979300494625 0
    endloop
  endfacet
  facet normal 0 0 -1
    outer loop
      vertex -24.173597674598852 0.6626241948324202 0
      vertex -25.12930523171858 5.5896979300494625 0
      vertex -24.869148039119587 5.275221905731762 0
    endloop
  endfacet
  facet normal 0 0 -1
    outer loop
      vertex -24.57162796668324 4.995831960978684 0
      vertex -24.077352024078955 0.8671566133830877 0
      vertex -24.869148039119587 5.275221905731762 0
    endloop
  endfacet
  facet normal 0 0 -1
    outer loop
      vertex -23.81214352935854 1.2321847906716394 0
      vertex -24.57162796668324 4.995831960978684 0
      vertex -24.24143708368174 4.755934242118451 0
    endloop
  endfacet
  facet normal 0 0 -1
    outer loop
      vertex -23.81214352935854 1.2321847906716394 0
      vertex -24.24143708368174 4.755934242118451 0
      vertex -23.64736318154764 1.386923836996421 0
    endloop
  endfacet
  facet normal 0 0 -1
    outer loop
      vertex -23.64736318154764 1.386923836996421 0
      vertex -23.883782697586486 4.559312079485436 0
      vertex -23.464488230962193 1.5197902659036269 0
    endloop
  endfacet
  facet normal 0 0 -1
    outer loop
      vertex -23.464488230962193 1.5197902659036269 0
      vertex -23.50430523171858 4.409066322040751 0
      vertex -23.26640272481713 1.628688694438835 0
    endloop
  endfacet
  facet normal 0 0 -1
    outer loop
      vertex -23.26640272481713 1.628688694438835 0
      vertex -23.50430523171858 4.409066322040751 0
      vertex -23.056230589874904 1.7119017293312764 0
    endloop
  endfacet
  facet normal 0 0 -1
    outer loop
      vertex -23.056230589874904 1.7119017293312764 0
      vertex -23.108989272403605 4.307566435131762 0
      vertex -22.837286366254304 1.7681170513116398 0
    endloop
  endfacet
  facet normal 0 0 -1
    outer loop
      vertex -22.70406918847027 4.256413132608118 0
      vertex -22.613022935152763 1.7964481111708888 0
      vertex -22.837286366254304 1.7681170513116398 0
    endloop
  endfacet
  facet normal 0 0 -1
    outer loop
      vertex -22.613022935152763 1.7964481111708888 0
      vertex -22.29593081152973 4.256413132608118 0
      vertex -22.386977064847237 1.7964481111708888 0
    endloop
  endfacet
  facet normal 0 0 -1
    outer loop
      vertex -22.386977064847237 1.7964481111708888 0
      vertex -22.29593081152973 4.256413132608118 0
      vertex -22.162713633745696 1.7681170513116398 0
    endloop
  endfacet
  facet normal 0 0 -1
    outer loop
      vertex -23.64736318154764 1.386923836996421 0
      vertex -24.24143708368174 4.755934242118451 0
      vertex -23.883782697586486 4.559312079485436 0
    endloop
  endfacet
  facet normal 0 0 -1
    outer loop
      vertex -23.464488230962193 1.5197902659036269 0
      vertex -23.883782697586486 4.559312079485436 0
      vertex -23.50430523171858 4.409066322040751 0
    endloop
  endfacet
  facet normal 0 0 -1
    outer loop
      vertex -23.056230589874904 1.7119017293312764 0
      vertex -23.50430523171858 4.409066322040751 0
      vertex -23.108989272403605 4.307566435131762 0
    endloop
  endfacet
  facet normal 0 0 -1
    outer loop
      vertex -22.70406918847027 4.256413132608118 0
      vertex -22.837286366254304 1.7681170513116398 0
      vertex -23.108989272403605 4.307566435131762 0
    endloop
  endfacet
  facet normal 0 0 -1
    outer loop
      vertex -22.613022935152763 1.7964481111708888 0
      vertex -22.70406918847027 4.256413132608118 0
      vertex -22.29593081152973 4.256413132608118 0
    endloop
  endfacet
  facet normal 0 0 -1
    outer loop
      vertex -29.5 39.5 0
      vertex -25.75 7.5 0
      vertex -25.75 -7.5 0
    endloop
  endfacet
  facet normal 0 0 -1
    outer loop
      vertex -29.5 39.5 0
      vertex -25.724372779272052 7.907333009083988 0
      vertex -25.75 7.5 0
    endloop
  endfacet
  facet normal 0 0 -1
    outer loop
      vertex -29.5 39.5 0
      vertex -25.647895273668052 8.308242133285779 0
      vertex -25.724372779272052 7.907333009083988 0
    endloop
  endfacet
  facet normal 0 0 -1
    outer loop
      vertex -29.5 39.5 0
      vertex -25.521773579136816 8.696404796225202 0
      vertex -25.647895273668052 8.308242133285779 0
    endloop
  endfacet
  facet normal 0 0 -1
    outer loop
      vertex -29.5 39.5 0
      vertex -25.347996710142557 9.065699440830574 0
      vertex -25.521773579136816 8.696404796225202 0
    endloop
  endfacet
  facet normal 0 0 -1
    outer loop
      vertex -29.5 39.5 0
      vertex -25.12930523171858 9.410302069950538 0
      vertex -25.347996710142557 9.065699440830574 0
    endloop
  endfacet
  facet normal 0 0 -1
    outer loop
      vertex -29.5 39.5 0
      vertex -24.869148039119587 9.724778094268238 0
      vertex -25.12930523171858 9.410302069950538 0
    endloop
  endfacet
  facet normal 0 0 -1
    outer loop
      vertex -29.5 39.5 0
      vertex -24.57162796668324 10.004168039021316 0
      vertex -24.869148039119587 9.724778094268238 0
    endloop
  endfacet
  facet normal 0 0 -1
    outer loop
      vertex -29.5 39.5 0
      vertex -24.24143708368174 10.244065757881549 0
      vertex -24.57162796668324 10.004168039021316 0
    endloop
  endfacet
  facet normal 0 0 -1
    outer loop
      vertex -29.5 39.5 0
      vertex -24.243449690031536 14.552358203103262 0
      vertex -24.24143708368174 10.244065757881549 0
    endloop
  endfacet
  facet normal 0 0 -1
    outer loop
      vertex -24.24143708368174 10.244065757881549 0
      vertex -24.243449690031536 14.552358203103262 0
      vertex -24.173597674598852 14.33737580516758 0
    endloop
  endfacet
  facet normal 0 0 -1
    outer loop
      vertex -24.24143708368174 10.244065757881549 0
      vertex -24.077352024078955 14.132843386616912 0
      vertex -23.956230589874906 13.941986545873549 0
    endloop
  endfacet
  facet normal 0 0 -1
    outer loop
      vertex -24.24143708368174 10.244065757881549 0
      vertex -23.956230589874906 13.941986545873549 0
      vertex -23.81214352935854 13.767815209328361 0
    endloop
  endfacet
  facet normal 0 0 -1
    outer loop
      vertex -24.24143708368174 10.244065757881549 0
      vertex -24.173597674598852 14.33737580516758 0
      vertex -24.077352024078955 14.132843386616912 0
    endloop
  endfacet
  facet normal 0 0 -1
    outer loop
      vertex -24.24143708368174 10.244065757881549 0
      vertex -23.64736318154764 13.61307616300358 0
      vertex -23.883782697586486 10.440687920514563 0
    endloop
  endfacet
  facet normal 0 0 -1
    outer loop
      vertex -23.883782697586486 10.440687920514563 0
      vertex -23.464488230962193 13.480209734096373 0
      vertex -23.50430523171858 10.59093367795925 0
    endloop
  endfacet
  facet normal 0 0 -1
    outer loop
      vertex -23.883782697586486 10.440687920514563 0
      vertex -23.64736318154764 13.61307616300358 0
      vertex -23.464488230962193 13.480209734096373 0
    endloop
  endfacet
  facet normal 0 0 -1
    outer loop
      vertex -23.50430523171858 10.59093367795925 0
      vertex -23.056230589874904 13.288098270668723 0
      vertex -23.108989272403605 10.692433564868239 0
    endloop
  endfacet
  facet normal 0 0 -1
    outer loop
      vertex -23.50430523171858 10.59093367795925 0
      vertex -23.464488230962193 13.480209734096373 0
      vertex -23.26640272481713 13.371311305561164 0
    endloop
  endfacet
  facet normal 0 0 -1
    outer loop
      vertex -23.50430523171858 10.59093367795925 0
      vertex -23.26640272481713 13.371311305561164 0
      vertex -23.056230589874904 13.288098270668723 0
    endloop
  endfacet
  facet normal 0 0 -1
    outer loop
      vertex -24.24143708368174 10.244065757881549 0
      vertex -23.81214352935854 13.767815209328361 0
      vertex -23.64736318154764 13.61307616300358 0
    endloop
  endfacet
  facet normal 0 0 -1
    outer loop
      vertex -23.108989272403605 10.692433564868239 0
      vertex -22.837286366254304 13.23188294868836 0
      vertex -22.704069188470267 10.743586867391883 0
    endloop
  endfacet
  facet normal 0 0 -1
    outer loop
      vertex -23.108989272403605 10.692433564868239 0
      vertex -23.056230589874904 13.288098270668723 0
      vertex -22.837286366254304 13.23188294868836 0
    endloop
  endfacet
  facet normal 0 0 -1
    outer loop
      vertex -22.704069188470267 10.743586867391883 0
      vertex -22.837286366254304 13.23188294868836 0
      vertex -22.613022935152763 13.20355188882911 0
    endloop
  endfacet
  facet normal 0 0 -1
    outer loop
      vertex -22.704069188470267 10.743586867391883 0
      vertex -22.386977064847237 13.20355188882911 0
      vertex -22.295930811529733 10.743586867391883 0
    endloop
  endfacet
  facet normal 0 0 -1
    outer loop
      vertex -22.704069188470267 10.743586867391883 0
      vertex -22.613022935152763 13.20355188882911 0
      vertex -22.386977064847237 13.20355188882911 0
    endloop
  endfacet
  facet normal 0 0 -1
    outer loop
      vertex -22.295930811529733 10.743586867391883 0
      vertex -22.386977064847237 13.20355188882911 0
      vertex -22.162713633745696 13.23188294868836 0
    endloop
  endfacet
  facet normal 0 0 -1
    outer loop
      vertex -24.28580646236606 15.225599820415747 0
      vertex -25.647895273668052 21.691757866714223 0
      vertex -25.521773579136816 21.303595203774798 0
    endloop
  endfacet
  facet normal 0 0 -1
    outer loop
      vertex -24.243449690031536 15.447641796896738 0
      vertex -25.347996710142557 20.934300559169426 0
      vertex -25.12930523171858 20.58969793004946 0
    endloop
  endfacet
  facet normal 0 0 -1
    outer loop
      vertex -24.28580646236606 15.225599820415747 0
      vertex -25.521773579136816 21.303595203774798 0
      vertex -25.347996710142557 20.934300559169426 0
    endloop
  endfacet
  facet normal 0 0 -1
    outer loop
      vertex -24.28580646236606 15.225599820415747 0
      vertex -25.347996710142557 20.934300559169426 0
      vertex -24.243449690031536 15.447641796896738 0
    endloop
  endfacet
  facet normal 0 0 -1
    outer loop
      vertex -24.243449690031536 15.447641796896738 0
      vertex -25.12930523171858 20.58969793004946 0
      vertex -24.173597674598852 15.66262419483242 0
    endloop
  endfacet
  facet normal 0 0 -1
    outer loop
      vertex -24.173597674598852 15.66262419483242 0
      vertex -24.869148039119587 20.27522190573176 0
      vertex -24.077352024078955 15.867156613383088 0
    endloop
  endfacet
  facet normal 0 0 -1
    outer loop
      vertex -24.57162796668324 19.995831960978684 0
      vertex -23.956230589874906 16.058013454126453 0
      vertex -24.077352024078955 15.867156613383088 0
    endloop
  endfacet
  facet normal 0 0 -1
    outer loop
      vertex -23.81214352935854 16.23218479067164 0
      vertex -23.956230589874906 16.058013454126453 0
      vertex -24.57162796668324 19.995831960978684 0
    endloop
  endfacet
  facet normal 0 0 -1
    outer loop
      vertex -24.869148039119587 20.27522190573176 0
      vertex -24.57162796668324 19.995831960978684 0
      vertex -24.077352024078955 15.867156613383088 0
    endloop
  endfacet
  facet normal 0 0 -1
    outer loop
      vertex -24.173597674598852 15.66262419483242 0
      vertex -25.12930523171858 20.58969793004946 0
      vertex -24.869148039119587 20.27522190573176 0
    endloop
  endfacet
  facet normal 0 0 -1
    outer loop
      vertex -23.81214352935854 16.23218479067164 0
      vertex -24.57162796668324 19.995831960978684 0
      vertex -24.24143708368174 19.75593424211845 0
    endloop
  endfacet
  facet normal 0 0 -1
    outer loop
      vertex -23.81214352935854 16.23218479067164 0
      vertex -24.24143708368174 19.75593424211845 0
      vertex -23.64736318154764 16.38692383699642 0
    endloop
  endfacet
  facet normal 0 0 -1
    outer loop
      vertex -23.64736318154764 16.38692383699642 0
      vertex -23.883782697586486 19.559312079485437 0
      vertex -23.464488230962193 16.519790265903627 0
    endloop
  endfacet
  facet normal 0 0 -1
    outer loop
      vertex -23.464488230962193 16.519790265903627 0
      vertex -23.50430523171858 19.40906632204075 0
      vertex -23.26640272481713 16.628688694438836 0
    endloop
  endfacet
  facet normal 0 0 -1
    outer loop
      vertex -23.26640272481713 16.628688694438836 0
      vertex -23.50430523171858 19.40906632204075 0
      vertex -23.056230589874904 16.711901729331277 0
    endloop
  endfacet
  facet normal 0 0 -1
    outer loop
      vertex -23.64736318154764 16.38692383699642 0
      vertex -24.24143708368174 19.75593424211845 0
      vertex -23.883782697586486 19.559312079485437 0
    endloop
  endfacet
  facet normal 0 0 -1
    outer loop
      vertex -23.464488230962193 16.519790265903627 0
      vertex -23.883782697586486 19.559312079485437 0
      vertex -23.50430523171858 19.40906632204075 0
    endloop
  endfacet
  facet normal 0 0 -1
    outer loop
      vertex -23.056230589874904 16.711901729331277 0
      vertex -23.50430523171858 19.40906632204075 0
      vertex -23.108989272403605 19.30756643513176 0
    endloop
  endfacet
  facet normal 0 0 -1
    outer loop
      vertex -23.056230589874904 16.711901729331277 0
      vertex -23.108989272403605 19.30756643513176 0
      vertex -22.837286366254304 16.76811705131164 0
    endloop
  endfacet
  facet normal 0 0 -1
    outer loop
      vertex -22.837286366254304 16.76811705131164 0
      vertex -22.70406918847027 19.256413132608117 0
      vertex -22.613022935152763 16.79644811117089 0
    endloop
  endfacet
  facet normal 0 0 -1
    outer loop
      vertex -22.613022935152763 16.79644811117089 0
      vertex -22.70406918847027 19.256413132608117 0
      vertex -22.386977064847237 16.79644811117089 0
    endloop
  endfacet
  facet normal 0 0 -1
    outer loop
      vertex -22.386977064847237 16.79644811117089 0
      vertex -22.29593081152973 19.256413132608117 0
      vertex -22.162713633745696 16.76811705131164 0
    endloop
  endfacet
  facet normal 0 0 -1
    outer loop
      vertex -22.837286366254304 16.76811705131164 0
      vertex -23.108989272403605 19.30756643513176 0
      vertex -22.70406918847027 19.256413132608117 0
    endloop
  endfacet
  facet normal 0 0 -1
    outer loop
      vertex -22.70406918847027 19.256413132608117 0
      vertex -22.29593081152973 19.256413132608117 0
      vertex -22.386977064847237 16.79644811117089 0
    endloop
  endfacet
  facet normal 0 0 -1
    outer loop
      vertex -22.162713633745696 1.7681170513116398 0
      vertex -21.891010727596395 4.307566435131762 0
      vertex -21.943769410125096 1.7119017293312764 0
    endloop
  endfacet
  facet normal 0 0 -1
    outer loop
      vertex -21.943769410125096 1.7119017293312764 0
      vertex -21.49569476828142 4.409066322040751 0
      vertex -21.73359727518287 1.628688694438835 0
    endloop
  endfacet
  facet normal 0 0 -1
    outer loop
      vertex -21.73359727518287 1.628688694438835 0
      vertex -21.49569476828142 4.409066322040751 0
      vertex -21.535511769037807 1.519790265903627 0
    endloop
  endfacet
  facet normal 0 0 -1
    outer loop
      vertex -21.535511769037807 1.519790265903627 0
      vertex -21.116217302413514 4.559312079485436 0
      vertex -21.352636818452357 1.3869238369964205 0
    endloop
  endfacet
  facet normal 0 0 -1
    outer loop
      vertex -21.352636818452357 1.3869238369964205 0
      vertex -20.75856291631826 4.7559342421184505 0
      vertex -21.18785647064146 1.2321847906716397 0
    endloop
  endfacet
  facet normal 0 0 -1
    outer loop
      vertex -21.043769410125094 1.0580134541264516 0
      vertex -21.18785647064146 1.2321847906716397 0
      vertex -20.42837203331676 4.995831960978686 0
    endloop
  endfacet
  facet normal 0 0 -1
    outer loop
      vertex -21.043769410125094 1.0580134541264516 0
      vertex -20.42837203331676 4.995831960978686 0
      vertex -20.922647975921045 0.8671566133830876 0
    endloop
  endfacet
  facet normal 0 0 -1
    outer loop
      vertex -19.87069476828142 5.5896979300494625 0
      vertex -20.7 0 0
      vertex -20.71419353763394 0.22559982041574766 0
    endloop
  endfacet
  facet normal 0 0 -1
    outer loop
      vertex -20.130851960880413 5.275221905731762 0
      vertex -20.826402325401148 0.6626241948324204 0
      vertex -20.922647975921045 0.8671566133830876 0
    endloop
  endfacet
  facet normal 0 0 -1
    outer loop
      vertex -19.87069476828142 5.5896979300494625 0
      vertex -20.756550309968464 0.44764179689673866 0
      vertex -20.826402325401148 0.6626241948324204 0
    endloop
  endfacet
  facet normal 0 0 -1
    outer loop
      vertex -19.87069476828142 5.5896979300494625 0
      vertex -20.71419353763394 0.22559982041574766 0
      vertex -20.756550309968464 0.44764179689673866 0
    endloop
  endfacet
  facet normal 0 0 -1
    outer loop
      vertex -22.162713633745696 1.7681170513116398 0
      vertex -22.29593081152973 4.256413132608118 0
      vertex -21.891010727596395 4.307566435131762 0
    endloop
  endfacet
  facet normal 0 0 -1
    outer loop
      vertex -21.943769410125096 1.7119017293312764 0
      vertex -21.891010727596395 4.307566435131762 0
      vertex -21.49569476828142 4.409066322040751 0
    endloop
  endfacet
  facet normal 0 0 -1
    outer loop
      vertex -21.535511769037807 1.519790265903627 0
      vertex -21.49569476828142 4.409066322040751 0
      vertex -21.116217302413514 4.559312079485436 0
    endloop
  endfacet
  facet normal 0 0 -1
    outer loop
      vertex -21.352636818452357 1.3869238369964205 0
      vertex -21.116217302413514 4.559312079485436 0
      vertex -20.75856291631826 4.7559342421184505 0
    endloop
  endfacet
  facet normal 0 0 -1
    outer loop
      vertex -21.18785647064146 1.2321847906716397 0
      vertex -20.75856291631826 4.7559342421184505 0
      vertex -20.42837203331676 4.995831960978686 0
    endloop
  endfacet
  facet normal 0 0 -1
    outer loop
      vertex -20.130851960880413 5.275221905731762 0
      vertex -20.922647975921045 0.8671566133830876 0
      vertex -20.42837203331676 4.995831960978686 0
    endloop
  endfacet
  facet normal 0 0 -1
    outer loop
      vertex -19.87069476828142 5.5896979300494625 0
      vertex -20.826402325401148 0.6626241948324204 0
      vertex -20.130851960880413 5.275221905731762 0
    endloop
  endfacet
  facet normal 0 0 -1
    outer loop
      vertex -16.429736905787607 -30.50986635785864 0
      vertex -19.652003289857443 20.934300559169426 0
      vertex -19.478226420863184 21.303595203774794 0
    endloop
  endfacet
  facet normal 0 0 -1
    outer loop
      vertex -19.87069476828142 9.410302069950538 0
      vertex -20.756550309968464 14.552358203103262 0
      vertex -19.652003289857443 9.065699440830574 0
    endloop
  endfacet
  facet normal 0 0 -1
    outer loop
      vertex -19.478226420863184 8.696404796225202 0
      vertex -19.652003289857443 9.065699440830574 0
      vertex -20.71419353763394 14.774400179584253 0
    endloop
  endfacet
  facet normal 0 0 -1
    outer loop
      vertex -16.429736905787607 -30.50986635785864 0
      vertex -19.478226420863184 21.303595203774794 0
      vertex -19.352104726331948 21.691757866714223 0
    endloop
  endfacet
  facet normal 0 0 -1
    outer loop
      vertex -16.429736905787607 -30.50986635785864 0
      vertex -19.352104726331948 21.691757866714223 0
      vertex -19.275627220727948 22.092666990916012 0
    endloop
  endfacet
  facet normal 0 0 -1
    outer loop
      vertex -16.429736905787607 -30.50986635785864 0
      vertex -19.275627220727948 22.092666990916012 0
      vertex -19.25 22.5 0
    endloop
  endfacet
  facet normal 0 0 -1
    outer loop
      vertex -16.429736905787607 -30.50986635785864 0
      vertex -19.25 22.5 0
      vertex -15.53942649342761 40.12666616782152 0
    endloop
  endfacet
  facet normal 0 0 -1
    outer loop
      vertex -22.295930811529733 10.743586867391883 0
      vertex -22.162713633745696 13.23188294868836 0
      vertex -21.891010727596395 10.692433564868239 0
    endloop
  endfacet
  facet normal 0 0 -1
    outer loop
      vertex -21.891010727596395 10.692433564868239 0
      vertex -21.73359727518287 13.371311305561164 0
      vertex -21.49569476828142 10.59093367795925 0
    endloop
  endfacet
  facet normal 0 0 -1
    outer loop
      vertex -21.891010727596395 10.692433564868239 0
      vertex -22.162713633745696 13.23188294868836 0
      vertex -21.943769410125096 13.288098270668723 0
    endloop
  endfacet
  facet normal 0 0 -1
    outer loop
      vertex -21.891010727596395 10.692433564868239 0
      vertex -21.943769410125096 13.288098270668723 0
      vertex -21.73359727518287 13.371311305561164 0
    endloop
  endfacet
  facet normal 0 0 -1
    outer loop
      vertex -21.49569476828142 10.59093367795925 0
      vertex -21.535511769037807 13.480209734096373 0
      vertex -21.116217302413514 10.440687920514563 0
    endloop
  endfacet
  facet normal 0 0 -1
    outer loop
      vertex -21.49569476828142 10.59093367795925 0
      vertex -21.73359727518287 13.371311305561164 0
      vertex -21.535511769037807 13.480209734096373 0
    endloop
  endfacet
  facet normal 0 0 -1
    outer loop
      vertex -21.116217302413514 10.440687920514563 0
      vertex -21.535511769037807 13.480209734096373 0
      vertex -21.352636818452357 13.61307616300358 0
    endloop
  endfacet
  facet normal 0 0 -1
    outer loop
      vertex -21.18785647064146 13.767815209328361 0
      vertex -21.116217302413514 10.440687920514563 0
      vertex -21.352636818452357 13.61307616300358 0
    endloop
  endfacet
  facet normal 0 0 -1
    outer loop
      vertex -21.18785647064146 13.767815209328361 0
      vertex -20.75856291631826 10.244065757881549 0
      vertex -21.116217302413514 10.440687920514563 0
    endloop
  endfacet
  facet normal 0 0 -1
    outer loop
      vertex -20.75856291631826 10.244065757881549 0
      vertex -20.922647975921045 14.132843386616912 0
      vertex -20.42837203331676 10.004168039021314 0
    endloop
  endfacet
  facet normal 0 0 -1
    outer loop
      vertex -20.42837203331676 10.004168039021314 0
      vertex -20.922647975921045 14.132843386616912 0
      vertex -20.130851960880413 9.724778094268238 0
    endloop
  endfacet
  facet normal 0 0 -1
    outer loop
      vertex -21.18785647064146 13.767815209328361 0
      vertex -21.043769410125094 13.941986545873549 0
      vertex -20.75856291631826 10.244065757881549 0
    endloop
  endfacet
  facet normal 0 0 -1
    outer loop
      vertex -20.75856291631826 10.244065757881549 0
      vertex -21.043769410125094 13.941986545873549 0
      vertex -20.922647975921045 14.132843386616912 0
    endloop
  endfacet
  facet normal 0 0 -1
    outer loop
      vertex -20.130851960880413 9.724778094268238 0
      vertex -20.922647975921045 14.132843386616912 0
      vertex -20.826402325401148 14.337375805167579 0
    endloop
  endfacet
  facet normal 0 0 -1
    outer loop
      vertex -19.87069476828142 9.410302069950538 0
      vertex -20.826402325401148 14.337375805167579 0
      vertex -20.756550309968464 14.552358203103262 0
    endloop
  endfacet
  facet normal 0 0 -1
    outer loop
      vertex -19.652003289857443 9.065699440830574 0
      vertex -20.756550309968464 14.552358203103262 0
      vertex -20.71419353763394 14.774400179584253 0
    endloop
  endfacet
  facet normal 0 0 -1
    outer loop
      vertex -19.478226420863184 8.696404796225202 0
      vertex -20.71419353763394 14.774400179584253 0
      vertex -20.7 15 0
    endloop
  endfacet
  facet normal 0 0 -1
    outer loop
      vertex -20.130851960880413 9.724778094268238 0
      vertex -20.826402325401148 14.337375805167579 0
      vertex -19.87069476828142 9.410302069950538 0
    endloop
  endfacet
  facet normal 0 0 -1
    outer loop
      vertex -19.352104726331948 8.308242133285779 0
      vertex -19.652003289857443 20.934300559169426 0
      vertex -19.275627220727948 7.907333009083989 0
    endloop
  endfacet
  facet normal 0 0 -1
    outer loop
      vertex -19.352104726331948 8.308242133285779 0
      vertex -19.478226420863184 8.696404796225202 0
      vertex -19.652003289857443 20.934300559169426 0
    endloop
  endfacet
  facet normal 0 0 -1
    outer loop
      vertex -19.478226420863184 8.696404796225202 0
      vertex -20.7 15 0
      vertex -19.652003289857443 20.934300559169426 0
    endloop
  endfacet
  facet normal 0 0 -1
    outer loop
      vertex -22.162713633745696 16.76811705131164 0
      vertex -21.891010727596395 19.30756643513176 0
      vertex -21.943769410125096 16.711901729331277 0
    endloop
  endfacet
  facet normal 0 0 -1
    outer loop
      vertex -21.49569476828142 19.40906632204075 0
      vertex -21.73359727518287 16.628688694438836 0
      vertex -21.943769410125096 16.711901729331277 0
    endloop
  endfacet
  facet normal 0 0 -1
    outer loop
      vertex -21.49569476828142 19.40906632204075 0
      vertex -21.535511769037807 16.519790265903627 0
      vertex -21.73359727518287 16.628688694438836 0
    endloop
  endfacet
  facet normal 0 0 -1
    outer loop
      vertex -21.49569476828142 19.40906632204075 0
      vertex -21.352636818452357 16.38692383699642 0
      vertex -21.535511769037807 16.519790265903627 0
    endloop
  endfacet
  facet normal 0 0 -1
    outer loop
      vertex -22.162713633745696 16.76811705131164 0
      vertex -22.29593081152973 19.256413132608117 0
      vertex -21.891010727596395 19.30756643513176 0
    endloop
  endfacet
  facet normal 0 0 -1
    outer loop
      vertex -21.49569476828142 19.40906632204075 0
      vertex -21.943769410125096 16.711901729331277 0
      vertex -21.891010727596395 19.30756643513176 0
    endloop
  endfacet
  facet normal 0 0 -1
    outer loop
      vertex -21.352636818452357 16.38692383699642 0
      vertex -21.49569476828142 19.40906632204075 0
      vertex -21.116217302413514 19.559312079485437 0
    endloop
  endfacet
  facet normal 0 0 -1
    outer loop
      vertex -21.043769410125094 16.058013454126453 0
      vertex -20.42837203331676 19.995831960978684 0
      vertex -20.922647975921045 15.867156613383088 0
    endloop
  endfacet
  facet normal 0 0 -1
    outer loop
      vertex -21.352636818452357 16.38692383699642 0
      vertex -20.75856291631826 19.75593424211845 0
      vertex -21.18785647064146 16.23218479067164 0
    endloop
  endfacet
  facet normal 0 0 -1
    outer loop
      vertex -21.18785647064146 16.23218479067164 0
      vertex -20.42837203331676 19.995831960978684 0
      vertex -21.043769410125094 16.058013454126453 0
    endloop
  endfacet
  facet normal 0 0 -1
    outer loop
      vertex -20.130851960880413 20.27522190573176 0
      vertex -20.826402325401148 15.66262419483242 0
      vertex -20.922647975921045 15.867156613383088 0
    endloop
  endfacet
  facet normal 0 0 -1
    outer loop
      vertex -20.756550309968464 15.447641796896738 0
      vertex -20.826402325401148 15.66262419483242 0
      vertex -19.87069476828142 20.58969793004946 0
    endloop
  endfacet
  facet normal 0 0 -1
    outer loop
      vertex -20.7 15 0
      vertex -20.71419353763394 15.225599820415749 0
      vertex -19.652003289857443 20.934300559169426 0
    endloop
  endfacet
  facet normal 0 0 -1
    outer loop
      vertex -20.71419353763394 15.225599820415749 0
      vertex -20.756550309968464 15.447641796896738 0
      vertex -19.652003289857443 20.934300559169426 0
    endloop
  endfacet
  facet normal 0 0 -1
    outer loop
      vertex -21.352636818452357 16.38692383699642 0
      vertex -21.116217302413514 19.559312079485437 0
      vertex -20.75856291631826 19.75593424211845 0
    endloop
  endfacet
  facet normal 0 0 -1
    outer loop
      vertex -21.18785647064146 16.23218479067164 0
      vertex -20.75856291631826 19.75593424211845 0
      vertex -20.42837203331676 19.995831960978684 0
    endloop
  endfacet
  facet normal 0 0 -1
    outer loop
      vertex -20.130851960880413 20.27522190573176 0
      vertex -20.922647975921045 15.867156613383088 0
      vertex -20.42837203331676 19.995831960978684 0
    endloop
  endfacet
  facet normal 0 0 -1
    outer loop
      vertex -20.130851960880413 20.27522190573176 0
      vertex -19.87069476828142 20.58969793004946 0
      vertex -20.826402325401148 15.66262419483242 0
    endloop
  endfacet
  facet normal 0 0 -1
    outer loop
      vertex -20.756550309968464 15.447641796896738 0
      vertex -19.87069476828142 20.58969793004946 0
      vertex -19.652003289857443 20.934300559169426 0
    endloop
  endfacet
  facet normal 0 0 -1
    outer loop
      vertex -16.429736905787607 -30.50986635785864 0
      vertex -15.53942649342761 40.12666616782152 0
      vertex -15.5 39.5 0
    endloop
  endfacet
  facet normal -1 0 0
    outer loop
      vertex -29.5 -35.5 0
      vertex -29.5 39.5 3
      vertex -29.5 39.5 0
    endloop
  endfacet
  facet normal 1 0 0
    outer loop
      vertex -15.5 -30.50986635785864 0
      vertex -15.5 39.5 0
      vertex -15.5 39.5 3
    endloop
  endfacet
  facet normal 0 0 -1
    outer loop
      vertex -29.5 39.5 0
      vertex -24.28580646236606 14.774400179584253 0
      vertex -24.243449690031536 14.552358203103262 0
    endloop
  endfacet
  facet normal 0 0 -1
    outer loop
      vertex -29.5 39.5 0
      vertex -24.3 15 0
      vertex -24.28580646236606 14.774400179584253 0
    endloop
  endfacet
  facet normal 0 0 -1
    outer loop
      vertex -29.5 39.5 0
      vertex -24.28580646236606 15.225599820415747 0
      vertex -24.3 15 0
    endloop
  endfacet
  facet normal 0 0 -1
    outer loop
      vertex -29.5 39.5 0
      vertex -25.724372779272052 22.092666990916012 0
      vertex -25.647895273668052 21.691757866714223 0
    endloop
  endfacet
  facet normal 0 0 -1
    outer loop
      vertex -29.5 39.5 0
      vertex -25.647895273668052 21.691757866714223 0
      vertex -24.28580646236606 15.225599820415747 0
    endloop
  endfacet
  facet normal 0 0 -1
    outer loop
      vertex -29.5 39.5 0
      vertex -25.75 22.5 0
      vertex -25.724372779272052 22.092666990916012 0
    endloop
  endfacet
  facet normal 0 0 -1
    outer loop
      vertex -29.5 39.5 0
      vertex -25.724372779272052 22.907333009083988 0
      vertex -25.75 22.5 0
    endloop
  endfacet
  facet normal 0 0 -1
    outer loop
      vertex -29.5 39.5 0
      vertex -25.647895273668052 23.308242133285777 0
      vertex -25.724372779272052 22.907333009083988 0
    endloop
  endfacet
  facet normal 0 0 -1
    outer loop
      vertex -29.5 39.5 0
      vertex -25.521773579136816 23.696404796225202 0
      vertex -25.647895273668052 23.308242133285777 0
    endloop
  endfacet
  facet normal 0 0 -1
    outer loop
      vertex -29.5 39.5 0
      vertex -25.347996710142557 24.065699440830574 0
      vertex -25.521773579136816 23.696404796225202 0
    endloop
  endfacet
  facet normal 0 0 -1
    outer loop
      vertex -29.5 39.5 0
      vertex -24.28580646236606 29.77440017958425 0
      vertex -25.347996710142557 24.065699440830574 0
    endloop
  endfacet
  facet normal 0 0 -1
    outer loop
      vertex -29.5 39.5 0
      vertex -24.3 30 0
      vertex -24.28580646236606 29.77440017958425 0
    endloop
  endfacet
  facet normal 0 0 -1
    outer loop
      vertex -29.5 39.5 0
      vertex -24.28580646236606 30.22559982041575 0
      vertex -24.3 30 0
    endloop
  endfacet
  facet normal 0 0 -1
    outer loop
      vertex -25.347996710142557 24.065699440830574 0
      vertex -24.243449690031536 29.55235820310326 0
      vertex -25.12930523171858 24.41030206995054 0
    endloop
  endfacet
  facet normal 0 0 -1
    outer loop
      vertex -24.869148039119587 24.72477809426824 0
      vertex -25.12930523171858 24.41030206995054 0
      vertex -24.173597674598852 29.33737580516758 0
    endloop
  endfacet
  facet normal 0 0 -1
    outer loop
      vertex -24.869148039119587 24.72477809426824 0
      vertex -24.077352024078955 29.132843386616912 0
      vertex -24.57162796668324 25.004168039021316 0
    endloop
  endfacet
  facet normal 0 0 -1
    outer loop
      vertex -24.57162796668324 25.004168039021316 0
      vertex -23.81214352935854 28.76781520932836 0
      vertex -24.24143708368174 25.24406575788155 0
    endloop
  endfacet
  facet normal 0 0 -1
    outer loop
      vertex -25.347996710142557 24.065699440830574 0
      vertex -24.28580646236606 29.77440017958425 0
      vertex -24.243449690031536 29.55235820310326 0
    endloop
  endfacet
  facet normal 0 0 -1
    outer loop
      vertex -25.12930523171858 24.41030206995054 0
      vertex -24.243449690031536 29.55235820310326 0
      vertex -24.173597674598852 29.33737580516758 0
    endloop
  endfacet
  facet normal 0 0 -1
    outer loop
      vertex -24.869148039119587 24.72477809426824 0
      vertex -24.173597674598852 29.33737580516758 0
      vertex -24.077352024078955 29.132843386616912 0
    endloop
  endfacet
  facet normal 0 0 -1
    outer loop
      vertex -24.57162796668324 25.004168039021316 0
      vertex -24.077352024078955 29.132843386616912 0
      vertex -23.956230589874906 28.941986545873547 0
    endloop
  endfacet
  facet normal 0 0 -1
    outer loop
      vertex -24.57162796668324 25.004168039021316 0
      vertex -23.956230589874906 28.941986545873547 0
      vertex -23.81214352935854 28.76781520932836 0
    endloop
  endfacet
  facet normal 0 0 -1
    outer loop
      vertex -24.24143708368174 25.24406575788155 0
      vertex -23.64736318154764 28.61307616300358 0
      vertex -23.883782697586486 25.440687920514563 0
    endloop
  endfacet
  facet normal 0 0 -1
    outer loop
      vertex -23.883782697586486 25.440687920514563 0
      vertex -23.464488230962193 28.480209734096373 0
      vertex -23.50430523171858 25.59093367795925 0
    endloop
  endfacet
  facet normal 0 0 -1
    outer loop
      vertex -24.24143708368174 25.24406575788155 0
      vertex -23.81214352935854 28.76781520932836 0
      vertex -23.64736318154764 28.61307616300358 0
    endloop
  endfacet
  facet normal 0 0 -1
    outer loop
      vertex -23.883782697586486 25.440687920514563 0
      vertex -23.64736318154764 28.61307616300358 0
      vertex -23.464488230962193 28.480209734096373 0
    endloop
  endfacet
  facet normal 0 0 -1
    outer loop
      vertex -23.50430523171858 25.59093367795925 0
      vertex -23.056230589874904 28.288098270668723 0
      vertex -23.108989272403605 25.69243356486824 0
    endloop
  endfacet
  facet normal 0 0 -1
    outer loop
      vertex -23.50430523171858 25.59093367795925 0
      vertex -23.464488230962193 28.480209734096373 0
      vertex -23.26640272481713 28.371311305561164 0
    endloop
  endfacet
  facet normal 0 0 -1
    outer loop
      vertex -23.50430523171858 25.59093367795925 0
      vertex -23.26640272481713 28.371311305561164 0
      vertex -23.056230589874904 28.288098270668723 0
    endloop
  endfacet
  facet normal 0 0 -1
    outer loop
      vertex -23.108989272403605 25.69243356486824 0
      vertex -22.837286366254304 28.23188294868836 0
      vertex -22.704069188470267 25.743586867391883 0
    endloop
  endfacet
  facet normal 0 0 -1
    outer loop
      vertex -23.108989272403605 25.69243356486824 0
      vertex -23.056230589874904 28.288098270668723 0
      vertex -22.837286366254304 28.23188294868836 0
    endloop
  endfacet
  facet normal 0 0 -1
    outer loop
      vertex -22.704069188470267 25.743586867391883 0
      vertex -22.837286366254304 28.23188294868836 0
      vertex -22.613022935152763 28.20355188882911 0
    endloop
  endfacet
  facet normal 0 0 -1
    outer loop
      vertex -22.386977064847237 28.20355188882911 0
      vertex -22.295930811529733 25.743586867391883 0
      vertex -22.704069188470267 25.743586867391883 0
    endloop
  endfacet
  facet normal 0 0 -1
    outer loop
      vertex -22.386977064847237 28.20355188882911 0
      vertex -22.704069188470267 25.743586867391883 0
      vertex -22.613022935152763 28.20355188882911 0
    endloop
  endfacet
  facet normal 0 0 -1
    outer loop
      vertex -22.295930811529733 25.743586867391883 0
      vertex -22.386977064847237 28.20355188882911 0
      vertex -22.162713633745696 28.23188294868836 0
    endloop
  endfacet
  facet normal 0 0 -1
    outer loop
      vertex -24.243449690031536 30.44764179689674 0
      vertex -25.12930523171858 35.58969793004946 0
      vertex -24.173597674598852 30.66262419483242 0
    endloop
  endfacet
  facet normal 0 0 -1
    outer loop
      vertex -24.173597674598852 30.66262419483242 0
      vertex -24.869148039119587 35.27522190573176 0
      vertex -24.077352024078955 30.867156613383088 0
    endloop
  endfacet
  facet normal 0 0 -1
    outer loop
      vertex -24.57162796668324 34.995831960978684 0
      vertex -23.956230589874906 31.058013454126453 0
      vertex -24.077352024078955 30.867156613383088 0
    endloop
  endfacet
  facet normal 0 0 -1
    outer loop
      vertex -23.81214352935854 31.23218479067164 0
      vertex -23.956230589874906 31.058013454126453 0
      vertex -24.57162796668324 34.995831960978684 0
    endloop
  endfacet
  facet normal 0 0 -1
    outer loop
      vertex -23.81214352935854 31.23218479067164 0
      vertex -24.24143708368174 34.75593424211845 0
      vertex -23.64736318154764 31.38692383699642 0
    endloop
  endfacet
  facet normal 0 0 -1
    outer loop
      vertex -23.64736318154764 31.38692383699642 0
      vertex -23.883782697586486 34.55931207948544 0
      vertex -23.464488230962193 31.519790265903627 0
    endloop
  endfacet
  facet normal 0 0 -1
    outer loop
      vertex -23.464488230962193 31.519790265903627 0
      vertex -23.50430523171858 34.40906632204075 0
      vertex -23.26640272481713 31.628688694438836 0
    endloop
  endfacet
  facet normal 0 0 -1
    outer loop
      vertex -23.26640272481713 31.628688694438836 0
      vertex -23.50430523171858 34.40906632204075 0
      vertex -23.056230589874904 31.711901729331277 0
    endloop
  endfacet
  facet normal 0 0 -1
    outer loop
      vertex -23.056230589874904 31.711901729331277 0
      vertex -22.70406918847027 34.25641313260812 0
      vertex -22.837286366254304 31.76811705131164 0
    endloop
  endfacet
  facet normal 0 0 -1
    outer loop
      vertex -22.837286366254304 31.76811705131164 0
      vertex -22.70406918847027 34.25641313260812 0
      vertex -22.613022935152763 31.79644811117089 0
    endloop
  endfacet
  facet normal 0 0 -1
    outer loop
      vertex -22.613022935152763 31.79644811117089 0
      vertex -22.29593081152973 34.25641313260812 0
      vertex -22.386977064847237 31.79644811117089 0
    endloop
  endfacet
  facet normal 0 0 -1
    outer loop
      vertex -22.386977064847237 31.79644811117089 0
      vertex -22.29593081152973 34.25641313260812 0
      vertex -22.162713633745696 31.76811705131164 0
    endloop
  endfacet
  facet normal 0 0 -1
    outer loop
      vertex -29.5 39.5 0
      vertex -24.243449690031536 30.44764179689674 0
      vertex -24.28580646236606 30.22559982041575 0
    endloop
  endfacet
  facet normal 0 0 -1
    outer loop
      vertex -29.5 39.5 0
      vertex -25.347996710142557 35.93430055916942 0
      vertex -24.243449690031536 30.44764179689674 0
    endloop
  endfacet
  facet normal 0 0 -1
    outer loop
      vertex -29.5 39.5 0
      vertex -25.647895273668052 36.69175786671422 0
      vertex -25.521773579136816 36.3035952037748 0
    endloop
  endfacet
  facet normal 0 0 -1
    outer loop
      vertex -29.5 39.5 0
      vertex -25.521773579136816 36.3035952037748 0
      vertex -25.347996710142557 35.93430055916942 0
    endloop
  endfacet
  facet normal 0 0 -1
    outer loop
      vertex -29.5 39.5 0
      vertex -25.75 37.5 0
      vertex -25.724372779272052 37.09266699091601 0
    endloop
  endfacet
  facet normal 0 0 -1
    outer loop
      vertex -29.5 39.5 0
      vertex -25.724372779272052 37.09266699091601 0
      vertex -25.647895273668052 36.69175786671422 0
    endloop
  endfacet
  facet normal 0 0 -1
    outer loop
      vertex -29.5 39.5 0
      vertex -25.724372779272052 37.90733300908399 0
      vertex -25.75 37.5 0
    endloop
  endfacet
  facet normal 0 0 -1
    outer loop
      vertex -29.5 39.5 0
      vertex -25.647895273668052 38.30824213328578 0
      vertex -25.724372779272052 37.90733300908399 0
    endloop
  endfacet
  facet normal 0 0 -1
    outer loop
      vertex -29.5 39.5 0
      vertex -25.521773579136816 38.6964047962252 0
      vertex -25.647895273668052 38.30824213328578 0
    endloop
  endfacet
  facet normal 0 0 -1
    outer loop
      vertex -29.5 39.5 0
      vertex -29.460573506572388 40.12666616782152 0
      vertex -29.342915805643155 40.743449435824274 0
    endloop
  endfacet
  facet normal 0 0 -1
    outer loop
      vertex -29.5 39.5 0
      vertex -29.342915805643155 40.743449435824274 0
      vertex -29.148882429441258 41.34062276342339 0
    endloop
  endfacet
  facet normal 0 0 -1
    outer loop
      vertex -29.5 39.5 0
      vertex -29.148882429441258 41.34062276342339 0
      vertex -27.687119948743447 43.352566213878944 0
    endloop
  endfacet
  facet normal 0 0 -1
    outer loop
      vertex -29.148882429441258 41.34062276342339 0
      vertex -28.88153340021932 41.908768370508575 0
      vertex -28.545084971874736 42.43892626146236 0
    endloop
  endfacet
  facet normal 0 0 -1
    outer loop
      vertex -29.148882429441258 41.34062276342339 0
      vertex -28.545084971874736 42.43892626146236 0
      vertex -27.687119948743447 43.352566213878944 0
    endloop
  endfacet
  facet normal 0 0 -1
    outer loop
      vertex -28.545084971874736 42.43892626146236 0
      vertex -28.14484313710706 42.92273552964344 0
      vertex -27.687119948743447 43.352566213878944 0
    endloop
  endfacet
  facet normal 0 0 -1
    outer loop
      vertex -29.5 39.5 0
      vertex -25.347996710142557 39.06569944083058 0
      vertex -25.521773579136816 38.6964047962252 0
    endloop
  endfacet
  facet normal 0 0 -1
    outer loop
      vertex -29.5 39.5 0
      vertex -25.12930523171858 39.41030206995054 0
      vertex -25.347996710142557 39.06569944083058 0
    endloop
  endfacet
  facet normal 0 0 -1
    outer loop
      vertex -29.5 39.5 0
      vertex -24.869148039119587 39.72477809426824 0
      vertex -25.12930523171858 39.41030206995054 0
    endloop
  endfacet
  facet normal 0 0 -1
    outer loop
      vertex -29.5 39.5 0
      vertex -24.57162796668324 40.004168039021316 0
      vertex -24.869148039119587 39.72477809426824 0
    endloop
  endfacet
  facet normal 0 0 -1
    outer loop
      vertex -29.5 39.5 0
      vertex -24.24143708368174 40.24406575788155 0
      vertex -24.57162796668324 40.004168039021316 0
    endloop
  endfacet
  facet normal 0 0 -1
    outer loop
      vertex -29.5 39.5 0
      vertex -24.186047402353434 44.49013364214136 0
      vertex -24.24143708368174 40.24406575788155 0
    endloop
  endfacet
  facet normal 0 0 -1
    outer loop
      vertex -29.5 39.5 0
      vertex -27.687119948743447 43.352566213878944 0
      vertex -24.186047402353434 44.49013364214136 0
    endloop
  endfacet
  facet normal 0 0 -1
    outer loop
      vertex -27.687119948743447 43.352566213878944 0
      vertex -27.179133974894985 43.72163962751007 0
      vertex -26.628896457825363 44.0241352623301 0
    endloop
  endfacet
  facet normal 0 0 -1
    outer loop
      vertex -27.687119948743447 43.352566213878944 0
      vertex -26.628896457825363 44.0241352623301 0
      vertex -26.045084971874736 44.25528258147577 0
    endloop
  endfacet
  facet normal 0 0 -1
    outer loop
      vertex -27.687119948743447 43.352566213878944 0
      vertex -26.045084971874736 44.25528258147577 0
      vertex -24.186047402353434 44.49013364214136 0
    endloop
  endfacet
  facet normal 0 0 -1
    outer loop
      vertex -24.243449690031536 30.44764179689674 0
      vertex -25.347996710142557 35.93430055916942 0
      vertex -25.12930523171858 35.58969793004946 0
    endloop
  endfacet
  facet normal 0 0 -1
    outer loop
      vertex -24.173597674598852 30.66262419483242 0
      vertex -25.12930523171858 35.58969793004946 0
      vertex -24.869148039119587 35.27522190573176 0
    endloop
  endfacet
  facet normal 0 0 -1
    outer loop
      vertex -24.869148039119587 35.27522190573176 0
      vertex -24.57162796668324 34.995831960978684 0
      vertex -24.077352024078955 30.867156613383088 0
    endloop
  endfacet
  facet normal 0 0 -1
    outer loop
      vertex -23.81214352935854 31.23218479067164 0
      vertex -24.57162796668324 34.995831960978684 0
      vertex -24.24143708368174 34.75593424211845 0
    endloop
  endfacet
  facet normal 0 0 -1
    outer loop
      vertex -23.64736318154764 31.38692383699642 0
      vertex -24.24143708368174 34.75593424211845 0
      vertex -23.883782697586486 34.55931207948544 0
    endloop
  endfacet
  facet normal 0 0 -1
    outer loop
      vertex -23.464488230962193 31.519790265903627 0
      vertex -23.883782697586486 34.55931207948544 0
      vertex -23.50430523171858 34.40906632204075 0
    endloop
  endfacet
  facet normal 0 0 -1
    outer loop
      vertex -23.108989272403605 34.30756643513176 0
      vertex -23.056230589874904 31.711901729331277 0
      vertex -23.50430523171858 34.40906632204075 0
    endloop
  endfacet
  facet normal 0 0 -1
    outer loop
      vertex -23.056230589874904 31.711901729331277 0
      vertex -23.108989272403605 34.30756643513176 0
      vertex -22.70406918847027 34.25641313260812 0
    endloop
  endfacet
  facet normal 0 0 -1
    outer loop
      vertex -22.613022935152763 31.79644811117089 0
      vertex -22.70406918847027 34.25641313260812 0
      vertex -22.29593081152973 34.25641313260812 0
    endloop
  endfacet
  facet normal 0 0 -1
    outer loop
      vertex -26.045084971874736 44.25528258147577 0
      vertex -25.436906572928624 44.411436253643444 0
      vertex -24.813952597646566 44.49013364214136 0
    endloop
  endfacet
  facet normal 0 0 -1
    outer loop
      vertex -26.045084971874736 44.25528258147577 0
      vertex -24.813952597646566 44.49013364214136 0
      vertex -24.186047402353434 44.49013364214136 0
    endloop
  endfacet
  facet normal 0 0 -1
    outer loop
      vertex -24.186047402353434 44.49013364214136 0
      vertex -23.883782697586486 40.44068792051456 0
      vertex -24.24143708368174 40.24406575788155 0
    endloop
  endfacet
  facet normal 0 0 -1
    outer loop
      vertex -24.186047402353434 44.49013364214136 0
      vertex -23.50430523171858 40.59093367795925 0
      vertex -23.883782697586486 40.44068792051456 0
    endloop
  endfacet
  facet normal 0 0 -1
    outer loop
      vertex -24.186047402353434 44.49013364214136 0
      vertex -23.108989272403605 40.69243356486824 0
      vertex -23.50430523171858 40.59093367795925 0
    endloop
  endfacet
  facet normal 0 0 -1
    outer loop
      vertex -24.186047402353434 44.49013364214136 0
      vertex -22.704069188470267 40.74358686739188 0
      vertex -23.108989272403605 40.69243356486824 0
    endloop
  endfacet
  facet normal 0 0 -1
    outer loop
      vertex -24.186047402353434 44.49013364214136 0
      vertex -22.295930811529733 40.74358686739188 0
      vertex -22.704069188470267 40.74358686739188 0
    endloop
  endfacet
  facet normal 0 0 -1
    outer loop
      vertex -24.186047402353434 44.49013364214136 0
      vertex -21.891010727596395 40.69243356486824 0
      vertex -22.295930811529733 40.74358686739188 0
    endloop
  endfacet
  facet normal 0 0 -1
    outer loop
      vertex -24.186047402353434 44.49013364214136 0
      vertex -21.49569476828142 40.59093367795925 0
      vertex -21.891010727596395 40.69243356486824 0
    endloop
  endfacet
  facet normal 0 0 -1
    outer loop
      vertex -22.295930811529733 25.743586867391883 0
      vertex -22.162713633745696 28.23188294868836 0
      vertex -21.891010727596395 25.69243356486824 0
    endloop
  endfacet
  facet normal 0 0 -1
    outer loop
      vertex -21.891010727596395 25.69243356486824 0
      vertex -21.943769410125096 28.288098270668723 0
      vertex -21.49569476828142 25.59093367795925 0
    endloop
  endfacet
  facet normal 0 0 -1
    outer loop
      vertex -21.891010727596395 25.69243356486824 0
      vertex -22.162713633745696 28.23188294868836 0
      vertex -21.943769410125096 28.288098270668723 0
    endloop
  endfacet
  facet normal 0 0 -1
    outer loop
      vertex -21.49569476828142 25.59093367795925 0
      vertex -21.943769410125096 28.288098270668723 0
      vertex -21.73359727518287 28.371311305561164 0
    endloop
  endfacet
  facet normal 0 0 -1
    outer loop
      vertex -21.49569476828142 25.59093367795925 0
      vertex -21.535511769037807 28.480209734096373 0
      vertex -21.116217302413514 25.440687920514563 0
    endloop
  endfacet
  facet normal 0 0 -1
    outer loop
      vertex -21.49569476828142 25.59093367795925 0
      vertex -21.73359727518287 28.371311305561164 0
      vertex -21.535511769037807 28.480209734096373 0
    endloop
  endfacet
  facet normal 0 0 -1
    outer loop
      vertex -21.116217302413514 25.440687920514563 0
      vertex -21.535511769037807 28.480209734096373 0
      vertex -21.352636818452357 28.61307616300358 0
    endloop
  endfacet
  facet normal 0 0 -1
    outer loop
      vertex -21.18785647064146 28.76781520932836 0
      vertex -20.42837203331676 25.004168039021316 0
      vertex -20.75856291631826 25.24406575788155 0
    endloop
  endfacet
  facet normal 0 0 -1
    outer loop
      vertex -20.42837203331676 25.004168039021316 0
      vertex -20.922647975921045 29.132843386616912 0
      vertex -20.130851960880413 24.72477809426824 0
    endloop
  endfacet
  facet normal 0 0 -1
    outer loop
      vertex -20.75856291631826 25.24406575788155 0
      vertex -21.116217302413514 25.440687920514563 0
      vertex -21.352636818452357 28.61307616300358 0
    endloop
  endfacet
  facet normal 0 0 -1
    outer loop
      vertex -21.18785647064146 28.76781520932836 0
      vertex -20.75856291631826 25.24406575788155 0
      vertex -21.352636818452357 28.61307616300358 0
    endloop
  endfacet
  facet normal 0 0 -1
    outer loop
      vertex -21.18785647064146 28.76781520932836 0
      vertex -21.043769410125094 28.941986545873547 0
      vertex -20.42837203331676 25.004168039021316 0
    endloop
  endfacet
  facet normal 0 0 -1
    outer loop
      vertex -20.42837203331676 25.004168039021316 0
      vertex -21.043769410125094 28.941986545873547 0
      vertex -20.922647975921045 29.132843386616912 0
    endloop
  endfacet
  facet normal 0 0 -1
    outer loop
      vertex -20.130851960880413 24.72477809426824 0
      vertex -20.922647975921045 29.132843386616912 0
      vertex -20.826402325401148 29.33737580516758 0
    endloop
  endfacet
  facet normal 0 0 -1
    outer loop
      vertex -19.87069476828142 24.41030206995054 0
      vertex -20.826402325401148 29.33737580516758 0
      vertex -20.756550309968464 29.55235820310326 0
    endloop
  endfacet
  facet normal 0 0 -1
    outer loop
      vertex -19.652003289857443 24.065699440830574 0
      vertex -20.756550309968464 29.55235820310326 0
      vertex -20.71419353763394 29.77440017958425 0
    endloop
  endfacet
  facet normal 0 0 -1
    outer loop
      vertex -19.652003289857443 24.065699440830574 0
      vertex -19.87069476828142 24.41030206995054 0
      vertex -20.756550309968464 29.55235820310326 0
    endloop
  endfacet
  facet normal 0 0 -1
    outer loop
      vertex -20.130851960880413 24.72477809426824 0
      vertex -20.826402325401148 29.33737580516758 0
      vertex -19.87069476828142 24.41030206995054 0
    endloop
  endfacet
  facet normal 0 0 -1
    outer loop
      vertex -22.162713633745696 31.76811705131164 0
      vertex -21.891010727596395 34.30756643513176 0
      vertex -21.943769410125096 31.711901729331277 0
    endloop
  endfacet
  facet normal 0 0 -1
    outer loop
      vertex -21.943769410125096 31.711901729331277 0
      vertex -21.49569476828142 34.40906632204075 0
      vertex -21.73359727518287 31.628688694438836 0
    endloop
  endfacet
  facet normal 0 0 -1
    outer loop
      vertex -21.73359727518287 31.628688694438836 0
      vertex -21.49569476828142 34.40906632204075 0
      vertex -21.535511769037807 31.519790265903627 0
    endloop
  endfacet
  facet normal 0 0 -1
    outer loop
      vertex -21.535511769037807 31.519790265903627 0
      vertex -21.116217302413514 34.55931207948544 0
      vertex -21.352636818452357 31.38692383699642 0
    endloop
  endfacet
  facet normal 0 0 -1
    outer loop
      vertex -21.352636818452357 31.38692383699642 0
      vertex -20.75856291631826 34.75593424211845 0
      vertex -21.18785647064146 31.23218479067164 0
    endloop
  endfacet
  facet normal 0 0 -1
    outer loop
      vertex -21.043769410125094 31.058013454126453 0
      vertex -20.42837203331676 34.995831960978684 0
      vertex -20.922647975921045 30.867156613383088 0
    endloop
  endfacet
  facet normal 0 0 -1
    outer loop
      vertex -21.043769410125094 31.058013454126453 0
      vertex -21.18785647064146 31.23218479067164 0
      vertex -20.42837203331676 34.995831960978684 0
    endloop
  endfacet
  facet normal 0 0 -1
    outer loop
      vertex -20.130851960880413 35.27522190573176 0
      vertex -20.826402325401148 30.66262419483242 0
      vertex -20.922647975921045 30.867156613383088 0
    endloop
  endfacet
  facet normal 0 0 -1
    outer loop
      vertex -20.756550309968464 30.44764179689674 0
      vertex -20.826402325401148 30.66262419483242 0
      vertex -19.87069476828142 35.58969793004946 0
    endloop
  endfacet
  facet normal 0 0 -1
    outer loop
      vertex -20.756550309968464 30.44764179689674 0
      vertex -19.652003289857443 35.93430055916942 0
      vertex -20.71419353763394 30.22559982041575 0
    endloop
  endfacet
  facet normal 0 0 -1
    outer loop
      vertex -15.53942649342761 40.12666616782152 0
      vertex -19.652003289857443 24.065699440830574 0
      vertex -20.71419353763394 29.77440017958425 0
    endloop
  endfacet
  facet normal 0 0 -1
    outer loop
      vertex -15.53942649342761 40.12666616782152 0
      vertex -20.71419353763394 29.77440017958425 0
      vertex -20.7 30 0
    endloop
  endfacet
  facet normal 0 0 -1
    outer loop
      vertex -15.53942649342761 40.12666616782152 0
      vertex -19.25 22.5 0
      vertex -19.275627220727948 22.907333009083988 0
    endloop
  endfacet
  facet normal 0 0 -1
    outer loop
      vertex -15.53942649342761 40.12666616782152 0
      vertex -19.275627220727948 22.907333009083988 0
      vertex -19.352104726331948 23.308242133285777 0
    endloop
  endfacet
  facet normal 0 0 -1
    outer loop
      vertex -15.53942649342761 40.12666616782152 0
      vertex -19.352104726331948 23.308242133285777 0
      vertex -19.478226420863184 23.696404796225202 0
    endloop
  endfacet
  facet normal 0 0 -1
    outer loop
      vertex -15.53942649342761 40.12666616782152 0
      vertex -19.478226420863184 23.696404796225202 0
      vertex -19.652003289857443 24.065699440830574 0
    endloop
  endfacet
  facet normal 0 0 -1
    outer loop
      vertex -22.162713633745696 31.76811705131164 0
      vertex -22.29593081152973 34.25641313260812 0
      vertex -21.891010727596395 34.30756643513176 0
    endloop
  endfacet
  facet normal 0 0 -1
    outer loop
      vertex -21.943769410125096 31.711901729331277 0
      vertex -21.891010727596395 34.30756643513176 0
      vertex -21.49569476828142 34.40906632204075 0
    endloop
  endfacet
  facet normal 0 0 -1
    outer loop
      vertex -21.535511769037807 31.519790265903627 0
      vertex -21.49569476828142 34.40906632204075 0
      vertex -21.116217302413514 34.55931207948544 0
    endloop
  endfacet
  facet normal 0 0 -1
    outer loop
      vertex -21.352636818452357 31.38692383699642 0
      vertex -21.116217302413514 34.55931207948544 0
      vertex -20.75856291631826 34.75593424211845 0
    endloop
  endfacet
  facet normal 0 0 -1
    outer loop
      vertex -21.18785647064146 31.23218479067164 0
      vertex -20.75856291631826 34.75593424211845 0
      vertex -20.42837203331676 34.995831960978684 0
    endloop
  endfacet
  facet normal 0 0 -1
    outer loop
      vertex -20.130851960880413 35.27522190573176 0
      vertex -20.922647975921045 30.867156613383088 0
      vertex -20.42837203331676 34.995831960978684 0
    endloop
  endfacet
  facet normal 0 0 -1
    outer loop
      vertex -20.130851960880413 35.27522190573176 0
      vertex -19.87069476828142 35.58969793004946 0
      vertex -20.826402325401148 30.66262419483242 0
    endloop
  endfacet
  facet normal 0 0 -1
    outer loop
      vertex -20.756550309968464 30.44764179689674 0
      vertex -19.87069476828142 35.58969793004946 0
      vertex -19.652003289857443 35.93430055916942 0
    endloop
  endfacet
  facet normal 0 0 -1
    outer loop
      vertex -15.53942649342761 40.12666616782152 0
      vertex -20.7 30 0
      vertex -20.71419353763394 30.22559982041575 0
    endloop
  endfacet
  facet normal 0 0 -1
    outer loop
      vertex -15.53942649342761 40.12666616782152 0
      vertex -20.71419353763394 30.22559982041575 0
      vertex -19.652003289857443 35.93430055916942 0
    endloop
  endfacet
  facet normal 0 0 -1
    outer loop
      vertex -24.186047402353434 44.49013364214136 0
      vertex -15.53942649342761 40.12666616782152 0
      vertex -21.49569476828142 40.59093367795925 0
    endloop
  endfacet
  facet normal 0 0 -1
    outer loop
      vertex -24.186047402353434 44.49013364214136 0
      vertex -20.186047402353434 44.49013364214136 0
      vertex -18.371103542174637 44.0241352623301 0
    endloop
  endfacet
  facet normal 0 0 -1
    outer loop
      vertex -15.53942649342761 40.12666616782152 0
      vertex -21.116217302413514 40.44068792051456 0
      vertex -21.49569476828142 40.59093367795925 0
    endloop
  endfacet
  facet normal 0 0 -1
    outer loop
      vertex -15.53942649342761 40.12666616782152 0
      vertex -20.75856291631826 40.24406575788155 0
      vertex -21.116217302413514 40.44068792051456 0
    endloop
  endfacet
  facet normal 0 0 -1
    outer loop
      vertex -15.53942649342761 40.12666616782152 0
      vertex -20.42837203331676 40.004168039021316 0
      vertex -20.75856291631826 40.24406575788155 0
    endloop
  endfacet
  facet normal 0 0 -1
    outer loop
      vertex -15.53942649342761 40.12666616782152 0
      vertex -20.130851960880413 39.72477809426824 0
      vertex -20.42837203331676 40.004168039021316 0
    endloop
  endfacet
  facet normal 0 0 -1
    outer loop
      vertex -15.53942649342761 40.12666616782152 0
      vertex -19.87069476828142 39.41030206995054 0
      vertex -20.130851960880413 39.72477809426824 0
    endloop
  endfacet
  facet normal 0 0 -1
    outer loop
      vertex -24.186047402353434 44.49013364214136 0
      vertex -18.371103542174637 44.0241352623301 0
      vertex -15.53942649342761 40.12666616782152 0
    endloop
  endfacet
  facet normal 0 0 -1
    outer loop
      vertex -20.186047402353434 44.49013364214136 0
      vertex -19.563093427071376 44.411436253643444 0
      vertex -18.371103542174637 44.0241352623301 0
    endloop
  endfacet
  facet normal 0 0 -1
    outer loop
      vertex -19.563093427071376 44.411436253643444 0
      vertex -18.954915028125264 44.25528258147577 0
      vertex -18.371103542174637 44.0241352623301 0
    endloop
  endfacet
  facet normal 0 0 -1
    outer loop
      vertex -15.53942649342761 40.12666616782152 0
      vertex -19.652003289857443 35.93430055916942 0
      vertex -19.478226420863184 36.3035952037748 0
    endloop
  endfacet
  facet normal 0 0 -1
    outer loop
      vertex -15.53942649342761 40.12666616782152 0
      vertex -19.478226420863184 36.3035952037748 0
      vertex -19.352104726331948 36.69175786671423 0
    endloop
  endfacet
  facet normal 0 0 -1
    outer loop
      vertex -15.53942649342761 40.12666616782152 0
      vertex -19.352104726331948 36.69175786671423 0
      vertex -19.275627220727948 37.09266699091601 0
    endloop
  endfacet
  facet normal 0 0 -1
    outer loop
      vertex -15.53942649342761 40.12666616782152 0
      vertex -19.275627220727948 37.09266699091601 0
      vertex -19.25 37.5 0
    endloop
  endfacet
  facet normal 0 0 -1
    outer loop
      vertex -15.53942649342761 40.12666616782152 0
      vertex -19.25 37.5 0
      vertex -19.275627220727948 37.90733300908399 0
    endloop
  endfacet
  facet normal 0 0 -1
    outer loop
      vertex -15.53942649342761 40.12666616782152 0
      vertex -19.275627220727948 37.90733300908399 0
      vertex -19.352104726331948 38.30824213328578 0
    endloop
  endfacet
  facet normal 0 0 -1
    outer loop
      vertex -15.53942649342761 40.12666616782152 0
      vertex -19.652003289857443 39.06569944083058 0
      vertex -19.87069476828142 39.41030206995054 0
    endloop
  endfacet
  facet normal 0 0 -1
    outer loop
      vertex -15.53942649342761 40.12666616782152 0
      vertex -19.478226420863184 38.6964047962252 0
      vertex -19.652003289857443 39.06569944083058 0
    endloop
  endfacet
  facet normal 0 0 -1
    outer loop
      vertex -15.53942649342761 40.12666616782152 0
      vertex -19.352104726331948 38.30824213328578 0
      vertex -19.478226420863184 38.6964047962252 0
    endloop
  endfacet
  facet normal 0 0 -1
    outer loop
      vertex -18.371103542174637 44.0241352623301 0
      vertex -17.82086602510502 43.72163962751007 0
      vertex -17.31288005125655 43.352566213878944 0
    endloop
  endfacet
  facet normal 0 0 -1
    outer loop
      vertex -18.371103542174637 44.0241352623301 0
      vertex -16.454915028125264 42.43892626146236 0
      vertex -15.53942649342761 40.12666616782152 0
    endloop
  endfacet
  facet normal 0 0 -1
    outer loop
      vertex -16.85515686289294 42.92273552964345 0
      vertex -16.454915028125264 42.43892626146236 0
      vertex -17.31288005125655 43.352566213878944 0
    endloop
  endfacet
  facet normal 0 0 -1
    outer loop
      vertex -18.371103542174637 44.0241352623301 0
      vertex -17.31288005125655 43.352566213878944 0
      vertex -16.454915028125264 42.43892626146236 0
    endloop
  endfacet
  facet normal 0 0 -1
    outer loop
      vertex -15.851117570558744 41.34062276342339 0
      vertex -15.657084194356845 40.743449435824274 0
      vertex -15.53942649342761 40.12666616782152 0
    endloop
  endfacet
  facet normal 0 0 -1
    outer loop
      vertex -15.851117570558744 41.34062276342339 0
      vertex -15.53942649342761 40.12666616782152 0
      vertex -16.454915028125264 42.43892626146236 0
    endloop
  endfacet
  facet normal 0 0 -1
    outer loop
      vertex -15.851117570558744 41.34062276342339 0
      vertex -16.454915028125264 42.43892626146236 0
      vertex -16.11846659978068 41.908768370508575 0
    endloop
  endfacet
  facet normal -0.9980267284282714 0.06279051952931593 0
    outer loop
      vertex -29.5 39.5 0
      vertex -29.5 39.5 3
      vertex -29.460573506572388 40.12666616782152 0
    endloop
  endfacet
  facet normal -0.9822872507286892 0.18738131458572183 0
    outer loop
      vertex -29.460573506572388 40.12666616782152 0
      vertex -29.342915805643155 40.743449435824274 3
      vertex -29.342915805643155 40.743449435824274 0
    endloop
  endfacet
  facet normal -0.9510565162951541 0.30901699437494573 0
    outer loop
      vertex -29.342915805643155 40.743449435824274 0
      vertex -29.148882429441258 41.34062276342339 3
      vertex -29.148882429441258 41.34062276342339 0
    endloop
  endfacet
  facet normal -0.9048270524660187 0.42577929156507455 0
    outer loop
      vertex -29.148882429441258 41.34062276342339 0
      vertex -28.88153340021932 41.908768370508575 3
      vertex -28.88153340021932 41.908768370508575 0
    endloop
  endfacet
  facet normal -0.8443279255020137 0.5358267949789987 0
    outer loop
      vertex -28.88153340021932 41.908768370508575 0
      vertex -28.88153340021932 41.908768370508575 3
      vertex -28.545084971874736 42.43892626146236 0
    endloop
  endfacet
  facet normal -0.7705132427757907 0.6374239897486881 0
    outer loop
      vertex -28.545084971874736 42.43892626146236 0
      vertex -28.14484313710706 42.92273552964344 3
      vertex -28.14484313710706 42.92273552964344 0
    endloop
  endfacet
  facet normal -0.6845471059286876 0.7289686274214126 0
    outer loop
      vertex -28.14484313710706 42.92273552964344 0
      vertex -28.14484313710706 42.92273552964344 3
      vertex -27.687119948743447 43.352566213878944 0
    endloop
  endfacet
  facet normal -0.5877852522924736 0.8090169943749471 0
    outer loop
      vertex -27.687119948743447 43.352566213878944 0
      vertex -27.687119948743447 43.352566213878944 3
      vertex -27.179133974894985 43.72163962751007 0
    endloop
  endfacet
  facet normal -0.4817536741017189 0.8763066800438617 0
    outer loop
      vertex -27.179133974894985 43.72163962751007 0
      vertex -27.179133974894985 43.72163962751007 3
      vertex -26.628896457825363 44.0241352623301 0
    endloop
  endfacet
  facet normal -0.3681245526846774 0.9297764858882517 0
    outer loop
      vertex -26.628896457825363 44.0241352623301 0
      vertex -26.045084971874736 44.25528258147577 3
      vertex -26.045084971874736 44.25528258147577 0
    endloop
  endfacet
  facet normal -0.24868988716485604 0.9685831611286309 0
    outer loop
      vertex -26.045084971874736 44.25528258147577 0
      vertex -25.436906572928624 44.411436253643444 3
      vertex -25.436906572928624 44.411436253643444 0
    endloop
  endfacet
  facet normal -0.12533323356430434 0.9921147013144779 0
    outer loop
      vertex -25.436906572928624 44.411436253643444 0
      vertex -25.436906572928624 44.411436253643444 3
      vertex -24.813952597646566 44.49013364214136 0
    endloop
  endfacet
  facet normal 0 1 0
    outer loop
      vertex -24.813952597646566 44.49013364214136 0
      vertex -24.813952597646566 44.49013364214136 3
      vertex -24.186047402353434 44.49013364214136 0
    endloop
  endfacet
  facet normal 0 1 0
    outer loop
      vertex -24.186047402353434 44.49013364214136 0
      vertex -20.186047402353434 44.49013364214136 3
      vertex -20.186047402353434 44.49013364214136 0
    endloop
  endfacet
  facet normal 0.12533323356430434 0.9921147013144779 0
    outer loop
      vertex -20.186047402353434 44.49013364214136 0
      vertex -19.563093427071376 44.411436253643444 3
      vertex -19.563093427071376 44.411436253643444 0
    endloop
  endfacet
  facet normal 0.24868988716485604 0.9685831611286309 0
    outer loop
      vertex -19.563093427071376 44.411436253643444 0
      vertex -18.954915028125264 44.25528258147577 3
      vertex -18.954915028125264 44.25528258147577 0
    endloop
  endfacet
  facet normal 0.3681245526846774 0.9297764858882517 0
    outer loop
      vertex -18.954915028125264 44.25528258147577 0
      vertex -18.954915028125264 44.25528258147577 3
      vertex -18.371103542174637 44.0241352623301 0
    endloop
  endfacet
  facet normal 0.48175367410172126 0.8763066800438604 0
    outer loop
      vertex -18.371103542174637 44.0241352623301 0
      vertex -18.371103542174637 44.0241352623301 3
      vertex -17.82086602510502 43.72163962751007 0
    endloop
  endfacet
  facet normal 0.5877852522924681 0.809016994374951 0
    outer loop
      vertex -17.82086602510502 43.72163962751007 0
      vertex -17.31288005125655 43.352566213878944 3
      vertex -17.31288005125655 43.352566213878944 0
    endloop
  endfacet
  facet normal 0.6845471059286844 0.7289686274214155 0
    outer loop
      vertex -16.85515686289294 42.92273552964345 0
      vertex -17.31288005125655 43.352566213878944 0
      vertex -17.31288005125655 43.352566213878944 3
    endloop
  endfacet
  facet normal 0.9510565162951532 0.3090169943749483 0
    outer loop
      vertex -15.851117570558744 41.34062276342339 0
      vertex -15.657084194356845 40.743449435824274 3
      vertex -15.657084194356845 40.743449435824274 0
    endloop
  endfacet
  facet normal 0.9980267284282716 0.0627905195293131 0
    outer loop
      vertex -15.5 39.5 0
      vertex -15.53942649342761 40.12666616782152 0
      vertex -15.5 39.5 3
    endloop
  endfacet
  facet normal 0.9822872507286887 0.18738131458572457 0
    outer loop
      vertex -15.53942649342761 40.12666616782152 0
      vertex -15.657084194356845 40.743449435824274 0
      vertex -15.657084194356845 40.743449435824274 3
    endloop
  endfacet
  facet normal 0.8443279255020137 0.5358267949789987 0
    outer loop
      vertex -16.454915028125264 42.43892626146236 0
      vertex -16.11846659978068 41.908768370508575 3
      vertex -16.11846659978068 41.908768370508575 0
    endloop
  endfacet
  facet normal 0.7705132427757952 0.6374239897486825 0
    outer loop
      vertex -16.85515686289294 42.92273552964345 0
      vertex -16.454915028125264 42.43892626146236 3
      vertex -16.454915028125264 42.43892626146236 0
    endloop
  endfacet
  facet normal 0.9048270524660198 0.4257792915650722 0
    outer loop
      vertex -15.851117570558744 41.34062276342339 0
      vertex -16.11846659978068 41.908768370508575 0
      vertex -16.11846659978068 41.908768370508575 3
    endloop
  endfacet
  facet normal 0 0 1
    outer loop
      vertex -28.122704018068394 -40.066611504235425 3
      vertex -25.75 7.5 3
      vertex -29.5 39.5 3
    endloop
  endfacet
  facet normal 0 0 1
    outer loop
      vertex -25.521773579136816 -6.303595203774797 3
      vertex -24.3 0 3
      vertex -25.521773579136816 6.303595203774797 3
    endloop
  endfacet
  facet normal 0 0 1
    outer loop
      vertex -25.724372779272052 -7.092666990916012 3
      vertex -25.647895273668052 6.691757866714221 3
      vertex -25.724372779272052 7.092666990916012 3
    endloop
  endfacet
  facet normal 0 0 1
    outer loop
      vertex -25.647895273668052 -6.691757866714221 3
      vertex -25.521773579136816 6.303595203774797 3
      vertex -25.647895273668052 6.691757866714221 3
    endloop
  endfacet
  facet normal 0 0 1
    outer loop
      vertex -24.3 0 3
      vertex -24.28580646236606 0.22559982041574733 3
      vertex -25.521773579136816 6.303595203774797 3
    endloop
  endfacet
  facet normal 0 0 1
    outer loop
      vertex -24.28580646236606 0.22559982041574733 3
      vertex -24.243449690031536 0.4476417968967387 3
      vertex -25.347996710142557 5.934300559169425 3
    endloop
  endfacet
  facet normal 0 0 1
    outer loop
      vertex -24.243449690031536 0.4476417968967387 3
      vertex -24.173597674598852 0.6626241948324202 3
      vertex -25.12930523171858 5.5896979300494625 3
    endloop
  endfacet
  facet normal 0 0 1
    outer loop
      vertex -24.173597674598852 0.6626241948324202 3
      vertex -24.077352024078955 0.8671566133830877 3
      vertex -24.869148039119587 5.275221905731762 3
    endloop
  endfacet
  facet normal 0 0 1
    outer loop
      vertex -24.077352024078955 0.8671566133830877 3
      vertex -23.956230589874906 1.0580134541264516 3
      vertex -24.57162796668324 4.995831960978684 3
    endloop
  endfacet
  facet normal 0 0 1
    outer loop
      vertex -23.956230589874906 1.0580134541264516 3
      vertex -23.81214352935854 1.2321847906716394 3
      vertex -24.57162796668324 4.995831960978684 3
    endloop
  endfacet
  facet normal 0 0 1
    outer loop
      vertex -24.28580646236606 0.22559982041574733 3
      vertex -25.347996710142557 5.934300559169425 3
      vertex -25.521773579136816 6.303595203774797 3
    endloop
  endfacet
  facet normal 0 0 1
    outer loop
      vertex -24.243449690031536 0.4476417968967387 3
      vertex -25.12930523171858 5.5896979300494625 3
      vertex -25.347996710142557 5.934300559169425 3
    endloop
  endfacet
  facet normal 0 0 1
    outer loop
      vertex -24.173597674598852 0.6626241948324202 3
      vertex -24.869148039119587 5.275221905731762 3
      vertex -25.12930523171858 5.5896979300494625 3
    endloop
  endfacet
  facet normal 0 0 1
    outer loop
      vertex -24.077352024078955 0.8671566133830877 3
      vertex -24.57162796668324 4.995831960978684 3
      vertex -24.869148039119587 5.275221905731762 3
    endloop
  endfacet
  facet normal 0 0 1
    outer loop
      vertex -24.24143708368174 4.755934242118451 3
      vertex -24.57162796668324 4.995831960978684 3
      vertex -23.81214352935854 1.2321847906716394 3
    endloop
  endfacet
  facet normal 0 0 1
    outer loop
      vertex -24.24143708368174 4.755934242118451 3
      vertex -23.81214352935854 1.2321847906716394 3
      vertex -23.64736318154764 1.386923836996421 3
    endloop
  endfacet
  facet normal 0 0 1
    outer loop
      vertex -23.64736318154764 1.386923836996421 3
      vertex -23.464488230962193 1.5197902659036269 3
      vertex -23.883782697586486 4.559312079485436 3
    endloop
  endfacet
  facet normal 0 0 1
    outer loop
      vertex -23.464488230962193 1.5197902659036269 3
      vertex -23.26640272481713 1.628688694438835 3
      vertex -23.50430523171858 4.409066322040751 3
    endloop
  endfacet
  facet normal 0 0 1
    outer loop
      vertex -23.50430523171858 4.409066322040751 3
      vertex -23.26640272481713 1.628688694438835 3
      vertex -23.056230589874904 1.7119017293312764 3
    endloop
  endfacet
  facet normal 0 0 1
    outer loop
      vertex -23.50430523171858 4.409066322040751 3
      vertex -23.056230589874904 1.7119017293312764 3
      vertex -22.837286366254304 1.7681170513116398 3
    endloop
  endfacet
  facet normal 0 0 1
    outer loop
      vertex -22.613022935152763 1.7964481111708888 3
      vertex -23.50430523171858 4.409066322040751 3
      vertex -22.837286366254304 1.7681170513116398 3
    endloop
  endfacet
  facet normal 0 0 1
    outer loop
      vertex -22.29593081152973 4.256413132608118 3
      vertex -22.613022935152763 1.7964481111708888 3
      vertex -22.386977064847237 1.7964481111708888 3
    endloop
  endfacet
  facet normal 0 0 1
    outer loop
      vertex -22.29593081152973 4.256413132608118 3
      vertex -22.386977064847237 1.7964481111708888 3
      vertex -22.162713633745696 1.7681170513116398 3
    endloop
  endfacet
  facet normal 0 0 1
    outer loop
      vertex -24.24143708368174 4.755934242118451 3
      vertex -23.64736318154764 1.386923836996421 3
      vertex -23.883782697586486 4.559312079485436 3
    endloop
  endfacet
  facet normal 0 0 1
    outer loop
      vertex -23.464488230962193 1.5197902659036269 3
      vertex -23.50430523171858 4.409066322040751 3
      vertex -23.883782697586486 4.559312079485436 3
    endloop
  endfacet
  facet normal 0 0 1
    outer loop
      vertex -22.613022935152763 1.7964481111708888 3
      vertex -23.108989272403605 4.307566435131762 3
      vertex -23.50430523171858 4.409066322040751 3
    endloop
  endfacet
  facet normal 0 0 1
    outer loop
      vertex -22.613022935152763 1.7964481111708888 3
      vertex -22.70406918847027 4.256413132608118 3
      vertex -23.108989272403605 4.307566435131762 3
    endloop
  endfacet
  facet normal 0 0 1
    outer loop
      vertex -22.70406918847027 4.256413132608118 3
      vertex -22.613022935152763 1.7964481111708888 3
      vertex -22.29593081152973 4.256413132608118 3
    endloop
  endfacet
  facet normal 0 0 1
    outer loop
      vertex -29.5 39.5 3
      vertex -25.75 7.5 3
      vertex -25.724372779272052 7.907333009083988 3
    endloop
  endfacet
  facet normal 0 0 1
    outer loop
      vertex -29.5 39.5 3
      vertex -25.724372779272052 7.907333009083988 3
      vertex -25.647895273668052 8.308242133285779 3
    endloop
  endfacet
  facet normal 0 0 1
    outer loop
      vertex -29.5 39.5 3
      vertex -25.647895273668052 8.308242133285779 3
      vertex -25.521773579136816 8.696404796225202 3
    endloop
  endfacet
  facet normal 0 0 1
    outer loop
      vertex -29.5 39.5 3
      vertex -25.521773579136816 8.696404796225202 3
      vertex -25.347996710142557 9.065699440830574 3
    endloop
  endfacet
  facet normal 0 0 1
    outer loop
      vertex -29.5 39.5 3
      vertex -25.347996710142557 9.065699440830574 3
      vertex -25.12930523171858 9.410302069950538 3
    endloop
  endfacet
  facet normal 0 0 1
    outer loop
      vertex -29.5 39.5 3
      vertex -25.12930523171858 9.410302069950538 3
      vertex -24.869148039119587 9.724778094268238 3
    endloop
  endfacet
  facet normal 0 0 1
    outer loop
      vertex -29.5 39.5 3
      vertex -24.869148039119587 9.724778094268238 3
      vertex -24.57162796668324 10.004168039021316 3
    endloop
  endfacet
  facet normal 0 0 1
    outer loop
      vertex -29.5 39.5 3
      vertex -24.57162796668324 10.004168039021316 3
      vertex -24.24143708368174 10.244065757881549 3
    endloop
  endfacet
  facet normal 0 0 1
    outer loop
      vertex -29.5 39.5 3
      vertex -24.24143708368174 10.244065757881549 3
      vertex -24.243449690031536 14.552358203103262 3
    endloop
  endfacet
  facet normal 0 0 1
    outer loop
      vertex -24.24143708368174 10.244065757881549 3
      vertex -24.173597674598852 14.33737580516758 3
      vertex -24.243449690031536 14.552358203103262 3
    endloop
  endfacet
  facet normal 0 0 1
    outer loop
      vertex -24.24143708368174 10.244065757881549 3
      vertex -23.956230589874906 13.941986545873549 3
      vertex -24.077352024078955 14.132843386616912 3
    endloop
  endfacet
  facet normal 0 0 1
    outer loop
      vertex -24.24143708368174 10.244065757881549 3
      vertex -23.81214352935854 13.767815209328361 3
      vertex -23.956230589874906 13.941986545873549 3
    endloop
  endfacet
  facet normal 0 0 1
    outer loop
      vertex -24.24143708368174 10.244065757881549 3
      vertex -24.077352024078955 14.132843386616912 3
      vertex -24.173597674598852 14.33737580516758 3
    endloop
  endfacet
  facet normal 0 0 1
    outer loop
      vertex -24.24143708368174 10.244065757881549 3
      vertex -23.883782697586486 10.440687920514563 3
      vertex -23.64736318154764 13.61307616300358 3
    endloop
  endfacet
  facet normal 0 0 1
    outer loop
      vertex -23.883782697586486 10.440687920514563 3
      vertex -23.50430523171858 10.59093367795925 3
      vertex -23.464488230962193 13.480209734096373 3
    endloop
  endfacet
  facet normal 0 0 1
    outer loop
      vertex -23.883782697586486 10.440687920514563 3
      vertex -23.464488230962193 13.480209734096373 3
      vertex -23.64736318154764 13.61307616300358 3
    endloop
  endfacet
  facet normal 0 0 1
    outer loop
      vertex -23.50430523171858 10.59093367795925 3
      vertex -23.108989272403605 10.692433564868239 3
      vertex -23.056230589874904 13.288098270668723 3
    endloop
  endfacet
  facet normal 0 0 1
    outer loop
      vertex -23.50430523171858 10.59093367795925 3
      vertex -23.26640272481713 13.371311305561164 3
      vertex -23.464488230962193 13.480209734096373 3
    endloop
  endfacet
  facet normal 0 0 1
    outer loop
      vertex -23.50430523171858 10.59093367795925 3
      vertex -23.056230589874904 13.288098270668723 3
      vertex -23.26640272481713 13.371311305561164 3
    endloop
  endfacet
  facet normal 0 0 1
    outer loop
      vertex -24.24143708368174 10.244065757881549 3
      vertex -23.64736318154764 13.61307616300358 3
      vertex -23.81214352935854 13.767815209328361 3
    endloop
  endfacet
  facet normal 0 0 1
    outer loop
      vertex -23.108989272403605 10.692433564868239 3
      vertex -22.704069188470267 10.743586867391883 3
      vertex -22.837286366254304 13.23188294868836 3
    endloop
  endfacet
  facet normal 0 0 1
    outer loop
      vertex -23.108989272403605 10.692433564868239 3
      vertex -22.837286366254304 13.23188294868836 3
      vertex -23.056230589874904 13.288098270668723 3
    endloop
  endfacet
  facet normal 0 0 1
    outer loop
      vertex -22.837286366254304 13.23188294868836 3
      vertex -22.704069188470267 10.743586867391883 3
      vertex -22.613022935152763 13.20355188882911 3
    endloop
  endfacet
  facet normal 0 0 1
    outer loop
      vertex -22.386977064847237 13.20355188882911 3
      vertex -22.704069188470267 10.743586867391883 3
      vertex -22.295930811529733 10.743586867391883 3
    endloop
  endfacet
  facet normal 0 0 1
    outer loop
      vertex -22.613022935152763 13.20355188882911 3
      vertex -22.704069188470267 10.743586867391883 3
      vertex -22.386977064847237 13.20355188882911 3
    endloop
  endfacet
  facet normal 0 0 1
    outer loop
      vertex -22.386977064847237 13.20355188882911 3
      vertex -22.295930811529733 10.743586867391883 3
      vertex -22.162713633745696 13.23188294868836 3
    endloop
  endfacet
  facet normal 0 0 1
    outer loop
      vertex -24.28580646236606 15.225599820415747 3
      vertex -25.521773579136816 21.303595203774798 3
      vertex -25.647895273668052 21.691757866714223 3
    endloop
  endfacet
  facet normal 0 0 1
    outer loop
      vertex -24.28580646236606 15.225599820415747 3
      vertex -25.12930523171858 20.58969793004946 3
      vertex -25.347996710142557 20.934300559169426 3
    endloop
  endfacet
  facet normal 0 0 1
    outer loop
      vertex -24.28580646236606 15.225599820415747 3
      vertex -25.347996710142557 20.934300559169426 3
      vertex -25.521773579136816 21.303595203774798 3
    endloop
  endfacet
  facet normal 0 0 1
    outer loop
      vertex -24.28580646236606 15.225599820415747 3
      vertex -24.243449690031536 15.447641796896738 3
      vertex -25.12930523171858 20.58969793004946 3
    endloop
  endfacet
  facet normal 0 0 1
    outer loop
      vertex -24.243449690031536 15.447641796896738 3
      vertex -24.173597674598852 15.66262419483242 3
      vertex -24.869148039119587 20.27522190573176 3
    endloop
  endfacet
  facet normal 0 0 1
    outer loop
      vertex -24.173597674598852 15.66262419483242 3
      vertex -24.077352024078955 15.867156613383088 3
      vertex -24.57162796668324 19.995831960978684 3
    endloop
  endfacet
  facet normal 0 0 1
    outer loop
      vertex -24.57162796668324 19.995831960978684 3
      vertex -24.077352024078955 15.867156613383088 3
      vertex -23.956230589874906 16.058013454126453 3
    endloop
  endfacet
  facet normal 0 0 1
    outer loop
      vertex -24.24143708368174 19.75593424211845 3
      vertex -23.956230589874906 16.058013454126453 3
      vertex -23.81214352935854 16.23218479067164 3
    endloop
  endfacet
  facet normal 0 0 1
    outer loop
      vertex -24.173597674598852 15.66262419483242 3
      vertex -24.57162796668324 19.995831960978684 3
      vertex -24.869148039119587 20.27522190573176 3
    endloop
  endfacet
  facet normal 0 0 1
    outer loop
      vertex -24.243449690031536 15.447641796896738 3
      vertex -24.869148039119587 20.27522190573176 3
      vertex -25.12930523171858 20.58969793004946 3
    endloop
  endfacet
  facet normal 0 0 1
    outer loop
      vertex -24.57162796668324 19.995831960978684 3
      vertex -23.956230589874906 16.058013454126453 3
      vertex -24.24143708368174 19.75593424211845 3
    endloop
  endfacet
  facet normal 0 0 1
    outer loop
      vertex -24.24143708368174 19.75593424211845 3
      vertex -23.81214352935854 16.23218479067164 3
      vertex -23.883782697586486 19.559312079485437 3
    endloop
  endfacet
  facet normal 0 0 1
    outer loop
      vertex -23.81214352935854 16.23218479067164 3
      vertex -23.64736318154764 16.38692383699642 3
      vertex -23.883782697586486 19.559312079485437 3
    endloop
  endfacet
  facet normal 0 0 1
    outer loop
      vertex -23.64736318154764 16.38692383699642 3
      vertex -23.464488230962193 16.519790265903627 3
      vertex -23.883782697586486 19.559312079485437 3
    endloop
  endfacet
  facet normal 0 0 1
    outer loop
      vertex -23.464488230962193 16.519790265903627 3
      vertex -23.26640272481713 16.628688694438836 3
      vertex -23.50430523171858 19.40906632204075 3
    endloop
  endfacet
  facet normal 0 0 1
    outer loop
      vertex -23.26640272481713 16.628688694438836 3
      vertex -23.056230589874904 16.711901729331277 3
      vertex -23.108989272403605 19.30756643513176 3
    endloop
  endfacet
  facet normal 0 0 1
    outer loop
      vertex -23.464488230962193 16.519790265903627 3
      vertex -23.50430523171858 19.40906632204075 3
      vertex -23.883782697586486 19.559312079485437 3
    endloop
  endfacet
  facet normal 0 0 1
    outer loop
      vertex -23.26640272481713 16.628688694438836 3
      vertex -23.108989272403605 19.30756643513176 3
      vertex -23.50430523171858 19.40906632204075 3
    endloop
  endfacet
  facet normal 0 0 1
    outer loop
      vertex -23.056230589874904 16.711901729331277 3
      vertex -22.837286366254304 16.76811705131164 3
      vertex -23.108989272403605 19.30756643513176 3
    endloop
  endfacet
  facet normal 0 0 1
    outer loop
      vertex -22.837286366254304 16.76811705131164 3
      vertex -22.613022935152763 16.79644811117089 3
      vertex -22.70406918847027 19.256413132608117 3
    endloop
  endfacet
  facet normal 0 0 1
    outer loop
      vertex -22.29593081152973 19.256413132608117 3
      vertex -22.613022935152763 16.79644811117089 3
      vertex -22.386977064847237 16.79644811117089 3
    endloop
  endfacet
  facet normal 0 0 1
    outer loop
      vertex -22.29593081152973 19.256413132608117 3
      vertex -22.386977064847237 16.79644811117089 3
      vertex -22.162713633745696 16.76811705131164 3
    endloop
  endfacet
  facet normal 0 0 1
    outer loop
      vertex -22.837286366254304 16.76811705131164 3
      vertex -22.70406918847027 19.256413132608117 3
      vertex -23.108989272403605 19.30756643513176 3
    endloop
  endfacet
  facet normal 0 0 1
    outer loop
      vertex -22.70406918847027 19.256413132608117 3
      vertex -22.613022935152763 16.79644811117089 3
      vertex -22.29593081152973 19.256413132608117 3
    endloop
  endfacet
  facet normal 0 0 1
    outer loop
      vertex -22.162713633745696 1.7681170513116398 3
      vertex -21.943769410125096 1.7119017293312764 3
      vertex -21.891010727596395 4.307566435131762 3
    endloop
  endfacet
  facet normal 0 0 1
    outer loop
      vertex -21.943769410125096 1.7119017293312764 3
      vertex -21.73359727518287 1.628688694438835 3
      vertex -21.49569476828142 4.409066322040751 3
    endloop
  endfacet
  facet normal 0 0 1
    outer loop
      vertex -21.73359727518287 1.628688694438835 3
      vertex -21.535511769037807 1.519790265903627 3
      vertex -21.49569476828142 4.409066322040751 3
    endloop
  endfacet
  facet normal 0 0 1
    outer loop
      vertex -21.535511769037807 1.519790265903627 3
      vertex -21.352636818452357 1.3869238369964205 3
      vertex -21.116217302413514 4.559312079485436 3
    endloop
  endfacet
  facet normal 0 0 1
    outer loop
      vertex -21.18785647064146 1.2321847906716397 3
      vertex -20.75856291631826 4.7559342421184505 3
      vertex -21.352636818452357 1.3869238369964205 3
    endloop
  endfacet
  facet normal 0 0 1
    outer loop
      vertex -21.18785647064146 1.2321847906716397 3
      vertex -21.043769410125094 1.0580134541264516 3
      vertex -20.42837203331676 4.995831960978686 3
    endloop
  endfacet
  facet normal 0 0 1
    outer loop
      vertex -21.043769410125094 1.0580134541264516 3
      vertex -20.922647975921045 0.8671566133830876 3
      vertex -20.42837203331676 4.995831960978686 3
    endloop
  endfacet
  facet normal 0 0 1
    outer loop
      vertex -20.826402325401148 0.6626241948324204 3
      vertex -20.130851960880413 5.275221905731762 3
      vertex -20.922647975921045 0.8671566133830876 3
    endloop
  endfacet
  facet normal 0 0 1
    outer loop
      vertex -20.756550309968464 0.44764179689673866 3
      vertex -19.87069476828142 5.5896979300494625 3
      vertex -20.826402325401148 0.6626241948324204 3
    endloop
  endfacet
  facet normal 0 0 1
    outer loop
      vertex -20.756550309968464 0.44764179689673866 3
      vertex -20.71419353763394 0.22559982041574766 3
      vertex -19.652003289857443 5.934300559169425 3
    endloop
  endfacet
  facet normal 0 0 1
    outer loop
      vertex -20.7 0 3
      vertex -19.478226420863184 6.303595203774796 3
      vertex -20.71419353763394 0.22559982041574766 3
    endloop
  endfacet
  facet normal 0 0 1
    outer loop
      vertex -22.29593081152973 4.256413132608118 3
      vertex -22.162713633745696 1.7681170513116398 3
      vertex -21.891010727596395 4.307566435131762 3
    endloop
  endfacet
  facet normal 0 0 1
    outer loop
      vertex -21.943769410125096 1.7119017293312764 3
      vertex -21.49569476828142 4.409066322040751 3
      vertex -21.891010727596395 4.307566435131762 3
    endloop
  endfacet
  facet normal 0 0 1
    outer loop
      vertex -21.535511769037807 1.519790265903627 3
      vertex -21.116217302413514 4.559312079485436 3
      vertex -21.49569476828142 4.409066322040751 3
    endloop
  endfacet
  facet normal 0 0 1
    outer loop
      vertex -21.352636818452357 1.3869238369964205 3
      vertex -20.75856291631826 4.7559342421184505 3
      vertex -21.116217302413514 4.559312079485436 3
    endloop
  endfacet
  facet normal 0 0 1
    outer loop
      vertex -21.18785647064146 1.2321847906716397 3
      vertex -20.42837203331676 4.995831960978686 3
      vertex -20.75856291631826 4.7559342421184505 3
    endloop
  endfacet
  facet normal 0 0 1
    outer loop
      vertex -20.922647975921045 0.8671566133830876 3
      vertex -20.130851960880413 5.275221905731762 3
      vertex -20.42837203331676 4.995831960978686 3
    endloop
  endfacet
  facet normal 0 0 1
    outer loop
      vertex -19.478226420863184 -6.303595203774797 3
      vertex -19.478226420863184 6.303595203774796 3
      vertex -20.7 0 3
    endloop
  endfacet
  facet normal 0 0 1
    outer loop
      vertex -19.352104726331948 -6.691757866714222 3
      vertex -19.352104726331948 6.691757866714223 3
      vertex -19.478226420863184 6.303595203774796 3
    endloop
  endfacet
  facet normal 0 0 1
    outer loop
      vertex -19.352104726331948 -6.691757866714222 3
      vertex -19.275627220727948 7.092666990916012 3
      vertex -19.352104726331948 6.691757866714223 3
    endloop
  endfacet
  facet normal 0 0 1
    outer loop
      vertex -20.826402325401148 0.6626241948324204 3
      vertex -19.87069476828142 5.5896979300494625 3
      vertex -20.130851960880413 5.275221905731762 3
    endloop
  endfacet
  facet normal 0 0 1
    outer loop
      vertex -20.756550309968464 0.44764179689673866 3
      vertex -19.652003289857443 5.934300559169425 3
      vertex -19.87069476828142 5.5896979300494625 3
    endloop
  endfacet
  facet normal 0 0 1
    outer loop
      vertex -20.71419353763394 0.22559982041574766 3
      vertex -19.478226420863184 6.303595203774796 3
      vertex -19.652003289857443 5.934300559169425 3
    endloop
  endfacet
  facet normal 0 0 1
    outer loop
      vertex -19.352104726331948 8.308242133285779 3
      vertex -20.7 15 3
      vertex -19.478226420863184 8.696404796225202 3
    endloop
  endfacet
  facet normal 0 0 1
    outer loop
      vertex -19.478226420863184 8.696404796225202 3
      vertex -20.7 15 3
      vertex -19.652003289857443 9.065699440830574 3
    endloop
  endfacet
  facet normal 0 0 1
    outer loop
      vertex -15.53942649342761 40.12666616782152 3
      vertex -19.25 -7.5 3
      vertex -19.275627220727948 -7.907333009083988 3
    endloop
  endfacet
  facet normal 0 0 1
    outer loop
      vertex -15.53942649342761 40.12666616782152 3
      vertex -19.275627220727948 -7.092666990916011 3
      vertex -19.25 -7.5 3
    endloop
  endfacet
  facet normal 0 0 1
    outer loop
      vertex -15.53942649342761 40.12666616782152 3
      vertex -19.352104726331948 -6.691757866714222 3
      vertex -19.275627220727948 -7.092666990916011 3
    endloop
  endfacet
  facet normal 0 0 1
    outer loop
      vertex -22.295930811529733 10.743586867391883 3
      vertex -21.891010727596395 10.692433564868239 3
      vertex -22.162713633745696 13.23188294868836 3
    endloop
  endfacet
  facet normal 0 0 1
    outer loop
      vertex -21.891010727596395 10.692433564868239 3
      vertex -21.49569476828142 10.59093367795925 3
      vertex -21.73359727518287 13.371311305561164 3
    endloop
  endfacet
  facet normal 0 0 1
    outer loop
      vertex -21.891010727596395 10.692433564868239 3
      vertex -21.943769410125096 13.288098270668723 3
      vertex -22.162713633745696 13.23188294868836 3
    endloop
  endfacet
  facet normal 0 0 1
    outer loop
      vertex -21.891010727596395 10.692433564868239 3
      vertex -21.73359727518287 13.371311305561164 3
      vertex -21.943769410125096 13.288098270668723 3
    endloop
  endfacet
  facet normal 0 0 1
    outer loop
      vertex -21.49569476828142 10.59093367795925 3
      vertex -21.116217302413514 10.440687920514563 3
      vertex -21.535511769037807 13.480209734096373 3
    endloop
  endfacet
  facet normal 0 0 1
    outer loop
      vertex -21.49569476828142 10.59093367795925 3
      vertex -21.535511769037807 13.480209734096373 3
      vertex -21.73359727518287 13.371311305561164 3
    endloop
  endfacet
  facet normal 0 0 1
    outer loop
      vertex -21.535511769037807 13.480209734096373 3
      vertex -21.116217302413514 10.440687920514563 3
      vertex -21.352636818452357 13.61307616300358 3
    endloop
  endfacet
  facet normal 0 0 1
    outer loop
      vertex -21.352636818452357 13.61307616300358 3
      vertex -21.116217302413514 10.440687920514563 3
      vertex -21.18785647064146 13.767815209328361 3
    endloop
  endfacet
  facet normal 0 0 1
    outer loop
      vertex -20.75856291631826 10.244065757881549 3
      vertex -21.18785647064146 13.767815209328361 3
      vertex -21.116217302413514 10.440687920514563 3
    endloop
  endfacet
  facet normal 0 0 1
    outer loop
      vertex -20.75856291631826 10.244065757881549 3
      vertex -20.42837203331676 10.004168039021314 3
      vertex -21.043769410125094 13.941986545873549 3
    endloop
  endfacet
  facet normal 0 0 1
    outer loop
      vertex -20.42837203331676 10.004168039021314 3
      vertex -20.130851960880413 9.724778094268238 3
      vertex -20.826402325401148 14.337375805167579 3
    endloop
  endfacet
  facet normal 0 0 1
    outer loop
      vertex -20.75856291631826 10.244065757881549 3
      vertex -21.043769410125094 13.941986545873549 3
      vertex -21.18785647064146 13.767815209328361 3
    endloop
  endfacet
  facet normal 0 0 1
    outer loop
      vertex -20.42837203331676 10.004168039021314 3
      vertex -20.922647975921045 14.132843386616912 3
      vertex -21.043769410125094 13.941986545873549 3
    endloop
  endfacet
  facet normal 0 0 1
    outer loop
      vertex -20.42837203331676 10.004168039021314 3
      vertex -20.826402325401148 14.337375805167579 3
      vertex -20.922647975921045 14.132843386616912 3
    endloop
  endfacet
  facet normal 0 0 1
    outer loop
      vertex -20.130851960880413 9.724778094268238 3
      vertex -20.756550309968464 14.552358203103262 3
      vertex -20.826402325401148 14.337375805167579 3
    endloop
  endfacet
  facet normal 0 0 1
    outer loop
      vertex -19.87069476828142 9.410302069950538 3
      vertex -20.71419353763394 14.774400179584253 3
      vertex -20.756550309968464 14.552358203103262 3
    endloop
  endfacet
  facet normal 0 0 1
    outer loop
      vertex -19.87069476828142 9.410302069950538 3
      vertex -20.7 15 3
      vertex -20.71419353763394 14.774400179584253 3
    endloop
  endfacet
  facet normal 0 0 1
    outer loop
      vertex -19.87069476828142 9.410302069950538 3
      vertex -20.756550309968464 14.552358203103262 3
      vertex -20.130851960880413 9.724778094268238 3
    endloop
  endfacet
  facet normal 0 0 1
    outer loop
      vertex -19.87069476828142 9.410302069950538 3
      vertex -19.652003289857443 9.065699440830574 3
      vertex -20.7 15 3
    endloop
  endfacet
  facet normal 0 0 1
    outer loop
      vertex -22.162713633745696 16.76811705131164 3
      vertex -21.943769410125096 16.711901729331277 3
      vertex -21.891010727596395 19.30756643513176 3
    endloop
  endfacet
  facet normal 0 0 1
    outer loop
      vertex -21.943769410125096 16.711901729331277 3
      vertex -21.73359727518287 16.628688694438836 3
      vertex -21.49569476828142 19.40906632204075 3
    endloop
  endfacet
  facet normal 0 0 1
    outer loop
      vertex -21.535511769037807 16.519790265903627 3
      vertex -21.49569476828142 19.40906632204075 3
      vertex -21.73359727518287 16.628688694438836 3
    endloop
  endfacet
  facet normal 0 0 1
    outer loop
      vertex -21.535511769037807 16.519790265903627 3
      vertex -21.352636818452357 16.38692383699642 3
      vertex -21.116217302413514 19.559312079485437 3
    endloop
  endfacet
  facet normal 0 0 1
    outer loop
      vertex -22.29593081152973 19.256413132608117 3
      vertex -22.162713633745696 16.76811705131164 3
      vertex -21.891010727596395 19.30756643513176 3
    endloop
  endfacet
  facet normal 0 0 1
    outer loop
      vertex -21.943769410125096 16.711901729331277 3
      vertex -21.49569476828142 19.40906632204075 3
      vertex -21.891010727596395 19.30756643513176 3
    endloop
  endfacet
  facet normal 0 0 1
    outer loop
      vertex -21.535511769037807 16.519790265903627 3
      vertex -21.116217302413514 19.559312079485437 3
      vertex -21.49569476828142 19.40906632204075 3
    endloop
  endfacet
  facet normal 0 0 1
    outer loop
      vertex -21.043769410125094 16.058013454126453 3
      vertex -20.922647975921045 15.867156613383088 3
      vertex -20.42837203331676 19.995831960978684 3
    endloop
  endfacet
  facet normal 0 0 1
    outer loop
      vertex -21.18785647064146 16.23218479067164 3
      vertex -20.75856291631826 19.75593424211845 3
      vertex -21.352636818452357 16.38692383699642 3
    endloop
  endfacet
  facet normal 0 0 1
    outer loop
      vertex -21.18785647064146 16.23218479067164 3
      vertex -21.043769410125094 16.058013454126453 3
      vertex -20.42837203331676 19.995831960978684 3
    endloop
  endfacet
  facet normal 0 0 1
    outer loop
      vertex -20.826402325401148 15.66262419483242 3
      vertex -20.130851960880413 20.27522190573176 3
      vertex -20.922647975921045 15.867156613383088 3
    endloop
  endfacet
  facet normal 0 0 1
    outer loop
      vertex -20.756550309968464 15.447641796896738 3
      vertex -19.87069476828142 20.58969793004946 3
      vertex -20.826402325401148 15.66262419483242 3
    endloop
  endfacet
  facet normal 0 0 1
    outer loop
      vertex -20.71419353763394 15.225599820415749 3
      vertex -19.652003289857443 20.934300559169426 3
      vertex -20.756550309968464 15.447641796896738 3
    endloop
  endfacet
  facet normal 0 0 1
    outer loop
      vertex -20.7 15 3
      vertex -19.478226420863184 21.303595203774794 3
      vertex -20.71419353763394 15.225599820415749 3
    endloop
  endfacet
  facet normal 0 0 1
    outer loop
      vertex -21.352636818452357 16.38692383699642 3
      vertex -20.75856291631826 19.75593424211845 3
      vertex -21.116217302413514 19.559312079485437 3
    endloop
  endfacet
  facet normal 0 0 1
    outer loop
      vertex -21.18785647064146 16.23218479067164 3
      vertex -20.42837203331676 19.995831960978684 3
      vertex -20.75856291631826 19.75593424211845 3
    endloop
  endfacet
  facet normal 0 0 1
    outer loop
      vertex -20.922647975921045 15.867156613383088 3
      vertex -20.130851960880413 20.27522190573176 3
      vertex -20.42837203331676 19.995831960978684 3
    endloop
  endfacet
  facet normal 0 0 1
    outer loop
      vertex -20.826402325401148 15.66262419483242 3
      vertex -19.87069476828142 20.58969793004946 3
      vertex -20.130851960880413 20.27522190573176 3
    endloop
  endfacet
  facet normal 0 0 1
    outer loop
      vertex -20.756550309968464 15.447641796896738 3
      vertex -19.652003289857443 20.934300559169426 3
      vertex -19.87069476828142 20.58969793004946 3
    endloop
  endfacet
  facet normal 0 0 1
    outer loop
      vertex -20.71419353763394 15.225599820415749 3
      vertex -19.478226420863184 21.303595203774794 3
      vertex -19.652003289857443 20.934300559169426 3
    endloop
  endfacet
  facet normal 0 0 1
    outer loop
      vertex -20.7 15 3
      vertex -19.352104726331948 21.691757866714223 3
      vertex -19.478226420863184 21.303595203774794 3
    endloop
  endfacet
  facet normal 0 0 1
    outer loop
      vertex -15.53942649342761 40.12666616782152 3
      vertex -20.7 15 3
      vertex -19.352104726331948 8.308242133285779 3
    endloop
  endfacet
  facet normal 0 0 1
    outer loop
      vertex -15.53942649342761 40.12666616782152 3
      vertex -19.275627220727948 7.092666990916012 3
      vertex -19.352104726331948 -6.691757866714222 3
    endloop
  endfacet
  facet normal 0 0 1
    outer loop
      vertex -15.5 -30.50986635785864 3
      vertex -15.5 39.5 3
      vertex -15.53942649342761 40.12666616782152 3
    endloop
  endfacet
  facet normal 0 0 1
    outer loop
      vertex -15.53942649342761 40.12666616782152 3
      vertex -19.25 7.5 3
      vertex -19.275627220727948 7.092666990916012 3
    endloop
  endfacet
  facet normal 0 0 1
    outer loop
      vertex -15.53942649342761 40.12666616782152 3
      vertex -19.275627220727948 7.907333009083989 3
      vertex -19.25 7.5 3
    endloop
  endfacet
  facet normal 0 0 1
    outer loop
      vertex -15.53942649342761 40.12666616782152 3
      vertex -19.352104726331948 8.308242133285779 3
      vertex -19.275627220727948 7.907333009083989 3
    endloop
  endfacet
  facet normal -0.9980267284282714 0.06279051952931593 0
    outer loop
      vertex -29.460573506572388 40.12666616782152 0
      vertex -29.5 39.5 3
      vertex -29.460573506572388 40.12666616782152 3
    endloop
  endfacet
  facet normal -0.9822872507286892 0.18738131458572183 0
    outer loop
      vertex -29.460573506572388 40.12666616782152 0
      vertex -29.460573506572388 40.12666616782152 3
      vertex -29.342915805643155 40.743449435824274 3
    endloop
  endfacet
  facet normal -0.9510565162951541 0.30901699437494573 0
    outer loop
      vertex -29.342915805643155 40.743449435824274 0
      vertex -29.342915805643155 40.743449435824274 3
      vertex -29.148882429441258 41.34062276342339 3
    endloop
  endfacet
  facet normal -0.9048270524660187 0.42577929156507455 0
    outer loop
      vertex -29.148882429441258 41.34062276342339 0
      vertex -29.148882429441258 41.34062276342339 3
      vertex -28.88153340021932 41.908768370508575 3
    endloop
  endfacet
  facet normal -0.8443279255020137 0.5358267949789987 0
    outer loop
      vertex -28.545084971874736 42.43892626146236 0
      vertex -28.88153340021932 41.908768370508575 3
      vertex -28.545084971874736 42.43892626146236 3
    endloop
  endfacet
  facet normal -0.7705132427757907 0.6374239897486881 0
    outer loop
      vertex -28.545084971874736 42.43892626146236 0
      vertex -28.545084971874736 42.43892626146236 3
      vertex -28.14484313710706 42.92273552964344 3
    endloop
  endfacet
  facet normal -0.6845471059286876 0.7289686274214126 0
    outer loop
      vertex -27.687119948743447 43.352566213878944 0
      vertex -28.14484313710706 42.92273552964344 3
      vertex -27.687119948743447 43.352566213878944 3
    endloop
  endfacet
  facet normal -0.5877852522924736 0.8090169943749471 0
    outer loop
      vertex -27.179133974894985 43.72163962751007 0
      vertex -27.687119948743447 43.352566213878944 3
      vertex -27.179133974894985 43.72163962751007 3
    endloop
  endfacet
  facet normal -0.4817536741017189 0.8763066800438617 0
    outer loop
      vertex -26.628896457825363 44.0241352623301 0
      vertex -27.179133974894985 43.72163962751007 3
      vertex -26.628896457825363 44.0241352623301 3
    endloop
  endfacet
  facet normal -0.3681245526846774 0.9297764858882517 0
    outer loop
      vertex -26.628896457825363 44.0241352623301 0
      vertex -26.628896457825363 44.0241352623301 3
      vertex -26.045084971874736 44.25528258147577 3
    endloop
  endfacet
  facet normal -0.24868988716485604 0.9685831611286309 0
    outer loop
      vertex -26.045084971874736 44.25528258147577 0
      vertex -26.045084971874736 44.25528258147577 3
      vertex -25.436906572928624 44.411436253643444 3
    endloop
  endfacet
  facet normal -0.12533323356430434 0.9921147013144779 0
    outer loop
      vertex -24.813952597646566 44.49013364214136 0
      vertex -25.436906572928624 44.411436253643444 3
      vertex -24.813952597646566 44.49013364214136 3
    endloop
  endfacet
  facet normal 0 1 0
    outer loop
      vertex -24.186047402353434 44.49013364214136 0
      vertex -24.813952597646566 44.49013364214136 3
      vertex -20.186047402353434 44.49013364214136 3
    endloop
  endfacet
  facet normal 0.12533323356430434 0.9921147013144779 0
    outer loop
      vertex -20.186047402353434 44.49013364214136 0
      vertex -20.186047402353434 44.49013364214136 3
      vertex -19.563093427071376 44.411436253643444 3
    endloop
  endfacet
  facet normal 0.24868988716485604 0.9685831611286309 0
    outer loop
      vertex -19.563093427071376 44.411436253643444 0
      vertex -19.563093427071376 44.411436253643444 3
      vertex -18.954915028125264 44.25528258147577 3
    endloop
  endfacet
  facet normal 0.3681245526846774 0.9297764858882517 0
    outer loop
      vertex -18.371103542174637 44.0241352623301 0
      vertex -18.954915028125264 44.25528258147577 3
      vertex -18.371103542174637 44.0241352623301 3
    endloop
  endfacet
  facet normal 0.48175367410172126 0.8763066800438604 0
    outer loop
      vertex -17.82086602510502 43.72163962751007 0
      vertex -18.371103542174637 44.0241352623301 3
      vertex -17.82086602510502 43.72163962751007 3
    endloop
  endfacet
  facet normal 0.5877852522924681 0.809016994374951 0
    outer loop
      vertex -17.82086602510502 43.72163962751007 0
      vertex -17.82086602510502 43.72163962751007 3
      vertex -17.31288005125655 43.352566213878944 3
    endloop
  endfacet
  facet normal 0.6845471059286844 0.7289686274214155 0
    outer loop
      vertex -16.85515686289294 42.92273552964345 0
      vertex -17.31288005125655 43.352566213878944 3
      vertex -16.85515686289294 42.92273552964345 3
    endloop
  endfacet
  facet normal 0.7705132427757952 0.6374239897486825 0
    outer loop
      vertex -16.85515686289294 42.92273552964345 0
      vertex -16.85515686289294 42.92273552964345 3
      vertex -16.454915028125264 42.43892626146236 3
    endloop
  endfacet
  facet normal 0.9048270524660198 0.4257792915650722 0
    outer loop
      vertex -15.851117570558744 41.34062276342339 0
      vertex -16.11846659978068 41.908768370508575 3
      vertex -15.851117570558744 41.34062276342339 3
    endloop
  endfacet
  facet normal 0.9510565162951532 0.3090169943749483 0
    outer loop
      vertex -15.851117570558744 41.34062276342339 0
      vertex -15.851117570558744 41.34062276342339 3
      vertex -15.657084194356845 40.743449435824274 3
    endloop
  endfacet
  facet normal 0.9980267284282716 0.0627905195293131 0
    outer loop
      vertex -15.53942649342761 40.12666616782152 0
      vertex -15.53942649342761 40.12666616782152 3
      vertex -15.5 39.5 3
    endloop
  endfacet
  facet normal 0.9822872507286887 0.18738131458572457 0
    outer loop
      vertex -15.53942649342761 40.12666616782152 0
      vertex -15.657084194356845 40.743449435824274 3
      vertex -15.53942649342761 40.12666616782152 3
    endloop
  endfacet
  facet normal 0.8443279255020137 0.5358267949789987 0
    outer loop
      vertex -16.454915028125264 42.43892626146236 0
      vertex -16.454915028125264 42.43892626146236 3
      vertex -16.11846659978068 41.908768370508575 3
    endloop
  endfacet
  facet normal 0 0 1
    outer loop
      vertex -29.5 39.5 3
      vertex -24.243449690031536 14.552358203103262 3
      vertex -24.28580646236606 14.774400179584253 3
    endloop
  endfacet
  facet normal 0 0 1
    outer loop
      vertex -29.5 39.5 3
      vertex -24.28580646236606 14.774400179584253 3
      vertex -24.3 15 3
    endloop
  endfacet
  facet normal 0 0 1
    outer loop
      vertex -29.5 39.5 3
      vertex -24.3 15 3
      vertex -24.28580646236606 15.225599820415747 3
    endloop
  endfacet
  facet normal 0 0 1
    outer loop
      vertex -29.5 39.5 3
      vertex -25.647895273668052 21.691757866714223 3
      vertex -25.724372779272052 22.092666990916012 3
    endloop
  endfacet
  facet normal 0 0 1
    outer loop
      vertex -29.5 39.5 3
      vertex -24.28580646236606 15.225599820415747 3
      vertex -25.647895273668052 21.691757866714223 3
    endloop
  endfacet
  facet normal 0 0 1
    outer loop
      vertex -29.5 39.5 3
      vertex -25.724372779272052 22.092666990916012 3
      vertex -25.75 22.5 3
    endloop
  endfacet
  facet normal 0 0 1
    outer loop
      vertex -29.5 39.5 3
      vertex -25.75 22.5 3
      vertex -25.724372779272052 22.907333009083988 3
    endloop
  endfacet
  facet normal 0 0 1
    outer loop
      vertex -29.5 39.5 3
      vertex -25.724372779272052 22.907333009083988 3
      vertex -25.647895273668052 23.308242133285777 3
    endloop
  endfacet
  facet normal 0 0 1
    outer loop
      vertex -29.5 39.5 3
      vertex -25.647895273668052 23.308242133285777 3
      vertex -25.521773579136816 23.696404796225202 3
    endloop
  endfacet
  facet normal 0 0 1
    outer loop
      vertex -29.5 39.5 3
      vertex -25.521773579136816 23.696404796225202 3
      vertex -25.347996710142557 24.065699440830574 3
    endloop
  endfacet
  facet normal 0 0 1
    outer loop
      vertex -29.5 39.5 3
      vertex -25.347996710142557 24.065699440830574 3
      vertex -24.28580646236606 29.77440017958425 3
    endloop
  endfacet
  facet normal 0 0 1
    outer loop
      vertex -29.5 39.5 3
      vertex -24.28580646236606 29.77440017958425 3
      vertex -24.3 30 3
    endloop
  endfacet
  facet normal 0 0 1
    outer loop
      vertex -29.5 39.5 3
      vertex -24.3 30 3
      vertex -24.28580646236606 30.22559982041575 3
    endloop
  endfacet
  facet normal 0 0 1
    outer loop
      vertex -25.347996710142557 24.065699440830574 3
      vertex -25.12930523171858 24.41030206995054 3
      vertex -24.243449690031536 29.55235820310326 3
    endloop
  endfacet
  facet normal 0 0 1
    outer loop
      vertex -25.12930523171858 24.41030206995054 3
      vertex -24.869148039119587 24.72477809426824 3
      vertex -24.173597674598852 29.33737580516758 3
    endloop
  endfacet
  facet normal 0 0 1
    outer loop
      vertex -24.869148039119587 24.72477809426824 3
      vertex -24.57162796668324 25.004168039021316 3
      vertex -24.077352024078955 29.132843386616912 3
    endloop
  endfacet
  facet normal 0 0 1
    outer loop
      vertex -24.57162796668324 25.004168039021316 3
      vertex -24.24143708368174 25.24406575788155 3
      vertex -23.81214352935854 28.76781520932836 3
    endloop
  endfacet
  facet normal 0 0 1
    outer loop
      vertex -25.347996710142557 24.065699440830574 3
      vertex -24.243449690031536 29.55235820310326 3
      vertex -24.28580646236606 29.77440017958425 3
    endloop
  endfacet
  facet normal 0 0 1
    outer loop
      vertex -25.12930523171858 24.41030206995054 3
      vertex -24.173597674598852 29.33737580516758 3
      vertex -24.243449690031536 29.55235820310326 3
    endloop
  endfacet
  facet normal 0 0 1
    outer loop
      vertex -24.869148039119587 24.72477809426824 3
      vertex -24.077352024078955 29.132843386616912 3
      vertex -24.173597674598852 29.33737580516758 3
    endloop
  endfacet
  facet normal 0 0 1
    outer loop
      vertex -24.57162796668324 25.004168039021316 3
      vertex -23.956230589874906 28.941986545873547 3
      vertex -24.077352024078955 29.132843386616912 3
    endloop
  endfacet
  facet normal 0 0 1
    outer loop
      vertex -24.57162796668324 25.004168039021316 3
      vertex -23.81214352935854 28.76781520932836 3
      vertex -23.956230589874906 28.941986545873547 3
    endloop
  endfacet
  facet normal 0 0 1
    outer loop
      vertex -24.24143708368174 25.24406575788155 3
      vertex -23.883782697586486 25.440687920514563 3
      vertex -23.64736318154764 28.61307616300358 3
    endloop
  endfacet
  facet normal 0 0 1
    outer loop
      vertex -23.883782697586486 25.440687920514563 3
      vertex -23.50430523171858 25.59093367795925 3
      vertex -23.464488230962193 28.480209734096373 3
    endloop
  endfacet
  facet normal 0 0 1
    outer loop
      vertex -24.24143708368174 25.24406575788155 3
      vertex -23.64736318154764 28.61307616300358 3
      vertex -23.81214352935854 28.76781520932836 3
    endloop
  endfacet
  facet normal 0 0 1
    outer loop
      vertex -23.883782697586486 25.440687920514563 3
      vertex -23.464488230962193 28.480209734096373 3
      vertex -23.64736318154764 28.61307616300358 3
    endloop
  endfacet
  facet normal 0 0 1
    outer loop
      vertex -23.50430523171858 25.59093367795925 3
      vertex -23.108989272403605 25.69243356486824 3
      vertex -23.056230589874904 28.288098270668723 3
    endloop
  endfacet
  facet normal 0 0 1
    outer loop
      vertex -23.50430523171858 25.59093367795925 3
      vertex -23.26640272481713 28.371311305561164 3
      vertex -23.464488230962193 28.480209734096373 3
    endloop
  endfacet
  facet normal 0 0 1
    outer loop
      vertex -23.50430523171858 25.59093367795925 3
      vertex -23.056230589874904 28.288098270668723 3
      vertex -23.26640272481713 28.371311305561164 3
    endloop
  endfacet
  facet normal 0 0 1
    outer loop
      vertex -23.108989272403605 25.69243356486824 3
      vertex -22.704069188470267 25.743586867391883 3
      vertex -22.837286366254304 28.23188294868836 3
    endloop
  endfacet
  facet normal 0 0 1
    outer loop
      vertex -23.108989272403605 25.69243356486824 3
      vertex -22.837286366254304 28.23188294868836 3
      vertex -23.056230589874904 28.288098270668723 3
    endloop
  endfacet
  facet normal 0 0 1
    outer loop
      vertex -22.837286366254304 28.23188294868836 3
      vertex -22.704069188470267 25.743586867391883 3
      vertex -22.613022935152763 28.20355188882911 3
    endloop
  endfacet
  facet normal 0 0 1
    outer loop
      vertex -22.386977064847237 28.20355188882911 3
      vertex -22.704069188470267 25.743586867391883 3
      vertex -22.295930811529733 25.743586867391883 3
    endloop
  endfacet
  facet normal 0 0 1
    outer loop
      vertex -22.613022935152763 28.20355188882911 3
      vertex -22.704069188470267 25.743586867391883 3
      vertex -22.386977064847237 28.20355188882911 3
    endloop
  endfacet
  facet normal 0 0 1
    outer loop
      vertex -22.386977064847237 28.20355188882911 3
      vertex -22.295930811529733 25.743586867391883 3
      vertex -22.162713633745696 28.23188294868836 3
    endloop
  endfacet
  facet normal 0 0 1
    outer loop
      vertex -24.243449690031536 30.44764179689674 3
      vertex -24.173597674598852 30.66262419483242 3
      vertex -25.12930523171858 35.58969793004946 3
    endloop
  endfacet
  facet normal 0 0 1
    outer loop
      vertex -24.173597674598852 30.66262419483242 3
      vertex -24.077352024078955 30.867156613383088 3
      vertex -24.869148039119587 35.27522190573176 3
    endloop
  endfacet
  facet normal 0 0 1
    outer loop
      vertex -24.57162796668324 34.995831960978684 3
      vertex -24.077352024078955 30.867156613383088 3
      vertex -23.956230589874906 31.058013454126453 3
    endloop
  endfacet
  facet normal 0 0 1
    outer loop
      vertex -24.57162796668324 34.995831960978684 3
      vertex -23.956230589874906 31.058013454126453 3
      vertex -23.81214352935854 31.23218479067164 3
    endloop
  endfacet
  facet normal 0 0 1
    outer loop
      vertex -24.24143708368174 34.75593424211845 3
      vertex -23.81214352935854 31.23218479067164 3
      vertex -23.64736318154764 31.38692383699642 3
    endloop
  endfacet
  facet normal 0 0 1
    outer loop
      vertex -23.64736318154764 31.38692383699642 3
      vertex -23.464488230962193 31.519790265903627 3
      vertex -23.883782697586486 34.55931207948544 3
    endloop
  endfacet
  facet normal 0 0 1
    outer loop
      vertex -23.464488230962193 31.519790265903627 3
      vertex -23.26640272481713 31.628688694438836 3
      vertex -23.50430523171858 34.40906632204075 3
    endloop
  endfacet
  facet normal 0 0 1
    outer loop
      vertex -23.26640272481713 31.628688694438836 3
      vertex -23.056230589874904 31.711901729331277 3
      vertex -23.50430523171858 34.40906632204075 3
    endloop
  endfacet
  facet normal 0 0 1
    outer loop
      vertex -23.056230589874904 31.711901729331277 3
      vertex -22.837286366254304 31.76811705131164 3
      vertex -23.108989272403605 34.30756643513176 3
    endloop
  endfacet
  facet normal 0 0 1
    outer loop
      vertex -22.837286366254304 31.76811705131164 3
      vertex -22.613022935152763 31.79644811117089 3
      vertex -22.70406918847027 34.25641313260812 3
    endloop
  endfacet
  facet normal 0 0 1
    outer loop
      vertex -22.70406918847027 34.25641313260812 3
      vertex -22.613022935152763 31.79644811117089 3
      vertex -22.386977064847237 31.79644811117089 3
    endloop
  endfacet
  facet normal 0 0 1
    outer loop
      vertex -22.29593081152973 34.25641313260812 3
      vertex -22.386977064847237 31.79644811117089 3
      vertex -22.162713633745696 31.76811705131164 3
    endloop
  endfacet
  facet normal 0 0 1
    outer loop
      vertex -29.5 39.5 3
      vertex -24.28580646236606 30.22559982041575 3
      vertex -24.243449690031536 30.44764179689674 3
    endloop
  endfacet
  facet normal 0 0 1
    outer loop
      vertex -29.5 39.5 3
      vertex -24.243449690031536 30.44764179689674 3
      vertex -25.347996710142557 35.93430055916942 3
    endloop
  endfacet
  facet normal 0 0 1
    outer loop
      vertex -29.5 39.5 3
      vertex -25.521773579136816 36.3035952037748 3
      vertex -25.647895273668052 36.69175786671422 3
    endloop
  endfacet
  facet normal 0 0 1
    outer loop
      vertex -29.5 39.5 3
      vertex -25.347996710142557 35.93430055916942 3
      vertex -25.521773579136816 36.3035952037748 3
    endloop
  endfacet
  facet normal 0 0 1
    outer loop
      vertex -29.5 39.5 3
      vertex -25.724372779272052 37.09266699091601 3
      vertex -25.75 37.5 3
    endloop
  endfacet
  facet normal 0 0 1
    outer loop
      vertex -29.5 39.5 3
      vertex -25.647895273668052 36.69175786671422 3
      vertex -25.724372779272052 37.09266699091601 3
    endloop
  endfacet
  facet normal 0 0 1
    outer loop
      vertex -29.5 39.5 3
      vertex -25.75 37.5 3
      vertex -25.724372779272052 37.90733300908399 3
    endloop
  endfacet
  facet normal 0 0 1
    outer loop
      vertex -29.5 39.5 3
      vertex -25.724372779272052 37.90733300908399 3
      vertex -25.647895273668052 38.30824213328578 3
    endloop
  endfacet
  facet normal 0 0 1
    outer loop
      vertex -29.5 39.5 3
      vertex -25.647895273668052 38.30824213328578 3
      vertex -25.521773579136816 38.6964047962252 3
    endloop
  endfacet
  facet normal 0 0 1
    outer loop
      vertex -29.5 39.5 3
      vertex -29.342915805643155 40.743449435824274 3
      vertex -29.460573506572388 40.12666616782152 3
    endloop
  endfacet
  facet normal 0 0 1
    outer loop
      vertex -29.5 39.5 3
      vertex -29.148882429441258 41.34062276342339 3
      vertex -29.342915805643155 40.743449435824274 3
    endloop
  endfacet
  facet normal 0 0 1
    outer loop
      vertex -29.5 39.5 3
      vertex -28.14484313710706 42.92273552964344 3
      vertex -29.148882429441258 41.34062276342339 3
    endloop
  endfacet
  facet normal 0 0 1
    outer loop
      vertex -29.148882429441258 41.34062276342339 3
      vertex -28.14484313710706 42.92273552964344 3
      vertex -28.88153340021932 41.908768370508575 3
    endloop
  endfacet
  facet normal 0 0 1
    outer loop
      vertex -28.88153340021932 41.908768370508575 3
      vertex -28.14484313710706 42.92273552964344 3
      vertex -28.545084971874736 42.43892626146236 3
    endloop
  endfacet
  facet normal 0 0 1
    outer loop
      vertex -28.14484313710706 42.92273552964344 3
      vertex -27.179133974894985 43.72163962751007 3
      vertex -27.687119948743447 43.352566213878944 3
    endloop
  endfacet
  facet normal 0 0 1
    outer loop
      vertex -29.5 39.5 3
      vertex -25.521773579136816 38.6964047962252 3
      vertex -25.347996710142557 39.06569944083058 3
    endloop
  endfacet
  facet normal 0 0 1
    outer loop
      vertex -29.5 39.5 3
      vertex -25.347996710142557 39.06569944083058 3
      vertex -25.12930523171858 39.41030206995054 3
    endloop
  endfacet
  facet normal 0 0 1
    outer loop
      vertex -29.5 39.5 3
      vertex -25.12930523171858 39.41030206995054 3
      vertex -24.869148039119587 39.72477809426824 3
    endloop
  endfacet
  facet normal 0 0 1
    outer loop
      vertex -29.5 39.5 3
      vertex -24.869148039119587 39.72477809426824 3
      vertex -24.813952597646566 44.49013364214136 3
    endloop
  endfacet
  facet normal 0 0 1
    outer loop
      vertex -29.5 39.5 3
      vertex -24.813952597646566 44.49013364214136 3
      vertex -28.14484313710706 42.92273552964344 3
    endloop
  endfacet
  facet normal 0 0 1
    outer loop
      vertex -28.14484313710706 42.92273552964344 3
      vertex -24.813952597646566 44.49013364214136 3
      vertex -27.179133974894985 43.72163962751007 3
    endloop
  endfacet
  facet normal 0 0 1
    outer loop
      vertex -27.179133974894985 43.72163962751007 3
      vertex -26.045084971874736 44.25528258147577 3
      vertex -26.628896457825363 44.0241352623301 3
    endloop
  endfacet
  facet normal 0 0 1
    outer loop
      vertex -27.179133974894985 43.72163962751007 3
      vertex -24.813952597646566 44.49013364214136 3
      vertex -26.045084971874736 44.25528258147577 3
    endloop
  endfacet
  facet normal 0 0 1
    outer loop
      vertex -24.243449690031536 30.44764179689674 3
      vertex -25.12930523171858 35.58969793004946 3
      vertex -25.347996710142557 35.93430055916942 3
    endloop
  endfacet
  facet normal 0 0 1
    outer loop
      vertex -24.173597674598852 30.66262419483242 3
      vertex -24.869148039119587 35.27522190573176 3
      vertex -25.12930523171858 35.58969793004946 3
    endloop
  endfacet
  facet normal 0 0 1
    outer loop
      vertex -24.869148039119587 35.27522190573176 3
      vertex -24.077352024078955 30.867156613383088 3
      vertex -24.57162796668324 34.995831960978684 3
    endloop
  endfacet
  facet normal 0 0 1
    outer loop
      vertex -24.57162796668324 34.995831960978684 3
      vertex -23.81214352935854 31.23218479067164 3
      vertex -24.24143708368174 34.75593424211845 3
    endloop
  endfacet
  facet normal 0 0 1
    outer loop
      vertex -24.24143708368174 34.75593424211845 3
      vertex -23.64736318154764 31.38692383699642 3
      vertex -23.883782697586486 34.55931207948544 3
    endloop
  endfacet
  facet normal 0 0 1
    outer loop
      vertex -23.464488230962193 31.519790265903627 3
      vertex -23.50430523171858 34.40906632204075 3
      vertex -23.883782697586486 34.55931207948544 3
    endloop
  endfacet
  facet normal 0 0 1
    outer loop
      vertex -23.056230589874904 31.711901729331277 3
      vertex -23.108989272403605 34.30756643513176 3
      vertex -23.50430523171858 34.40906632204075 3
    endloop
  endfacet
  facet normal 0 0 1
    outer loop
      vertex -22.837286366254304 31.76811705131164 3
      vertex -22.70406918847027 34.25641313260812 3
      vertex -23.108989272403605 34.30756643513176 3
    endloop
  endfacet
  facet normal 0 0 1
    outer loop
      vertex -22.70406918847027 34.25641313260812 3
      vertex -22.386977064847237 31.79644811117089 3
      vertex -22.29593081152973 34.25641313260812 3
    endloop
  endfacet
  facet normal 0 0 1
    outer loop
      vertex -24.813952597646566 44.49013364214136 3
      vertex -24.869148039119587 39.72477809426824 3
      vertex -24.57162796668324 40.004168039021316 3
    endloop
  endfacet
  facet normal 0 0 1
    outer loop
      vertex -24.813952597646566 44.49013364214136 3
      vertex -24.57162796668324 40.004168039021316 3
      vertex -24.24143708368174 40.24406575788155 3
    endloop
  endfacet
  facet normal 0 0 1
    outer loop
      vertex -26.045084971874736 44.25528258147577 3
      vertex -24.813952597646566 44.49013364214136 3
      vertex -25.436906572928624 44.411436253643444 3
    endloop
  endfacet
  facet normal 0 0 1
    outer loop
      vertex -24.813952597646566 44.49013364214136 3
      vertex -24.24143708368174 40.24406575788155 3
      vertex -23.883782697586486 40.44068792051456 3
    endloop
  endfacet
  facet normal 0 0 1
    outer loop
      vertex -24.813952597646566 44.49013364214136 3
      vertex -23.883782697586486 40.44068792051456 3
      vertex -23.50430523171858 40.59093367795925 3
    endloop
  endfacet
  facet normal 0 0 1
    outer loop
      vertex -24.813952597646566 44.49013364214136 3
      vertex -23.50430523171858 40.59093367795925 3
      vertex -23.108989272403605 40.69243356486824 3
    endloop
  endfacet
  facet normal 0 0 1
    outer loop
      vertex -24.813952597646566 44.49013364214136 3
      vertex -23.108989272403605 40.69243356486824 3
      vertex -22.704069188470267 40.74358686739188 3
    endloop
  endfacet
  facet normal 0 0 1
    outer loop
      vertex -24.813952597646566 44.49013364214136 3
      vertex -22.704069188470267 40.74358686739188 3
      vertex -22.295930811529733 40.74358686739188 3
    endloop
  endfacet
  facet normal 0 0 1
    outer loop
      vertex -24.813952597646566 44.49013364214136 3
      vertex -22.295930811529733 40.74358686739188 3
      vertex -21.891010727596395 40.69243356486824 3
    endloop
  endfacet
  facet normal 0 0 1
    outer loop
      vertex -24.813952597646566 44.49013364214136 3
      vertex -21.891010727596395 40.69243356486824 3
      vertex -21.49569476828142 40.59093367795925 3
    endloop
  endfacet
  facet normal 0 0 1
    outer loop
      vertex -24.813952597646566 44.49013364214136 3
      vertex -21.49569476828142 40.59093367795925 3
      vertex -21.116217302413514 40.44068792051456 3
    endloop
  endfacet
  facet normal 0 0 1
    outer loop
      vertex -24.813952597646566 44.49013364214136 3
      vertex -21.116217302413514 40.44068792051456 3
      vertex -20.75856291631826 40.24406575788155 3
    endloop
  endfacet
  facet normal 0 0 1
    outer loop
      vertex -22.295930811529733 25.743586867391883 3
      vertex -21.891010727596395 25.69243356486824 3
      vertex -22.162713633745696 28.23188294868836 3
    endloop
  endfacet
  facet normal 0 0 1
    outer loop
      vertex -21.891010727596395 25.69243356486824 3
      vertex -21.49569476828142 25.59093367795925 3
      vertex -21.73359727518287 28.371311305561164 3
    endloop
  endfacet
  facet normal 0 0 1
    outer loop
      vertex -21.891010727596395 25.69243356486824 3
      vertex -21.943769410125096 28.288098270668723 3
      vertex -22.162713633745696 28.23188294868836 3
    endloop
  endfacet
  facet normal 0 0 1
    outer loop
      vertex -21.891010727596395 25.69243356486824 3
      vertex -21.73359727518287 28.371311305561164 3
      vertex -21.943769410125096 28.288098270668723 3
    endloop
  endfacet
  facet normal 0 0 1
    outer loop
      vertex -21.116217302413514 25.440687920514563 3
      vertex -21.535511769037807 28.480209734096373 3
      vertex -21.49569476828142 25.59093367795925 3
    endloop
  endfacet
  facet normal 0 0 1
    outer loop
      vertex -21.49569476828142 25.59093367795925 3
      vertex -21.535511769037807 28.480209734096373 3
      vertex -21.73359727518287 28.371311305561164 3
    endloop
  endfacet
  facet normal 0 0 1
    outer loop
      vertex -21.116217302413514 25.440687920514563 3
      vertex -21.352636818452357 28.61307616300358 3
      vertex -21.535511769037807 28.480209734096373 3
    endloop
  endfacet
  facet normal 0 0 1
    outer loop
      vertex -21.116217302413514 25.440687920514563 3
      vertex -21.18785647064146 28.76781520932836 3
      vertex -21.352636818452357 28.61307616300358 3
    endloop
  endfacet
  facet normal 0 0 1
    outer loop
      vertex -20.75856291631826 25.24406575788155 3
      vertex -20.42837203331676 25.004168039021316 3
      vertex -21.043769410125094 28.941986545873547 3
    endloop
  endfacet
  facet normal 0 0 1
    outer loop
      vertex -20.42837203331676 25.004168039021316 3
      vertex -20.130851960880413 24.72477809426824 3
      vertex -20.826402325401148 29.33737580516758 3
    endloop
  endfacet
  facet normal 0 0 1
    outer loop
      vertex -21.116217302413514 25.440687920514563 3
      vertex -20.75856291631826 25.24406575788155 3
      vertex -21.18785647064146 28.76781520932836 3
    endloop
  endfacet
  facet normal 0 0 1
    outer loop
      vertex -20.75856291631826 25.24406575788155 3
      vertex -21.043769410125094 28.941986545873547 3
      vertex -21.18785647064146 28.76781520932836 3
    endloop
  endfacet
  facet normal 0 0 1
    outer loop
      vertex -20.42837203331676 25.004168039021316 3
      vertex -20.922647975921045 29.132843386616912 3
      vertex -21.043769410125094 28.941986545873547 3
    endloop
  endfacet
  facet normal 0 0 1
    outer loop
      vertex -19.352104726331948 23.308242133285777 3
      vertex -20.7 30 3
      vertex -19.478226420863184 23.696404796225202 3
    endloop
  endfacet
  facet normal 0 0 1
    outer loop
      vertex -20.130851960880413 24.72477809426824 3
      vertex -19.87069476828142 24.41030206995054 3
      vertex -20.756550309968464 29.55235820310326 3
    endloop
  endfacet
  facet normal 0 0 1
    outer loop
      vertex -19.652003289857443 24.065699440830574 3
      vertex -20.7 30 3
      vertex -19.87069476828142 24.41030206995054 3
    endloop
  endfacet
  facet normal 0 0 1
    outer loop
      vertex -19.652003289857443 24.065699440830574 3
      vertex -19.478226420863184 23.696404796225202 3
      vertex -20.7 30 3
    endloop
  endfacet
  facet normal 0 0 1
    outer loop
      vertex -15.53942649342761 40.12666616782152 3
      vertex -19.352104726331948 21.691757866714223 3
      vertex -20.7 15 3
    endloop
  endfacet
  facet normal 0 0 1
    outer loop
      vertex -20.42837203331676 25.004168039021316 3
      vertex -20.826402325401148 29.33737580516758 3
      vertex -20.922647975921045 29.132843386616912 3
    endloop
  endfacet
  facet normal 0 0 1
    outer loop
      vertex -20.130851960880413 24.72477809426824 3
      vertex -20.756550309968464 29.55235820310326 3
      vertex -20.826402325401148 29.33737580516758 3
    endloop
  endfacet
  facet normal 0 0 1
    outer loop
      vertex -19.87069476828142 24.41030206995054 3
      vertex -20.71419353763394 29.77440017958425 3
      vertex -20.756550309968464 29.55235820310326 3
    endloop
  endfacet
  facet normal 0 0 1
    outer loop
      vertex -19.87069476828142 24.41030206995054 3
      vertex -20.7 30 3
      vertex -20.71419353763394 29.77440017958425 3
    endloop
  endfacet
  facet normal 0 0 1
    outer loop
      vertex -22.162713633745696 31.76811705131164 3
      vertex -21.943769410125096 31.711901729331277 3
      vertex -21.891010727596395 34.30756643513176 3
    endloop
  endfacet
  facet normal 0 0 1
    outer loop
      vertex -21.943769410125096 31.711901729331277 3
      vertex -21.73359727518287 31.628688694438836 3
      vertex -21.891010727596395 34.30756643513176 3
    endloop
  endfacet
  facet normal 0 0 1
    outer loop
      vertex -21.73359727518287 31.628688694438836 3
      vertex -21.535511769037807 31.519790265903627 3
      vertex -21.49569476828142 34.40906632204075 3
    endloop
  endfacet
  facet normal 0 0 1
    outer loop
      vertex -21.535511769037807 31.519790265903627 3
      vertex -21.352636818452357 31.38692383699642 3
      vertex -21.116217302413514 34.55931207948544 3
    endloop
  endfacet
  facet normal 0 0 1
    outer loop
      vertex -21.18785647064146 31.23218479067164 3
      vertex -21.116217302413514 34.55931207948544 3
      vertex -21.352636818452357 31.38692383699642 3
    endloop
  endfacet
  facet normal 0 0 1
    outer loop
      vertex -20.7 30 3
      vertex -19.87069476828142 35.58969793004946 3
      vertex -20.71419353763394 30.22559982041575 3
    endloop
  endfacet
  facet normal 0 0 1
    outer loop
      vertex -21.18785647064146 31.23218479067164 3
      vertex -21.043769410125094 31.058013454126453 3
      vertex -20.75856291631826 34.75593424211845 3
    endloop
  endfacet
  facet normal 0 0 1
    outer loop
      vertex -21.043769410125094 31.058013454126453 3
      vertex -20.922647975921045 30.867156613383088 3
      vertex -20.42837203331676 34.995831960978684 3
    endloop
  endfacet
  facet normal 0 0 1
    outer loop
      vertex -20.922647975921045 30.867156613383088 3
      vertex -20.826402325401148 30.66262419483242 3
      vertex -20.42837203331676 34.995831960978684 3
    endloop
  endfacet
  facet normal 0 0 1
    outer loop
      vertex -20.756550309968464 30.44764179689674 3
      vertex -20.130851960880413 35.27522190573176 3
      vertex -20.826402325401148 30.66262419483242 3
    endloop
  endfacet
  facet normal 0 0 1
    outer loop
      vertex -20.756550309968464 30.44764179689674 3
      vertex -20.71419353763394 30.22559982041575 3
      vertex -19.87069476828142 35.58969793004946 3
    endloop
  endfacet
  facet normal 0 0 1
    outer loop
      vertex -15.53942649342761 40.12666616782152 3
      vertex -20.7 30 3
      vertex -19.352104726331948 23.308242133285777 3
    endloop
  endfacet
  facet normal 0 0 1
    outer loop
      vertex -15.53942649342761 40.12666616782152 3
      vertex -19.275627220727948 22.092666990916012 3
      vertex -19.352104726331948 21.691757866714223 3
    endloop
  endfacet
  facet normal 0 0 1
    outer loop
      vertex -15.53942649342761 40.12666616782152 3
      vertex -19.25 22.5 3
      vertex -19.275627220727948 22.092666990916012 3
    endloop
  endfacet
  facet normal 0 0 1
    outer loop
      vertex -15.53942649342761 40.12666616782152 3
      vertex -19.275627220727948 22.907333009083988 3
      vertex -19.25 22.5 3
    endloop
  endfacet
  facet normal 0 0 1
    outer loop
      vertex -15.53942649342761 40.12666616782152 3
      vertex -19.352104726331948 23.308242133285777 3
      vertex -19.275627220727948 22.907333009083988 3
    endloop
  endfacet
  facet normal 0 0 1
    outer loop
      vertex -22.29593081152973 34.25641313260812 3
      vertex -22.162713633745696 31.76811705131164 3
      vertex -21.891010727596395 34.30756643513176 3
    endloop
  endfacet
  facet normal 0 0 1
    outer loop
      vertex -21.73359727518287 31.628688694438836 3
      vertex -21.49569476828142 34.40906632204075 3
      vertex -21.891010727596395 34.30756643513176 3
    endloop
  endfacet
  facet normal 0 0 1
    outer loop
      vertex -21.535511769037807 31.519790265903627 3
      vertex -21.116217302413514 34.55931207948544 3
      vertex -21.49569476828142 34.40906632204075 3
    endloop
  endfacet
  facet normal 0 0 1
    outer loop
      vertex -21.18785647064146 31.23218479067164 3
      vertex -20.75856291631826 34.75593424211845 3
      vertex -21.116217302413514 34.55931207948544 3
    endloop
  endfacet
  facet normal 0 0 1
    outer loop
      vertex -21.043769410125094 31.058013454126453 3
      vertex -20.42837203331676 34.995831960978684 3
      vertex -20.75856291631826 34.75593424211845 3
    endloop
  endfacet
  facet normal 0 0 1
    outer loop
      vertex -20.826402325401148 30.66262419483242 3
      vertex -20.130851960880413 35.27522190573176 3
      vertex -20.42837203331676 34.995831960978684 3
    endloop
  endfacet
  facet normal 0 0 1
    outer loop
      vertex -20.756550309968464 30.44764179689674 3
      vertex -19.87069476828142 35.58969793004946 3
      vertex -20.130851960880413 35.27522190573176 3
    endloop
  endfacet
  facet normal 0 0 1
    outer loop
      vertex -20.7 30 3
      vertex -19.652003289857443 35.93430055916942 3
      vertex -19.87069476828142 35.58969793004946 3
    endloop
  endfacet
  facet normal 0 0 1
    outer loop
      vertex -20.7 30 3
      vertex -19.478226420863184 36.3035952037748 3
      vertex -19.652003289857443 35.93430055916942 3
    endloop
  endfacet
  facet normal 0 0 1
    outer loop
      vertex -15.53942649342761 40.12666616782152 3
      vertex -19.478226420863184 36.3035952037748 3
      vertex -20.7 30 3
    endloop
  endfacet
  facet normal 0 0 1
    outer loop
      vertex -24.813952597646566 44.49013364214136 3
      vertex -20.75856291631826 40.24406575788155 3
      vertex -20.42837203331676 40.004168039021316 3
    endloop
  endfacet
  facet normal 0 0 1
    outer loop
      vertex -24.813952597646566 44.49013364214136 3
      vertex -18.371103542174637 44.0241352623301 3
      vertex -20.186047402353434 44.49013364214136 3
    endloop
  endfacet
  facet normal 0 0 1
    outer loop
      vertex -24.813952597646566 44.49013364214136 3
      vertex -20.42837203331676 40.004168039021316 3
      vertex -15.53942649342761 40.12666616782152 3
    endloop
  endfacet
  facet normal 0 0 1
    outer loop
      vertex -15.53942649342761 40.12666616782152 3
      vertex -20.42837203331676 40.004168039021316 3
      vertex -20.130851960880413 39.72477809426824 3
    endloop
  endfacet
  facet normal 0 0 1
    outer loop
      vertex -15.53942649342761 40.12666616782152 3
      vertex -20.130851960880413 39.72477809426824 3
      vertex -19.87069476828142 39.41030206995054 3
    endloop
  endfacet
  facet normal 0 0 1
    outer loop
      vertex -24.813952597646566 44.49013364214136 3
      vertex -15.53942649342761 40.12666616782152 3
      vertex -18.371103542174637 44.0241352623301 3
    endloop
  endfacet
  facet normal 0 0 1
    outer loop
      vertex -20.186047402353434 44.49013364214136 3
      vertex -18.371103542174637 44.0241352623301 3
      vertex -19.563093427071376 44.411436253643444 3
    endloop
  endfacet
  facet normal 0 0 1
    outer loop
      vertex -19.563093427071376 44.411436253643444 3
      vertex -18.371103542174637 44.0241352623301 3
      vertex -18.954915028125264 44.25528258147577 3
    endloop
  endfacet
  facet normal 0 0 1
    outer loop
      vertex -15.53942649342761 40.12666616782152 3
      vertex -19.352104726331948 36.69175786671423 3
      vertex -19.478226420863184 36.3035952037748 3
    endloop
  endfacet
  facet normal 0 0 1
    outer loop
      vertex -15.53942649342761 40.12666616782152 3
      vertex -19.275627220727948 37.09266699091601 3
      vertex -19.352104726331948 36.69175786671423 3
    endloop
  endfacet
  facet normal 0 0 1
    outer loop
      vertex -15.53942649342761 40.12666616782152 3
      vertex -19.25 37.5 3
      vertex -19.275627220727948 37.09266699091601 3
    endloop
  endfacet
  facet normal 0 0 1
    outer loop
      vertex -15.53942649342761 40.12666616782152 3
      vertex -19.275627220727948 37.90733300908399 3
      vertex -19.25 37.5 3
    endloop
  endfacet
  facet normal 0 0 1
    outer loop
      vertex -15.53942649342761 40.12666616782152 3
      vertex -19.352104726331948 38.30824213328578 3
      vertex -19.275627220727948 37.90733300908399 3
    endloop
  endfacet
  facet normal 0 0 1
    outer loop
      vertex -15.53942649342761 40.12666616782152 3
      vertex -19.87069476828142 39.41030206995054 3
      vertex -19.652003289857443 39.06569944083058 3
    endloop
  endfacet
  facet normal 0 0 1
    outer loop
      vertex -15.53942649342761 40.12666616782152 3
      vertex -19.652003289857443 39.06569944083058 3
      vertex -19.478226420863184 38.6964047962252 3
    endloop
  endfacet
  facet normal 0 0 1
    outer loop
      vertex -15.53942649342761 40.12666616782152 3
      vertex -19.478226420863184 38.6964047962252 3
      vertex -19.352104726331948 38.30824213328578 3
    endloop
  endfacet
  facet normal 0 0 1
    outer loop
      vertex -18.371103542174637 44.0241352623301 3
      vertex -17.31288005125655 43.352566213878944 3
      vertex -17.82086602510502 43.72163962751007 3
    endloop
  endfacet
  facet normal 0 0 1
    outer loop
      vertex -18.371103542174637 44.0241352623301 3
      vertex -15.53942649342761 40.12666616782152 3
      vertex -16.454915028125264 42.43892626146236 3
    endloop
  endfacet
  facet normal 0 0 1
    outer loop
      vertex -16.85515686289294 42.92273552964345 3
      vertex -17.31288005125655 43.352566213878944 3
      vertex -16.454915028125264 42.43892626146236 3
    endloop
  endfacet
  facet normal 0 0 1
    outer loop
      vertex -18.371103542174637 44.0241352623301 3
      vertex -16.454915028125264 42.43892626146236 3
      vertex -17.31288005125655 43.352566213878944 3
    endloop
  endfacet
  facet normal 0 0 1
    outer loop
      vertex -15.851117570558744 41.34062276342339 3
      vertex -15.53942649342761 40.12666616782152 3
      vertex -15.657084194356845 40.743449435824274 3
    endloop
  endfacet
  facet normal 0 0 1
    outer loop
      vertex -15.851117570558744 41.34062276342339 3
      vertex -16.454915028125264 42.43892626146236 3
      vertex -15.53942649342761 40.12666616782152 3
    endloop
  endfacet
  facet normal 0 0 1
    outer loop
      vertex -15.851117570558744 41.34062276342339 3
      vertex -16.11846659978068 41.908768370508575 3
      vertex -16.454915028125264 42.43892626146236 3
    endloop
  endfacet
  facet normal 0 0 -1
    outer loop
      vertex -27.902460215688194 -43.123252120716124 0
      vertex -27.687119948743447 -43.352566213878944 0
      vertex -28.14484313710706 -42.92273552964344 0
    endloop
  endfacet
  facet normal 0 0 -1
    outer loop
      vertex -27.902460215688194 -43.123252120716124 0
      vertex -28.32974470492999 -42.66824035462518 0
      vertex -26.894499510254978 -43.855578439771634 0
    endloop
  endfacet
  facet normal 0 0 -1
    outer loop
      vertex -28.545084971874736 -42.43892626146236 0
      vertex -28.32974470492999 -42.66824035462518 0
      vertex -28.14484313710706 -42.92273552964344 0
    endloop
  endfacet
  facet normal 0 0 -1
    outer loop
      vertex -28.545084971874736 -42.43892626146236 0
      vertex -26.894499510254978 -43.855578439771634 0
      vertex -28.32974470492999 -42.66824035462518 0
    endloop
  endfacet
  facet normal 0 0 -1
    outer loop
      vertex -29.148882429441258 -41.34062276342339 0
      vertex -29.342915805643155 -40.743449435824274 0
      vertex -28.997335568919592 -41.61628547935894 0
    endloop
  endfacet
  facet normal 0 0 -1
    outer loop
      vertex -28.545084971874736 -42.43892626146236 0
      vertex -29.342915805643155 -40.743449435824274 0
      vertex -29.46344807205274 -39.789338302751595 0
    endloop
  endfacet
  facet normal 0 0 -1
    outer loop
      vertex -28.88153340021932 -41.908768370508575 0
      vertex -29.148882429441258 -41.34062276342339 0
      vertex -28.997335568919592 -41.61628547935894 0
    endloop
  endfacet
  facet normal 0 0 -1
    outer loop
      vertex -28.545084971874736 -42.43892626146236 0
      vertex -28.997335568919592 -41.61628547935894 0
      vertex -29.342915805643155 -40.743449435824274 0
    endloop
  endfacet
  facet normal 0 0 -1
    outer loop
      vertex -29.460573506572388 -40.12666616782152 0
      vertex -29.5 -39.5 0
      vertex -29.46344807205274 -39.789338302751595 0
    endloop
  endfacet
  facet normal 0 0 -1
    outer loop
      vertex -28.545084971874736 -42.43892626146236 0
      vertex -29.46344807205274 -39.789338302751595 0
      vertex -29.5 -35.5 0
    endloop
  endfacet
  facet normal 0 0 -1
    outer loop
      vertex -27.902460215688194 -43.123252120716124 0
      vertex -26.894499510254978 -43.855578439771634 0
      vertex -27.687119948743447 -43.352566213878944 0
    endloop
  endfacet
  facet normal 0 0 -1
    outer loop
      vertex -26.894499510254978 -43.855578439771634 0
      vertex -26.628896457825363 -44.0241352623301 0
      vertex -27.179133974894985 -43.72163962751007 0
    endloop
  endfacet
  facet normal 0 0 -1
    outer loop
      vertex -28.545084971874736 -42.43892626146236 0
      vertex -24.81395259764657 -44.49013364214136 0
      vertex -26.894499510254978 -43.855578439771634 0
    endloop
  endfacet
  facet normal 0 0 -1
    outer loop
      vertex -26.894499510254978 -43.855578439771634 0
      vertex -25.436906572928624 -44.411436253643444 0
      vertex -26.628896457825363 -44.0241352623301 0
    endloop
  endfacet
  facet normal 0 0 -1
    outer loop
      vertex -28.545084971874736 -42.43892626146236 0
      vertex -29.5 -35.5 0
      vertex -24.81395259764657 -44.49013364214136 0
    endloop
  endfacet
  facet normal 0 0 -1
    outer loop
      vertex -29.5 -35.5 0
      vertex -25.647895273668052 -38.30824213328578 0
      vertex -24.81395259764657 -44.49013364214136 0
    endloop
  endfacet
  facet normal 0 0 -1
    outer loop
      vertex -29.46344807205274 -39.789338302751595 0
      vertex -29.5 -39.5 0
      vertex -29.5 -35.5 0
    endloop
  endfacet
  facet normal 0 0 -1
    outer loop
      vertex -29.5 -35.5 0
      vertex -25.75 -37.5 0
      vertex -25.724372779272052 -37.90733300908399 0
    endloop
  endfacet
  facet normal 0 0 -1
    outer loop
      vertex -29.5 -35.5 0
      vertex -25.724372779272052 -37.90733300908399 0
      vertex -25.647895273668052 -38.30824213328578 0
    endloop
  endfacet
  facet normal 0 0 -1
    outer loop
      vertex -29.5 -35.5 0
      vertex -25.724372779272052 -37.09266699091601 0
      vertex -25.75 -37.5 0
    endloop
  endfacet
  facet normal 0 0 -1
    outer loop
      vertex -29.5 -35.5 0
      vertex -25.647895273668052 -36.69175786671422 0
      vertex -25.724372779272052 -37.09266699091601 0
    endloop
  endfacet
  facet normal 0 0 -1
    outer loop
      vertex -29.5 -35.5 0
      vertex -25.521773579136816 -36.3035952037748 0
      vertex -25.647895273668052 -36.69175786671422 0
    endloop
  endfacet
  facet normal 0 0 -1
    outer loop
      vertex -29.5 -35.5 0
      vertex -25.347996710142557 -35.93430055916942 0
      vertex -25.521773579136816 -36.3035952037748 0
    endloop
  endfacet
  facet normal 0 0 -1
    outer loop
      vertex -29.5 -35.5 0
      vertex -25.12930523171858 -35.58969793004946 0
      vertex -25.347996710142557 -35.93430055916942 0
    endloop
  endfacet
  facet normal 0 0 -1
    outer loop
      vertex -29.5 -35.5 0
      vertex -24.869148039119587 -35.27522190573176 0
      vertex -25.12930523171858 -35.58969793004946 0
    endloop
  endfacet
  facet normal 0 0 -1
    outer loop
      vertex -29.5 -35.5 0
      vertex -24.57162796668324 -34.995831960978684 0
      vertex -24.869148039119587 -35.27522190573176 0
    endloop
  endfacet
  facet normal 0 0 -1
    outer loop
      vertex -29.5 -35.5 0
      vertex -24.24143708368174 -34.75593424211845 0
      vertex -24.57162796668324 -34.995831960978684 0
    endloop
  endfacet
  facet normal 0 0 -1
    outer loop
      vertex -29.5 -35.5 0
      vertex -23.883782697586486 -34.55931207948544 0
      vertex -24.24143708368174 -34.75593424211845 0
    endloop
  endfacet
  facet normal 0 0 -1
    outer loop
      vertex -26.894499510254978 -43.855578439771634 0
      vertex -24.81395259764657 -44.49013364214136 0
      vertex -25.436906572928624 -44.411436253643444 0
    endloop
  endfacet
  facet normal 0 0 -1
    outer loop
      vertex -24.81395259764657 -44.49013364214136 0
      vertex -24.24143708368174 -40.24406575788155 0
      vertex -23.883782697586486 -40.44068792051456 0
    endloop
  endfacet
  facet normal 0 0 -1
    outer loop
      vertex -24.81395259764657 -44.49013364214136 0
      vertex -23.883782697586486 -40.44068792051456 0
      vertex -23.50430523171858 -40.59093367795925 0
    endloop
  endfacet
  facet normal 0 0 -1
    outer loop
      vertex -24.81395259764657 -44.49013364214136 0
      vertex -25.12930523171858 -39.41030206995054 0
      vertex -24.869148039119587 -39.72477809426824 0
    endloop
  endfacet
  facet normal 0 0 -1
    outer loop
      vertex -24.81395259764657 -44.49013364214136 0
      vertex -25.521773579136816 -38.6964047962252 0
      vertex -25.347996710142557 -39.06569944083058 0
    endloop
  endfacet
  facet normal 0 0 -1
    outer loop
      vertex -24.81395259764657 -44.49013364214136 0
      vertex -25.647895273668052 -38.30824213328578 0
      vertex -25.521773579136816 -38.6964047962252 0
    endloop
  endfacet
  facet normal 0 0 -1
    outer loop
      vertex -24.81395259764657 -44.49013364214136 0
      vertex -25.347996710142557 -39.06569944083058 0
      vertex -25.12930523171858 -39.41030206995054 0
    endloop
  endfacet
  facet normal 0 0 -1
    outer loop
      vertex -24.81395259764657 -44.49013364214136 0
      vertex -24.869148039119587 -39.72477809426824 0
      vertex -24.57162796668324 -40.004168039021316 0
    endloop
  endfacet
  facet normal 0 0 -1
    outer loop
      vertex -24.81395259764657 -44.49013364214136 0
      vertex -24.57162796668324 -40.004168039021316 0
      vertex -24.24143708368174 -40.24406575788155 0
    endloop
  endfacet
  facet normal 0 0 -1
    outer loop
      vertex -24.81395259764657 -44.49013364214136 0
      vertex -23.50430523171858 -40.59093367795925 0
      vertex -23.108989272403605 -40.69243356486824 0
    endloop
  endfacet
  facet normal 0 0 -1
    outer loop
      vertex -24.81395259764657 -44.49013364214136 0
      vertex -23.108989272403605 -40.69243356486824 0
      vertex -22.70406918847027 -40.74358686739188 0
    endloop
  endfacet
  facet normal 0 0 -1
    outer loop
      vertex -24.81395259764657 -44.49013364214136 0
      vertex -22.70406918847027 -40.74358686739188 0
      vertex -22.29593081152973 -40.74358686739188 0
    endloop
  endfacet
  facet normal 0 0 -1
    outer loop
      vertex -24.81395259764657 -44.49013364214136 0
      vertex -22.29593081152973 -40.74358686739188 0
      vertex -21.891010727596395 -40.69243356486824 0
    endloop
  endfacet
  facet normal 0 0 -1
    outer loop
      vertex -24.81395259764657 -44.49013364214136 0
      vertex -21.891010727596395 -40.69243356486824 0
      vertex -21.49569476828142 -40.59093367795925 0
    endloop
  endfacet
  facet normal 0 0 -1
    outer loop
      vertex -24.81395259764657 -44.49013364214136 0
      vertex -21.49569476828142 -40.59093367795925 0
      vertex -21.116217302413514 -40.44068792051456 0
    endloop
  endfacet
  facet normal 0 0 -1
    outer loop
      vertex -24.81395259764657 -44.49013364214136 0
      vertex -21.116217302413514 -40.44068792051456 0
      vertex -20.75856291631826 -40.24406575788155 0
    endloop
  endfacet
  facet normal 0 0 -1
    outer loop
      vertex -29.5 -35.5 0
      vertex -16.35445427529363 -31.237815205387154 0
      vertex -23.883782697586486 -34.55931207948544 0
    endloop
  endfacet
  facet normal 0 0 -1
    outer loop
      vertex -29.5 -35.5 0
      vertex -25.568882993001477 -30.959176877912054 0
      vertex -24.71882890057217 -31.010181486629126 0
    endloop
  endfacet
  facet normal 0 0 -1
    outer loop
      vertex -29.5 -35.5 0
      vertex -24.71882890057217 -31.010181486629126 0
      vertex -23.81214352935854 -31.23218479067164 0
    endloop
  endfacet
  facet normal 0 0 -1
    outer loop
      vertex -29.5 -35.5 0
      vertex -23.81214352935854 -31.23218479067164 0
      vertex -23.64736318154764 -31.38692383699642 0
    endloop
  endfacet
  facet normal 0 0 -1
    outer loop
      vertex -29.5 -35.5 0
      vertex -23.64736318154764 -31.38692383699642 0
      vertex -23.464488230962193 -31.519790265903627 0
    endloop
  endfacet
  facet normal 0 0 -1
    outer loop
      vertex -29.5 -35.5 0
      vertex -23.464488230962193 -31.519790265903627 0
      vertex -23.26640272481713 -31.628688694438836 0
    endloop
  endfacet
  facet normal 0 0 -1
    outer loop
      vertex -29.5 -35.5 0
      vertex -23.26640272481713 -31.628688694438836 0
      vertex -23.056230589874904 -31.711901729331277 0
    endloop
  endfacet
  facet normal 0 0 -1
    outer loop
      vertex -29.5 -35.5 0
      vertex -23.056230589874904 -31.711901729331277 0
      vertex -22.837286366254304 -31.76811705131164 0
    endloop
  endfacet
  facet normal 0 0 -1
    outer loop
      vertex -29.5 -35.5 0
      vertex -22.837286366254304 -31.76811705131164 0
      vertex -22.613022935152763 -31.79644811117089 0
    endloop
  endfacet
  facet normal 0 0 -1
    outer loop
      vertex -25.58740463957512 -30.62720508219109 0
      vertex -24.715533412416548 -30.543178793997225 0
      vertex -25.568882993001477 -30.959176877912054 0
    endloop
  endfacet
  facet normal 0 0 -1
    outer loop
      vertex -25.568882993001477 -30.959176877912054 0
      vertex -24.715533412416548 -30.543178793997225 0
      vertex -24.71882890057217 -31.010181486629126 0
    endloop
  endfacet
  facet normal 0 0 -1
    outer loop
      vertex -29.5 -35.5 0
      vertex -22.613022935152763 -31.79644811117089 0
      vertex -22.386977064847237 -31.79644811117089 0
    endloop
  endfacet
  facet normal 0 0 -1
    outer loop
      vertex -24.71882890057217 -31.010181486629126 0
      vertex -23.973716882196236 -31.030459466422332 0
      vertex -23.956230589874906 -31.058013454126453 0
    endloop
  endfacet
  facet normal 0 0 -1
    outer loop
      vertex -24.71882890057217 -31.010181486629126 0
      vertex -23.956230589874906 -31.058013454126453 0
      vertex -23.81214352935854 -31.23218479067164 0
    endloop
  endfacet
  facet normal 0 0 -1
    outer loop
      vertex -29.5 -35.5 0
      vertex -22.386977064847237 -31.79644811117089 0
      vertex -16.35445427529363 -31.237815205387154 0
    endloop
  endfacet
  facet normal 0 0 -1
    outer loop
      vertex -24.81395259764657 -44.49013364214136 0
      vertex -20.75856291631826 -40.24406575788155 0
      vertex -15.337286366254304 -39.26811705131164 0
    endloop
  endfacet
  facet normal 0 0 -1
    outer loop
      vertex -20.75856291631826 -40.24406575788155 0
      vertex -20.42837203331676 -40.004168039021316 0
      vertex -15.556230589874906 -39.211901729331274 0
    endloop
  endfacet
  facet normal 0 0 -1
    outer loop
      vertex -20.130851960880413 -39.72477809426824 0
      vertex -15.76640272481713 -39.128688694438836 0
      vertex -20.42837203331676 -40.004168039021316 0
    endloop
  endfacet
  facet normal 0 0 -1
    outer loop
      vertex -20.130851960880413 -39.72477809426824 0
      vertex -19.87069476828142 -39.41030206995054 0
      vertex -15.964488230962194 -39.01979026590363 0
    endloop
  endfacet
  facet normal 0 0 -1
    outer loop
      vertex -19.87069476828142 -39.41030206995054 0
      vertex -19.652003289857443 -39.06569944083058 0
      vertex -16.31214352935854 -38.73218479067164 0
    endloop
  endfacet
  facet normal 0 0 -1
    outer loop
      vertex -16.35445427529363 -31.237815205387154 0
      vertex -23.50430523171858 -34.40906632204075 0
      vertex -23.883782697586486 -34.55931207948544 0
    endloop
  endfacet
  facet normal 0 0 -1
    outer loop
      vertex -19.652003289857443 -39.06569944083058 0
      vertex -19.478226420863184 -38.6964047962252 0
      vertex -16.456230589874906 -38.55801345412645 0
    endloop
  endfacet
  facet normal 0 0 -1
    outer loop
      vertex -19.478226420863184 -38.6964047962252 0
      vertex -19.352104726331948 -38.30824213328577 0
      vertex -16.673597674598852 -38.16262419483242 0
    endloop
  endfacet
  facet normal 0 0 -1
    outer loop
      vertex -19.352104726331948 -38.30824213328577 0
      vertex -19.275627220727948 -37.90733300908399 0
      vertex -16.743449690031536 -37.94764179689674 0
    endloop
  endfacet
  facet normal 0 0 -1
    outer loop
      vertex -19.352104726331948 -36.69175786671422 0
      vertex -16.743449690031536 -37.05235820310326 0
      vertex -19.275627220727948 -37.09266699091601 0
    endloop
  endfacet
  facet normal 0 0 -1
    outer loop
      vertex -19.352104726331948 -36.69175786671422 0
      vertex -19.478226420863184 -36.3035952037748 0
      vertex -16.673597674598852 -36.83737580516758 0
    endloop
  endfacet
  facet normal 0 0 -1
    outer loop
      vertex -19.478226420863184 -36.3035952037748 0
      vertex -19.652003289857443 -35.93430055916942 0
      vertex -16.456230589874906 -36.44198654587355 0
    endloop
  endfacet
  facet normal 0 0 -1
    outer loop
      vertex -16.31214352935854 -36.26781520932836 0
      vertex -19.652003289857443 -35.93430055916942 0
      vertex -19.87069476828142 -35.58969793004946 0
    endloop
  endfacet
  facet normal 0 0 -1
    outer loop
      vertex -20.130851960880413 -35.27522190573176 0
      vertex -15.964488230962194 -35.98020973409637 0
      vertex -19.87069476828142 -35.58969793004946 0
    endloop
  endfacet
  facet normal 0 0 -1
    outer loop
      vertex -24.81395259764657 -44.49013364214136 0
      vertex -15.337286366254304 -39.26811705131164 0
      vertex -15.113022935152765 -39.29644811117089 0
    endloop
  endfacet
  facet normal 0 0 -1
    outer loop
      vertex -24.81395259764657 -44.49013364214136 0
      vertex -15.113022935152765 -39.29644811117089 0
      vertex -14.886977064847235 -39.29644811117089 0
    endloop
  endfacet
  facet normal 0 0 -1
    outer loop
      vertex -24.81395259764657 -44.49013364214136 0
      vertex -14.886977064847235 -39.29644811117089 0
      vertex -14.662713633745696 -39.26811705131164 0
    endloop
  endfacet
  facet normal 0 0 -1
    outer loop
      vertex -24.81395259764657 -44.49013364214136 0
      vertex -14.662713633745696 -39.26811705131164 0
      vertex -14.443769410125094 -39.211901729331274 0
    endloop
  endfacet
  facet normal 0 0 -1
    outer loop
      vertex -20.130851960880413 -39.72477809426824 0
      vertex -15.964488230962194 -39.01979026590363 0
      vertex -15.76640272481713 -39.128688694438836 0
    endloop
  endfacet
  facet normal 0 0 -1
    outer loop
      vertex -19.87069476828142 -39.41030206995054 0
      vertex -16.31214352935854 -38.73218479067164 0
      vertex -16.14736318154764 -38.886923836996424 0
    endloop
  endfacet
  facet normal 0 0 -1
    outer loop
      vertex -19.87069476828142 -39.41030206995054 0
      vertex -16.14736318154764 -38.886923836996424 0
      vertex -15.964488230962194 -39.01979026590363 0
    endloop
  endfacet
  facet normal 0 0 -1
    outer loop
      vertex -20.75856291631826 -40.24406575788155 0
      vertex -15.556230589874906 -39.211901729331274 0
      vertex -15.337286366254304 -39.26811705131164 0
    endloop
  endfacet
  facet normal 0 0 -1
    outer loop
      vertex -20.42837203331676 -40.004168039021316 0
      vertex -15.76640272481713 -39.128688694438836 0
      vertex -15.556230589874906 -39.211901729331274 0
    endloop
  endfacet
  facet normal 0 0 -1
    outer loop
      vertex -24.81395259764657 -44.49013364214136 0
      vertex -14.443769410125094 -39.211901729331274 0
      vertex -9.571627966683241 -40.004168039021316 0
    endloop
  endfacet
  facet normal 0 0 -1
    outer loop
      vertex -19.275627220727948 -37.90733300908399 0
      vertex -19.25 -37.5 0
      vertex -16.78580646236606 -37.725599820415745 0
    endloop
  endfacet
  facet normal 0 0 -1
    outer loop
      vertex -19.478226420863184 -38.6964047962252 0
      vertex -16.673597674598852 -38.16262419483242 0
      vertex -16.577352024078955 -38.36715661338309 0
    endloop
  endfacet
  facet normal 0 0 -1
    outer loop
      vertex -19.352104726331948 -38.30824213328577 0
      vertex -16.743449690031536 -37.94764179689674 0
      vertex -16.673597674598852 -38.16262419483242 0
    endloop
  endfacet
  facet normal 0 0 -1
    outer loop
      vertex -19.275627220727948 -37.90733300908399 0
      vertex -16.78580646236606 -37.725599820415745 0
      vertex -16.743449690031536 -37.94764179689674 0
    endloop
  endfacet
  facet normal 0 0 -1
    outer loop
      vertex -19.25 -37.5 0
      vertex -16.8 -37.5 0
      vertex -16.78580646236606 -37.725599820415745 0
    endloop
  endfacet
  facet normal 0 0 -1
    outer loop
      vertex -19.25 -37.5 0
      vertex -19.275627220727948 -37.09266699091601 0
      vertex -16.78580646236606 -37.274400179584255 0
    endloop
  endfacet
  facet normal 0 0 -1
    outer loop
      vertex -19.25 -37.5 0
      vertex -16.78580646236606 -37.274400179584255 0
      vertex -16.8 -37.5 0
    endloop
  endfacet
  facet normal 0 0 -1
    outer loop
      vertex -19.275627220727948 -37.09266699091601 0
      vertex -16.743449690031536 -37.05235820310326 0
      vertex -16.78580646236606 -37.274400179584255 0
    endloop
  endfacet
  facet normal 0 0 -1
    outer loop
      vertex -19.352104726331948 -36.69175786671422 0
      vertex -16.673597674598852 -36.83737580516758 0
      vertex -16.743449690031536 -37.05235820310326 0
    endloop
  endfacet
  facet normal 0 0 -1
    outer loop
      vertex -19.478226420863184 -36.3035952037748 0
      vertex -16.577352024078955 -36.63284338661691 0
      vertex -16.673597674598852 -36.83737580516758 0
    endloop
  endfacet
  facet normal 0 0 -1
    outer loop
      vertex -19.652003289857443 -39.06569944083058 0
      vertex -16.456230589874906 -38.55801345412645 0
      vertex -16.31214352935854 -38.73218479067164 0
    endloop
  endfacet
  facet normal 0 0 -1
    outer loop
      vertex -19.478226420863184 -38.6964047962252 0
      vertex -16.577352024078955 -38.36715661338309 0
      vertex -16.456230589874906 -38.55801345412645 0
    endloop
  endfacet
  facet normal 0 0 -1
    outer loop
      vertex -19.478226420863184 -36.3035952037748 0
      vertex -16.456230589874906 -36.44198654587355 0
      vertex -16.577352024078955 -36.63284338661691 0
    endloop
  endfacet
  facet normal 0 0 -1
    outer loop
      vertex -16.31214352935854 -36.26781520932836 0
      vertex -16.456230589874906 -36.44198654587355 0
      vertex -19.652003289857443 -35.93430055916942 0
    endloop
  endfacet
  facet normal 0 0 -1
    outer loop
      vertex -16.31214352935854 -36.26781520932836 0
      vertex -19.87069476828142 -35.58969793004946 0
      vertex -16.14736318154764 -36.113076163003576 0
    endloop
  endfacet
  facet normal 0 0 -1
    outer loop
      vertex -19.87069476828142 -35.58969793004946 0
      vertex -15.964488230962194 -35.98020973409637 0
      vertex -16.14736318154764 -36.113076163003576 0
    endloop
  endfacet
  facet normal 0 0 -1
    outer loop
      vertex -20.130851960880413 -35.27522190573176 0
      vertex -15.76640272481713 -35.871311305561164 0
      vertex -15.964488230962194 -35.98020973409637 0
    endloop
  endfacet
  facet normal 0 0 -1
    outer loop
      vertex -20.130851960880413 -35.27522190573176 0
      vertex -15.556230589874906 -35.788098270668726 0
      vertex -15.76640272481713 -35.871311305561164 0
    endloop
  endfacet
  facet normal 0 0 -1
    outer loop
      vertex -20.130851960880413 -35.27522190573176 0
      vertex -15.337286366254304 -35.73188294868836 0
      vertex -15.556230589874906 -35.788098270668726 0
    endloop
  endfacet
  facet normal 0 0 -1
    outer loop
      vertex -20.130851960880413 -35.27522190573176 0
      vertex -15.113022935152763 -35.70355188882911 0
      vertex -15.337286366254304 -35.73188294868836 0
    endloop
  endfacet
  facet normal 0 0 -1
    outer loop
      vertex -9.869148039119588 -35.27522190573176 0
      vertex -20.130851960880413 -35.27522190573176 0
      vertex -20.42837203331676 -34.995831960978684 0
    endloop
  endfacet
  facet normal 0 0 -1
    outer loop
      vertex -20.75856291631826 -34.75593424211845 0
      vertex -9.24143708368174 -34.75593424211845 0
      vertex -20.42837203331676 -34.995831960978684 0
    endloop
  endfacet
  facet normal 0 0 -1
    outer loop
      vertex -21.116217302413514 -34.55931207948544 0
      vertex -9.24143708368174 -34.75593424211845 0
      vertex -20.75856291631826 -34.75593424211845 0
    endloop
  endfacet
  facet normal 0 0 -1
    outer loop
      vertex -21.116217302413514 -34.55931207948544 0
      vertex -21.49569476828142 -34.40906632204075 0
      vertex -8.504305231718579 -34.40906632204075 0
    endloop
  endfacet
  facet normal 0 0 -1
    outer loop
      vertex -20.130851960880413 -35.27522190573176 0
      vertex -10.129305231718579 -35.58969793004946 0
      vertex -15.113022935152763 -35.70355188882911 0
    endloop
  endfacet
  facet normal 0 0 -1
    outer loop
      vertex -16.35445427529363 -31.237815205387154 0
      vertex -23.108989272403605 -34.30756643513176 0
      vertex -23.50430523171858 -34.40906632204075 0
    endloop
  endfacet
  facet normal 0 0 -1
    outer loop
      vertex -16.35445427529363 -31.237815205387154 0
      vertex -22.704069188470267 -34.25641313260812 0
      vertex -23.108989272403605 -34.30756643513176 0
    endloop
  endfacet
  facet normal 0 0 -1
    outer loop
      vertex -16.35445427529363 -31.237815205387154 0
      vertex -22.295930811529733 -34.25641313260812 0
      vertex -22.704069188470267 -34.25641313260812 0
    endloop
  endfacet
  facet normal 0 0 -1
    outer loop
      vertex -16.35445427529363 -31.237815205387154 0
      vertex -22.386977064847237 -31.79644811117089 0
      vertex -22.162713633745696 -31.76811705131164 0
    endloop
  endfacet
  facet normal 0 0 -1
    outer loop
      vertex -16.35445427529363 -31.237815205387154 0
      vertex -21.891010727596395 -34.30756643513176 0
      vertex -22.295930811529733 -34.25641313260812 0
    endloop
  endfacet
  facet normal 0 0 -1
    outer loop
      vertex -16.35445427529363 -31.237815205387154 0
      vertex -21.49569476828142 -34.40906632204075 0
      vertex -21.891010727596395 -34.30756643513176 0
    endloop
  endfacet
  facet normal 0 0 -1
    outer loop
      vertex -16.35445427529363 -31.237815205387154 0
      vertex -22.162713633745696 -31.76811705131164 0
      vertex -21.943769410125096 -31.711901729331277 0
    endloop
  endfacet
  facet normal 0 0 -1
    outer loop
      vertex -16.35445427529363 -31.237815205387154 0
      vertex -21.943769410125096 -31.711901729331277 0
      vertex -21.73359727518287 -31.628688694438836 0
    endloop
  endfacet
  facet normal 0 0 -1
    outer loop
      vertex -16.35445427529363 -31.237815205387154 0
      vertex -21.73359727518287 -31.628688694438836 0
      vertex -21.535511769037807 -31.519790265903627 0
    endloop
  endfacet
  facet normal 0 0 -1
    outer loop
      vertex -16.35445427529363 -31.237815205387154 0
      vertex -21.535511769037807 -31.519790265903627 0
      vertex -21.352636818452357 -31.38692383699642 0
    endloop
  endfacet
  facet normal 0 0 -1
    outer loop
      vertex -16.35445427529363 -31.237815205387154 0
      vertex -21.352636818452357 -31.38692383699642 0
      vertex -21.18785647064146 -31.23218479067164 0
    endloop
  endfacet
  facet normal 0 0 -1
    outer loop
      vertex -16.35445427529363 -31.237815205387154 0
      vertex -21.18785647064146 -31.23218479067164 0
      vertex -21.08598889038929 -31.10904803890808 0
    endloop
  endfacet
  facet normal 0 0 -1
    outer loop
      vertex -16.35445427529363 -31.237815205387154 0
      vertex -16.429736905787607 -30.50986635785864 0
      vertex -15.5 -30.50986635785864 0
    endloop
  endfacet
  facet normal 0 0 -1
    outer loop
      vertex -16.35445427529363 -31.237815205387154 0
      vertex -8.504305231718579 -34.40906632204075 0
      vertex -21.49569476828142 -34.40906632204075 0
    endloop
  endfacet
  facet normal -0.9048270524660187 -0.42577929156507455 0
    outer loop
      vertex -28.88153340021932 -41.908768370508575 0
      vertex -28.88153340021932 -41.908768370508575 3
      vertex -29.148882429441258 -41.34062276342339 0
    endloop
  endfacet
  facet normal -0.8443279255020137 -0.5358267949789987 0
    outer loop
      vertex -28.88153340021932 -41.908768370508575 0
      vertex -28.545084971874736 -42.43892626146236 0
      vertex -28.545084971874736 -42.43892626146236 3
    endloop
  endfacet
  facet normal -0.6845471059286876 -0.7289686274214126 0
    outer loop
      vertex -27.687119948743447 -43.352566213878944 0
      vertex -27.687119948743447 -43.352566213878944 3
      vertex -28.14484313710706 -42.92273552964344 0
    endloop
  endfacet
  facet normal -0.9510565162951541 -0.30901699437494573 0
    outer loop
      vertex -29.148882429441258 -41.34062276342339 0
      vertex -29.342915805643155 -40.743449435824274 3
      vertex -29.342915805643155 -40.743449435824274 0
    endloop
  endfacet
  facet normal -0.9980267284282714 -0.06279051952931593 0
    outer loop
      vertex -29.460573506572388 -40.12666616782152 0
      vertex -29.460573506572388 -40.12666616782152 3
      vertex -29.5 -39.5 0
    endloop
  endfacet
  facet normal -0.5877852522924736 -0.8090169943749471 0
    outer loop
      vertex -27.687119948743447 -43.352566213878944 0
      vertex -27.179133974894985 -43.72163962751007 0
      vertex -27.687119948743447 -43.352566213878944 3
    endloop
  endfacet
  facet normal -0.4817536741017189 -0.8763066800438617 0
    outer loop
      vertex -27.179133974894985 -43.72163962751007 0
      vertex -26.628896457825363 -44.0241352623301 0
      vertex -26.628896457825363 -44.0241352623301 3
    endloop
  endfacet
  facet normal -0.3681245526846774 -0.9297764858882517 0
    outer loop
      vertex -26.628896457825363 -44.0241352623301 0
      vertex -26.045084971874736 -44.25528258147577 0
      vertex -26.628896457825363 -44.0241352623301 3
    endloop
  endfacet
  facet normal -0.12533323356430504 -0.9921147013144777 0
    outer loop
      vertex -25.436906572928624 -44.411436253643444 0
      vertex -24.81395259764657 -44.49013364214136 0
      vertex -25.436906572928624 -44.411436253643444 3
    endloop
  endfacet
  facet normal 0 0 -1
    outer loop
      vertex -24.81395259764657 -44.49013364214136 0
      vertex -9.24143708368174 -40.24406575788155 0
      vertex -8.883782697586486 -40.44068792051456 0
    endloop
  endfacet
  facet normal 0 0 -1
    outer loop
      vertex -24.81395259764657 -44.49013364214136 0
      vertex -8.883782697586486 -40.44068792051456 0
      vertex -8.504305231718579 -40.59093367795925 0
    endloop
  endfacet
  facet normal 0 0 -1
    outer loop
      vertex -24.81395259764657 -44.49013364214136 0
      vertex -8.504305231718579 -40.59093367795925 0
      vertex -8.108989272403605 -40.69243356486824 0
    endloop
  endfacet
  facet normal 0 0 -1
    outer loop
      vertex -24.81395259764657 -44.49013364214136 0
      vertex -8.108989272403605 -40.69243356486824 0
      vertex -7.70406918847027 -40.74358686739188 0
    endloop
  endfacet
  facet normal 0 0 -1
    outer loop
      vertex -24.81395259764657 -44.49013364214136 0
      vertex -7.70406918847027 -40.74358686739188 0
      vertex -7.29593081152973 -40.74358686739188 0
    endloop
  endfacet
  facet normal 0 0 -1
    outer loop
      vertex -24.81395259764657 -44.49013364214136 0
      vertex -9.571627966683241 -40.004168039021316 0
      vertex -9.24143708368174 -40.24406575788155 0
    endloop
  endfacet
  facet normal 0 0 -1
    outer loop
      vertex -14.443769410125094 -39.211901729331274 0
      vertex -14.23359727518287 -39.128688694438836 0
      vertex -9.571627966683241 -40.004168039021316 0
    endloop
  endfacet
  facet normal 0 0 -1
    outer loop
      vertex -14.23359727518287 -39.128688694438836 0
      vertex -14.035511769037807 -39.01979026590363 0
      vertex -9.869148039119588 -39.72477809426824 0
    endloop
  endfacet
  facet normal 0 0 -1
    outer loop
      vertex -14.035511769037807 -39.01979026590363 0
      vertex -13.852636818452359 -38.886923836996424 0
      vertex -10.129305231718579 -39.41030206995054 0
    endloop
  endfacet
  facet normal 0 0 -1
    outer loop
      vertex -13.687856470641458 -38.73218479067164 0
      vertex -10.129305231718579 -39.41030206995054 0
      vertex -13.852636818452359 -38.886923836996424 0
    endloop
  endfacet
  facet normal 0 0 -1
    outer loop
      vertex -14.035511769037807 -39.01979026590363 0
      vertex -10.129305231718579 -39.41030206995054 0
      vertex -9.869148039119588 -39.72477809426824 0
    endloop
  endfacet
  facet normal 0 0 -1
    outer loop
      vertex -13.687856470641458 -38.73218479067164 0
      vertex -10.347996710142557 -39.06569944083058 0
      vertex -10.129305231718579 -39.41030206995054 0
    endloop
  endfacet
  facet normal 0 0 -1
    outer loop
      vertex -14.23359727518287 -39.128688694438836 0
      vertex -9.869148039119588 -39.72477809426824 0
      vertex -9.571627966683241 -40.004168039021316 0
    endloop
  endfacet
  facet normal 0 0 -1
    outer loop
      vertex -10.129305231718579 -35.58969793004946 0
      vertex -14.886977064847237 -35.70355188882911 0
      vertex -15.113022935152763 -35.70355188882911 0
    endloop
  endfacet
  facet normal 0 0 -1
    outer loop
      vertex -20.130851960880413 -35.27522190573176 0
      vertex -9.869148039119588 -35.27522190573176 0
      vertex -10.129305231718579 -35.58969793004946 0
    endloop
  endfacet
  facet normal 0 0 -1
    outer loop
      vertex -10.129305231718579 -35.58969793004946 0
      vertex -14.662713633745696 -35.73188294868836 0
      vertex -14.886977064847237 -35.70355188882911 0
    endloop
  endfacet
  facet normal 0 0 -1
    outer loop
      vertex -10.129305231718579 -35.58969793004946 0
      vertex -14.443769410125094 -35.788098270668726 0
      vertex -14.662713633745696 -35.73188294868836 0
    endloop
  endfacet
  facet normal 0 0 -1
    outer loop
      vertex -10.129305231718579 -35.58969793004946 0
      vertex -14.23359727518287 -35.871311305561164 0
      vertex -14.443769410125094 -35.788098270668726 0
    endloop
  endfacet
  facet normal 0 0 -1
    outer loop
      vertex -9.869148039119588 -35.27522190573176 0
      vertex -20.42837203331676 -34.995831960978684 0
      vertex -9.571627966683241 -34.995831960978684 0
    endloop
  endfacet
  facet normal 0 0 -1
    outer loop
      vertex -20.42837203331676 -34.995831960978684 0
      vertex -9.24143708368174 -34.75593424211845 0
      vertex -9.571627966683241 -34.995831960978684 0
    endloop
  endfacet
  facet normal 0 0 -1
    outer loop
      vertex -21.116217302413514 -34.55931207948544 0
      vertex -8.883782697586486 -34.55931207948544 0
      vertex -9.24143708368174 -34.75593424211845 0
    endloop
  endfacet
  facet normal 0 0 -1
    outer loop
      vertex -13.687856470641458 -38.73218479067164 0
      vertex -13.543769410125094 -38.55801345412645 0
      vertex -10.347996710142557 -39.06569944083058 0
    endloop
  endfacet
  facet normal 0 0 -1
    outer loop
      vertex -13.543769410125094 -38.55801345412645 0
      vertex -13.422647975921045 -38.36715661338309 0
      vertex -10.521773579136816 -38.6964047962252 0
    endloop
  endfacet
  facet normal 0 0 -1
    outer loop
      vertex -13.422647975921045 -38.36715661338309 0
      vertex -13.326402325401148 -38.16262419483242 0
      vertex -10.521773579136816 -38.6964047962252 0
    endloop
  endfacet
  facet normal 0 0 -1
    outer loop
      vertex -13.326402325401148 -38.16262419483242 0
      vertex -13.256550309968464 -37.94764179689674 0
      vertex -10.647895273668052 -38.30824213328578 0
    endloop
  endfacet
  facet normal 0 0 -1
    outer loop
      vertex -13.256550309968464 -37.94764179689674 0
      vertex -13.214193537633939 -37.725599820415745 0
      vertex -10.724372779272052 -37.90733300908399 0
    endloop
  endfacet
  facet normal 0 0 -1
    outer loop
      vertex -13.214193537633939 -37.725599820415745 0
      vertex -13.2 -37.5 0
      vertex -10.75 -37.5 0
    endloop
  endfacet
  facet normal 0 0 -1
    outer loop
      vertex -13.422647975921045 -36.63284338661691 0
      vertex -10.647895273668052 -36.69175786671422 0
      vertex -13.326402325401148 -36.83737580516758 0
    endloop
  endfacet
  facet normal 0 0 -1
    outer loop
      vertex -13.543769410125094 -36.44198654587355 0
      vertex -10.521773579136816 -36.3035952037748 0
      vertex -13.422647975921045 -36.63284338661691 0
    endloop
  endfacet
  facet normal 0 0 -1
    outer loop
      vertex -13.68785647064146 -36.26781520932836 0
      vertex -10.347996710142557 -35.93430055916942 0
      vertex -13.543769410125094 -36.44198654587355 0
    endloop
  endfacet
  facet normal 0 0 -1
    outer loop
      vertex -13.2 -37.5 0
      vertex -13.214193537633939 -37.274400179584255 0
      vertex -10.75 -37.5 0
    endloop
  endfacet
  facet normal 0 0 -1
    outer loop
      vertex -13.214193537633939 -37.274400179584255 0
      vertex -13.256550309968464 -37.05235820310326 0
      vertex -10.724372779272052 -37.09266699091601 0
    endloop
  endfacet
  facet normal 0 0 -1
    outer loop
      vertex -13.256550309968464 -37.05235820310326 0
      vertex -13.326402325401148 -36.83737580516758 0
      vertex -10.647895273668052 -36.69175786671422 0
    endloop
  endfacet
  facet normal 0 0 -1
    outer loop
      vertex -13.256550309968464 -37.94764179689674 0
      vertex -10.724372779272052 -37.90733300908399 0
      vertex -10.647895273668052 -38.30824213328578 0
    endloop
  endfacet
  facet normal 0 0 -1
    outer loop
      vertex -13.214193537633939 -37.725599820415745 0
      vertex -10.75 -37.5 0
      vertex -10.724372779272052 -37.90733300908399 0
    endloop
  endfacet
  facet normal 0 0 -1
    outer loop
      vertex -13.543769410125094 -38.55801345412645 0
      vertex -10.521773579136816 -38.6964047962252 0
      vertex -10.347996710142557 -39.06569944083058 0
    endloop
  endfacet
  facet normal 0 0 -1
    outer loop
      vertex -13.326402325401148 -38.16262419483242 0
      vertex -10.647895273668052 -38.30824213328578 0
      vertex -10.521773579136816 -38.6964047962252 0
    endloop
  endfacet
  facet normal 0 0 -1
    outer loop
      vertex -13.214193537633939 -37.274400179584255 0
      vertex -10.724372779272052 -37.09266699091601 0
      vertex -10.75 -37.5 0
    endloop
  endfacet
  facet normal 0 0 -1
    outer loop
      vertex -13.256550309968464 -37.05235820310326 0
      vertex -10.647895273668052 -36.69175786671422 0
      vertex -10.724372779272052 -37.09266699091601 0
    endloop
  endfacet
  facet normal 0 0 -1
    outer loop
      vertex -13.422647975921045 -36.63284338661691 0
      vertex -10.521773579136816 -36.3035952037748 0
      vertex -10.647895273668052 -36.69175786671422 0
    endloop
  endfacet
  facet normal 0 0 -1
    outer loop
      vertex -13.543769410125094 -36.44198654587355 0
      vertex -10.347996710142557 -35.93430055916942 0
      vertex -10.521773579136816 -36.3035952037748 0
    endloop
  endfacet
  facet normal 0 0 -1
    outer loop
      vertex -10.129305231718579 -35.58969793004946 0
      vertex -14.035511769037806 -35.98020973409637 0
      vertex -14.23359727518287 -35.871311305561164 0
    endloop
  endfacet
  facet normal 0 0 -1
    outer loop
      vertex -13.852636818452359 -36.113076163003576 0
      vertex -10.347996710142557 -35.93430055916942 0
      vertex -13.68785647064146 -36.26781520932836 0
    endloop
  endfacet
  facet normal 0 0 -1
    outer loop
      vertex -14.035511769037806 -35.98020973409637 0
      vertex -10.129305231718579 -35.58969793004946 0
      vertex -13.852636818452359 -36.113076163003576 0
    endloop
  endfacet
  facet normal 0 0 -1
    outer loop
      vertex -21.116217302413514 -34.55931207948544 0
      vertex -8.504305231718579 -34.40906632204075 0
      vertex -8.883782697586486 -34.55931207948544 0
    endloop
  endfacet
  facet normal 0 0 -1
    outer loop
      vertex -13.852636818452359 -36.113076163003576 0
      vertex -10.129305231718579 -35.58969793004946 0
      vertex -10.347996710142557 -35.93430055916942 0
    endloop
  endfacet
  facet normal 0 0 -1
    outer loop
      vertex -24.81395259764657 -44.49013364214136 0
      vertex -7.29593081152973 -40.74358686739188 0
      vertex 5.1308519608804115 -39.72477809426824 0
    endloop
  endfacet
  facet normal 0 0 -1
    outer loop
      vertex -16.35445427529363 -31.237815205387154 0
      vertex -8.108989272403605 -34.30756643513176 0
      vertex -8.504305231718579 -34.40906632204075 0
    endloop
  endfacet
  facet normal 0 0 -1
    outer loop
      vertex -16.35445427529363 -31.237815205387154 0
      vertex -7.704069188470268 -34.25641313260812 0
      vertex -8.108989272403605 -34.30756643513176 0
    endloop
  endfacet
  facet normal 0 0 -1
    outer loop
      vertex -16.35445427529363 -31.237815205387154 0
      vertex -7.295930811529732 -34.25641313260812 0
      vertex -7.704069188470268 -34.25641313260812 0
    endloop
  endfacet
  facet normal 0 0 -1
    outer loop
      vertex -16.35445427529363 -31.237815205387154 0
      vertex -6.891010727596395 -34.30756643513176 0
      vertex -7.295930811529732 -34.25641313260812 0
    endloop
  endfacet
  facet normal 0 0 -1
    outer loop
      vertex -24.81395259764657 -44.49013364214136 0
      vertex 5.758562916318261 -40.24406575788155 0
      vertex 6.1162173024135145 -40.44068792051456 0
    endloop
  endfacet
  facet normal 0 0 -1
    outer loop
      vertex -24.81395259764657 -44.49013364214136 0
      vertex 6.1162173024135145 -40.44068792051456 0
      vertex 6.495694768281421 -40.59093367795925 0
    endloop
  endfacet
  facet normal 0 0 -1
    outer loop
      vertex -24.81395259764657 -44.49013364214136 0
      vertex 6.495694768281421 -40.59093367795925 0
      vertex 6.891010727596394 -40.69243356486824 0
    endloop
  endfacet
  facet normal 0 0 -1
    outer loop
      vertex -24.81395259764657 -44.49013364214136 0
      vertex 5.1308519608804115 -39.72477809426824 0
      vertex 5.428372033316759 -40.004168039021316 0
    endloop
  endfacet
  facet normal 0 0 -1
    outer loop
      vertex -24.81395259764657 -44.49013364214136 0
      vertex 5.428372033316759 -40.004168039021316 0
      vertex 5.758562916318261 -40.24406575788155 0
    endloop
  endfacet
  facet normal 0 0 -1
    outer loop
      vertex -6.495694768281421 -40.59093367795925 0
      vertex -6.1162173024135145 -40.44068792051456 0
      vertex -0.11302293515276478 -39.29644811117089 0
    endloop
  endfacet
  facet normal 0 0 -1
    outer loop
      vertex -6.1162173024135145 -40.44068792051456 0
      vertex -5.758562916318263 -40.24406575788155 0
      vertex -0.3372863662543047 -39.26811705131164 0
    endloop
  endfacet
  facet normal 0 0 -1
    outer loop
      vertex -5.758562916318263 -40.24406575788155 0
      vertex -5.428372033316758 -40.004168039021316 0
      vertex -0.5562305898749054 -39.211901729331274 0
    endloop
  endfacet
  facet normal 0 0 -1
    outer loop
      vertex -5.1308519608804115 -39.72477809426824 0
      vertex -0.7664027248171305 -39.128688694438836 0
      vertex -5.428372033316758 -40.004168039021316 0
    endloop
  endfacet
  facet normal 0 0 -1
    outer loop
      vertex -24.81395259764657 -44.49013364214136 0
      vertex 6.891010727596394 -40.69243356486824 0
      vertex 7.29593081152973 -40.74358686739188 0
    endloop
  endfacet
  facet normal 0 0 -1
    outer loop
      vertex -24.81395259764657 -44.49013364214136 0
      vertex 7.29593081152973 -40.74358686739188 0
      vertex 7.70406918847027 -40.74358686739188 0
    endloop
  endfacet
  facet normal 0 0 -1
    outer loop
      vertex -5.1308519608804115 -39.72477809426824 0
      vertex -4.870694768281421 -39.41030206995054 0
      vertex -0.9644882309621942 -39.01979026590363 0
    endloop
  endfacet
  facet normal 0 0 -1
    outer loop
      vertex -4.870694768281421 -39.41030206995054 0
      vertex -4.6520032898574435 -39.06569944083058 0
      vertex -1.312143529358541 -38.73218479067164 0
    endloop
  endfacet
  facet normal 0 0 -1
    outer loop
      vertex -7.29593081152973 -40.74358686739188 0
      vertex -6.891010727596394 -40.69243356486824 0
      vertex 4.870694768281421 -39.41030206995054 0
    endloop
  endfacet
  facet normal 0 0 -1
    outer loop
      vertex -6.891010727596394 -40.69243356486824 0
      vertex -6.495694768281421 -40.59093367795925 0
      vertex 4.478226420863183 -38.6964047962252 0
    endloop
  endfacet
  facet normal 0 0 -1
    outer loop
      vertex -4.870694768281421 -39.41030206995054 0
      vertex -1.312143529358541 -38.73218479067164 0
      vertex -1.1473631815476413 -38.886923836996424 0
    endloop
  endfacet
  facet normal 0 0 -1
    outer loop
      vertex -4.870694768281421 -39.41030206995054 0
      vertex -1.1473631815476413 -38.886923836996424 0
      vertex -0.9644882309621942 -39.01979026590363 0
    endloop
  endfacet
  facet normal 0 0 -1
    outer loop
      vertex -6.495694768281421 -40.59093367795925 0
      vertex -0.11302293515276478 -39.29644811117089 0
      vertex 0.11302293515276478 -39.29644811117089 0
    endloop
  endfacet
  facet normal 0 0 -1
    outer loop
      vertex -6.1162173024135145 -40.44068792051456 0
      vertex -0.3372863662543047 -39.26811705131164 0
      vertex -0.11302293515276478 -39.29644811117089 0
    endloop
  endfacet
  facet normal 0 0 -1
    outer loop
      vertex -6.495694768281421 -40.59093367795925 0
      vertex 0.11302293515276478 -39.29644811117089 0
      vertex 0.3372863662543047 -39.26811705131164 0
    endloop
  endfacet
  facet normal 0 0 -1
    outer loop
      vertex -5.758562916318263 -40.24406575788155 0
      vertex -0.5562305898749054 -39.211901729331274 0
      vertex -0.3372863662543047 -39.26811705131164 0
    endloop
  endfacet
  facet normal 0 0 -1
    outer loop
      vertex -5.428372033316758 -40.004168039021316 0
      vertex -0.7664027248171305 -39.128688694438836 0
      vertex -0.5562305898749054 -39.211901729331274 0
    endloop
  endfacet
  facet normal 0 0 -1
    outer loop
      vertex -5.1308519608804115 -39.72477809426824 0
      vertex -0.9644882309621942 -39.01979026590363 0
      vertex -0.7664027248171305 -39.128688694438836 0
    endloop
  endfacet
  facet normal 0 0 -1
    outer loop
      vertex -6.495694768281421 -40.59093367795925 0
      vertex 0.3372863662543047 -39.26811705131164 0
      vertex 4.478226420863183 -38.6964047962252 0
    endloop
  endfacet
  facet normal 0 0 -1
    outer loop
      vertex -4.6520032898574435 -39.06569944083058 0
      vertex -4.478226420863184 -38.6964047962252 0
      vertex -1.4562305898749055 -38.55801345412645 0
    endloop
  endfacet
  facet normal 0 0 -1
    outer loop
      vertex -4.478226420863184 -38.6964047962252 0
      vertex -4.352104726331948 -38.30824213328577 0
      vertex -1.6735976745988526 -38.16262419483242 0
    endloop
  endfacet
  facet normal 0 0 -1
    outer loop
      vertex -4.352104726331948 -38.30824213328577 0
      vertex -4.275627220727947 -37.90733300908399 0
      vertex -1.743449690031536 -37.94764179689674 0
    endloop
  endfacet
  facet normal 0 0 -1
    outer loop
      vertex -4.275627220727947 -37.90733300908399 0
      vertex -4.25 -37.5 0
      vertex -1.8 -37.5 0
    endloop
  endfacet
  facet normal 0 0 -1
    outer loop
      vertex -4.275627220727947 -37.09266699091601 0
      vertex -4.352104726331949 -36.69175786671422 0
      vertex -1.743449690031536 -37.05235820310326 0
    endloop
  endfacet
  facet normal 0 0 -1
    outer loop
      vertex -4.25 -37.5 0
      vertex -4.275627220727947 -37.09266699091601 0
      vertex -1.8 -37.5 0
    endloop
  endfacet
  facet normal 0 0 -1
    outer loop
      vertex -4.478226420863184 -36.3035952037748 0
      vertex -1.6735976745988526 -36.83737580516758 0
      vertex -4.352104726331949 -36.69175786671422 0
    endloop
  endfacet
  facet normal 0 0 -1
    outer loop
      vertex -4.478226420863184 -36.3035952037748 0
      vertex -4.6520032898574435 -35.93430055916942 0
      vertex -1.4562305898749055 -36.44198654587355 0
    endloop
  endfacet
  facet normal 0 0 -1
    outer loop
      vertex -4.478226420863184 -38.6964047962252 0
      vertex -1.6735976745988526 -38.16262419483242 0
      vertex -1.5773520240789543 -38.36715661338309 0
    endloop
  endfacet
  facet normal 0 0 -1
    outer loop
      vertex -4.6520032898574435 -39.06569944083058 0
      vertex -1.4562305898749055 -38.55801345412645 0
      vertex -1.312143529358541 -38.73218479067164 0
    endloop
  endfacet
  facet normal 0 0 -1
    outer loop
      vertex -4.478226420863184 -38.6964047962252 0
      vertex -1.5773520240789543 -38.36715661338309 0
      vertex -1.4562305898749055 -38.55801345412645 0
    endloop
  endfacet
  facet normal 0 0 -1
    outer loop
      vertex -4.352104726331948 -38.30824213328577 0
      vertex -1.743449690031536 -37.94764179689674 0
      vertex -1.6735976745988526 -38.16262419483242 0
    endloop
  endfacet
  facet normal 0 0 -1
    outer loop
      vertex -4.275627220727947 -37.90733300908399 0
      vertex -1.78580646236606 -37.725599820415745 0
      vertex -1.743449690031536 -37.94764179689674 0
    endloop
  endfacet
  facet normal 0 0 -1
    outer loop
      vertex -4.275627220727947 -37.90733300908399 0
      vertex -1.8 -37.5 0
      vertex -1.78580646236606 -37.725599820415745 0
    endloop
  endfacet
  facet normal 0 0 -1
    outer loop
      vertex -4.275627220727947 -37.09266699091601 0
      vertex -1.78580646236606 -37.274400179584255 0
      vertex -1.8 -37.5 0
    endloop
  endfacet
  facet normal 0 0 -1
    outer loop
      vertex -4.275627220727947 -37.09266699091601 0
      vertex -1.743449690031536 -37.05235820310326 0
      vertex -1.78580646236606 -37.274400179584255 0
    endloop
  endfacet
  facet normal 0 0 -1
    outer loop
      vertex -4.352104726331949 -36.69175786671422 0
      vertex -1.6735976745988526 -36.83737580516758 0
      vertex -1.743449690031536 -37.05235820310326 0
    endloop
  endfacet
  facet normal 0 0 -1
    outer loop
      vertex -4.478226420863184 -36.3035952037748 0
      vertex -1.5773520240789543 -36.63284338661691 0
      vertex -1.6735976745988526 -36.83737580516758 0
    endloop
  endfacet
  facet normal 0 0 -1
    outer loop
      vertex -4.478226420863184 -36.3035952037748 0
      vertex -1.4562305898749055 -36.44198654587355 0
      vertex -1.5773520240789543 -36.63284338661691 0
    endloop
  endfacet
  facet normal 0 0 -1
    outer loop
      vertex -1.312143529358541 -36.26781520932836 0
      vertex -1.4562305898749055 -36.44198654587355 0
      vertex -4.6520032898574435 -35.93430055916942 0
    endloop
  endfacet
  facet normal 0 0 -1
    outer loop
      vertex -1.312143529358541 -36.26781520932836 0
      vertex -4.6520032898574435 -35.93430055916942 0
      vertex -4.870694768281421 -35.58969793004946 0
    endloop
  endfacet
  facet normal 0 0 -1
    outer loop
      vertex -5.130851960880412 -35.27522190573176 0
      vertex -0.9644882309621942 -35.98020973409637 0
      vertex -4.870694768281421 -35.58969793004946 0
    endloop
  endfacet
  facet normal 0 0 -1
    outer loop
      vertex -1.312143529358541 -36.26781520932836 0
      vertex -4.870694768281421 -35.58969793004946 0
      vertex -1.1473631815476413 -36.113076163003576 0
    endloop
  endfacet
  facet normal 0 0 -1
    outer loop
      vertex -4.870694768281421 -35.58969793004946 0
      vertex -0.9644882309621942 -35.98020973409637 0
      vertex -1.1473631815476413 -36.113076163003576 0
    endloop
  endfacet
  facet normal 0 0 -1
    outer loop
      vertex -5.130851960880412 -35.27522190573176 0
      vertex -0.7664027248171309 -35.871311305561164 0
      vertex -0.9644882309621942 -35.98020973409637 0
    endloop
  endfacet
  facet normal 0 0 -1
    outer loop
      vertex -5.130851960880412 -35.27522190573176 0
      vertex -0.5562305898749054 -35.788098270668726 0
      vertex -0.7664027248171309 -35.871311305561164 0
    endloop
  endfacet
  facet normal 0 0 -1
    outer loop
      vertex -5.130851960880412 -35.27522190573176 0
      vertex -0.33728636625430425 -35.73188294868836 0
      vertex -0.5562305898749054 -35.788098270668726 0
    endloop
  endfacet
  facet normal 0 0 -1
    outer loop
      vertex -5.130851960880412 -35.27522190573176 0
      vertex -0.1130229351527639 -35.70355188882911 0
      vertex -0.33728636625430425 -35.73188294868836 0
    endloop
  endfacet
  facet normal 0 0 -1
    outer loop
      vertex -6.891010727596395 -34.30756643513176 0
      vertex 6.891010727596395 -34.30756643513176 0
      vertex -6.495694768281421 -34.40906632204075 0
    endloop
  endfacet
  facet normal 0 0 -1
    outer loop
      vertex -6.495694768281421 -34.40906632204075 0
      vertex 6.495694768281421 -34.40906632204075 0
      vertex -6.116217302413514 -34.55931207948544 0
    endloop
  endfacet
  facet normal 0 0 -1
    outer loop
      vertex -6.116217302413514 -34.55931207948544 0
      vertex 6.116217302413514 -34.55931207948544 0
      vertex -5.758562916318261 -34.75593424211845 0
    endloop
  endfacet
  facet normal 0 0 -1
    outer loop
      vertex -5.428372033316759 -34.995831960978684 0
      vertex 5.1308519608804115 -35.27522190573176 0
      vertex -5.130851960880412 -35.27522190573176 0
    endloop
  endfacet
  facet normal 0 0 -1
    outer loop
      vertex -5.758562916318261 -34.75593424211845 0
      vertex 5.758562916318261 -34.75593424211845 0
      vertex -5.428372033316759 -34.995831960978684 0
    endloop
  endfacet
  facet normal 0 0 -1
    outer loop
      vertex -5.130851960880412 -35.27522190573176 0
      vertex 4.870694768281421 -35.58969793004946 0
      vertex -0.1130229351527639 -35.70355188882911 0
    endloop
  endfacet
  facet normal 0 0 -1
    outer loop
      vertex -16.35445427529363 -31.237815205387154 0
      vertex 6.891010727596395 -34.30756643513176 0
      vertex -6.891010727596395 -34.30756643513176 0
    endloop
  endfacet
  facet normal 0 0 -1
    outer loop
      vertex -16.35445427529363 -31.237815205387154 0
      vertex -15.5 -30.50986635785864 0
      vertex 24.813952597646566 -30.50986635785864 0
    endloop
  endfacet
  facet normal 0 0 -1
    outer loop
      vertex -16.35445427529363 -31.237815205387154 0
      vertex 7.295930811529732 -34.25641313260812 0
      vertex 6.891010727596395 -34.30756643513176 0
    endloop
  endfacet
  facet normal 0 0 -1
    outer loop
      vertex -16.35445427529363 -31.237815205387154 0
      vertex 7.704069188470268 -34.25641313260812 0
      vertex 7.295930811529732 -34.25641313260812 0
    endloop
  endfacet
  facet normal -0.8443279255020137 -0.5358267949789987 0
    outer loop
      vertex -28.88153340021932 -41.908768370508575 0
      vertex -28.545084971874736 -42.43892626146236 3
      vertex -28.88153340021932 -41.908768370508575 3
    endloop
  endfacet
  facet normal -0.6845471059286876 -0.7289686274214126 0
    outer loop
      vertex -28.14484313710706 -42.92273552964344 0
      vertex -27.687119948743447 -43.352566213878944 3
      vertex -28.14484313710706 -42.92273552964344 3
    endloop
  endfacet
  facet normal -0.9048270524660187 -0.42577929156507455 0
    outer loop
      vertex -29.148882429441258 -41.34062276342339 0
      vertex -28.88153340021932 -41.908768370508575 3
      vertex -29.148882429441258 -41.34062276342339 3
    endloop
  endfacet
  facet normal -0.9510565162951541 -0.30901699437494573 0
    outer loop
      vertex -29.148882429441258 -41.34062276342339 0
      vertex -29.148882429441258 -41.34062276342339 3
      vertex -29.342915805643155 -40.743449435824274 3
    endloop
  endfacet
  facet normal -0.9980267284282714 -0.06279051952931593 0
    outer loop
      vertex -29.5 -39.5 0
      vertex -29.460573506572388 -40.12666616782152 3
      vertex -29.5 -39.5 3
    endloop
  endfacet
  facet normal -0.5877852522924736 -0.8090169943749471 0
    outer loop
      vertex -27.179133974894985 -43.72163962751007 0
      vertex -27.179133974894985 -43.72163962751007 3
      vertex -27.687119948743447 -43.352566213878944 3
    endloop
  endfacet
  facet normal -0.4817536741017189 -0.8763066800438617 0
    outer loop
      vertex -27.179133974894985 -43.72163962751007 0
      vertex -26.628896457825363 -44.0241352623301 3
      vertex -27.179133974894985 -43.72163962751007 3
    endloop
  endfacet
  facet normal -0.3681245526846774 -0.9297764858882517 0
    outer loop
      vertex -26.045084971874736 -44.25528258147577 0
      vertex -26.045084971874736 -44.25528258147577 3
      vertex -26.628896457825363 -44.0241352623301 3
    endloop
  endfacet
  facet normal -0.12533323356430504 -0.9921147013144777 0
    outer loop
      vertex -24.81395259764657 -44.49013364214136 0
      vertex -24.81395259764657 -44.49013364214136 3
      vertex -25.436906572928624 -44.411436253643444 3
    endloop
  endfacet
  facet normal 0 0 1
    outer loop
      vertex -28.88153340021932 -41.908768370508575 3
      vertex -28.545084971874736 -42.43892626146236 3
      vertex -28.32974470492999 -42.66824035462518 3
    endloop
  endfacet
  facet normal 0 0 1
    outer loop
      vertex -27.687119948743447 -43.352566213878944 3
      vertex -27.179133974894985 -43.72163962751007 3
      vertex -28.14484313710706 -42.92273552964344 3
    endloop
  endfacet
  facet normal 0 0 1
    outer loop
      vertex -28.88153340021932 -41.908768370508575 3
      vertex -29.342915805643155 -40.743449435824274 3
      vertex -29.148882429441258 -41.34062276342339 3
    endloop
  endfacet
  facet normal 0 0 1
    outer loop
      vertex -29.382342299070768 -40.431356604270995 3
      vertex -29.5 -39.5 3
      vertex -29.460573506572388 -40.12666616782152 3
    endloop
  endfacet
  facet normal 0 0 1
    outer loop
      vertex -27.179133974894985 -43.72163962751007 3
      vertex -26.628896457825363 -44.0241352623301 3
      vertex -26.045084971874736 -44.25528258147577 3
    endloop
  endfacet
  facet normal 0 0 1
    outer loop
      vertex -28.122704018068394 -40.066611504235425 3
      vertex -25.521773579136816 -38.6964047962252 3
      vertex -25.60642773015616 -38.43586610927943 3
    endloop
  endfacet
  facet normal 0 0 1
    outer loop
      vertex -28.122704018068394 -40.066611504235425 3
      vertex -25.347996710142557 -39.06569944083058 3
      vertex -25.521773579136816 -38.6964047962252 3
    endloop
  endfacet
  facet normal 0 0 1
    outer loop
      vertex -28.122704018068394 -40.066611504235425 3
      vertex -24.869148039119587 -39.72477809426824 3
      vertex -25.12930523171858 -39.41030206995054 3
    endloop
  endfacet
  facet normal 0 0 1
    outer loop
      vertex -28.122704018068394 -40.066611504235425 3
      vertex -24.57162796668324 -40.004168039021316 3
      vertex -24.869148039119587 -39.72477809426824 3
    endloop
  endfacet
  facet normal 0 0 1
    outer loop
      vertex -28.122704018068394 -40.066611504235425 3
      vertex -25.12930523171858 -39.41030206995054 3
      vertex -25.347996710142557 -39.06569944083058 3
    endloop
  endfacet
  facet normal 0 0 1
    outer loop
      vertex -25.736083594239254 -44.31422774675933 3
      vertex -25.436906572928624 -44.411436253643444 3
      vertex -24.81395259764657 -44.49013364214136 3
    endloop
  endfacet
  facet normal 0 0 1
    outer loop
      vertex -28.122704018068394 -40.066611504235425 3
      vertex -23.50430523171858 -40.59093367795925 3
      vertex -23.883782697586486 -40.44068792051456 3
    endloop
  endfacet
  facet normal 0 0 1
    outer loop
      vertex -28.122704018068394 -40.066611504235425 3
      vertex -23.108989272403605 -40.69243356486824 3
      vertex -23.50430523171858 -40.59093367795925 3
    endloop
  endfacet
  facet normal 0 0 1
    outer loop
      vertex -28.122704018068394 -40.066611504235425 3
      vertex -24.24143708368174 -40.24406575788155 3
      vertex -24.57162796668324 -40.004168039021316 3
    endloop
  endfacet
  facet normal 0 0 1
    outer loop
      vertex -28.122704018068394 -40.066611504235425 3
      vertex -23.883782697586486 -40.44068792051456 3
      vertex -24.24143708368174 -40.24406575788155 3
    endloop
  endfacet
  facet normal 0 0 1
    outer loop
      vertex -28.122704018068394 -40.066611504235425 3
      vertex -22.70406918847027 -40.74358686739188 3
      vertex -23.108989272403605 -40.69243356486824 3
    endloop
  endfacet
  facet normal 0 0 1
    outer loop
      vertex -25.40924390487007 -44.11235029091704 3
      vertex -24.81395259764657 -44.49013364214136 3
      vertex -18.247723713905334 -42.426028562404724 3
    endloop
  endfacet
  facet normal 0 0 1
    outer loop
      vertex -25.40924390487007 -44.11235029091704 3
      vertex -18.247723713905334 -42.426028562404724 3
      vertex -25.30270904966612 -42.08285305181637 3
    endloop
  endfacet
  facet normal 0 0 1
    outer loop
      vertex -28.122704018068394 -40.066611504235425 3
      vertex -18.247723713905334 -42.426028562404724 3
      vertex -22.70406918847027 -40.74358686739188 3
    endloop
  endfacet
  facet normal 0 0 1
    outer loop
      vertex -18.247723713905334 -42.426028562404724 3
      vertex -22.29593081152973 -40.74358686739188 3
      vertex -22.70406918847027 -40.74358686739188 3
    endloop
  endfacet
  facet normal 0 0 1
    outer loop
      vertex -18.247723713905334 -42.426028562404724 3
      vertex -21.891010727596395 -40.69243356486824 3
      vertex -22.29593081152973 -40.74358686739188 3
    endloop
  endfacet
  facet normal 0 0 1
    outer loop
      vertex -18.247723713905334 -42.426028562404724 3
      vertex -21.49569476828142 -40.59093367795925 3
      vertex -21.891010727596395 -40.69243356486824 3
    endloop
  endfacet
  facet normal 0 0 1
    outer loop
      vertex -18.247723713905334 -42.426028562404724 3
      vertex -21.116217302413514 -40.44068792051456 3
      vertex -21.49569476828142 -40.59093367795925 3
    endloop
  endfacet
  facet normal 0 0 1
    outer loop
      vertex -18.247723713905334 -42.426028562404724 3
      vertex -20.75856291631826 -40.24406575788155 3
      vertex -21.116217302413514 -40.44068792051456 3
    endloop
  endfacet
  facet normal 0 0 1
    outer loop
      vertex -18.247723713905334 -42.426028562404724 3
      vertex -20.42837203331676 -40.004168039021316 3
      vertex -20.75856291631826 -40.24406575788155 3
    endloop
  endfacet
  facet normal 0 0 1
    outer loop
      vertex -18.247723713905334 -42.426028562404724 3
      vertex -20.130851960880413 -39.72477809426824 3
      vertex -20.42837203331676 -40.004168039021316 3
    endloop
  endfacet
  facet normal 0 0 1
    outer loop
      vertex -18.247723713905334 -42.426028562404724 3
      vertex -19.87069476828142 -39.41030206995054 3
      vertex -20.130851960880413 -39.72477809426824 3
    endloop
  endfacet
  facet normal 0 0 1
    outer loop
      vertex -18.247723713905334 -42.426028562404724 3
      vertex -19.652003289857443 -39.06569944083058 3
      vertex -19.87069476828142 -39.41030206995054 3
    endloop
  endfacet
  facet normal 0 0 1
    outer loop
      vertex -18.247723713905334 -42.426028562404724 3
      vertex -19.478226420863184 -38.6964047962252 3
      vertex -19.652003289857443 -39.06569944083058 3
    endloop
  endfacet
  facet normal 0 0 1
    outer loop
      vertex -18.247723713905334 -42.426028562404724 3
      vertex -19.352104726331948 -38.30824213328577 3
      vertex -19.478226420863184 -38.6964047962252 3
    endloop
  endfacet
  facet normal 0 0 1
    outer loop
      vertex -18.247723713905334 -42.426028562404724 3
      vertex -19.275627220727948 -37.90733300908399 3
      vertex -19.352104726331948 -38.30824213328577 3
    endloop
  endfacet
  facet normal 0 0 1
    outer loop
      vertex -18.247723713905334 -42.426028562404724 3
      vertex -19.25 -37.5 3
      vertex -19.275627220727948 -37.90733300908399 3
    endloop
  endfacet
  facet normal 0 0 1
    outer loop
      vertex -18.247723713905334 -42.426028562404724 3
      vertex -19.275627220727948 -37.09266699091601 3
      vertex -19.25 -37.5 3
    endloop
  endfacet
  facet normal 0 0 1
    outer loop
      vertex -16.710296177014833 -32.670471572559165 3
      vertex -19.352104726331948 -36.69175786671422 3
      vertex -19.275627220727948 -37.09266699091601 3
    endloop
  endfacet
  facet normal 0 0 1
    outer loop
      vertex -16.710296177014833 -32.670471572559165 3
      vertex -19.478226420863184 -36.3035952037748 3
      vertex -19.352104726331948 -36.69175786671422 3
    endloop
  endfacet
  facet normal 0 0 1
    outer loop
      vertex -16.710296177014833 -32.670471572559165 3
      vertex -19.652003289857443 -35.93430055916942 3
      vertex -19.478226420863184 -36.3035952037748 3
    endloop
  endfacet
  facet normal 0 0 1
    outer loop
      vertex -16.710296177014833 -32.670471572559165 3
      vertex -20.130851960880413 -35.27522190573176 3
      vertex -19.87069476828142 -35.58969793004946 3
    endloop
  endfacet
  facet normal 0 0 1
    outer loop
      vertex -16.710296177014833 -32.670471572559165 3
      vertex -20.37529177897832 -35.045677637627165 3
      vertex -20.130851960880413 -35.27522190573176 3
    endloop
  endfacet
  facet normal 0 0 1
    outer loop
      vertex -16.710296177014833 -32.670471572559165 3
      vertex -19.87069476828142 -35.58969793004946 3
      vertex -19.652003289857443 -35.93430055916942 3
    endloop
  endfacet
  facet normal 0 0 1
    outer loop
      vertex -18.247723713905334 -42.426028562404724 3
      vertex -16.577352024078955 -38.36715661338309 3
      vertex -16.673597674598852 -38.16262419483242 3
    endloop
  endfacet
  facet normal 0 0 1
    outer loop
      vertex -18.247723713905334 -42.426028562404724 3
      vertex -16.456230589874906 -38.55801345412645 3
      vertex -16.577352024078955 -38.36715661338309 3
    endloop
  endfacet
  facet normal 0 0 1
    outer loop
      vertex -18.247723713905334 -42.426028562404724 3
      vertex -16.673597674598852 -38.16262419483242 3
      vertex -16.743449690031536 -37.94764179689674 3
    endloop
  endfacet
  facet normal 0 0 1
    outer loop
      vertex -18.247723713905334 -42.426028562404724 3
      vertex -16.743449690031536 -37.94764179689674 3
      vertex -16.78580646236606 -37.725599820415745 3
    endloop
  endfacet
  facet normal 0 0 1
    outer loop
      vertex -18.247723713905334 -42.426028562404724 3
      vertex -16.78580646236606 -37.725599820415745 3
      vertex -16.8 -37.5 3
    endloop
  endfacet
  facet normal 0 0 1
    outer loop
      vertex -18.247723713905334 -42.426028562404724 3
      vertex -16.8 -37.5 3
      vertex -16.78580646236606 -37.274400179584255 3
    endloop
  endfacet
  facet normal 0 0 1
    outer loop
      vertex -18.247723713905334 -42.426028562404724 3
      vertex -16.14736318154764 -38.886923836996424 3
      vertex -16.31214352935854 -38.73218479067164 3
    endloop
  endfacet
  facet normal 0 0 1
    outer loop
      vertex -18.247723713905334 -42.426028562404724 3
      vertex -16.31214352935854 -38.73218479067164 3
      vertex -16.456230589874906 -38.55801345412645 3
    endloop
  endfacet
  facet normal 0 0 1
    outer loop
      vertex -18.247723713905334 -42.426028562404724 3
      vertex -15.964488230962194 -39.01979026590363 3
      vertex -16.14736318154764 -38.886923836996424 3
    endloop
  endfacet
  facet normal 0 0 1
    outer loop
      vertex -18.247723713905334 -42.426028562404724 3
      vertex -15.76640272481713 -39.128688694438836 3
      vertex -15.964488230962194 -39.01979026590363 3
    endloop
  endfacet
  facet normal 0 0 1
    outer loop
      vertex -18.247723713905334 -42.426028562404724 3
      vertex -15.113022935152765 -39.29644811117089 3
      vertex -15.337286366254304 -39.26811705131164 3
    endloop
  endfacet
  facet normal 0 0 1
    outer loop
      vertex -18.247723713905334 -42.426028562404724 3
      vertex -14.886977064847235 -39.29644811117089 3
      vertex -15.113022935152765 -39.29644811117089 3
    endloop
  endfacet
  facet normal 0 0 1
    outer loop
      vertex -18.247723713905334 -42.426028562404724 3
      vertex -14.662713633745696 -39.26811705131164 3
      vertex -14.886977064847235 -39.29644811117089 3
    endloop
  endfacet
  facet normal 0 0 1
    outer loop
      vertex -18.247723713905334 -42.426028562404724 3
      vertex -15.556230589874906 -39.211901729331274 3
      vertex -15.76640272481713 -39.128688694438836 3
    endloop
  endfacet
  facet normal 0 0 1
    outer loop
      vertex -18.247723713905334 -42.426028562404724 3
      vertex -15.337286366254304 -39.26811705131164 3
      vertex -15.556230589874906 -39.211901729331274 3
    endloop
  endfacet
  facet normal 0 0 1
    outer loop
      vertex -18.247723713905334 -42.426028562404724 3
      vertex -14.443769410125094 -39.211901729331274 3
      vertex -14.662713633745696 -39.26811705131164 3
    endloop
  endfacet
  facet normal 0 0 1
    outer loop
      vertex -18.247723713905334 -42.426028562404724 3
      vertex -16.710296177014833 -32.670471572559165 3
      vertex -19.275627220727948 -37.09266699091601 3
    endloop
  endfacet
  facet normal 0 0 1
    outer loop
      vertex -18.247723713905334 -42.426028562404724 3
      vertex -16.78580646236606 -37.274400179584255 3
      vertex -16.710296177014833 -32.670471572559165 3
    endloop
  endfacet
  facet normal 0 0 1
    outer loop
      vertex -16.710296177014833 -32.670471572559165 3
      vertex -16.78580646236606 -37.274400179584255 3
      vertex -16.743449690031536 -37.05235820310326 3
    endloop
  endfacet
  facet normal 0 0 1
    outer loop
      vertex -16.710296177014833 -32.670471572559165 3
      vertex -16.743449690031536 -37.05235820310326 3
      vertex -16.673597674598852 -36.83737580516758 3
    endloop
  endfacet
  facet normal 0 0 1
    outer loop
      vertex -16.710296177014833 -32.670471572559165 3
      vertex -16.673597674598852 -36.83737580516758 3
      vertex -16.577352024078955 -36.63284338661691 3
    endloop
  endfacet
  facet normal 0 0 1
    outer loop
      vertex -16.710296177014833 -32.670471572559165 3
      vertex -16.577352024078955 -36.63284338661691 3
      vertex -16.456230589874906 -36.44198654587355 3
    endloop
  endfacet
  facet normal 0 0 1
    outer loop
      vertex -15.5 -33.02026547989614 3
      vertex -16.456230589874906 -36.44198654587355 3
      vertex -16.31214352935854 -36.26781520932836 3
    endloop
  endfacet
  facet normal 0 0 1
    outer loop
      vertex -15.5 -33.02026547989614 3
      vertex -16.31214352935854 -36.26781520932836 3
      vertex -16.14736318154764 -36.113076163003576 3
    endloop
  endfacet
  facet normal 0 0 1
    outer loop
      vertex -15.5 -33.02026547989614 3
      vertex -16.14736318154764 -36.113076163003576 3
      vertex -15.964488230962194 -35.98020973409637 3
    endloop
  endfacet
  facet normal 0 0 1
    outer loop
      vertex -15.5 -33.02026547989614 3
      vertex -15.964488230962194 -35.98020973409637 3
      vertex -15.76640272481713 -35.871311305561164 3
    endloop
  endfacet
  facet normal 0 0 1
    outer loop
      vertex -16.710296177014833 -32.670471572559165 3
      vertex -16.456230589874906 -36.44198654587355 3
      vertex -15.5 -33.02026547989614 3
    endloop
  endfacet
  facet normal 0 0 1
    outer loop
      vertex -15.5 -33.02026547989614 3
      vertex -15.76640272481713 -35.871311305561164 3
      vertex -15.556230589874906 -35.788098270668726 3
    endloop
  endfacet
  facet normal 0 0 1
    outer loop
      vertex -15.5 -33.02026547989614 3
      vertex -15.556230589874906 -35.788098270668726 3
      vertex -15.337286366254304 -35.73188294868836 3
    endloop
  endfacet
  facet normal 0 0 1
    outer loop
      vertex -15.5 -33.02026547989614 3
      vertex -15.337286366254304 -35.73188294868836 3
      vertex -15.113022935152763 -35.70355188882911 3
    endloop
  endfacet
  facet normal 0 0 1
    outer loop
      vertex -15.5 -33.02026547989614 3
      vertex -15.113022935152763 -35.70355188882911 3
      vertex -14.886977064847237 -35.70355188882911 3
    endloop
  endfacet
  facet normal 0 0 1
    outer loop
      vertex -15.5 -33.02026547989614 3
      vertex -14.886977064847237 -35.70355188882911 3
      vertex -14.662713633745696 -35.73188294868836 3
    endloop
  endfacet
  facet normal 0 0 1
    outer loop
      vertex -15.5 -33.02026547989614 3
      vertex -14.662713633745696 -35.73188294868836 3
      vertex -14.443769410125094 -35.788098270668726 3
    endloop
  endfacet
  facet normal 0 -1 0
    outer loop
      vertex -24.81395259764657 -44.49013364214136 0
      vertex 24.18604740235343 -44.49013364214136 3
      vertex -24.81395259764657 -44.49013364214136 3
    endloop
  endfacet
  facet normal 0 1 0
    outer loop
      vertex -15.5 -30.50986635785864 0
      vertex -15.5 -30.50986635785864 3
      vertex 24.813952597646566 -30.50986635785864 3
    endloop
  endfacet
  facet normal 0 0 1
    outer loop
      vertex -18.247723713905334 -42.426028562404724 3
      vertex -9.571627966683241 -40.004168039021316 3
      vertex -14.443769410125094 -39.211901729331274 3
    endloop
  endfacet
  facet normal 0 0 1
    outer loop
      vertex -18.247723713905334 -42.426028562404724 3
      vertex -8.883782697586486 -40.44068792051456 3
      vertex -9.24143708368174 -40.24406575788155 3
    endloop
  endfacet
  facet normal 0 0 1
    outer loop
      vertex -18.247723713905334 -42.426028562404724 3
      vertex -9.24143708368174 -40.24406575788155 3
      vertex -9.571627966683241 -40.004168039021316 3
    endloop
  endfacet
  facet normal 0 0 1
    outer loop
      vertex -14.443769410125094 -39.211901729331274 3
      vertex -9.571627966683241 -40.004168039021316 3
      vertex -14.23359727518287 -39.128688694438836 3
    endloop
  endfacet
  facet normal 0 0 1
    outer loop
      vertex -14.23359727518287 -39.128688694438836 3
      vertex -9.869148039119588 -39.72477809426824 3
      vertex -14.035511769037807 -39.01979026590363 3
    endloop
  endfacet
  facet normal 0 0 1
    outer loop
      vertex -14.035511769037807 -39.01979026590363 3
      vertex -10.129305231718579 -39.41030206995054 3
      vertex -13.852636818452359 -38.886923836996424 3
    endloop
  endfacet
  facet normal 0 0 1
    outer loop
      vertex -13.852636818452359 -38.886923836996424 3
      vertex -10.129305231718579 -39.41030206995054 3
      vertex -13.687856470641458 -38.73218479067164 3
    endloop
  endfacet
  facet normal 0 0 1
    outer loop
      vertex -18.247723713905334 -42.426028562404724 3
      vertex -8.504305231718579 -40.59093367795925 3
      vertex -8.883782697586486 -40.44068792051456 3
    endloop
  endfacet
  facet normal 0 0 1
    outer loop
      vertex -18.247723713905334 -42.426028562404724 3
      vertex -8.108989272403605 -40.69243356486824 3
      vertex -8.504305231718579 -40.59093367795925 3
    endloop
  endfacet
  facet normal 0 0 1
    outer loop
      vertex -18.247723713905334 -42.426028562404724 3
      vertex -7.70406918847027 -40.74358686739188 3
      vertex -8.108989272403605 -40.69243356486824 3
    endloop
  endfacet
  facet normal 0 0 1
    outer loop
      vertex -14.035511769037807 -39.01979026590363 3
      vertex -9.869148039119588 -39.72477809426824 3
      vertex -10.129305231718579 -39.41030206995054 3
    endloop
  endfacet
  facet normal 0 0 1
    outer loop
      vertex -13.687856470641458 -38.73218479067164 3
      vertex -10.129305231718579 -39.41030206995054 3
      vertex -10.347996710142557 -39.06569944083058 3
    endloop
  endfacet
  facet normal 0 0 1
    outer loop
      vertex -14.23359727518287 -39.128688694438836 3
      vertex -9.571627966683241 -40.004168039021316 3
      vertex -9.869148039119588 -39.72477809426824 3
    endloop
  endfacet
  facet normal 0 0 1
    outer loop
      vertex -14.443769410125094 -35.788098270668726 3
      vertex -14.23359727518287 -35.871311305561164 3
      vertex -10.129305231718579 -35.58969793004946 3
    endloop
  endfacet
  facet normal 0 0 1
    outer loop
      vertex -15.5 -33.02026547989614 3
      vertex -14.443769410125094 -35.788098270668726 3
      vertex -10.129305231718579 -35.58969793004946 3
    endloop
  endfacet
  facet normal 0 0 1
    outer loop
      vertex -13.687856470641458 -38.73218479067164 3
      vertex -10.347996710142557 -39.06569944083058 3
      vertex -13.543769410125094 -38.55801345412645 3
    endloop
  endfacet
  facet normal 0 0 1
    outer loop
      vertex -13.543769410125094 -38.55801345412645 3
      vertex -10.521773579136816 -38.6964047962252 3
      vertex -13.422647975921045 -38.36715661338309 3
    endloop
  endfacet
  facet normal 0 0 1
    outer loop
      vertex -13.422647975921045 -38.36715661338309 3
      vertex -10.521773579136816 -38.6964047962252 3
      vertex -13.326402325401148 -38.16262419483242 3
    endloop
  endfacet
  facet normal 0 0 1
    outer loop
      vertex -13.326402325401148 -38.16262419483242 3
      vertex -10.647895273668052 -38.30824213328578 3
      vertex -13.256550309968464 -37.94764179689674 3
    endloop
  endfacet
  facet normal 0 0 1
    outer loop
      vertex -13.256550309968464 -37.94764179689674 3
      vertex -10.724372779272052 -37.90733300908399 3
      vertex -13.214193537633939 -37.725599820415745 3
    endloop
  endfacet
  facet normal 0 0 1
    outer loop
      vertex -13.214193537633939 -37.725599820415745 3
      vertex -10.75 -37.5 3
      vertex -13.2 -37.5 3
    endloop
  endfacet
  facet normal 0 0 1
    outer loop
      vertex -13.422647975921045 -36.63284338661691 3
      vertex -13.326402325401148 -36.83737580516758 3
      vertex -10.647895273668052 -36.69175786671422 3
    endloop
  endfacet
  facet normal 0 0 1
    outer loop
      vertex -13.543769410125094 -36.44198654587355 3
      vertex -13.422647975921045 -36.63284338661691 3
      vertex -10.521773579136816 -36.3035952037748 3
    endloop
  endfacet
  facet normal 0 0 1
    outer loop
      vertex -13.68785647064146 -36.26781520932836 3
      vertex -13.543769410125094 -36.44198654587355 3
      vertex -10.347996710142557 -35.93430055916942 3
    endloop
  endfacet
  facet normal 0 0 1
    outer loop
      vertex -13.2 -37.5 3
      vertex -10.75 -37.5 3
      vertex -13.214193537633939 -37.274400179584255 3
    endloop
  endfacet
  facet normal 0 0 1
    outer loop
      vertex -13.214193537633939 -37.274400179584255 3
      vertex -10.724372779272052 -37.09266699091601 3
      vertex -13.256550309968464 -37.05235820310326 3
    endloop
  endfacet
  facet normal 0 0 1
    outer loop
      vertex -13.256550309968464 -37.05235820310326 3
      vertex -10.647895273668052 -36.69175786671422 3
      vertex -13.326402325401148 -36.83737580516758 3
    endloop
  endfacet
  facet normal 0 0 1
    outer loop
      vertex -13.256550309968464 -37.94764179689674 3
      vertex -10.647895273668052 -38.30824213328578 3
      vertex -10.724372779272052 -37.90733300908399 3
    endloop
  endfacet
  facet normal 0 0 1
    outer loop
      vertex -13.214193537633939 -37.725599820415745 3
      vertex -10.724372779272052 -37.90733300908399 3
      vertex -10.75 -37.5 3
    endloop
  endfacet
  facet normal 0 0 1
    outer loop
      vertex -13.543769410125094 -38.55801345412645 3
      vertex -10.347996710142557 -39.06569944083058 3
      vertex -10.521773579136816 -38.6964047962252 3
    endloop
  endfacet
  facet normal 0 0 1
    outer loop
      vertex -13.326402325401148 -38.16262419483242 3
      vertex -10.521773579136816 -38.6964047962252 3
      vertex -10.647895273668052 -38.30824213328578 3
    endloop
  endfacet
  facet normal 0 0 1
    outer loop
      vertex -13.214193537633939 -37.274400179584255 3
      vertex -10.75 -37.5 3
      vertex -10.724372779272052 -37.09266699091601 3
    endloop
  endfacet
  facet normal 0 0 1
    outer loop
      vertex -13.256550309968464 -37.05235820310326 3
      vertex -10.724372779272052 -37.09266699091601 3
      vertex -10.647895273668052 -36.69175786671422 3
    endloop
  endfacet
  facet normal 0 0 1
    outer loop
      vertex -13.422647975921045 -36.63284338661691 3
      vertex -10.647895273668052 -36.69175786671422 3
      vertex -10.521773579136816 -36.3035952037748 3
    endloop
  endfacet
  facet normal 0 0 1
    outer loop
      vertex -13.543769410125094 -36.44198654587355 3
      vertex -10.521773579136816 -36.3035952037748 3
      vertex -10.347996710142557 -35.93430055916942 3
    endloop
  endfacet
  facet normal 0 0 1
    outer loop
      vertex -14.23359727518287 -35.871311305561164 3
      vertex -14.035511769037806 -35.98020973409637 3
      vertex -10.129305231718579 -35.58969793004946 3
    endloop
  endfacet
  facet normal 0 0 1
    outer loop
      vertex -13.852636818452359 -36.113076163003576 3
      vertex -13.68785647064146 -36.26781520932836 3
      vertex -10.347996710142557 -35.93430055916942 3
    endloop
  endfacet
  facet normal 0 0 1
    outer loop
      vertex -14.035511769037806 -35.98020973409637 3
      vertex -13.852636818452359 -36.113076163003576 3
      vertex -10.129305231718579 -35.58969793004946 3
    endloop
  endfacet
  facet normal 0 0 1
    outer loop
      vertex -13.852636818452359 -36.113076163003576 3
      vertex -10.347996710142557 -35.93430055916942 3
      vertex -10.129305231718579 -35.58969793004946 3
    endloop
  endfacet
  facet normal 0 0 1
    outer loop
      vertex -15.5 -33.02026547989614 3
      vertex -10.129305231718579 -35.58969793004946 3
      vertex -9.869148039119588 -35.27522190573176 3
    endloop
  endfacet
  facet normal 0 0 1
    outer loop
      vertex -15.5 -33.02026547989614 3
      vertex -9.869148039119588 -35.27522190573176 3
      vertex -9.571627966683241 -34.995831960978684 3
    endloop
  endfacet
  facet normal 0 0 1
    outer loop
      vertex -15.5 -33.02026547989614 3
      vertex -9.571627966683241 -34.995831960978684 3
      vertex -9.24143708368174 -34.75593424211845 3
    endloop
  endfacet
  facet normal 0 0 1
    outer loop
      vertex -15.5 -33.02026547989614 3
      vertex -9.24143708368174 -34.75593424211845 3
      vertex -8.883782697586486 -34.55931207948544 3
    endloop
  endfacet
  facet normal 0 0 1
    outer loop
      vertex -15.5 -33.02026547989614 3
      vertex -8.883782697586486 -34.55931207948544 3
      vertex -8.504305231718579 -34.40906632204075 3
    endloop
  endfacet
  facet normal 0 0 1
    outer loop
      vertex -15.5 -33.02026547989614 3
      vertex -8.504305231718579 -34.40906632204075 3
      vertex -8.108989272403605 -34.30756643513176 3
    endloop
  endfacet
  facet normal 0 0 1
    outer loop
      vertex -15.5 -33.02026547989614 3
      vertex -8.108989272403605 -34.30756643513176 3
      vertex -7.704069188470268 -34.25641313260812 3
    endloop
  endfacet
  facet normal 0 0 1
    outer loop
      vertex -24.81395259764657 -44.49013364214136 3
      vertex 24.18604740235343 -44.49013364214136 3
      vertex -18.247723713905334 -42.426028562404724 3
    endloop
  endfacet
  facet normal 0 0 1
    outer loop
      vertex -6.495694768281421 -40.59093367795925 3
      vertex -0.11302293515276478 -39.29644811117089 3
      vertex -6.1162173024135145 -40.44068792051456 3
    endloop
  endfacet
  facet normal 0 0 1
    outer loop
      vertex -6.1162173024135145 -40.44068792051456 3
      vertex -0.3372863662543047 -39.26811705131164 3
      vertex -5.758562916318263 -40.24406575788155 3
    endloop
  endfacet
  facet normal 0 0 1
    outer loop
      vertex -5.758562916318263 -40.24406575788155 3
      vertex -0.5562305898749054 -39.211901729331274 3
      vertex -5.428372033316758 -40.004168039021316 3
    endloop
  endfacet
  facet normal 0 0 1
    outer loop
      vertex -5.428372033316758 -40.004168039021316 3
      vertex -0.7664027248171305 -39.128688694438836 3
      vertex -5.1308519608804115 -39.72477809426824 3
    endloop
  endfacet
  facet normal 0 0 1
    outer loop
      vertex -0.1130229351527639 -35.70355188882911 3
      vertex -6.495694768281421 -34.40906632204075 3
      vertex -6.116217302413514 -34.55931207948544 3
    endloop
  endfacet
  facet normal 0 0 1
    outer loop
      vertex -6.116217302413514 -34.55931207948544 3
      vertex -5.758562916318261 -34.75593424211845 3
      vertex -0.33728636625430425 -35.73188294868836 3
    endloop
  endfacet
  facet normal 0 0 1
    outer loop
      vertex -5.758562916318261 -34.75593424211845 3
      vertex -5.428372033316759 -34.995831960978684 3
      vertex -0.5562305898749054 -35.788098270668726 3
    endloop
  endfacet
  facet normal 0 0 1
    outer loop
      vertex -5.130851960880412 -35.27522190573176 3
      vertex -0.7664027248171309 -35.871311305561164 3
      vertex -5.428372033316759 -34.995831960978684 3
    endloop
  endfacet
  facet normal 0 0 1
    outer loop
      vertex -5.1308519608804115 -39.72477809426824 3
      vertex -0.9644882309621942 -39.01979026590363 3
      vertex -4.870694768281421 -39.41030206995054 3
    endloop
  endfacet
  facet normal 0 0 1
    outer loop
      vertex -4.870694768281421 -39.41030206995054 3
      vertex -1.312143529358541 -38.73218479067164 3
      vertex -4.6520032898574435 -39.06569944083058 3
    endloop
  endfacet
  facet normal 0 0 1
    outer loop
      vertex -7.29593081152973 -40.74358686739188 3
      vertex 7.29593081152973 -40.74358686739188 3
      vertex -6.891010727596394 -40.69243356486824 3
    endloop
  endfacet
  facet normal 0 0 1
    outer loop
      vertex -6.891010727596394 -40.69243356486824 3
      vertex 6.891010727596394 -40.69243356486824 3
      vertex -6.495694768281421 -40.59093367795925 3
    endloop
  endfacet
  facet normal 0 0 1
    outer loop
      vertex -4.870694768281421 -39.41030206995054 3
      vertex -1.1473631815476413 -38.886923836996424 3
      vertex -1.312143529358541 -38.73218479067164 3
    endloop
  endfacet
  facet normal 0 0 1
    outer loop
      vertex -4.870694768281421 -39.41030206995054 3
      vertex -0.9644882309621942 -39.01979026590363 3
      vertex -1.1473631815476413 -38.886923836996424 3
    endloop
  endfacet
  facet normal 0 0 1
    outer loop
      vertex -6.495694768281421 -40.59093367795925 3
      vertex 0.11302293515276478 -39.29644811117089 3
      vertex -0.11302293515276478 -39.29644811117089 3
    endloop
  endfacet
  facet normal 0 0 1
    outer loop
      vertex -6.1162173024135145 -40.44068792051456 3
      vertex -0.11302293515276478 -39.29644811117089 3
      vertex -0.3372863662543047 -39.26811705131164 3
    endloop
  endfacet
  facet normal 0 0 1
    outer loop
      vertex -5.758562916318263 -40.24406575788155 3
      vertex -0.3372863662543047 -39.26811705131164 3
      vertex -0.5562305898749054 -39.211901729331274 3
    endloop
  endfacet
  facet normal 0 0 1
    outer loop
      vertex -5.428372033316758 -40.004168039021316 3
      vertex -0.5562305898749054 -39.211901729331274 3
      vertex -0.7664027248171305 -39.128688694438836 3
    endloop
  endfacet
  facet normal 0 0 1
    outer loop
      vertex -5.1308519608804115 -39.72477809426824 3
      vertex -0.7664027248171305 -39.128688694438836 3
      vertex -0.9644882309621942 -39.01979026590363 3
    endloop
  endfacet
  facet normal 0 0 1
    outer loop
      vertex -18.247723713905334 -42.426028562404724 3
      vertex 24.18604740235343 -44.49013364214136 3
      vertex -7.70406918847027 -40.74358686739188 3
    endloop
  endfacet
  facet normal 0 0 1
    outer loop
      vertex -6.495694768281421 -40.59093367795925 3
      vertex 6.1162173024135145 -40.44068792051456 3
      vertex 0.11302293515276478 -39.29644811117089 3
    endloop
  endfacet
  facet normal 0 0 1
    outer loop
      vertex -4.6520032898574435 -39.06569944083058 3
      vertex -1.4562305898749055 -38.55801345412645 3
      vertex -4.478226420863184 -38.6964047962252 3
    endloop
  endfacet
  facet normal 0 0 1
    outer loop
      vertex -4.478226420863184 -38.6964047962252 3
      vertex -1.6735976745988526 -38.16262419483242 3
      vertex -4.352104726331948 -38.30824213328577 3
    endloop
  endfacet
  facet normal 0 0 1
    outer loop
      vertex -4.352104726331948 -38.30824213328577 3
      vertex -1.743449690031536 -37.94764179689674 3
      vertex -4.275627220727947 -37.90733300908399 3
    endloop
  endfacet
  facet normal 0 0 1
    outer loop
      vertex -4.275627220727947 -37.90733300908399 3
      vertex -1.8 -37.5 3
      vertex -4.25 -37.5 3
    endloop
  endfacet
  facet normal 0 0 1
    outer loop
      vertex -4.25 -37.5 3
      vertex -1.78580646236606 -37.274400179584255 3
      vertex -4.275627220727947 -37.09266699091601 3
    endloop
  endfacet
  facet normal 0 0 1
    outer loop
      vertex -1.6735976745988526 -36.83737580516758 3
      vertex -4.352104726331949 -36.69175786671422 3
      vertex -4.275627220727947 -37.09266699091601 3
    endloop
  endfacet
  facet normal 0 0 1
    outer loop
      vertex -1.6735976745988526 -36.83737580516758 3
      vertex -4.478226420863184 -36.3035952037748 3
      vertex -4.352104726331949 -36.69175786671422 3
    endloop
  endfacet
  facet normal 0 0 1
    outer loop
      vertex -4.478226420863184 -36.3035952037748 3
      vertex -1.4562305898749055 -36.44198654587355 3
      vertex -4.6520032898574435 -35.93430055916942 3
    endloop
  endfacet
  facet normal 0 0 1
    outer loop
      vertex -4.478226420863184 -38.6964047962252 3
      vertex -1.5773520240789543 -38.36715661338309 3
      vertex -1.6735976745988526 -38.16262419483242 3
    endloop
  endfacet
  facet normal 0 0 1
    outer loop
      vertex -4.6520032898574435 -39.06569944083058 3
      vertex -1.312143529358541 -38.73218479067164 3
      vertex -1.4562305898749055 -38.55801345412645 3
    endloop
  endfacet
  facet normal 0 0 1
    outer loop
      vertex -4.478226420863184 -38.6964047962252 3
      vertex -1.4562305898749055 -38.55801345412645 3
      vertex -1.5773520240789543 -38.36715661338309 3
    endloop
  endfacet
  facet normal 0 0 1
    outer loop
      vertex -4.352104726331948 -38.30824213328577 3
      vertex -1.6735976745988526 -38.16262419483242 3
      vertex -1.743449690031536 -37.94764179689674 3
    endloop
  endfacet
  facet normal 0 0 1
    outer loop
      vertex -4.275627220727947 -37.90733300908399 3
      vertex -1.743449690031536 -37.94764179689674 3
      vertex -1.78580646236606 -37.725599820415745 3
    endloop
  endfacet
  facet normal 0 0 1
    outer loop
      vertex -4.275627220727947 -37.90733300908399 3
      vertex -1.78580646236606 -37.725599820415745 3
      vertex -1.8 -37.5 3
    endloop
  endfacet
  facet normal 0 0 1
    outer loop
      vertex -4.25 -37.5 3
      vertex -1.8 -37.5 3
      vertex -1.78580646236606 -37.274400179584255 3
    endloop
  endfacet
  facet normal 0 0 1
    outer loop
      vertex -4.275627220727947 -37.09266699091601 3
      vertex -1.78580646236606 -37.274400179584255 3
      vertex -1.743449690031536 -37.05235820310326 3
    endloop
  endfacet
  facet normal 0 0 1
    outer loop
      vertex -1.6735976745988526 -36.83737580516758 3
      vertex -4.275627220727947 -37.09266699091601 3
      vertex -1.743449690031536 -37.05235820310326 3
    endloop
  endfacet
  facet normal 0 0 1
    outer loop
      vertex -4.478226420863184 -36.3035952037748 3
      vertex -1.6735976745988526 -36.83737580516758 3
      vertex -1.5773520240789543 -36.63284338661691 3
    endloop
  endfacet
  facet normal 0 0 1
    outer loop
      vertex -4.478226420863184 -36.3035952037748 3
      vertex -1.5773520240789543 -36.63284338661691 3
      vertex -1.4562305898749055 -36.44198654587355 3
    endloop
  endfacet
  facet normal 0 0 1
    outer loop
      vertex -4.6520032898574435 -35.93430055916942 3
      vertex -1.4562305898749055 -36.44198654587355 3
      vertex -1.312143529358541 -36.26781520932836 3
    endloop
  endfacet
  facet normal 0 0 1
    outer loop
      vertex -4.870694768281421 -35.58969793004946 3
      vertex -4.6520032898574435 -35.93430055916942 3
      vertex -1.312143529358541 -36.26781520932836 3
    endloop
  endfacet
  facet normal 0 0 1
    outer loop
      vertex -4.870694768281421 -35.58969793004946 3
      vertex -0.9644882309621942 -35.98020973409637 3
      vertex -5.130851960880412 -35.27522190573176 3
    endloop
  endfacet
  facet normal 0 0 1
    outer loop
      vertex -4.870694768281421 -35.58969793004946 3
      vertex -1.312143529358541 -36.26781520932836 3
      vertex -1.1473631815476413 -36.113076163003576 3
    endloop
  endfacet
  facet normal 0 0 1
    outer loop
      vertex -4.870694768281421 -35.58969793004946 3
      vertex -1.1473631815476413 -36.113076163003576 3
      vertex -0.9644882309621942 -35.98020973409637 3
    endloop
  endfacet
  facet normal 0 0 1
    outer loop
      vertex -5.130851960880412 -35.27522190573176 3
      vertex -0.9644882309621942 -35.98020973409637 3
      vertex -0.7664027248171309 -35.871311305561164 3
    endloop
  endfacet
  facet normal 0 0 1
    outer loop
      vertex -5.428372033316759 -34.995831960978684 3
      vertex -0.7664027248171309 -35.871311305561164 3
      vertex -0.5562305898749054 -35.788098270668726 3
    endloop
  endfacet
  facet normal 0 0 1
    outer loop
      vertex -5.758562916318261 -34.75593424211845 3
      vertex -0.5562305898749054 -35.788098270668726 3
      vertex -0.33728636625430425 -35.73188294868836 3
    endloop
  endfacet
  facet normal 0 0 1
    outer loop
      vertex -0.1130229351527639 -35.70355188882911 3
      vertex -6.116217302413514 -34.55931207948544 3
      vertex -0.33728636625430425 -35.73188294868836 3
    endloop
  endfacet
  facet normal 0 0 1
    outer loop
      vertex -0.1130229351527639 -35.70355188882911 3
      vertex 0.1130229351527639 -35.70355188882911 3
      vertex -6.495694768281421 -34.40906632204075 3
    endloop
  endfacet
  facet normal 0 0 1
    outer loop
      vertex -6.891010727596395 -34.30756643513176 3
      vertex -6.495694768281421 -34.40906632204075 3
      vertex 6.495694768281421 -34.40906632204075 3
    endloop
  endfacet
  facet normal 0 0 1
    outer loop
      vertex -6.495694768281421 -34.40906632204075 3
      vertex 0.1130229351527639 -35.70355188882911 3
      vertex 6.116217302413514 -34.55931207948544 3
    endloop
  endfacet
  facet normal 0 0 1
    outer loop
      vertex -15.5 -33.02026547989614 3
      vertex 26.045084971874736 -30.744717418524232 3
      vertex -15.5 -30.50986635785864 3
    endloop
  endfacet
  facet normal 0 0 -1
    outer loop
      vertex -24.81395259764657 -44.49013364214136 0
      vertex 7.70406918847027 -40.74358686739188 0
      vertex 20.42837203331676 -40.004168039021316 0
    endloop
  endfacet
  facet normal 0 0 -1
    outer loop
      vertex 5.1308519608804115 -39.72477809426824 0
      vertex -7.29593081152973 -40.74358686739188 0
      vertex 4.870694768281421 -39.41030206995054 0
    endloop
  endfacet
  facet normal 0 0 -1
    outer loop
      vertex -6.891010727596394 -40.69243356486824 0
      vertex 4.6520032898574435 -39.06569944083058 0
      vertex 4.870694768281421 -39.41030206995054 0
    endloop
  endfacet
  facet normal 0 0 -1
    outer loop
      vertex -6.891010727596394 -40.69243356486824 0
      vertex 4.478226420863183 -38.6964047962252 0
      vertex 4.6520032898574435 -39.06569944083058 0
    endloop
  endfacet
  facet normal 0 0 -1
    outer loop
      vertex 0.3372863662543047 -39.26811705131164 0
      vertex 0.5562305898749054 -39.211901729331274 0
      vertex 4.478226420863183 -38.6964047962252 0
    endloop
  endfacet
  facet normal 0 0 -1
    outer loop
      vertex 0.5562305898749054 -39.211901729331274 0
      vertex 0.7664027248171305 -39.128688694438836 0
      vertex 4.478226420863183 -38.6964047962252 0
    endloop
  endfacet
  facet normal 0 0 -1
    outer loop
      vertex 0.7664027248171305 -39.128688694438836 0
      vertex 0.9644882309621932 -39.01979026590363 0
      vertex 4.478226420863183 -38.6964047962252 0
    endloop
  endfacet
  facet normal 0 0 -1
    outer loop
      vertex 4.870694768281421 -35.58969793004946 0
      vertex 0.1130229351527639 -35.70355188882911 0
      vertex -0.1130229351527639 -35.70355188882911 0
    endloop
  endfacet
  facet normal 0 0 -1
    outer loop
      vertex 4.870694768281421 -35.58969793004946 0
      vertex 0.33728636625430425 -35.73188294868836 0
      vertex 0.1130229351527639 -35.70355188882911 0
    endloop
  endfacet
  facet normal 0 0 -1
    outer loop
      vertex -5.130851960880412 -35.27522190573176 0
      vertex 5.1308519608804115 -35.27522190573176 0
      vertex 4.870694768281421 -35.58969793004946 0
    endloop
  endfacet
  facet normal 0 0 -1
    outer loop
      vertex -5.428372033316759 -34.995831960978684 0
      vertex 5.428372033316759 -34.995831960978684 0
      vertex 5.1308519608804115 -35.27522190573176 0
    endloop
  endfacet
  facet normal 0 0 -1
    outer loop
      vertex 0.9644882309621932 -39.01979026590363 0
      vertex 1.147363181547642 -38.886923836996424 0
      vertex 4.478226420863183 -38.6964047962252 0
    endloop
  endfacet
  facet normal 0 0 -1
    outer loop
      vertex 1.312143529358541 -38.73218479067164 0
      vertex 4.478226420863183 -38.6964047962252 0
      vertex 1.147363181547642 -38.886923836996424 0
    endloop
  endfacet
  facet normal 0 0 -1
    outer loop
      vertex 1.312143529358541 -38.73218479067164 0
      vertex 1.4562305898749055 -38.55801345412645 0
      vertex 4.478226420863183 -38.6964047962252 0
    endloop
  endfacet
  facet normal 0 0 -1
    outer loop
      vertex 1.4562305898749055 -38.55801345412645 0
      vertex 1.5773520240789543 -38.36715661338309 0
      vertex 4.478226420863183 -38.6964047962252 0
    endloop
  endfacet
  facet normal 0 0 -1
    outer loop
      vertex 1.5773520240789543 -38.36715661338309 0
      vertex 1.6735976745988523 -38.16262419483242 0
      vertex 4.478226420863183 -38.6964047962252 0
    endloop
  endfacet
  facet normal 0 0 -1
    outer loop
      vertex 1.6735976745988523 -38.16262419483242 0
      vertex 1.7434496900315362 -37.94764179689674 0
      vertex 4.352104726331949 -38.30824213328578 0
    endloop
  endfacet
  facet normal 0 0 -1
    outer loop
      vertex 1.7434496900315362 -37.94764179689674 0
      vertex 1.78580646236606 -37.725599820415745 0
      vertex 4.275627220727947 -37.90733300908399 0
    endloop
  endfacet
  facet normal 0 0 -1
    outer loop
      vertex 1.78580646236606 -37.725599820415745 0
      vertex 1.8 -37.5 0
      vertex 4.275627220727947 -37.90733300908399 0
    endloop
  endfacet
  facet normal 0 0 -1
    outer loop
      vertex 1.8 -37.5 0
      vertex 1.78580646236606 -37.274400179584255 0
      vertex 4.25 -37.5 0
    endloop
  endfacet
  facet normal 0 0 -1
    outer loop
      vertex 1.78580646236606 -37.274400179584255 0
      vertex 1.743449690031536 -37.05235820310326 0
      vertex 4.275627220727947 -37.09266699091601 0
    endloop
  endfacet
  facet normal 0 0 -1
    outer loop
      vertex 1.743449690031536 -37.05235820310326 0
      vertex 1.6735976745988526 -36.83737580516758 0
      vertex 4.352104726331949 -36.69175786671422 0
    endloop
  endfacet
  facet normal 0 0 -1
    outer loop
      vertex 1.6735976745988526 -36.83737580516758 0
      vertex 1.5773520240789545 -36.63284338661691 0
      vertex 4.352104726331949 -36.69175786671422 0
    endloop
  endfacet
  facet normal 0 0 -1
    outer loop
      vertex 1.4562305898749055 -36.44198654587355 0
      vertex 4.478226420863183 -36.3035952037748 0
      vertex 1.5773520240789545 -36.63284338661691 0
    endloop
  endfacet
  facet normal 0 0 -1
    outer loop
      vertex 1.4562305898749055 -36.44198654587355 0
      vertex 1.3121435293585408 -36.26781520932836 0
      vertex 4.6520032898574435 -35.93430055916942 0
    endloop
  endfacet
  facet normal 0 0 -1
    outer loop
      vertex 1.6735976745988523 -38.16262419483242 0
      vertex 4.352104726331949 -38.30824213328578 0
      vertex 4.478226420863183 -38.6964047962252 0
    endloop
  endfacet
  facet normal 0 0 -1
    outer loop
      vertex 1.8 -37.5 0
      vertex 4.25 -37.5 0
      vertex 4.275627220727947 -37.90733300908399 0
    endloop
  endfacet
  facet normal 0 0 -1
    outer loop
      vertex 1.7434496900315362 -37.94764179689674 0
      vertex 4.275627220727947 -37.90733300908399 0
      vertex 4.352104726331949 -38.30824213328578 0
    endloop
  endfacet
  facet normal 0 0 -1
    outer loop
      vertex 1.78580646236606 -37.274400179584255 0
      vertex 4.275627220727947 -37.09266699091601 0
      vertex 4.25 -37.5 0
    endloop
  endfacet
  facet normal 0 0 -1
    outer loop
      vertex 1.743449690031536 -37.05235820310326 0
      vertex 4.352104726331949 -36.69175786671422 0
      vertex 4.275627220727947 -37.09266699091601 0
    endloop
  endfacet
  facet normal 0 0 -1
    outer loop
      vertex 1.5773520240789545 -36.63284338661691 0
      vertex 4.478226420863183 -36.3035952037748 0
      vertex 4.352104726331949 -36.69175786671422 0
    endloop
  endfacet
  facet normal 0 0 -1
    outer loop
      vertex 1.4562305898749055 -36.44198654587355 0
      vertex 4.6520032898574435 -35.93430055916942 0
      vertex 4.478226420863183 -36.3035952037748 0
    endloop
  endfacet
  facet normal 0 0 -1
    outer loop
      vertex 4.870694768281421 -35.58969793004946 0
      vertex 0.5562305898749054 -35.788098270668726 0
      vertex 0.33728636625430425 -35.73188294868836 0
    endloop
  endfacet
  facet normal 0 0 -1
    outer loop
      vertex 4.870694768281421 -35.58969793004946 0
      vertex 0.7664027248171309 -35.871311305561164 0
      vertex 0.5562305898749054 -35.788098270668726 0
    endloop
  endfacet
  facet normal 0 0 -1
    outer loop
      vertex 4.870694768281421 -35.58969793004946 0
      vertex 0.964488230962194 -35.98020973409637 0
      vertex 0.7664027248171309 -35.871311305561164 0
    endloop
  endfacet
  facet normal 0 0 -1
    outer loop
      vertex -5.428372033316759 -34.995831960978684 0
      vertex 5.758562916318261 -34.75593424211845 0
      vertex 5.428372033316759 -34.995831960978684 0
    endloop
  endfacet
  facet normal 0 0 -1
    outer loop
      vertex 1.1473631815476415 -36.113076163003576 0
      vertex 4.6520032898574435 -35.93430055916942 0
      vertex 1.3121435293585408 -36.26781520932836 0
    endloop
  endfacet
  facet normal 0 0 -1
    outer loop
      vertex 0.964488230962194 -35.98020973409637 0
      vertex 4.870694768281421 -35.58969793004946 0
      vertex 1.1473631815476415 -36.113076163003576 0
    endloop
  endfacet
  facet normal 0 0 -1
    outer loop
      vertex -5.758562916318261 -34.75593424211845 0
      vertex 6.116217302413514 -34.55931207948544 0
      vertex 5.758562916318261 -34.75593424211845 0
    endloop
  endfacet
  facet normal 0 0 -1
    outer loop
      vertex -6.116217302413514 -34.55931207948544 0
      vertex 6.495694768281421 -34.40906632204075 0
      vertex 6.116217302413514 -34.55931207948544 0
    endloop
  endfacet
  facet normal 0 0 -1
    outer loop
      vertex -6.495694768281421 -34.40906632204075 0
      vertex 6.891010727596395 -34.30756643513176 0
      vertex 6.495694768281421 -34.40906632204075 0
    endloop
  endfacet
  facet normal 0 0 -1
    outer loop
      vertex 1.1473631815476415 -36.113076163003576 0
      vertex 4.870694768281421 -35.58969793004946 0
      vertex 4.6520032898574435 -35.93430055916942 0
    endloop
  endfacet
  facet normal 0 0 -1
    outer loop
      vertex -24.81395259764657 -44.49013364214136 0
      vertex 20.42837203331676 -40.004168039021316 0
      vertex 20.75856291631826 -40.24406575788155 0
    endloop
  endfacet
  facet normal 0 0 -1
    outer loop
      vertex -24.81395259764657 -44.49013364214136 0
      vertex 20.75856291631826 -40.24406575788155 0
      vertex 21.116217302413514 -40.44068792051456 0
    endloop
  endfacet
  facet normal 0 0 -1
    outer loop
      vertex -24.81395259764657 -44.49013364214136 0
      vertex 21.116217302413514 -40.44068792051456 0
      vertex 21.49569476828142 -40.59093367795925 0
    endloop
  endfacet
  facet normal 0 0 -1
    outer loop
      vertex -24.81395259764657 -44.49013364214136 0
      vertex 21.49569476828142 -40.59093367795925 0
      vertex 25.436906572928624 -44.411436253643444 0
    endloop
  endfacet
  facet normal 0 0 -1
    outer loop
      vertex -16.35445427529363 -31.237815205387154 0
      vertex 20.75856291631826 -34.75593424211845 0
      vertex 7.704069188470268 -34.25641313260812 0
    endloop
  endfacet
  facet normal 0 0 -1
    outer loop
      vertex -24.81395259764657 -44.49013364214136 0
      vertex 25.436906572928624 -44.411436253643444 0
      vertex 24.81395259764657 -44.49013364214136 0
    endloop
  endfacet
  facet normal 0 0 -1
    outer loop
      vertex 8.504305231718579 -40.59093367795925 0
      vertex 8.883782697586486 -40.44068792051456 0
      vertex 14.886977064847235 -39.29644811117089 0
    endloop
  endfacet
  facet normal 0 0 -1
    outer loop
      vertex 8.883782697586486 -40.44068792051456 0
      vertex 9.241437083681738 -40.24406575788155 0
      vertex 14.662713633745696 -39.26811705131164 0
    endloop
  endfacet
  facet normal 0 0 -1
    outer loop
      vertex -16.35445427529363 -31.237815205387154 0
      vertex 21.116217302413514 -34.55931207948544 0
      vertex 20.75856291631826 -34.75593424211845 0
    endloop
  endfacet
  facet normal 0 0 -1
    outer loop
      vertex -16.35445427529363 -31.237815205387154 0
      vertex 21.49569476828142 -34.40906632204075 0
      vertex 21.116217302413514 -34.55931207948544 0
    endloop
  endfacet
  facet normal 0 0 -1
    outer loop
      vertex 9.241437083681738 -40.24406575788155 0
      vertex 9.571627966683241 -40.004168039021316 0
      vertex 14.443769410125094 -39.211901729331274 0
    endloop
  endfacet
  facet normal 0 0 -1
    outer loop
      vertex 9.869148039119588 -39.72477809426824 0
      vertex 14.23359727518287 -39.128688694438836 0
      vertex 9.571627966683241 -40.004168039021316 0
    endloop
  endfacet
  facet normal 0 0 -1
    outer loop
      vertex 9.869148039119588 -39.72477809426824 0
      vertex 10.129305231718579 -39.41030206995054 0
      vertex 14.035511769037806 -39.01979026590363 0
    endloop
  endfacet
  facet normal 0 0 -1
    outer loop
      vertex 10.129305231718579 -39.41030206995054 0
      vertex 10.347996710142557 -39.06569944083058 0
      vertex 13.687856470641458 -38.73218479067164 0
    endloop
  endfacet
  facet normal 0 0 -1
    outer loop
      vertex 7.70406918847027 -40.74358686739188 0
      vertex 8.108989272403605 -40.69243356486824 0
      vertex 20.42837203331676 -40.004168039021316 0
    endloop
  endfacet
  facet normal 0 0 -1
    outer loop
      vertex 8.108989272403605 -40.69243356486824 0
      vertex 8.504305231718579 -40.59093367795925 0
      vertex 20.42837203331676 -40.004168039021316 0
    endloop
  endfacet
  facet normal 0 0 -1
    outer loop
      vertex 8.504305231718579 -40.59093367795925 0
      vertex 14.886977064847235 -39.29644811117089 0
      vertex 15.113022935152765 -39.29644811117089 0
    endloop
  endfacet
  facet normal 0 0 -1
    outer loop
      vertex 8.883782697586486 -40.44068792051456 0
      vertex 14.662713633745696 -39.26811705131164 0
      vertex 14.886977064847235 -39.29644811117089 0
    endloop
  endfacet
  facet normal 0 0 -1
    outer loop
      vertex 10.129305231718579 -39.41030206995054 0
      vertex 13.687856470641458 -38.73218479067164 0
      vertex 13.852636818452359 -38.886923836996424 0
    endloop
  endfacet
  facet normal 0 0 -1
    outer loop
      vertex 10.129305231718579 -39.41030206995054 0
      vertex 13.852636818452359 -38.886923836996424 0
      vertex 14.035511769037806 -39.01979026590363 0
    endloop
  endfacet
  facet normal 0 0 -1
    outer loop
      vertex 9.241437083681738 -40.24406575788155 0
      vertex 14.443769410125094 -39.211901729331274 0
      vertex 14.662713633745696 -39.26811705131164 0
    endloop
  endfacet
  facet normal 0 0 -1
    outer loop
      vertex 9.869148039119588 -39.72477809426824 0
      vertex 14.035511769037806 -39.01979026590363 0
      vertex 14.23359727518287 -39.128688694438836 0
    endloop
  endfacet
  facet normal 0 0 -1
    outer loop
      vertex 9.571627966683241 -40.004168039021316 0
      vertex 14.23359727518287 -39.128688694438836 0
      vertex 14.443769410125094 -39.211901729331274 0
    endloop
  endfacet
  facet normal 0 0 -1
    outer loop
      vertex 8.504305231718579 -40.59093367795925 0
      vertex 15.113022935152765 -39.29644811117089 0
      vertex 20.42837203331676 -40.004168039021316 0
    endloop
  endfacet
  facet normal 0 0 -1
    outer loop
      vertex 10.347996710142557 -39.06569944083058 0
      vertex 10.521773579136816 -38.6964047962252 0
      vertex 13.543769410125094 -38.55801345412645 0
    endloop
  endfacet
  facet normal 0 0 -1
    outer loop
      vertex 10.647895273668052 -38.30824213328577 0
      vertex 13.422647975921045 -38.36715661338309 0
      vertex 10.521773579136816 -38.6964047962252 0
    endloop
  endfacet
  facet normal 0 0 -1
    outer loop
      vertex 10.647895273668052 -38.30824213328577 0
      vertex 10.724372779272052 -37.90733300908399 0
      vertex 13.256550309968464 -37.94764179689674 0
    endloop
  endfacet
  facet normal 0 0 -1
    outer loop
      vertex 10.724372779272052 -37.90733300908399 0
      vertex 10.75 -37.5 0
      vertex 13.214193537633939 -37.725599820415745 0
    endloop
  endfacet
  facet normal 0 0 -1
    outer loop
      vertex 10.521773579136816 -36.3035952037748 0
      vertex 13.326402325401148 -36.83737580516758 0
      vertex 10.647895273668052 -36.69175786671422 0
    endloop
  endfacet
  facet normal 0 0 -1
    outer loop
      vertex 10.347996710142557 -35.93430055916942 0
      vertex 13.543769410125094 -36.44198654587355 0
      vertex 10.521773579136816 -36.3035952037748 0
    endloop
  endfacet
  facet normal 0 0 -1
    outer loop
      vertex 10.75 -37.5 0
      vertex 10.724372779272052 -37.09266699091601 0
      vertex 13.214193537633939 -37.274400179584255 0
    endloop
  endfacet
  facet normal 0 0 -1
    outer loop
      vertex 10.724372779272052 -37.09266699091601 0
      vertex 10.647895273668052 -36.69175786671422 0
      vertex 13.256550309968464 -37.05235820310326 0
    endloop
  endfacet
  facet normal 0 0 -1
    outer loop
      vertex 10.647895273668052 -38.30824213328577 0
      vertex 13.256550309968464 -37.94764179689674 0
      vertex 13.326402325401148 -38.16262419483242 0
    endloop
  endfacet
  facet normal 0 0 -1
    outer loop
      vertex 10.724372779272052 -37.90733300908399 0
      vertex 13.214193537633939 -37.725599820415745 0
      vertex 13.256550309968464 -37.94764179689674 0
    endloop
  endfacet
  facet normal 0 0 -1
    outer loop
      vertex 10.75 -37.5 0
      vertex 13.2 -37.5 0
      vertex 13.214193537633939 -37.725599820415745 0
    endloop
  endfacet
  facet normal 0 0 -1
    outer loop
      vertex 10.347996710142557 -39.06569944083058 0
      vertex 13.543769410125094 -38.55801345412645 0
      vertex 13.687856470641458 -38.73218479067164 0
    endloop
  endfacet
  facet normal 0 0 -1
    outer loop
      vertex 10.521773579136816 -38.6964047962252 0
      vertex 13.422647975921045 -38.36715661338309 0
      vertex 13.543769410125094 -38.55801345412645 0
    endloop
  endfacet
  facet normal 0 0 -1
    outer loop
      vertex 13.422647975921045 -38.36715661338309 0
      vertex 10.647895273668052 -38.30824213328577 0
      vertex 13.326402325401148 -38.16262419483242 0
    endloop
  endfacet
  facet normal 0 0 -1
    outer loop
      vertex 10.75 -37.5 0
      vertex 13.214193537633939 -37.274400179584255 0
      vertex 13.2 -37.5 0
    endloop
  endfacet
  facet normal 0 0 -1
    outer loop
      vertex 10.724372779272052 -37.09266699091601 0
      vertex 13.256550309968464 -37.05235820310326 0
      vertex 13.214193537633939 -37.274400179584255 0
    endloop
  endfacet
  facet normal 0 0 -1
    outer loop
      vertex 10.647895273668052 -36.69175786671422 0
      vertex 13.326402325401148 -36.83737580516758 0
      vertex 13.256550309968464 -37.05235820310326 0
    endloop
  endfacet
  facet normal 0 0 -1
    outer loop
      vertex 10.521773579136816 -36.3035952037748 0
      vertex 13.422647975921045 -36.63284338661691 0
      vertex 13.326402325401148 -36.83737580516758 0
    endloop
  endfacet
  facet normal 0 0 -1
    outer loop
      vertex 10.521773579136816 -36.3035952037748 0
      vertex 13.543769410125094 -36.44198654587355 0
      vertex 13.422647975921045 -36.63284338661691 0
    endloop
  endfacet
  facet normal 0 0 -1
    outer loop
      vertex 13.687856470641458 -36.26781520932836 0
      vertex 13.543769410125094 -36.44198654587355 0
      vertex 10.347996710142557 -35.93430055916942 0
    endloop
  endfacet
  facet normal 0 0 -1
    outer loop
      vertex 13.687856470641458 -36.26781520932836 0
      vertex 10.347996710142557 -35.93430055916942 0
      vertex 10.129305231718579 -35.58969793004946 0
    endloop
  endfacet
  facet normal 0 0 -1
    outer loop
      vertex 9.869148039119587 -35.27522190573176 0
      vertex 14.035511769037806 -35.98020973409637 0
      vertex 10.129305231718579 -35.58969793004946 0
    endloop
  endfacet
  facet normal 0 0 -1
    outer loop
      vertex 13.687856470641458 -36.26781520932836 0
      vertex 10.129305231718579 -35.58969793004946 0
      vertex 13.852636818452359 -36.113076163003576 0
    endloop
  endfacet
  facet normal 0 0 -1
    outer loop
      vertex 10.129305231718579 -35.58969793004946 0
      vertex 14.035511769037806 -35.98020973409637 0
      vertex 13.852636818452359 -36.113076163003576 0
    endloop
  endfacet
  facet normal 0 0 -1
    outer loop
      vertex 9.869148039119587 -35.27522190573176 0
      vertex 14.23359727518287 -35.871311305561164 0
      vertex 14.035511769037806 -35.98020973409637 0
    endloop
  endfacet
  facet normal 0 0 -1
    outer loop
      vertex 9.869148039119587 -35.27522190573176 0
      vertex 14.443769410125094 -35.788098270668726 0
      vertex 14.23359727518287 -35.871311305561164 0
    endloop
  endfacet
  facet normal 0 0 -1
    outer loop
      vertex 20.75856291631826 -34.75593424211845 0
      vertex 8.108989272403605 -34.30756643513176 0
      vertex 7.704069188470268 -34.25641313260812 0
    endloop
  endfacet
  facet normal 0 0 -1
    outer loop
      vertex 20.75856291631826 -34.75593424211845 0
      vertex 8.504305231718579 -34.40906632204075 0
      vertex 8.108989272403605 -34.30756643513176 0
    endloop
  endfacet
  facet normal 0 0 -1
    outer loop
      vertex 20.75856291631826 -34.75593424211845 0
      vertex 8.883782697586486 -34.55931207948544 0
      vertex 8.504305231718579 -34.40906632204075 0
    endloop
  endfacet
  facet normal 0 0 -1
    outer loop
      vertex 9.869148039119587 -35.27522190573176 0
      vertex 14.662713633745696 -35.73188294868836 0
      vertex 14.443769410125094 -35.788098270668726 0
    endloop
  endfacet
  facet normal 0 0 -1
    outer loop
      vertex 9.869148039119587 -35.27522190573176 0
      vertex 14.886977064847237 -35.70355188882911 0
      vertex 14.662713633745696 -35.73188294868836 0
    endloop
  endfacet
  facet normal 0 0 -1
    outer loop
      vertex 9.241437083681738 -34.75593424211845 0
      vertex 20.75856291631826 -34.75593424211845 0
      vertex 9.571627966683241 -34.995831960978684 0
    endloop
  endfacet
  facet normal 0 0 -1
    outer loop
      vertex 9.571627966683241 -34.995831960978684 0
      vertex 20.42837203331676 -34.995831960978684 0
      vertex 9.869148039119587 -35.27522190573176 0
    endloop
  endfacet
  facet normal 0 0 -1
    outer loop
      vertex 20.75856291631826 -34.75593424211845 0
      vertex 9.241437083681738 -34.75593424211845 0
      vertex 8.883782697586486 -34.55931207948544 0
    endloop
  endfacet
  facet normal 0 0 -1
    outer loop
      vertex -16.35445427529363 -31.237815205387154 0
      vertex 21.891010727596395 -34.30756643513176 0
      vertex 21.49569476828142 -34.40906632204075 0
    endloop
  endfacet
  facet normal 0 0 -1
    outer loop
      vertex -16.35445427529363 -31.237815205387154 0
      vertex 22.295930811529733 -34.25641313260812 0
      vertex 21.891010727596395 -34.30756643513176 0
    endloop
  endfacet
  facet normal 0 0 -1
    outer loop
      vertex -16.35445427529363 -31.237815205387154 0
      vertex 22.704069188470267 -34.25641313260812 0
      vertex 22.295930811529733 -34.25641313260812 0
    endloop
  endfacet
  facet normal 0 0 -1
    outer loop
      vertex -16.35445427529363 -31.237815205387154 0
      vertex 24.813952597646566 -30.50986635785864 0
      vertex 22.704069188470267 -34.25641313260812 0
    endloop
  endfacet
  facet normal 0 -1 0
    outer loop
      vertex -24.81395259764657 -44.49013364214136 0
      vertex 24.81395259764657 -44.49013364214136 0
      vertex 24.18604740235343 -44.49013364214136 3
    endloop
  endfacet
  facet normal 0 1 0
    outer loop
      vertex -15.5 -30.50986635785864 0
      vertex 24.813952597646566 -30.50986635785864 3
      vertex 24.813952597646566 -30.50986635785864 0
    endloop
  endfacet
  facet normal 0 0 -1
    outer loop
      vertex 15.113022935152765 -39.29644811117089 0
      vertex 15.337286366254304 -39.26811705131164 0
      vertex 20.42837203331676 -40.004168039021316 0
    endloop
  endfacet
  facet normal 0 0 -1
    outer loop
      vertex 15.337286366254304 -39.26811705131164 0
      vertex 15.556230589874906 -39.211901729331274 0
      vertex 20.42837203331676 -40.004168039021316 0
    endloop
  endfacet
  facet normal 0 0 -1
    outer loop
      vertex 15.556230589874906 -39.211901729331274 0
      vertex 15.76640272481713 -39.128688694438836 0
      vertex 20.42837203331676 -40.004168039021316 0
    endloop
  endfacet
  facet normal 0 0 -1
    outer loop
      vertex 15.76640272481713 -39.128688694438836 0
      vertex 15.964488230962193 -39.01979026590363 0
      vertex 20.130851960880413 -39.72477809426824 0
    endloop
  endfacet
  facet normal 0 0 -1
    outer loop
      vertex 15.964488230962193 -39.01979026590363 0
      vertex 16.147363181547643 -38.886923836996424 0
      vertex 19.87069476828142 -39.41030206995054 0
    endloop
  endfacet
  facet normal 0 0 -1
    outer loop
      vertex 16.31214352935854 -38.73218479067164 0
      vertex 19.87069476828142 -39.41030206995054 0
      vertex 16.147363181547643 -38.886923836996424 0
    endloop
  endfacet
  facet normal 0 0 -1
    outer loop
      vertex 9.869148039119587 -35.27522190573176 0
      vertex 19.87069476828142 -35.58969793004946 0
      vertex 14.886977064847237 -35.70355188882911 0
    endloop
  endfacet
  facet normal 0 0 -1
    outer loop
      vertex 16.31214352935854 -38.73218479067164 0
      vertex 16.456230589874906 -38.55801345412645 0
      vertex 19.652003289857443 -39.06569944083058 0
    endloop
  endfacet
  facet normal 0 0 -1
    outer loop
      vertex 16.456230589874906 -38.55801345412645 0
      vertex 16.577352024078955 -38.36715661338309 0
      vertex 19.478226420863184 -38.6964047962252 0
    endloop
  endfacet
  facet normal 0 0 -1
    outer loop
      vertex 16.577352024078955 -36.63284338661691 0
      vertex 16.456230589874906 -36.44198654587355 0
      vertex 19.478226420863184 -36.3035952037748 0
    endloop
  endfacet
  facet normal 0 0 -1
    outer loop
      vertex 16.31214352935854 -36.26781520932836 0
      vertex 19.652003289857443 -35.93430055916942 0
      vertex 16.456230589874906 -36.44198654587355 0
    endloop
  endfacet
  facet normal 0 0 -1
    outer loop
      vertex 16.577352024078955 -38.36715661338309 0
      vertex 16.673597674598852 -38.16262419483242 0
      vertex 19.478226420863184 -38.6964047962252 0
    endloop
  endfacet
  facet normal 0 0 -1
    outer loop
      vertex 16.673597674598852 -38.16262419483242 0
      vertex 16.743449690031536 -37.94764179689674 0
      vertex 19.352104726331948 -38.30824213328578 0
    endloop
  endfacet
  facet normal 0 0 -1
    outer loop
      vertex 16.743449690031536 -37.94764179689674 0
      vertex 16.78580646236606 -37.725599820415745 0
      vertex 19.275627220727948 -37.90733300908399 0
    endloop
  endfacet
  facet normal 0 0 -1
    outer loop
      vertex 16.8 -37.5 0
      vertex 19.275627220727948 -37.90733300908399 0
      vertex 16.78580646236606 -37.725599820415745 0
    endloop
  endfacet
  facet normal 0 0 -1
    outer loop
      vertex 19.25 -37.5 0
      vertex 16.8 -37.5 0
      vertex 16.78580646236606 -37.274400179584255 0
    endloop
  endfacet
  facet normal 0 0 -1
    outer loop
      vertex 16.78580646236606 -37.274400179584255 0
      vertex 16.743449690031536 -37.05235820310326 0
      vertex 19.275627220727948 -37.09266699091601 0
    endloop
  endfacet
  facet normal 0 0 -1
    outer loop
      vertex 16.743449690031536 -37.05235820310326 0
      vertex 16.673597674598852 -36.83737580516758 0
      vertex 19.352104726331948 -36.69175786671422 0
    endloop
  endfacet
  facet normal 0 0 -1
    outer loop
      vertex 16.673597674598852 -36.83737580516758 0
      vertex 16.577352024078955 -36.63284338661691 0
      vertex 19.478226420863184 -36.3035952037748 0
    endloop
  endfacet
  facet normal 0 0 -1
    outer loop
      vertex 19.25 -37.5 0
      vertex 16.78580646236606 -37.274400179584255 0
      vertex 19.275627220727948 -37.09266699091601 0
    endloop
  endfacet
  facet normal 0 0 -1
    outer loop
      vertex 19.87069476828142 -35.58969793004946 0
      vertex 15.113022935152763 -35.70355188882911 0
      vertex 14.886977064847237 -35.70355188882911 0
    endloop
  endfacet
  facet normal 0 0 -1
    outer loop
      vertex 19.87069476828142 -35.58969793004946 0
      vertex 15.337286366254304 -35.73188294868836 0
      vertex 15.113022935152763 -35.70355188882911 0
    endloop
  endfacet
  facet normal 0 0 -1
    outer loop
      vertex 19.87069476828142 -35.58969793004946 0
      vertex 15.556230589874906 -35.788098270668726 0
      vertex 15.337286366254304 -35.73188294868836 0
    endloop
  endfacet
  facet normal 0 0 -1
    outer loop
      vertex 9.869148039119587 -35.27522190573176 0
      vertex 20.130851960880413 -35.27522190573176 0
      vertex 19.87069476828142 -35.58969793004946 0
    endloop
  endfacet
  facet normal 0 0 -1
    outer loop
      vertex 20.130851960880413 -35.27522190573176 0
      vertex 9.869148039119587 -35.27522190573176 0
      vertex 20.42837203331676 -34.995831960978684 0
    endloop
  endfacet
  facet normal 0 0 -1
    outer loop
      vertex 9.571627966683241 -34.995831960978684 0
      vertex 20.75856291631826 -34.75593424211845 0
      vertex 20.42837203331676 -34.995831960978684 0
    endloop
  endfacet
  facet normal 0 0 -1
    outer loop
      vertex 19.87069476828142 -35.58969793004946 0
      vertex 15.964488230962194 -35.98020973409637 0
      vertex 15.76640272481713 -35.871311305561164 0
    endloop
  endfacet
  facet normal 0 0 -1
    outer loop
      vertex 19.87069476828142 -35.58969793004946 0
      vertex 15.76640272481713 -35.871311305561164 0
      vertex 15.556230589874906 -35.788098270668726 0
    endloop
  endfacet
  facet normal 0 0 -1
    outer loop
      vertex 16.147363181547643 -36.113076163003576 0
      vertex 15.964488230962194 -35.98020973409637 0
      vertex 19.87069476828142 -35.58969793004946 0
    endloop
  endfacet
  facet normal 0 0 -1
    outer loop
      vertex 16.147363181547643 -36.113076163003576 0
      vertex 19.87069476828142 -35.58969793004946 0
      vertex 16.31214352935854 -36.26781520932836 0
    endloop
  endfacet
  facet normal 0 0 -1
    outer loop
      vertex 15.964488230962193 -39.01979026590363 0
      vertex 19.87069476828142 -39.41030206995054 0
      vertex 20.130851960880413 -39.72477809426824 0
    endloop
  endfacet
  facet normal 0 0 -1
    outer loop
      vertex 16.31214352935854 -38.73218479067164 0
      vertex 19.652003289857443 -39.06569944083058 0
      vertex 19.87069476828142 -39.41030206995054 0
    endloop
  endfacet
  facet normal 0 0 -1
    outer loop
      vertex 15.76640272481713 -39.128688694438836 0
      vertex 20.130851960880413 -39.72477809426824 0
      vertex 20.42837203331676 -40.004168039021316 0
    endloop
  endfacet
  facet normal 0 0 -1
    outer loop
      vertex 16.456230589874906 -38.55801345412645 0
      vertex 19.478226420863184 -38.6964047962252 0
      vertex 19.652003289857443 -39.06569944083058 0
    endloop
  endfacet
  facet normal 0 0 -1
    outer loop
      vertex 16.673597674598852 -38.16262419483242 0
      vertex 19.352104726331948 -38.30824213328578 0
      vertex 19.478226420863184 -38.6964047962252 0
    endloop
  endfacet
  facet normal 0 0 -1
    outer loop
      vertex 16.743449690031536 -37.94764179689674 0
      vertex 19.275627220727948 -37.90733300908399 0
      vertex 19.352104726331948 -38.30824213328578 0
    endloop
  endfacet
  facet normal 0 0 -1
    outer loop
      vertex 16.8 -37.5 0
      vertex 19.25 -37.5 0
      vertex 19.275627220727948 -37.90733300908399 0
    endloop
  endfacet
  facet normal 0 0 -1
    outer loop
      vertex 16.743449690031536 -37.05235820310326 0
      vertex 19.352104726331948 -36.69175786671422 0
      vertex 19.275627220727948 -37.09266699091601 0
    endloop
  endfacet
  facet normal 0 0 -1
    outer loop
      vertex 16.673597674598852 -36.83737580516758 0
      vertex 19.478226420863184 -36.3035952037748 0
      vertex 19.352104726331948 -36.69175786671422 0
    endloop
  endfacet
  facet normal 0 0 -1
    outer loop
      vertex 16.456230589874906 -36.44198654587355 0
      vertex 19.652003289857443 -35.93430055916942 0
      vertex 19.478226420863184 -36.3035952037748 0
    endloop
  endfacet
  facet normal 0 0 -1
    outer loop
      vertex 16.31214352935854 -36.26781520932836 0
      vertex 19.87069476828142 -35.58969793004946 0
      vertex 19.652003289857443 -35.93430055916942 0
    endloop
  endfacet
  facet normal 0 0 -1
    outer loop
      vertex 25.436906572928624 -44.411436253643444 0
      vertex 21.49569476828142 -40.59093367795925 0
      vertex 21.891010727596395 -40.69243356486824 0
    endloop
  endfacet
  facet normal 0 0 -1
    outer loop
      vertex 25.436906572928624 -44.411436253643444 0
      vertex 21.891010727596395 -40.69243356486824 0
      vertex 22.29593081152973 -40.74358686739188 0
    endloop
  endfacet
  facet normal 0 0 -1
    outer loop
      vertex 25.436906572928624 -44.411436253643444 0
      vertex 22.29593081152973 -40.74358686739188 0
      vertex 22.70406918847027 -40.74358686739188 0
    endloop
  endfacet
  facet normal 0 0 -1
    outer loop
      vertex 25.436906572928624 -44.411436253643444 0
      vertex 22.70406918847027 -40.74358686739188 0
      vertex 23.108989272403605 -40.69243356486824 0
    endloop
  endfacet
  facet normal 0 0 -1
    outer loop
      vertex 25.436906572928624 -44.411436253643444 0
      vertex 23.108989272403605 -40.69243356486824 0
      vertex 23.50430523171858 -40.59093367795925 0
    endloop
  endfacet
  facet normal 0 0 -1
    outer loop
      vertex 25.436906572928624 -44.411436253643444 0
      vertex 23.50430523171858 -40.59093367795925 0
      vertex 23.883782697586486 -40.44068792051456 0
    endloop
  endfacet
  facet normal 0 0 -1
    outer loop
      vertex 25.436906572928624 -44.411436253643444 0
      vertex 23.883782697586486 -40.44068792051456 0
      vertex 24.24143708368174 -40.24406575788155 0
    endloop
  endfacet
  facet normal 0 0 -1
    outer loop
      vertex 25.436906572928624 -44.411436253643444 0
      vertex 24.24143708368174 -40.24406575788155 0
      vertex 24.57162796668324 -40.004168039021316 0
    endloop
  endfacet
  facet normal 0 0 -1
    outer loop
      vertex 25.436906572928624 -44.411436253643444 0
      vertex 24.57162796668324 -40.004168039021316 0
      vertex 24.869148039119587 -39.72477809426824 0
    endloop
  endfacet
  facet normal 0 0 -1
    outer loop
      vertex 25.436906572928624 -44.411436253643444 0
      vertex 24.869148039119587 -39.72477809426824 0
      vertex 25.12930523171858 -39.41030206995054 0
    endloop
  endfacet
  facet normal 0 0 -1
    outer loop
      vertex 25.436906572928624 -44.411436253643444 0
      vertex 25.12930523171858 -39.41030206995054 0
      vertex 25.347996710142557 -39.06569944083058 0
    endloop
  endfacet
  facet normal 0 0 -1
    outer loop
      vertex 25.436906572928624 -44.411436253643444 0
      vertex 25.347996710142557 -39.06569944083058 0
      vertex 25.521773579136816 -38.6964047962252 0
    endloop
  endfacet
  facet normal 0 0 -1
    outer loop
      vertex 25.436906572928624 -44.411436253643444 0
      vertex 25.521773579136816 -38.6964047962252 0
      vertex 25.647895273668052 -38.30824213328577 0
    endloop
  endfacet
  facet normal 0 0 -1
    outer loop
      vertex 24.813952597646566 -30.50986635785864 0
      vertex 24.57162796668324 -34.995831960978684 0
      vertex 24.24143708368174 -34.75593424211845 0
    endloop
  endfacet
  facet normal 0 0 -1
    outer loop
      vertex 25.436906572928624 -44.411436253643444 0
      vertex 26.628896457825363 -44.0241352623301 0
      vertex 26.045084971874736 -44.25528258147577 0
    endloop
  endfacet
  facet normal 0 0 -1
    outer loop
      vertex 25.436906572928624 -44.411436253643444 0
      vertex 27.68711994874345 -43.352566213878944 0
      vertex 26.628896457825363 -44.0241352623301 0
    endloop
  endfacet
  facet normal 0 0 -1
    outer loop
      vertex 26.628896457825363 -44.0241352623301 0
      vertex 27.68711994874345 -43.352566213878944 0
      vertex 27.17913397489498 -43.72163962751008 0
    endloop
  endfacet
  facet normal 0 0 -1
    outer loop
      vertex 25.436906572928624 -44.411436253643444 0
      vertex 29.148882429441258 -41.34062276342339 0
      vertex 27.68711994874345 -43.352566213878944 0
    endloop
  endfacet
  facet normal 0 0 -1
    outer loop
      vertex 25.436906572928624 -44.411436253643444 0
      vertex 25.647895273668052 -38.30824213328577 0
      vertex 29.5 -35.5 0
    endloop
  endfacet
  facet normal 0 0 -1
    outer loop
      vertex 27.68711994874345 -43.352566213878944 0
      vertex 28.545084971874736 -42.43892626146236 0
      vertex 28.14484313710706 -42.92273552964344 0
    endloop
  endfacet
  facet normal 0 0 -1
    outer loop
      vertex 27.68711994874345 -43.352566213878944 0
      vertex 28.88153340021932 -41.908768370508575 0
      vertex 28.545084971874736 -42.43892626146236 0
    endloop
  endfacet
  facet normal 0 0 -1
    outer loop
      vertex 27.68711994874345 -43.352566213878944 0
      vertex 29.148882429441258 -41.34062276342339 0
      vertex 28.88153340021932 -41.908768370508575 0
    endloop
  endfacet
  facet normal 0 0 -1
    outer loop
      vertex 25.436906572928624 -44.411436253643444 0
      vertex 29.5 -35.5 0
      vertex 29.148882429441258 -41.34062276342339 0
    endloop
  endfacet
  facet normal 0 0 -1
    outer loop
      vertex 29.148882429441258 -41.34062276342339 0
      vertex 29.5 -39.5 0
      vertex 29.342915805643155 -40.743449435824274 0
    endloop
  endfacet
  facet normal 0 0 -1
    outer loop
      vertex 29.342915805643155 -40.743449435824274 0
      vertex 29.5 -39.5 0
      vertex 29.460573506572388 -40.12666616782152 0
    endloop
  endfacet
  facet normal 0 0 -1
    outer loop
      vertex 29.5 -35.5 0
      vertex 25.647895273668052 -38.30824213328577 0
      vertex 25.724372779272052 -37.90733300908399 0
    endloop
  endfacet
  facet normal 0 0 -1
    outer loop
      vertex 29.5 -35.5 0
      vertex 25.724372779272052 -37.90733300908399 0
      vertex 25.75 -37.5 0
    endloop
  endfacet
  facet normal 0 0 -1
    outer loop
      vertex 29.5 -35.5 0
      vertex 25.724372779272052 -37.09266699091601 0
      vertex 25.647895273668052 -36.69175786671422 0
    endloop
  endfacet
  facet normal 0 0 -1
    outer loop
      vertex 29.5 -35.5 0
      vertex 25.647895273668052 -36.69175786671422 0
      vertex 25.521773579136816 -36.3035952037748 0
    endloop
  endfacet
  facet normal 0 0 -1
    outer loop
      vertex 29.5 -35.5 0
      vertex 25.75 -37.5 0
      vertex 25.724372779272052 -37.09266699091601 0
    endloop
  endfacet
  facet normal 0 0 -1
    outer loop
      vertex 29.5 -35.5 0
      vertex 25.12930523171858 -35.58969793004946 0
      vertex 24.869148039119587 -35.27522190573176 0
    endloop
  endfacet
  facet normal 0 0 -1
    outer loop
      vertex 29.5 -35.5 0
      vertex 25.347996710142557 -35.93430055916942 0
      vertex 25.12930523171858 -35.58969793004946 0
    endloop
  endfacet
  facet normal 0 0 -1
    outer loop
      vertex 29.5 -35.5 0
      vertex 24.869148039119587 -35.27522190573176 0
      vertex 24.57162796668324 -34.995831960978684 0
    endloop
  endfacet
  facet normal 0 0 -1
    outer loop
      vertex 29.5 -35.5 0
      vertex 24.57162796668324 -34.995831960978684 0
      vertex 24.813952597646566 -30.50986635785864 0
    endloop
  endfacet
  facet normal 0 0 -1
    outer loop
      vertex 29.5 -35.5 0
      vertex 25.521773579136816 -36.3035952037748 0
      vertex 25.347996710142557 -35.93430055916942 0
    endloop
  endfacet
  facet normal 0 0 -1
    outer loop
      vertex 29.148882429441258 -41.34062276342339 0
      vertex 29.5 -35.5 0
      vertex 29.5 -39.5 0
    endloop
  endfacet
  facet normal 0 0 -1
    outer loop
      vertex 29.5 -35.5 0
      vertex 29.342915805643155 -34.256550564175726 0
      vertex 29.460573506572388 -34.87333383217848 0
    endloop
  endfacet
  facet normal 0 0 -1
    outer loop
      vertex 29.5 -35.5 0
      vertex 28.14484313710706 -32.07726447035655 0
      vertex 29.148882429441258 -33.65937723657661 0
    endloop
  endfacet
  facet normal 0 0 -1
    outer loop
      vertex 29.5 -35.5 0
      vertex 29.148882429441258 -33.65937723657661 0
      vertex 29.342915805643155 -34.256550564175726 0
    endloop
  endfacet
  facet normal 0 0 -1
    outer loop
      vertex 24.813952597646566 -30.50986635785864 0
      vertex 23.108989272403605 -34.30756643513176 0
      vertex 22.704069188470267 -34.25641313260812 0
    endloop
  endfacet
  facet normal 0 0 -1
    outer loop
      vertex 24.813952597646566 -30.50986635785864 0
      vertex 23.50430523171858 -34.40906632204075 0
      vertex 23.108989272403605 -34.30756643513176 0
    endloop
  endfacet
  facet normal 0 0 -1
    outer loop
      vertex 24.813952597646566 -30.50986635785864 0
      vertex 23.883782697586486 -34.55931207948544 0
      vertex 23.50430523171858 -34.40906632204075 0
    endloop
  endfacet
  facet normal 0 0 -1
    outer loop
      vertex 24.813952597646566 -30.50986635785864 0
      vertex 24.24143708368174 -34.75593424211845 0
      vertex 23.883782697586486 -34.55931207948544 0
    endloop
  endfacet
  facet normal 0 0 -1
    outer loop
      vertex 25.436906572928624 -30.588563746356556 0
      vertex 26.045084971874736 -30.744717418524232 0
      vertex 24.813952597646566 -30.50986635785864 0
    endloop
  endfacet
  facet normal 0 0 -1
    outer loop
      vertex 24.813952597646566 -30.50986635785864 0
      vertex 26.045084971874736 -30.744717418524232 0
      vertex 26.628896457825363 -30.9758647376699 0
    endloop
  endfacet
  facet normal 0 0 -1
    outer loop
      vertex 24.813952597646566 -30.50986635785864 0
      vertex 26.628896457825363 -30.9758647376699 0
      vertex 28.14484313710706 -32.07726447035655 0
    endloop
  endfacet
  facet normal 0 0 -1
    outer loop
      vertex 29.5 -35.5 0
      vertex 24.813952597646566 -30.50986635785864 0
      vertex 28.14484313710706 -32.07726447035655 0
    endloop
  endfacet
  facet normal 0 0 -1
    outer loop
      vertex 26.628896457825363 -30.9758647376699 0
      vertex 27.179133974894985 -31.278360372489924 0
      vertex 27.687119948743447 -31.647433786121056 0
    endloop
  endfacet
  facet normal 0 0 -1
    outer loop
      vertex 26.628896457825363 -30.9758647376699 0
      vertex 27.687119948743447 -31.647433786121056 0
      vertex 28.14484313710706 -32.07726447035655 0
    endloop
  endfacet
  facet normal 0 0 -1
    outer loop
      vertex 28.14484313710706 -32.07726447035655 0
      vertex 28.545084971874736 -32.56107373853764 0
      vertex 28.88153340021932 -33.091231629491425 0
    endloop
  endfacet
  facet normal 0 0 -1
    outer loop
      vertex 29.148882429441258 -33.65937723657661 0
      vertex 28.14484313710706 -32.07726447035655 0
      vertex 28.88153340021932 -33.091231629491425 0
    endloop
  endfacet
  facet normal 0.12533323356430504 -0.9921147013144777 0
    outer loop
      vertex 24.81395259764657 -44.49013364214136 0
      vertex 25.436906572928624 -44.411436253643444 0
      vertex 24.81395259764657 -44.49013364214136 3
    endloop
  endfacet
  facet normal 0.24868988716485604 -0.9685831611286309 0
    outer loop
      vertex 25.436906572928624 -44.411436253643444 0
      vertex 26.045084971874736 -44.25528258147577 0
      vertex 26.045084971874736 -44.25528258147577 3
    endloop
  endfacet
  facet normal 0.3681245526846774 -0.9297764858882517 0
    outer loop
      vertex 26.045084971874736 -44.25528258147577 0
      vertex 26.628896457825363 -44.0241352623301 0
      vertex 26.045084971874736 -44.25528258147577 3
    endloop
  endfacet
  facet normal 0.48175367410171255 -0.8763066800438651 0
    outer loop
      vertex 26.628896457825363 -44.0241352623301 0
      vertex 27.17913397489498 -43.72163962751008 0
      vertex 26.628896457825363 -44.0241352623301 3
    endloop
  endfacet
  facet normal 0.5877852522924756 -0.8090169943749456 0
    outer loop
      vertex 27.17913397489498 -43.72163962751008 0
      vertex 27.68711994874345 -43.352566213878944 0
      vertex 27.68711994874345 -43.352566213878944 3
    endloop
  endfacet
  facet normal 0.6845471059286904 -0.7289686274214099 0
    outer loop
      vertex 27.68711994874345 -43.352566213878944 0
      vertex 28.14484313710706 -42.92273552964344 0
      vertex 28.14484313710706 -42.92273552964344 3
    endloop
  endfacet
  facet normal 0.7705132427757907 -0.6374239897486881 0
    outer loop
      vertex 28.14484313710706 -42.92273552964344 0
      vertex 28.545084971874736 -42.43892626146236 0
      vertex 28.545084971874736 -42.43892626146236 3
    endloop
  endfacet
  facet normal 0.8443279255020137 -0.5358267949789987 0
    outer loop
      vertex 28.545084971874736 -42.43892626146236 0
      vertex 28.88153340021932 -41.908768370508575 0
      vertex 28.88153340021932 -41.908768370508575 3
    endloop
  endfacet
  facet normal 0.9048270524660187 -0.42577929156507455 0
    outer loop
      vertex 28.88153340021932 -41.908768370508575 0
      vertex 29.148882429441258 -41.34062276342339 0
      vertex 28.88153340021932 -41.908768370508575 3
    endloop
  endfacet
  facet normal 0.9510565162951541 -0.30901699437494573 0
    outer loop
      vertex 29.148882429441258 -41.34062276342339 0
      vertex 29.342915805643155 -40.743449435824274 0
      vertex 29.148882429441258 -41.34062276342339 3
    endloop
  endfacet
  facet normal 0.9822872507286892 -0.18738131458572183 0
    outer loop
      vertex 29.342915805643155 -40.743449435824274 0
      vertex 29.460573506572388 -40.12666616782152 0
      vertex 29.460573506572388 -40.12666616782152 3
    endloop
  endfacet
  facet normal 0.9980267284282714 -0.06279051952931593 0
    outer loop
      vertex 29.460573506572388 -40.12666616782152 0
      vertex 29.5 -39.5 0
      vertex 29.5 -39.5 3
    endloop
  endfacet
  facet normal 1 0 0
    outer loop
      vertex 29.5 -39.5 0
      vertex 29.5 -35.5 0
      vertex 29.5 -35.5 3
    endloop
  endfacet
  facet normal 0.9980267284282714 0.06279051952931593 0
    outer loop
      vertex 29.5 -35.5 0
      vertex 29.460573506572388 -34.87333383217848 0
      vertex 29.460573506572388 -34.87333383217848 3
    endloop
  endfacet
  facet normal 0.9822872507286892 0.18738131458572183 0
    outer loop
      vertex 29.460573506572388 -34.87333383217848 0
      vertex 29.342915805643155 -34.256550564175726 0
      vertex 29.460573506572388 -34.87333383217848 3
    endloop
  endfacet
  facet normal 0.9510565162951541 0.30901699437494573 0
    outer loop
      vertex 29.342915805643155 -34.256550564175726 0
      vertex 29.148882429441258 -33.65937723657661 0
      vertex 29.148882429441258 -33.65937723657661 3
    endloop
  endfacet
  facet normal 0.24868988716485604 0.9685831611286309 0
    outer loop
      vertex 25.436906572928624 -30.588563746356556 0
      vertex 25.436906572928624 -30.588563746356556 3
      vertex 26.045084971874736 -30.744717418524232 0
    endloop
  endfacet
  facet normal 0.12533323356430434 0.9921147013144779 0
    outer loop
      vertex 25.436906572928624 -30.588563746356556 0
      vertex 24.813952597646566 -30.50986635785864 0
      vertex 25.436906572928624 -30.588563746356556 3
    endloop
  endfacet
  facet normal 0.3681245526846774 0.9297764858882517 0
    outer loop
      vertex 26.045084971874736 -30.744717418524232 0
      vertex 26.045084971874736 -30.744717418524232 3
      vertex 26.628896457825363 -30.9758647376699 0
    endloop
  endfacet
  facet normal 0.48175367410171455 0.876306680043864 0
    outer loop
      vertex 26.628896457825363 -30.9758647376699 0
      vertex 27.179133974894985 -31.278360372489924 3
      vertex 27.179133974894985 -31.278360372489924 0
    endloop
  endfacet
  facet normal 0.5877852522924772 0.8090169943749445 0
    outer loop
      vertex 27.179133974894985 -31.278360372489924 0
      vertex 27.179133974894985 -31.278360372489924 3
      vertex 27.687119948743447 -31.647433786121056 0
    endloop
  endfacet
  facet normal 0.7705132427757952 0.6374239897486825 0
    outer loop
      vertex 28.14484313710706 -32.07726447035655 0
      vertex 28.545084971874736 -32.56107373853764 3
      vertex 28.545084971874736 -32.56107373853764 0
    endloop
  endfacet
  facet normal 0.6845471059286816 0.7289686274214182 0
    outer loop
      vertex 28.14484313710706 -32.07726447035655 0
      vertex 27.687119948743447 -31.647433786121056 0
      vertex 27.687119948743447 -31.647433786121056 3
    endloop
  endfacet
  facet normal 0.8443279255020137 0.5358267949789987 0
    outer loop
      vertex 28.545084971874736 -32.56107373853764 0
      vertex 28.545084971874736 -32.56107373853764 3
      vertex 28.88153340021932 -33.091231629491425 0
    endloop
  endfacet
  facet normal 0.9048270524660187 0.42577929156507455 0
    outer loop
      vertex 29.148882429441258 -33.65937723657661 0
      vertex 28.88153340021932 -33.091231629491425 0
      vertex 28.88153340021932 -33.091231629491425 3
    endloop
  endfacet
  facet normal 0 0 1
    outer loop
      vertex 24.18604740235343 -44.49013364214136 3
      vertex -7.29593081152973 -40.74358686739188 3
      vertex -7.70406918847027 -40.74358686739188 3
    endloop
  endfacet
  facet normal 0 0 1
    outer loop
      vertex -6.495694768281421 -40.59093367795925 3
      vertex 6.495694768281421 -40.59093367795925 3
      vertex 6.1162173024135145 -40.44068792051456 3
    endloop
  endfacet
  facet normal 0 0 1
    outer loop
      vertex -6.495694768281421 -40.59093367795925 3
      vertex 6.891010727596394 -40.69243356486824 3
      vertex 6.495694768281421 -40.59093367795925 3
    endloop
  endfacet
  facet normal 0 0 1
    outer loop
      vertex -6.891010727596394 -40.69243356486824 3
      vertex 7.29593081152973 -40.74358686739188 3
      vertex 6.891010727596394 -40.69243356486824 3
    endloop
  endfacet
  facet normal 0 0 1
    outer loop
      vertex 0.11302293515276478 -39.29644811117089 3
      vertex 6.1162173024135145 -40.44068792051456 3
      vertex 0.3372863662543047 -39.26811705131164 3
    endloop
  endfacet
  facet normal 0 0 1
    outer loop
      vertex 0.3372863662543047 -39.26811705131164 3
      vertex 5.758562916318261 -40.24406575788155 3
      vertex 0.5562305898749054 -39.211901729331274 3
    endloop
  endfacet
  facet normal 0 0 1
    outer loop
      vertex 0.5562305898749054 -39.211901729331274 3
      vertex 5.428372033316759 -40.004168039021316 3
      vertex 0.7664027248171305 -39.128688694438836 3
    endloop
  endfacet
  facet normal 0 0 1
    outer loop
      vertex 0.7664027248171305 -39.128688694438836 3
      vertex 5.1308519608804115 -39.72477809426824 3
      vertex 0.9644882309621932 -39.01979026590363 3
    endloop
  endfacet
  facet normal 0 0 1
    outer loop
      vertex 0.9644882309621932 -39.01979026590363 3
      vertex 4.870694768281421 -39.41030206995054 3
      vertex 1.147363181547642 -38.886923836996424 3
    endloop
  endfacet
  facet normal 0 0 1
    outer loop
      vertex 1.147363181547642 -38.886923836996424 3
      vertex 4.870694768281421 -39.41030206995054 3
      vertex 1.312143529358541 -38.73218479067164 3
    endloop
  endfacet
  facet normal 0 0 1
    outer loop
      vertex 0.9644882309621932 -39.01979026590363 3
      vertex 5.1308519608804115 -39.72477809426824 3
      vertex 4.870694768281421 -39.41030206995054 3
    endloop
  endfacet
  facet normal 0 0 1
    outer loop
      vertex 1.312143529358541 -38.73218479067164 3
      vertex 4.870694768281421 -39.41030206995054 3
      vertex 4.6520032898574435 -39.06569944083058 3
    endloop
  endfacet
  facet normal 0 0 1
    outer loop
      vertex 1.312143529358541 -38.73218479067164 3
      vertex 4.6520032898574435 -39.06569944083058 3
      vertex 1.4562305898749055 -38.55801345412645 3
    endloop
  endfacet
  facet normal 0 0 1
    outer loop
      vertex 4.478226420863183 -38.6964047962252 3
      vertex 1.5773520240789543 -38.36715661338309 3
      vertex 1.4562305898749055 -38.55801345412645 3
    endloop
  endfacet
  facet normal 0 0 1
    outer loop
      vertex 4.478226420863183 -38.6964047962252 3
      vertex 1.6735976745988523 -38.16262419483242 3
      vertex 1.5773520240789543 -38.36715661338309 3
    endloop
  endfacet
  facet normal 0 0 1
    outer loop
      vertex 1.6735976745988523 -38.16262419483242 3
      vertex 4.275627220727947 -37.90733300908399 3
      vertex 1.7434496900315362 -37.94764179689674 3
    endloop
  endfacet
  facet normal 0 0 1
    outer loop
      vertex 1.7434496900315362 -37.94764179689674 3
      vertex 4.275627220727947 -37.90733300908399 3
      vertex 1.78580646236606 -37.725599820415745 3
    endloop
  endfacet
  facet normal 0 0 1
    outer loop
      vertex 1.78580646236606 -37.725599820415745 3
      vertex 4.25 -37.5 3
      vertex 1.8 -37.5 3
    endloop
  endfacet
  facet normal 0 0 1
    outer loop
      vertex 1.8 -37.5 3
      vertex 4.275627220727947 -37.09266699091601 3
      vertex 1.78580646236606 -37.274400179584255 3
    endloop
  endfacet
  facet normal 0 0 1
    outer loop
      vertex 1.78580646236606 -37.274400179584255 3
      vertex 4.275627220727947 -37.09266699091601 3
      vertex 1.743449690031536 -37.05235820310326 3
    endloop
  endfacet
  facet normal 0 0 1
    outer loop
      vertex 1.743449690031536 -37.05235820310326 3
      vertex 4.352104726331949 -36.69175786671422 3
      vertex 1.6735976745988526 -36.83737580516758 3
    endloop
  endfacet
  facet normal 0 0 1
    outer loop
      vertex 1.4562305898749055 -36.44198654587355 3
      vertex 1.5773520240789545 -36.63284338661691 3
      vertex 4.478226420863183 -36.3035952037748 3
    endloop
  endfacet
  facet normal 0 0 1
    outer loop
      vertex 1.3121435293585408 -36.26781520932836 3
      vertex 1.4562305898749055 -36.44198654587355 3
      vertex 4.6520032898574435 -35.93430055916942 3
    endloop
  endfacet
  facet normal 0 0 1
    outer loop
      vertex 1.6735976745988526 -36.83737580516758 3
      vertex 4.478226420863183 -36.3035952037748 3
      vertex 1.5773520240789545 -36.63284338661691 3
    endloop
  endfacet
  facet normal 0 0 1
    outer loop
      vertex 4.478226420863183 -38.6964047962252 3
      vertex 1.4562305898749055 -38.55801345412645 3
      vertex 4.6520032898574435 -39.06569944083058 3
    endloop
  endfacet
  facet normal 0 0 1
    outer loop
      vertex 1.6735976745988523 -38.16262419483242 3
      vertex 4.478226420863183 -38.6964047962252 3
      vertex 4.352104726331949 -38.30824213328578 3
    endloop
  endfacet
  facet normal 0 0 1
    outer loop
      vertex 1.6735976745988523 -38.16262419483242 3
      vertex 4.352104726331949 -38.30824213328578 3
      vertex 4.275627220727947 -37.90733300908399 3
    endloop
  endfacet
  facet normal 0 0 1
    outer loop
      vertex 1.78580646236606 -37.725599820415745 3
      vertex 4.275627220727947 -37.90733300908399 3
      vertex 4.25 -37.5 3
    endloop
  endfacet
  facet normal 0 0 1
    outer loop
      vertex 1.8 -37.5 3
      vertex 4.25 -37.5 3
      vertex 4.275627220727947 -37.09266699091601 3
    endloop
  endfacet
  facet normal 0 0 1
    outer loop
      vertex 1.743449690031536 -37.05235820310326 3
      vertex 4.275627220727947 -37.09266699091601 3
      vertex 4.352104726331949 -36.69175786671422 3
    endloop
  endfacet
  facet normal 0 0 1
    outer loop
      vertex 1.6735976745988526 -36.83737580516758 3
      vertex 4.352104726331949 -36.69175786671422 3
      vertex 4.478226420863183 -36.3035952037748 3
    endloop
  endfacet
  facet normal 0 0 1
    outer loop
      vertex 1.4562305898749055 -36.44198654587355 3
      vertex 4.478226420863183 -36.3035952037748 3
      vertex 4.6520032898574435 -35.93430055916942 3
    endloop
  endfacet
  facet normal 0 0 1
    outer loop
      vertex 0.7664027248171309 -35.871311305561164 3
      vertex 0.964488230962194 -35.98020973409637 3
      vertex 5.1308519608804115 -35.27522190573176 3
    endloop
  endfacet
  facet normal 0 0 1
    outer loop
      vertex 0.5562305898749054 -35.788098270668726 3
      vertex 0.7664027248171309 -35.871311305561164 3
      vertex 5.428372033316759 -34.995831960978684 3
    endloop
  endfacet
  facet normal 0 0 1
    outer loop
      vertex 0.1130229351527639 -35.70355188882911 3
      vertex 0.33728636625430425 -35.73188294868836 3
      vertex 6.116217302413514 -34.55931207948544 3
    endloop
  endfacet
  facet normal 0 0 1
    outer loop
      vertex 0.33728636625430425 -35.73188294868836 3
      vertex 0.5562305898749054 -35.788098270668726 3
      vertex 5.758562916318261 -34.75593424211845 3
    endloop
  endfacet
  facet normal 0 0 1
    outer loop
      vertex 0.964488230962194 -35.98020973409637 3
      vertex 1.1473631815476415 -36.113076163003576 3
      vertex 4.870694768281421 -35.58969793004946 3
    endloop
  endfacet
  facet normal 0 0 1
    outer loop
      vertex 1.3121435293585408 -36.26781520932836 3
      vertex 4.870694768281421 -35.58969793004946 3
      vertex 1.1473631815476415 -36.113076163003576 3
    endloop
  endfacet
  facet normal 0 0 1
    outer loop
      vertex -6.495694768281421 -34.40906632204075 3
      vertex 6.116217302413514 -34.55931207948544 3
      vertex 6.495694768281421 -34.40906632204075 3
    endloop
  endfacet
  facet normal 0 0 1
    outer loop
      vertex -6.891010727596395 -34.30756643513176 3
      vertex 6.495694768281421 -34.40906632204075 3
      vertex 6.891010727596395 -34.30756643513176 3
    endloop
  endfacet
  facet normal 0 0 1
    outer loop
      vertex 1.3121435293585408 -36.26781520932836 3
      vertex 4.6520032898574435 -35.93430055916942 3
      vertex 4.870694768281421 -35.58969793004946 3
    endloop
  endfacet
  facet normal 0 0 1
    outer loop
      vertex 0.964488230962194 -35.98020973409637 3
      vertex 4.870694768281421 -35.58969793004946 3
      vertex 5.1308519608804115 -35.27522190573176 3
    endloop
  endfacet
  facet normal 0 0 1
    outer loop
      vertex 0.5562305898749054 -39.211901729331274 3
      vertex 5.758562916318261 -40.24406575788155 3
      vertex 5.428372033316759 -40.004168039021316 3
    endloop
  endfacet
  facet normal 0 0 1
    outer loop
      vertex 0.3372863662543047 -39.26811705131164 3
      vertex 6.1162173024135145 -40.44068792051456 3
      vertex 5.758562916318261 -40.24406575788155 3
    endloop
  endfacet
  facet normal 0 0 1
    outer loop
      vertex 0.7664027248171305 -39.128688694438836 3
      vertex 5.428372033316759 -40.004168039021316 3
      vertex 5.1308519608804115 -39.72477809426824 3
    endloop
  endfacet
  facet normal 0 0 1
    outer loop
      vertex 0.7664027248171309 -35.871311305561164 3
      vertex 5.1308519608804115 -35.27522190573176 3
      vertex 5.428372033316759 -34.995831960978684 3
    endloop
  endfacet
  facet normal 0 0 1
    outer loop
      vertex 0.5562305898749054 -35.788098270668726 3
      vertex 5.428372033316759 -34.995831960978684 3
      vertex 5.758562916318261 -34.75593424211845 3
    endloop
  endfacet
  facet normal 0 0 1
    outer loop
      vertex 0.33728636625430425 -35.73188294868836 3
      vertex 5.758562916318261 -34.75593424211845 3
      vertex 6.116217302413514 -34.55931207948544 3
    endloop
  endfacet
  facet normal 0 0 1
    outer loop
      vertex -15.5 -33.02026547989614 3
      vertex -7.704069188470268 -34.25641313260812 3
      vertex 26.045084971874736 -30.744717418524232 3
    endloop
  endfacet
  facet normal 0 0 1
    outer loop
      vertex 26.045084971874736 -30.744717418524232 3
      vertex -7.704069188470268 -34.25641313260812 3
      vertex -7.295930811529732 -34.25641313260812 3
    endloop
  endfacet
  facet normal 0 0 1
    outer loop
      vertex 26.045084971874736 -30.744717418524232 3
      vertex -7.295930811529732 -34.25641313260812 3
      vertex -6.891010727596395 -34.30756643513176 3
    endloop
  endfacet
  facet normal 0 0 1
    outer loop
      vertex 24.18604740235343 -44.49013364214136 3
      vertex 7.29593081152973 -40.74358686739188 3
      vertex -7.29593081152973 -40.74358686739188 3
    endloop
  endfacet
  facet normal 0 0 1
    outer loop
      vertex 8.504305231718579 -34.40906632204075 3
      vertex 8.883782697586486 -34.55931207948544 3
      vertex 14.662713633745696 -35.73188294868836 3
    endloop
  endfacet
  facet normal 0 0 1
    outer loop
      vertex 8.883782697586486 -34.55931207948544 3
      vertex 9.241437083681738 -34.75593424211845 3
      vertex 14.662713633745696 -35.73188294868836 3
    endloop
  endfacet
  facet normal 0 0 1
    outer loop
      vertex 24.18604740235343 -44.49013364214136 3
      vertex 7.70406918847027 -40.74358686739188 3
      vertex 7.29593081152973 -40.74358686739188 3
    endloop
  endfacet
  facet normal 0 0 1
    outer loop
      vertex 24.18604740235343 -44.49013364214136 3
      vertex 8.108989272403605 -40.69243356486824 3
      vertex 7.70406918847027 -40.74358686739188 3
    endloop
  endfacet
  facet normal 0 0 1
    outer loop
      vertex 24.18604740235343 -44.49013364214136 3
      vertex 8.504305231718579 -40.59093367795925 3
      vertex 8.108989272403605 -40.69243356486824 3
    endloop
  endfacet
  facet normal 0 0 1
    outer loop
      vertex 24.18604740235343 -44.49013364214136 3
      vertex 8.883782697586486 -40.44068792051456 3
      vertex 8.504305231718579 -40.59093367795925 3
    endloop
  endfacet
  facet normal 0 0 1
    outer loop
      vertex 24.18604740235343 -44.49013364214136 3
      vertex 9.241437083681738 -40.24406575788155 3
      vertex 8.883782697586486 -40.44068792051456 3
    endloop
  endfacet
  facet normal 0 0 1
    outer loop
      vertex 24.18604740235343 -44.49013364214136 3
      vertex 9.571627966683241 -40.004168039021316 3
      vertex 9.241437083681738 -40.24406575788155 3
    endloop
  endfacet
  facet normal 0 0 1
    outer loop
      vertex 24.18604740235343 -44.49013364214136 3
      vertex 9.869148039119588 -39.72477809426824 3
      vertex 9.571627966683241 -40.004168039021316 3
    endloop
  endfacet
  facet normal 0 0 1
    outer loop
      vertex 24.18604740235343 -44.49013364214136 3
      vertex 10.129305231718579 -39.41030206995054 3
      vertex 9.869148039119588 -39.72477809426824 3
    endloop
  endfacet
  facet normal 0 0 1
    outer loop
      vertex 10.347996710142557 -35.93430055916942 3
      vertex 10.521773579136816 -36.3035952037748 3
      vertex 13.543769410125094 -36.44198654587355 3
    endloop
  endfacet
  facet normal 0 0 1
    outer loop
      vertex 10.75 -37.5 3
      vertex 13.214193537633939 -37.274400179584255 3
      vertex 10.724372779272052 -37.09266699091601 3
    endloop
  endfacet
  facet normal 0 0 1
    outer loop
      vertex 10.724372779272052 -37.09266699091601 3
      vertex 13.256550309968464 -37.05235820310326 3
      vertex 10.647895273668052 -36.69175786671422 3
    endloop
  endfacet
  facet normal 0 0 1
    outer loop
      vertex 10.521773579136816 -36.3035952037748 3
      vertex 10.647895273668052 -36.69175786671422 3
      vertex 13.422647975921045 -36.63284338661691 3
    endloop
  endfacet
  facet normal 0 0 1
    outer loop
      vertex 10.75 -37.5 3
      vertex 13.326402325401148 -38.16262419483242 3
      vertex 13.256550309968464 -37.94764179689674 3
    endloop
  endfacet
  facet normal 0 0 1
    outer loop
      vertex 10.75 -37.5 3
      vertex 13.256550309968464 -37.94764179689674 3
      vertex 13.214193537633939 -37.725599820415745 3
    endloop
  endfacet
  facet normal 0 0 1
    outer loop
      vertex 10.75 -37.5 3
      vertex 13.214193537633939 -37.725599820415745 3
      vertex 13.2 -37.5 3
    endloop
  endfacet
  facet normal 0 0 1
    outer loop
      vertex 10.75 -37.5 3
      vertex 13.687856470641458 -38.73218479067164 3
      vertex 13.543769410125094 -38.55801345412645 3
    endloop
  endfacet
  facet normal 0 0 1
    outer loop
      vertex 10.75 -37.5 3
      vertex 13.852636818452359 -38.886923836996424 3
      vertex 13.687856470641458 -38.73218479067164 3
    endloop
  endfacet
  facet normal 0 0 1
    outer loop
      vertex 10.75 -37.5 3
      vertex 14.035511769037806 -39.01979026590363 3
      vertex 13.852636818452359 -38.886923836996424 3
    endloop
  endfacet
  facet normal 0 0 1
    outer loop
      vertex 10.75 -37.5 3
      vertex 13.422647975921045 -38.36715661338309 3
      vertex 13.326402325401148 -38.16262419483242 3
    endloop
  endfacet
  facet normal 0 0 1
    outer loop
      vertex 10.75 -37.5 3
      vertex 13.543769410125094 -38.55801345412645 3
      vertex 13.422647975921045 -38.36715661338309 3
    endloop
  endfacet
  facet normal 0 0 1
    outer loop
      vertex 10.75 -37.5 3
      vertex 13.2 -37.5 3
      vertex 13.214193537633939 -37.274400179584255 3
    endloop
  endfacet
  facet normal 0 0 1
    outer loop
      vertex 10.724372779272052 -37.09266699091601 3
      vertex 13.214193537633939 -37.274400179584255 3
      vertex 13.256550309968464 -37.05235820310326 3
    endloop
  endfacet
  facet normal 0 0 1
    outer loop
      vertex 10.647895273668052 -36.69175786671422 3
      vertex 13.256550309968464 -37.05235820310326 3
      vertex 13.326402325401148 -36.83737580516758 3
    endloop
  endfacet
  facet normal 0 0 1
    outer loop
      vertex 10.647895273668052 -36.69175786671422 3
      vertex 13.326402325401148 -36.83737580516758 3
      vertex 13.422647975921045 -36.63284338661691 3
    endloop
  endfacet
  facet normal 0 0 1
    outer loop
      vertex 10.521773579136816 -36.3035952037748 3
      vertex 13.422647975921045 -36.63284338661691 3
      vertex 13.543769410125094 -36.44198654587355 3
    endloop
  endfacet
  facet normal 0 0 1
    outer loop
      vertex 10.347996710142557 -35.93430055916942 3
      vertex 13.543769410125094 -36.44198654587355 3
      vertex 13.687856470641458 -36.26781520932836 3
    endloop
  endfacet
  facet normal 0 0 1
    outer loop
      vertex 10.129305231718579 -35.58969793004946 3
      vertex 10.347996710142557 -35.93430055916942 3
      vertex 13.852636818452359 -36.113076163003576 3
    endloop
  endfacet
  facet normal 0 0 1
    outer loop
      vertex 10.129305231718579 -35.58969793004946 3
      vertex 14.035511769037806 -35.98020973409637 3
      vertex 9.869148039119587 -35.27522190573176 3
    endloop
  endfacet
  facet normal 0 0 1
    outer loop
      vertex 9.241437083681738 -34.75593424211845 3
      vertex 9.571627966683241 -34.995831960978684 3
      vertex 14.662713633745696 -35.73188294868836 3
    endloop
  endfacet
  facet normal 0 0 1
    outer loop
      vertex 9.571627966683241 -34.995831960978684 3
      vertex 9.869148039119587 -35.27522190573176 3
      vertex 14.443769410125094 -35.788098270668726 3
    endloop
  endfacet
  facet normal 0 0 1
    outer loop
      vertex 10.347996710142557 -35.93430055916942 3
      vertex 13.687856470641458 -36.26781520932836 3
      vertex 13.852636818452359 -36.113076163003576 3
    endloop
  endfacet
  facet normal 0 0 1
    outer loop
      vertex 10.129305231718579 -35.58969793004946 3
      vertex 13.852636818452359 -36.113076163003576 3
      vertex 14.035511769037806 -35.98020973409637 3
    endloop
  endfacet
  facet normal 0 0 1
    outer loop
      vertex 9.869148039119587 -35.27522190573176 3
      vertex 14.035511769037806 -35.98020973409637 3
      vertex 14.23359727518287 -35.871311305561164 3
    endloop
  endfacet
  facet normal 0 0 1
    outer loop
      vertex 9.869148039119587 -35.27522190573176 3
      vertex 14.23359727518287 -35.871311305561164 3
      vertex 14.443769410125094 -35.788098270668726 3
    endloop
  endfacet
  facet normal 0 0 1
    outer loop
      vertex 9.571627966683241 -34.995831960978684 3
      vertex 14.443769410125094 -35.788098270668726 3
      vertex 14.662713633745696 -35.73188294868836 3
    endloop
  endfacet
  facet normal 0 0 1
    outer loop
      vertex 10.75 -37.5 3
      vertex 14.23359727518287 -39.128688694438836 3
      vertex 14.035511769037806 -39.01979026590363 3
    endloop
  endfacet
  facet normal 0 0 1
    outer loop
      vertex 26.045084971874736 -30.744717418524232 3
      vertex -6.891010727596395 -34.30756643513176 3
      vertex 6.891010727596395 -34.30756643513176 3
    endloop
  endfacet
  facet normal 0 0 1
    outer loop
      vertex -15.5 -30.50986635785864 3
      vertex 26.045084971874736 -30.744717418524232 3
      vertex 24.813952597646566 -30.50986635785864 3
    endloop
  endfacet
  facet normal 0 0 1
    outer loop
      vertex 26.045084971874736 -30.744717418524232 3
      vertex 6.891010727596395 -34.30756643513176 3
      vertex 7.295930811529732 -34.25641313260812 3
    endloop
  endfacet
  facet normal 0 0 1
    outer loop
      vertex 26.045084971874736 -30.744717418524232 3
      vertex 7.295930811529732 -34.25641313260812 3
      vertex 7.704069188470268 -34.25641313260812 3
    endloop
  endfacet
  facet normal 0 0 1
    outer loop
      vertex 26.045084971874736 -30.744717418524232 3
      vertex 7.704069188470268 -34.25641313260812 3
      vertex 8.108989272403605 -34.30756643513176 3
    endloop
  endfacet
  facet normal 0 0 1
    outer loop
      vertex 26.045084971874736 -30.744717418524232 3
      vertex 8.108989272403605 -34.30756643513176 3
      vertex 8.504305231718579 -34.40906632204075 3
    endloop
  endfacet
  facet normal 0 -1 0
    outer loop
      vertex 24.81395259764657 -44.49013364214136 0
      vertex 24.81395259764657 -44.49013364214136 3
      vertex 24.18604740235343 -44.49013364214136 3
    endloop
  endfacet
  facet normal 0.12533323356430504 -0.9921147013144777 0
    outer loop
      vertex 25.436906572928624 -44.411436253643444 0
      vertex 25.436906572928624 -44.411436253643444 3
      vertex 24.81395259764657 -44.49013364214136 3
    endloop
  endfacet
  facet normal 0.24868988716485604 -0.9685831611286309 0
    outer loop
      vertex 25.436906572928624 -44.411436253643444 0
      vertex 26.045084971874736 -44.25528258147577 3
      vertex 25.436906572928624 -44.411436253643444 3
    endloop
  endfacet
  facet normal 0.3681245526846774 -0.9297764858882517 0
    outer loop
      vertex 26.628896457825363 -44.0241352623301 0
      vertex 26.628896457825363 -44.0241352623301 3
      vertex 26.045084971874736 -44.25528258147577 3
    endloop
  endfacet
  facet normal 0.48175367410171255 -0.8763066800438651 0
    outer loop
      vertex 27.17913397489498 -43.72163962751008 0
      vertex 27.17913397489498 -43.72163962751008 3
      vertex 26.628896457825363 -44.0241352623301 3
    endloop
  endfacet
  facet normal 0.5877852522924756 -0.8090169943749456 0
    outer loop
      vertex 27.17913397489498 -43.72163962751008 0
      vertex 27.68711994874345 -43.352566213878944 3
      vertex 27.17913397489498 -43.72163962751008 3
    endloop
  endfacet
  facet normal 0.6845471059286904 -0.7289686274214099 0
    outer loop
      vertex 27.68711994874345 -43.352566213878944 0
      vertex 28.14484313710706 -42.92273552964344 3
      vertex 27.68711994874345 -43.352566213878944 3
    endloop
  endfacet
  facet normal 0.7705132427757907 -0.6374239897486881 0
    outer loop
      vertex 28.14484313710706 -42.92273552964344 0
      vertex 28.545084971874736 -42.43892626146236 3
      vertex 28.14484313710706 -42.92273552964344 3
    endloop
  endfacet
  facet normal 0.8443279255020137 -0.5358267949789987 0
    outer loop
      vertex 28.545084971874736 -42.43892626146236 0
      vertex 28.88153340021932 -41.908768370508575 3
      vertex 28.545084971874736 -42.43892626146236 3
    endloop
  endfacet
  facet normal 0.9048270524660187 -0.42577929156507455 0
    outer loop
      vertex 29.148882429441258 -41.34062276342339 0
      vertex 29.148882429441258 -41.34062276342339 3
      vertex 28.88153340021932 -41.908768370508575 3
    endloop
  endfacet
  facet normal 0.9510565162951541 -0.30901699437494573 0
    outer loop
      vertex 29.342915805643155 -40.743449435824274 0
      vertex 29.342915805643155 -40.743449435824274 3
      vertex 29.148882429441258 -41.34062276342339 3
    endloop
  endfacet
  facet normal 0.9822872507286892 -0.18738131458572183 0
    outer loop
      vertex 29.342915805643155 -40.743449435824274 0
      vertex 29.460573506572388 -40.12666616782152 3
      vertex 29.342915805643155 -40.743449435824274 3
    endloop
  endfacet
  facet normal 0.9980267284282714 -0.06279051952931593 0
    outer loop
      vertex 29.460573506572388 -40.12666616782152 0
      vertex 29.5 -39.5 3
      vertex 29.460573506572388 -40.12666616782152 3
    endloop
  endfacet
  facet normal 1 0 0
    outer loop
      vertex 29.5 -39.5 0
      vertex 29.5 -35.5 3
      vertex 29.5 -39.5 3
    endloop
  endfacet
  facet normal 0.9980267284282714 0.06279051952931593 0
    outer loop
      vertex 29.5 -35.5 0
      vertex 29.460573506572388 -34.87333383217848 3
      vertex 29.5 -35.5 3
    endloop
  endfacet
  facet normal 0.9822872507286892 0.18738131458572183 0
    outer loop
      vertex 29.342915805643155 -34.256550564175726 0
      vertex 29.342915805643155 -34.256550564175726 3
      vertex 29.460573506572388 -34.87333383217848 3
    endloop
  endfacet
  facet normal 0.9048270524660187 0.42577929156507455 0
    outer loop
      vertex 29.148882429441258 -33.65937723657661 0
      vertex 28.88153340021932 -33.091231629491425 3
      vertex 29.148882429441258 -33.65937723657661 3
    endloop
  endfacet
  facet normal 0.9510565162951541 0.30901699437494573 0
    outer loop
      vertex 29.342915805643155 -34.256550564175726 0
      vertex 29.148882429441258 -33.65937723657661 3
      vertex 29.342915805643155 -34.256550564175726 3
    endloop
  endfacet
  facet normal 0.12533323356430434 0.9921147013144779 0
    outer loop
      vertex 24.813952597646566 -30.50986635785864 0
      vertex 24.813952597646566 -30.50986635785864 3
      vertex 25.436906572928624 -30.588563746356556 3
    endloop
  endfacet
  facet normal 0.24868988716485604 0.9685831611286309 0
    outer loop
      vertex 26.045084971874736 -30.744717418524232 0
      vertex 25.436906572928624 -30.588563746356556 3
      vertex 26.045084971874736 -30.744717418524232 3
    endloop
  endfacet
  facet normal 0.3681245526846774 0.9297764858882517 0
    outer loop
      vertex 26.628896457825363 -30.9758647376699 0
      vertex 26.045084971874736 -30.744717418524232 3
      vertex 26.628896457825363 -30.9758647376699 3
    endloop
  endfacet
  facet normal 0.48175367410171455 0.876306680043864 0
    outer loop
      vertex 26.628896457825363 -30.9758647376699 0
      vertex 26.628896457825363 -30.9758647376699 3
      vertex 27.179133974894985 -31.278360372489924 3
    endloop
  endfacet
  facet normal 0.5877852522924772 0.8090169943749445 0
    outer loop
      vertex 27.687119948743447 -31.647433786121056 0
      vertex 27.179133974894985 -31.278360372489924 3
      vertex 27.687119948743447 -31.647433786121056 3
    endloop
  endfacet
  facet normal 0.7705132427757952 0.6374239897486825 0
    outer loop
      vertex 28.14484313710706 -32.07726447035655 0
      vertex 28.14484313710706 -32.07726447035655 3
      vertex 28.545084971874736 -32.56107373853764 3
    endloop
  endfacet
  facet normal 0.6845471059286816 0.7289686274214182 0
    outer loop
      vertex 28.14484313710706 -32.07726447035655 0
      vertex 27.687119948743447 -31.647433786121056 3
      vertex 28.14484313710706 -32.07726447035655 3
    endloop
  endfacet
  facet normal 0.8443279255020137 0.5358267949789987 0
    outer loop
      vertex 28.88153340021932 -33.091231629491425 0
      vertex 28.545084971874736 -32.56107373853764 3
      vertex 28.88153340021932 -33.091231629491425 3
    endloop
  endfacet
  facet normal 0 0 1
    outer loop
      vertex 24.18604740235343 -44.49013364214136 3
      vertex 10.347996710142557 -39.06569944083058 3
      vertex 10.129305231718579 -39.41030206995054 3
    endloop
  endfacet
  facet normal 0 0 1
    outer loop
      vertex 24.18604740235343 -44.49013364214136 3
      vertex 10.521773579136816 -38.6964047962252 3
      vertex 10.347996710142557 -39.06569944083058 3
    endloop
  endfacet
  facet normal 0 0 1
    outer loop
      vertex 24.18604740235343 -44.49013364214136 3
      vertex 10.647895273668052 -38.30824213328577 3
      vertex 10.521773579136816 -38.6964047962252 3
    endloop
  endfacet
  facet normal 0 0 1
    outer loop
      vertex 24.18604740235343 -44.49013364214136 3
      vertex 10.724372779272052 -37.90733300908399 3
      vertex 10.647895273668052 -38.30824213328577 3
    endloop
  endfacet
  facet normal 0 0 1
    outer loop
      vertex 24.18604740235343 -44.49013364214136 3
      vertex 10.75 -37.5 3
      vertex 10.724372779272052 -37.90733300908399 3
    endloop
  endfacet
  facet normal 0 0 1
    outer loop
      vertex 24.18604740235343 -44.49013364214136 3
      vertex 14.23359727518287 -39.128688694438836 3
      vertex 10.75 -37.5 3
    endloop
  endfacet
  facet normal 0 0 1
    outer loop
      vertex 15.337286366254304 -39.26811705131164 3
      vertex 20.75856291631826 -40.24406575788155 3
      vertex 15.556230589874906 -39.211901729331274 3
    endloop
  endfacet
  facet normal 0 0 1
    outer loop
      vertex 15.556230589874906 -39.211901729331274 3
      vertex 20.42837203331676 -40.004168039021316 3
      vertex 15.76640272481713 -39.128688694438836 3
    endloop
  endfacet
  facet normal 0 0 1
    outer loop
      vertex 15.76640272481713 -39.128688694438836 3
      vertex 20.130851960880413 -39.72477809426824 3
      vertex 15.964488230962193 -39.01979026590363 3
    endloop
  endfacet
  facet normal 0 0 1
    outer loop
      vertex 15.964488230962193 -39.01979026590363 3
      vertex 19.87069476828142 -39.41030206995054 3
      vertex 16.147363181547643 -38.886923836996424 3
    endloop
  endfacet
  facet normal 0 0 1
    outer loop
      vertex 16.147363181547643 -38.886923836996424 3
      vertex 19.87069476828142 -39.41030206995054 3
      vertex 16.31214352935854 -38.73218479067164 3
    endloop
  endfacet
  facet normal 0 0 1
    outer loop
      vertex 24.18604740235343 -44.49013364214136 3
      vertex 14.886977064847235 -39.29644811117089 3
      vertex 14.662713633745696 -39.26811705131164 3
    endloop
  endfacet
  facet normal 0 0 1
    outer loop
      vertex 24.18604740235343 -44.49013364214136 3
      vertex 14.443769410125094 -39.211901729331274 3
      vertex 14.23359727518287 -39.128688694438836 3
    endloop
  endfacet
  facet normal 0 0 1
    outer loop
      vertex 24.18604740235343 -44.49013364214136 3
      vertex 14.662713633745696 -39.26811705131164 3
      vertex 14.443769410125094 -39.211901729331274 3
    endloop
  endfacet
  facet normal 0 0 1
    outer loop
      vertex 24.18604740235343 -44.49013364214136 3
      vertex 15.113022935152765 -39.29644811117089 3
      vertex 14.886977064847235 -39.29644811117089 3
    endloop
  endfacet
  facet normal 0 0 1
    outer loop
      vertex 24.18604740235343 -44.49013364214136 3
      vertex 15.337286366254304 -39.26811705131164 3
      vertex 15.113022935152765 -39.29644811117089 3
    endloop
  endfacet
  facet normal 0 0 1
    outer loop
      vertex 26.045084971874736 -30.744717418524232 3
      vertex 8.504305231718579 -34.40906632204075 3
      vertex 14.662713633745696 -35.73188294868836 3
    endloop
  endfacet
  facet normal 0 0 1
    outer loop
      vertex 16.31214352935854 -38.73218479067164 3
      vertex 19.652003289857443 -39.06569944083058 3
      vertex 16.456230589874906 -38.55801345412645 3
    endloop
  endfacet
  facet normal 0 0 1
    outer loop
      vertex 16.456230589874906 -38.55801345412645 3
      vertex 19.478226420863184 -38.6964047962252 3
      vertex 16.577352024078955 -38.36715661338309 3
    endloop
  endfacet
  facet normal 0 0 1
    outer loop
      vertex 16.577352024078955 -36.63284338661691 3
      vertex 19.478226420863184 -36.3035952037748 3
      vertex 16.456230589874906 -36.44198654587355 3
    endloop
  endfacet
  facet normal 0 0 1
    outer loop
      vertex 16.31214352935854 -36.26781520932836 3
      vertex 16.456230589874906 -36.44198654587355 3
      vertex 19.652003289857443 -35.93430055916942 3
    endloop
  endfacet
  facet normal 0 0 1
    outer loop
      vertex 16.577352024078955 -38.36715661338309 3
      vertex 19.478226420863184 -38.6964047962252 3
      vertex 16.673597674598852 -38.16262419483242 3
    endloop
  endfacet
  facet normal 0 0 1
    outer loop
      vertex 16.673597674598852 -38.16262419483242 3
      vertex 19.352104726331948 -38.30824213328578 3
      vertex 16.743449690031536 -37.94764179689674 3
    endloop
  endfacet
  facet normal 0 0 1
    outer loop
      vertex 16.743449690031536 -37.94764179689674 3
      vertex 19.275627220727948 -37.90733300908399 3
      vertex 16.78580646236606 -37.725599820415745 3
    endloop
  endfacet
  facet normal 0 0 1
    outer loop
      vertex 16.78580646236606 -37.725599820415745 3
      vertex 19.25 -37.5 3
      vertex 16.8 -37.5 3
    endloop
  endfacet
  facet normal 0 0 1
    outer loop
      vertex 16.78580646236606 -37.725599820415745 3
      vertex 19.275627220727948 -37.90733300908399 3
      vertex 19.25 -37.5 3
    endloop
  endfacet
  facet normal 0 0 1
    outer loop
      vertex 16.8 -37.5 3
      vertex 19.25 -37.5 3
      vertex 16.78580646236606 -37.274400179584255 3
    endloop
  endfacet
  facet normal 0 0 1
    outer loop
      vertex 16.78580646236606 -37.274400179584255 3
      vertex 19.275627220727948 -37.09266699091601 3
      vertex 16.743449690031536 -37.05235820310326 3
    endloop
  endfacet
  facet normal 0 0 1
    outer loop
      vertex 16.743449690031536 -37.05235820310326 3
      vertex 19.352104726331948 -36.69175786671422 3
      vertex 16.673597674598852 -36.83737580516758 3
    endloop
  endfacet
  facet normal 0 0 1
    outer loop
      vertex 16.673597674598852 -36.83737580516758 3
      vertex 19.478226420863184 -36.3035952037748 3
      vertex 16.577352024078955 -36.63284338661691 3
    endloop
  endfacet
  facet normal 0 0 1
    outer loop
      vertex 16.78580646236606 -37.274400179584255 3
      vertex 19.25 -37.5 3
      vertex 19.275627220727948 -37.09266699091601 3
    endloop
  endfacet
  facet normal 0 0 1
    outer loop
      vertex 15.556230589874906 -35.788098270668726 3
      vertex 15.76640272481713 -35.871311305561164 3
      vertex 20.42837203331676 -34.995831960978684 3
    endloop
  endfacet
  facet normal 0 0 1
    outer loop
      vertex 15.964488230962194 -35.98020973409637 3
      vertex 16.147363181547643 -36.113076163003576 3
      vertex 19.87069476828142 -35.58969793004946 3
    endloop
  endfacet
  facet normal 0 0 1
    outer loop
      vertex 16.31214352935854 -36.26781520932836 3
      vertex 19.87069476828142 -35.58969793004946 3
      vertex 16.147363181547643 -36.113076163003576 3
    endloop
  endfacet
  facet normal 0 0 1
    outer loop
      vertex 15.964488230962194 -35.98020973409637 3
      vertex 20.130851960880413 -35.27522190573176 3
      vertex 15.76640272481713 -35.871311305561164 3
    endloop
  endfacet
  facet normal 0 0 1
    outer loop
      vertex 15.337286366254304 -35.73188294868836 3
      vertex 15.556230589874906 -35.788098270668726 3
      vertex 20.75856291631826 -34.75593424211845 3
    endloop
  endfacet
  facet normal 0 0 1
    outer loop
      vertex 15.113022935152763 -35.70355188882911 3
      vertex 15.337286366254304 -35.73188294868836 3
      vertex 21.116217302413514 -34.55931207948544 3
    endloop
  endfacet
  facet normal 0 0 1
    outer loop
      vertex 15.964488230962193 -39.01979026590363 3
      vertex 20.130851960880413 -39.72477809426824 3
      vertex 19.87069476828142 -39.41030206995054 3
    endloop
  endfacet
  facet normal 0 0 1
    outer loop
      vertex 16.31214352935854 -38.73218479067164 3
      vertex 19.87069476828142 -39.41030206995054 3
      vertex 19.652003289857443 -39.06569944083058 3
    endloop
  endfacet
  facet normal 0 0 1
    outer loop
      vertex 15.76640272481713 -39.128688694438836 3
      vertex 20.42837203331676 -40.004168039021316 3
      vertex 20.130851960880413 -39.72477809426824 3
    endloop
  endfacet
  facet normal 0 0 1
    outer loop
      vertex 15.556230589874906 -39.211901729331274 3
      vertex 20.75856291631826 -40.24406575788155 3
      vertex 20.42837203331676 -40.004168039021316 3
    endloop
  endfacet
  facet normal 0 0 1
    outer loop
      vertex 24.18604740235343 -44.49013364214136 3
      vertex 20.75856291631826 -40.24406575788155 3
      vertex 15.337286366254304 -39.26811705131164 3
    endloop
  endfacet
  facet normal 0 0 1
    outer loop
      vertex 24.18604740235343 -44.49013364214136 3
      vertex 21.116217302413514 -40.44068792051456 3
      vertex 20.75856291631826 -40.24406575788155 3
    endloop
  endfacet
  facet normal 0 0 1
    outer loop
      vertex 16.456230589874906 -38.55801345412645 3
      vertex 19.652003289857443 -39.06569944083058 3
      vertex 19.478226420863184 -38.6964047962252 3
    endloop
  endfacet
  facet normal 0 0 1
    outer loop
      vertex 16.673597674598852 -38.16262419483242 3
      vertex 19.478226420863184 -38.6964047962252 3
      vertex 19.352104726331948 -38.30824213328578 3
    endloop
  endfacet
  facet normal 0 0 1
    outer loop
      vertex 16.743449690031536 -37.94764179689674 3
      vertex 19.352104726331948 -38.30824213328578 3
      vertex 19.275627220727948 -37.90733300908399 3
    endloop
  endfacet
  facet normal 0 0 1
    outer loop
      vertex 16.743449690031536 -37.05235820310326 3
      vertex 19.275627220727948 -37.09266699091601 3
      vertex 19.352104726331948 -36.69175786671422 3
    endloop
  endfacet
  facet normal 0 0 1
    outer loop
      vertex 16.673597674598852 -36.83737580516758 3
      vertex 19.352104726331948 -36.69175786671422 3
      vertex 19.478226420863184 -36.3035952037748 3
    endloop
  endfacet
  facet normal 0 0 1
    outer loop
      vertex 16.456230589874906 -36.44198654587355 3
      vertex 19.478226420863184 -36.3035952037748 3
      vertex 19.652003289857443 -35.93430055916942 3
    endloop
  endfacet
  facet normal 0 0 1
    outer loop
      vertex 16.31214352935854 -36.26781520932836 3
      vertex 19.652003289857443 -35.93430055916942 3
      vertex 19.87069476828142 -35.58969793004946 3
    endloop
  endfacet
  facet normal 0 0 1
    outer loop
      vertex 15.964488230962194 -35.98020973409637 3
      vertex 19.87069476828142 -35.58969793004946 3
      vertex 20.130851960880413 -35.27522190573176 3
    endloop
  endfacet
  facet normal 0 0 1
    outer loop
      vertex 15.76640272481713 -35.871311305561164 3
      vertex 20.130851960880413 -35.27522190573176 3
      vertex 20.42837203331676 -34.995831960978684 3
    endloop
  endfacet
  facet normal 0 0 1
    outer loop
      vertex 15.556230589874906 -35.788098270668726 3
      vertex 20.42837203331676 -34.995831960978684 3
      vertex 20.75856291631826 -34.75593424211845 3
    endloop
  endfacet
  facet normal 0 0 1
    outer loop
      vertex 15.337286366254304 -35.73188294868836 3
      vertex 20.75856291631826 -34.75593424211845 3
      vertex 21.116217302413514 -34.55931207948544 3
    endloop
  endfacet
  facet normal 0 0 1
    outer loop
      vertex 26.045084971874736 -30.744717418524232 3
      vertex 14.662713633745696 -35.73188294868836 3
      vertex 14.886977064847237 -35.70355188882911 3
    endloop
  endfacet
  facet normal 0 0 1
    outer loop
      vertex 26.045084971874736 -30.744717418524232 3
      vertex 14.886977064847237 -35.70355188882911 3
      vertex 15.113022935152763 -35.70355188882911 3
    endloop
  endfacet
  facet normal 0 0 1
    outer loop
      vertex 26.045084971874736 -30.744717418524232 3
      vertex 15.113022935152763 -35.70355188882911 3
      vertex 21.116217302413514 -34.55931207948544 3
    endloop
  endfacet
  facet normal 0 0 1
    outer loop
      vertex 24.18604740235343 -44.49013364214136 3
      vertex 21.49569476828142 -40.59093367795925 3
      vertex 21.116217302413514 -40.44068792051456 3
    endloop
  endfacet
  facet normal 0 0 1
    outer loop
      vertex 24.18604740235343 -44.49013364214136 3
      vertex 21.891010727596395 -40.69243356486824 3
      vertex 21.49569476828142 -40.59093367795925 3
    endloop
  endfacet
  facet normal 0 0 1
    outer loop
      vertex 24.18604740235343 -44.49013364214136 3
      vertex 22.29593081152973 -40.74358686739188 3
      vertex 21.891010727596395 -40.69243356486824 3
    endloop
  endfacet
  facet normal 0 0 1
    outer loop
      vertex 24.18604740235343 -44.49013364214136 3
      vertex 22.70406918847027 -40.74358686739188 3
      vertex 22.29593081152973 -40.74358686739188 3
    endloop
  endfacet
  facet normal 0 0 1
    outer loop
      vertex 24.18604740235343 -44.49013364214136 3
      vertex 23.108989272403605 -40.69243356486824 3
      vertex 22.70406918847027 -40.74358686739188 3
    endloop
  endfacet
  facet normal 0 0 1
    outer loop
      vertex 24.18604740235343 -44.49013364214136 3
      vertex 23.50430523171858 -40.59093367795925 3
      vertex 23.108989272403605 -40.69243356486824 3
    endloop
  endfacet
  facet normal 0 0 1
    outer loop
      vertex 24.18604740235343 -44.49013364214136 3
      vertex 23.883782697586486 -40.44068792051456 3
      vertex 23.50430523171858 -40.59093367795925 3
    endloop
  endfacet
  facet normal 0 0 1
    outer loop
      vertex 24.18604740235343 -44.49013364214136 3
      vertex 24.24143708368174 -40.24406575788155 3
      vertex 23.883782697586486 -40.44068792051456 3
    endloop
  endfacet
  facet normal 0 0 1
    outer loop
      vertex 24.18604740235343 -44.49013364214136 3
      vertex 24.81395259764657 -44.49013364214136 3
      vertex 26.045084971874736 -44.25528258147577 3
    endloop
  endfacet
  facet normal 0 0 1
    outer loop
      vertex 24.81395259764657 -44.49013364214136 3
      vertex 25.436906572928624 -44.411436253643444 3
      vertex 26.045084971874736 -44.25528258147577 3
    endloop
  endfacet
  facet normal 0 0 1
    outer loop
      vertex 24.18604740235343 -44.49013364214136 3
      vertex 24.57162796668324 -40.004168039021316 3
      vertex 24.24143708368174 -40.24406575788155 3
    endloop
  endfacet
  facet normal 0 0 1
    outer loop
      vertex 26.045084971874736 -30.744717418524232 3
      vertex 25.647895273668052 -36.69175786671422 3
      vertex 25.724372779272052 -37.09266699091601 3
    endloop
  endfacet
  facet normal 0 0 1
    outer loop
      vertex 26.045084971874736 -30.744717418524232 3
      vertex 24.24143708368174 -34.75593424211845 3
      vertex 24.57162796668324 -34.995831960978684 3
    endloop
  endfacet
  facet normal 0 0 1
    outer loop
      vertex 26.045084971874736 -30.744717418524232 3
      vertex 24.869148039119587 -35.27522190573176 3
      vertex 25.12930523171858 -35.58969793004946 3
    endloop
  endfacet
  facet normal 0 0 1
    outer loop
      vertex 26.045084971874736 -30.744717418524232 3
      vertex 24.57162796668324 -34.995831960978684 3
      vertex 24.869148039119587 -35.27522190573176 3
    endloop
  endfacet
  facet normal 0 0 1
    outer loop
      vertex 26.045084971874736 -30.744717418524232 3
      vertex 25.12930523171858 -35.58969793004946 3
      vertex 25.347996710142557 -35.93430055916942 3
    endloop
  endfacet
  facet normal 0 0 1
    outer loop
      vertex 26.045084971874736 -30.744717418524232 3
      vertex 25.521773579136816 -36.3035952037748 3
      vertex 25.647895273668052 -36.69175786671422 3
    endloop
  endfacet
  facet normal 0 0 1
    outer loop
      vertex 26.045084971874736 -30.744717418524232 3
      vertex 25.347996710142557 -35.93430055916942 3
      vertex 25.521773579136816 -36.3035952037748 3
    endloop
  endfacet
  facet normal 0 0 1
    outer loop
      vertex 24.18604740235343 -44.49013364214136 3
      vertex 26.045084971874736 -44.25528258147577 3
      vertex 27.68711994874345 -43.352566213878944 3
    endloop
  endfacet
  facet normal 0 0 1
    outer loop
      vertex 26.045084971874736 -44.25528258147577 3
      vertex 26.628896457825363 -44.0241352623301 3
      vertex 27.68711994874345 -43.352566213878944 3
    endloop
  endfacet
  facet normal 0 0 1
    outer loop
      vertex 26.628896457825363 -44.0241352623301 3
      vertex 27.17913397489498 -43.72163962751008 3
      vertex 27.68711994874345 -43.352566213878944 3
    endloop
  endfacet
  facet normal 0 0 1
    outer loop
      vertex 24.18604740235343 -44.49013364214136 3
      vertex 27.68711994874345 -43.352566213878944 3
      vertex 29.460573506572388 -40.12666616782152 3
    endloop
  endfacet
  facet normal 0 0 1
    outer loop
      vertex 24.18604740235343 -44.49013364214136 3
      vertex 29.460573506572388 -40.12666616782152 3
      vertex 24.57162796668324 -40.004168039021316 3
    endloop
  endfacet
  facet normal 0 0 1
    outer loop
      vertex 29.460573506572388 -40.12666616782152 3
      vertex 24.869148039119587 -39.72477809426824 3
      vertex 24.57162796668324 -40.004168039021316 3
    endloop
  endfacet
  facet normal 0 0 1
    outer loop
      vertex 29.460573506572388 -40.12666616782152 3
      vertex 25.12930523171858 -39.41030206995054 3
      vertex 24.869148039119587 -39.72477809426824 3
    endloop
  endfacet
  facet normal 0 0 1
    outer loop
      vertex 29.460573506572388 -40.12666616782152 3
      vertex 25.347996710142557 -39.06569944083058 3
      vertex 25.12930523171858 -39.41030206995054 3
    endloop
  endfacet
  facet normal 0 0 1
    outer loop
      vertex 29.460573506572388 -40.12666616782152 3
      vertex 25.521773579136816 -38.6964047962252 3
      vertex 25.347996710142557 -39.06569944083058 3
    endloop
  endfacet
  facet normal 0 0 1
    outer loop
      vertex 29.460573506572388 -40.12666616782152 3
      vertex 25.647895273668052 -38.30824213328577 3
      vertex 25.521773579136816 -38.6964047962252 3
    endloop
  endfacet
  facet normal 0 0 1
    outer loop
      vertex 27.68711994874345 -43.352566213878944 3
      vertex 28.14484313710706 -42.92273552964344 3
      vertex 28.88153340021932 -41.908768370508575 3
    endloop
  endfacet
  facet normal 0 0 1
    outer loop
      vertex 28.14484313710706 -42.92273552964344 3
      vertex 28.545084971874736 -42.43892626146236 3
      vertex 28.88153340021932 -41.908768370508575 3
    endloop
  endfacet
  facet normal 0 0 1
    outer loop
      vertex 27.68711994874345 -43.352566213878944 3
      vertex 28.88153340021932 -41.908768370508575 3
      vertex 29.460573506572388 -40.12666616782152 3
    endloop
  endfacet
  facet normal 0 0 1
    outer loop
      vertex 28.88153340021932 -41.908768370508575 3
      vertex 29.148882429441258 -41.34062276342339 3
      vertex 29.460573506572388 -40.12666616782152 3
    endloop
  endfacet
  facet normal 0 0 1
    outer loop
      vertex 29.148882429441258 -41.34062276342339 3
      vertex 29.342915805643155 -40.743449435824274 3
      vertex 29.460573506572388 -40.12666616782152 3
    endloop
  endfacet
  facet normal 0 0 1
    outer loop
      vertex 29.460573506572388 -40.12666616782152 3
      vertex 25.724372779272052 -37.90733300908399 3
      vertex 25.647895273668052 -38.30824213328577 3
    endloop
  endfacet
  facet normal 0 0 1
    outer loop
      vertex 29.460573506572388 -40.12666616782152 3
      vertex 25.75 -37.5 3
      vertex 25.724372779272052 -37.90733300908399 3
    endloop
  endfacet
  facet normal 0 0 1
    outer loop
      vertex 29.460573506572388 -40.12666616782152 3
      vertex 25.724372779272052 -37.09266699091601 3
      vertex 25.75 -37.5 3
    endloop
  endfacet
  facet normal 0 0 1
    outer loop
      vertex 29.460573506572388 -40.12666616782152 3
      vertex 26.045084971874736 -30.744717418524232 3
      vertex 25.724372779272052 -37.09266699091601 3
    endloop
  endfacet
  facet normal 0 0 1
    outer loop
      vertex 29.460573506572388 -40.12666616782152 3
      vertex 29.5 -39.5 3
      vertex 29.5 -35.5 3
    endloop
  endfacet
  facet normal 0 0 1
    outer loop
      vertex 29.460573506572388 -40.12666616782152 3
      vertex 29.5 -35.5 3
      vertex 29.148882429441258 -33.65937723657661 3
    endloop
  endfacet
  facet normal 0 0 1
    outer loop
      vertex 29.460573506572388 -40.12666616782152 3
      vertex 29.148882429441258 -33.65937723657661 3
      vertex 26.045084971874736 -30.744717418524232 3
    endloop
  endfacet
  facet normal 0 0 1
    outer loop
      vertex 29.5 -35.5 3
      vertex 29.460573506572388 -34.87333383217848 3
      vertex 29.148882429441258 -33.65937723657661 3
    endloop
  endfacet
  facet normal 0 0 1
    outer loop
      vertex 29.460573506572388 -34.87333383217848 3
      vertex 29.342915805643155 -34.256550564175726 3
      vertex 29.148882429441258 -33.65937723657661 3
    endloop
  endfacet
  facet normal 0 0 1
    outer loop
      vertex 26.045084971874736 -30.744717418524232 3
      vertex 21.116217302413514 -34.55931207948544 3
      vertex 21.49569476828142 -34.40906632204075 3
    endloop
  endfacet
  facet normal 0 0 1
    outer loop
      vertex 26.045084971874736 -30.744717418524232 3
      vertex 21.49569476828142 -34.40906632204075 3
      vertex 21.891010727596395 -34.30756643513176 3
    endloop
  endfacet
  facet normal 0 0 1
    outer loop
      vertex 26.045084971874736 -30.744717418524232 3
      vertex 21.891010727596395 -34.30756643513176 3
      vertex 22.295930811529733 -34.25641313260812 3
    endloop
  endfacet
  facet normal 0 0 1
    outer loop
      vertex 26.045084971874736 -30.744717418524232 3
      vertex 22.295930811529733 -34.25641313260812 3
      vertex 22.704069188470267 -34.25641313260812 3
    endloop
  endfacet
  facet normal 0 0 1
    outer loop
      vertex 26.045084971874736 -30.744717418524232 3
      vertex 22.704069188470267 -34.25641313260812 3
      vertex 23.108989272403605 -34.30756643513176 3
    endloop
  endfacet
  facet normal 0 0 1
    outer loop
      vertex 26.045084971874736 -30.744717418524232 3
      vertex 23.108989272403605 -34.30756643513176 3
      vertex 23.50430523171858 -34.40906632204075 3
    endloop
  endfacet
  facet normal 0 0 1
    outer loop
      vertex 26.045084971874736 -30.744717418524232 3
      vertex 23.50430523171858 -34.40906632204075 3
      vertex 23.883782697586486 -34.55931207948544 3
    endloop
  endfacet
  facet normal 0 0 1
    outer loop
      vertex 26.045084971874736 -30.744717418524232 3
      vertex 23.883782697586486 -34.55931207948544 3
      vertex 24.24143708368174 -34.75593424211845 3
    endloop
  endfacet
  facet normal 0 0 1
    outer loop
      vertex 25.436906572928624 -30.588563746356556 3
      vertex 24.813952597646566 -30.50986635785864 3
      vertex 26.045084971874736 -30.744717418524232 3
    endloop
  endfacet
  facet normal 0 0 1
    outer loop
      vertex 26.045084971874736 -30.744717418524232 3
      vertex 27.179133974894985 -31.278360372489924 3
      vertex 26.628896457825363 -30.9758647376699 3
    endloop
  endfacet
  facet normal 0 0 1
    outer loop
      vertex 26.045084971874736 -30.744717418524232 3
      vertex 27.687119948743447 -31.647433786121056 3
      vertex 27.179133974894985 -31.278360372489924 3
    endloop
  endfacet
  facet normal 0 0 1
    outer loop
      vertex 26.045084971874736 -30.744717418524232 3
      vertex 28.14484313710706 -32.07726447035655 3
      vertex 27.687119948743447 -31.647433786121056 3
    endloop
  endfacet
  facet normal 0 0 1
    outer loop
      vertex 29.148882429441258 -33.65937723657661 3
      vertex 28.14484313710706 -32.07726447035655 3
      vertex 26.045084971874736 -30.744717418524232 3
    endloop
  endfacet
  facet normal 0 0 1
    outer loop
      vertex 28.14484313710706 -32.07726447035655 3
      vertex 28.88153340021932 -33.091231629491425 3
      vertex 28.545084971874736 -32.56107373853764 3
    endloop
  endfacet
  facet normal 0 0 1
    outer loop
      vertex 29.148882429441258 -33.65937723657661 3
      vertex 28.88153340021932 -33.091231629491425 3
      vertex 28.14484313710706 -32.07726447035655 3
    endloop
  endfacet
  facet normal 0.5877852522924732 0.8090169943749472 0
    outer loop
      vertex -24.24143708368174 -25.24406575788155 0
      vertex -24.57162796668324 -25.004168039021316 0
      vertex -24.24143708368174 -25.24406575788155 3
    endloop
  endfacet
  facet normal 0.48175367410171255 0.876306680043865 0
    outer loop
      vertex -23.883782697586486 -25.440687920514563 0
      vertex -24.24143708368174 -25.24406575788155 0
      vertex -23.883782697586486 -25.440687920514563 3
    endloop
  endfacet
  facet normal 0.9048270524660204 0.42577929156507105 0
    outer loop
      vertex -25.347996710142557 -24.065699440830574 0
      vertex -25.521773579136816 -23.696404796225202 0
      vertex -25.521773579136816 -23.696404796225202 3
    endloop
  endfacet
  facet normal 0.7705132427757868 0.6374239897486924 0
    outer loop
      vertex -24.869148039119587 -24.72477809426824 0
      vertex -25.12930523171858 -24.41030206995054 0
      vertex -25.12930523171858 -24.41030206995054 3
    endloop
  endfacet
  facet normal 0.8443279255020165 0.5358267949789943 0
    outer loop
      vertex -25.12930523171858 -24.41030206995054 0
      vertex -25.347996710142557 -24.065699440830574 0
      vertex -25.347996710142557 -24.065699440830574 3
    endloop
  endfacet
  facet normal 0.9510565162951525 0.3090169943749506 0
    outer loop
      vertex -25.521773579136816 -23.696404796225202 0
      vertex -25.647895273668052 -23.308242133285777 0
      vertex -25.647895273668052 -23.308242133285777 3
    endloop
  endfacet
  facet normal 0.9822872507286893 0.18738131458572083 0
    outer loop
      vertex -25.647895273668052 -23.308242133285777 0
      vertex -25.724372779272052 -22.907333009083988 0
      vertex -25.724372779272052 -22.907333009083988 3
    endloop
  endfacet
  facet normal 0.9980267284282714 0.06279051952931576 0
    outer loop
      vertex -25.724372779272052 -22.907333009083988 0
      vertex -25.75 -22.5 0
      vertex -25.75 -22.5 3
    endloop
  endfacet
  facet normal 0.6845471059286905 0.7289686274214099 0
    outer loop
      vertex -24.57162796668324 -25.004168039021316 0
      vertex -24.869148039119587 -24.72477809426824 0
      vertex -24.57162796668324 -25.004168039021316 3
    endloop
  endfacet
  facet normal 0.3681245526846794 0.9297764858882509 0
    outer loop
      vertex -23.50430523171858 -25.59093367795925 0
      vertex -23.883782697586486 -25.440687920514563 0
      vertex -23.50430523171858 -25.59093367795925 3
    endloop
  endfacet
  facet normal 0.24868988716485532 0.9685831611286311 0
    outer loop
      vertex -23.108989272403605 -25.69243356486824 0
      vertex -23.50430523171858 -25.59093367795925 0
      vertex -23.108989272403605 -25.69243356486824 3
    endloop
  endfacet
  facet normal 0.12533323356430565 0.9921147013144778 0
    outer loop
      vertex -22.70406918847027 -25.743586867391883 0
      vertex -23.108989272403605 -25.69243356486824 0
      vertex -22.70406918847027 -25.743586867391883 3
    endloop
  endfacet
  facet normal 0 1 0
    outer loop
      vertex -22.29593081152973 -25.743586867391883 0
      vertex -22.70406918847027 -25.743586867391883 0
      vertex -22.29593081152973 -25.743586867391883 3
    endloop
  endfacet
  facet normal -0.12533323356430565 0.9921147013144778 0
    outer loop
      vertex -21.891010727596395 -25.69243356486824 0
      vertex -22.29593081152973 -25.743586867391883 0
      vertex -21.891010727596395 -25.69243356486824 3
    endloop
  endfacet
  facet normal -0.24868988716485532 0.9685831611286311 0
    outer loop
      vertex -21.49569476828142 -25.59093367795925 0
      vertex -21.891010727596395 -25.69243356486824 0
      vertex -21.49569476828142 -25.59093367795925 3
    endloop
  endfacet
  facet normal -0.3681245526846794 0.9297764858882509 0
    outer loop
      vertex -21.116217302413514 -25.440687920514563 0
      vertex -21.49569476828142 -25.59093367795925 0
      vertex -21.116217302413514 -25.440687920514563 3
    endloop
  endfacet
  facet normal -0.48175367410171255 0.876306680043865 0
    outer loop
      vertex -20.75856291631826 -25.24406575788155 0
      vertex -21.116217302413514 -25.440687920514563 0
      vertex -20.75856291631826 -25.24406575788155 3
    endloop
  endfacet
  facet normal -0.5877852522924732 0.8090169943749472 0
    outer loop
      vertex -20.42837203331676 -25.004168039021316 0
      vertex -20.75856291631826 -25.24406575788155 0
      vertex -20.42837203331676 -25.004168039021316 3
    endloop
  endfacet
  facet normal -0.6845471059286905 0.7289686274214099 0
    outer loop
      vertex -20.130851960880413 -24.72477809426824 0
      vertex -20.42837203331676 -25.004168039021316 0
      vertex -20.130851960880413 -24.72477809426824 3
    endloop
  endfacet
  facet normal -0.7705132427757868 0.6374239897486924 0
    outer loop
      vertex -20.130851960880413 -24.72477809426824 0
      vertex -20.130851960880413 -24.72477809426824 3
      vertex -19.87069476828142 -24.41030206995054 0
    endloop
  endfacet
  facet normal -0.8443279255020165 0.5358267949789943 0
    outer loop
      vertex -19.652003289857443 -24.065699440830574 0
      vertex -19.87069476828142 -24.41030206995054 0
      vertex -19.87069476828142 -24.41030206995054 3
    endloop
  endfacet
  facet normal -0.9048270524660187 0.4257792915650743 0
    outer loop
      vertex -19.478226420863184 -23.696404796225206 0
      vertex -19.652003289857443 -24.065699440830574 0
      vertex -19.652003289857443 -24.065699440830574 3
    endloop
  endfacet
  facet normal -0.9510565162951533 0.309016994374948 0
    outer loop
      vertex -19.352104726331948 -23.308242133285777 0
      vertex -19.478226420863184 -23.696404796225206 0
      vertex -19.478226420863184 -23.696404796225206 3
    endloop
  endfacet
  facet normal -0.9822872507286893 0.18738131458572083 0
    outer loop
      vertex -19.275627220727948 -22.907333009083988 0
      vertex -19.352104726331948 -23.308242133285777 0
      vertex -19.352104726331948 -23.308242133285777 3
    endloop
  endfacet
  facet normal -0.9980267284282714 0.06279051952931576 0
    outer loop
      vertex -19.25 -22.5 0
      vertex -19.275627220727948 -22.907333009083988 0
      vertex -19.275627220727948 -22.907333009083988 3
    endloop
  endfacet
  facet normal -0.9980267284282714 -0.06279051952931576 0
    outer loop
      vertex -19.275627220727948 -22.092666990916012 0
      vertex -19.25 -22.5 0
      vertex -19.25 -22.5 3
    endloop
  endfacet
  facet normal 0.9980267284282714 -0.06279051952931576 0
    outer loop
      vertex -25.75 -22.5 0
      vertex -25.724372779272052 -22.092666990916012 0
      vertex -25.724372779272052 -22.092666990916012 3
    endloop
  endfacet
  facet normal 0.9822872507286893 -0.18738131458572083 0
    outer loop
      vertex -25.724372779272052 -22.092666990916012 0
      vertex -25.647895273668052 -21.691757866714223 0
      vertex -25.647895273668052 -21.691757866714223 3
    endloop
  endfacet
  facet normal 0.9510565162951525 -0.3090169943749506 0
    outer loop
      vertex -25.647895273668052 -21.691757866714223 0
      vertex -25.521773579136816 -21.303595203774798 0
      vertex -25.521773579136816 -21.303595203774798 3
    endloop
  endfacet
  facet normal 0.9048270524660204 -0.42577929156507105 0
    outer loop
      vertex -25.521773579136816 -21.303595203774798 0
      vertex -25.347996710142557 -20.934300559169426 0
      vertex -25.347996710142557 -20.934300559169426 3
    endloop
  endfacet
  facet normal 0.8443279255020165 -0.5358267949789943 0
    outer loop
      vertex -25.347996710142557 -20.934300559169426 0
      vertex -25.12930523171858 -20.58969793004946 0
      vertex -25.12930523171858 -20.58969793004946 3
    endloop
  endfacet
  facet normal 0.7705132427757868 -0.6374239897486924 0
    outer loop
      vertex -25.12930523171858 -20.58969793004946 0
      vertex -24.869148039119587 -20.27522190573176 0
      vertex -24.869148039119587 -20.27522190573176 3
    endloop
  endfacet
  facet normal 0.6845471059286905 -0.7289686274214099 0
    outer loop
      vertex -24.869148039119587 -20.27522190573176 0
      vertex -24.57162796668324 -19.995831960978684 0
      vertex -24.869148039119587 -20.27522190573176 3
    endloop
  endfacet
  facet normal 0.5877852522924732 -0.8090169943749472 0
    outer loop
      vertex -24.57162796668324 -19.995831960978684 0
      vertex -24.24143708368174 -19.75593424211845 0
      vertex -24.57162796668324 -19.995831960978684 3
    endloop
  endfacet
  facet normal 0.48175367410171255 -0.876306680043865 0
    outer loop
      vertex -24.24143708368174 -19.75593424211845 0
      vertex -23.883782697586486 -19.559312079485437 0
      vertex -24.24143708368174 -19.75593424211845 3
    endloop
  endfacet
  facet normal 0.3681245526846794 -0.9297764858882509 0
    outer loop
      vertex -23.883782697586486 -19.559312079485437 0
      vertex -23.50430523171858 -19.40906632204075 0
      vertex -23.883782697586486 -19.559312079485437 3
    endloop
  endfacet
  facet normal 0.24868988716485532 -0.9685831611286311 0
    outer loop
      vertex -23.50430523171858 -19.40906632204075 0
      vertex -23.108989272403605 -19.30756643513176 0
      vertex -23.50430523171858 -19.40906632204075 3
    endloop
  endfacet
  facet normal 0.12533323356430456 -0.9921147013144779 0
    outer loop
      vertex -23.108989272403605 -19.30756643513176 0
      vertex -22.704069188470267 -19.256413132608117 0
      vertex -23.108989272403605 -19.30756643513176 3
    endloop
  endfacet
  facet normal 0 -1 0
    outer loop
      vertex -22.704069188470267 -19.256413132608117 0
      vertex -22.295930811529733 -19.256413132608117 0
      vertex -22.704069188470267 -19.256413132608117 3
    endloop
  endfacet
  facet normal -0.12533323356430456 -0.9921147013144779 0
    outer loop
      vertex -22.295930811529733 -19.256413132608117 0
      vertex -21.891010727596395 -19.30756643513176 0
      vertex -22.295930811529733 -19.256413132608117 3
    endloop
  endfacet
  facet normal -0.48175367410171255 -0.876306680043865 0
    outer loop
      vertex -21.116217302413514 -19.559312079485437 0
      vertex -20.75856291631826 -19.75593424211845 0
      vertex -21.116217302413514 -19.559312079485437 3
    endloop
  endfacet
  facet normal -0.5877852522924732 -0.8090169943749472 0
    outer loop
      vertex -20.75856291631826 -19.75593424211845 0
      vertex -20.42837203331676 -19.995831960978684 0
      vertex -20.75856291631826 -19.75593424211845 3
    endloop
  endfacet
  facet normal -0.6845471059286905 -0.7289686274214099 0
    outer loop
      vertex -20.42837203331676 -19.995831960978684 0
      vertex -20.130851960880413 -20.27522190573176 0
      vertex -20.42837203331676 -19.995831960978684 3
    endloop
  endfacet
  facet normal -0.24868988716485532 -0.9685831611286311 0
    outer loop
      vertex -21.891010727596395 -19.30756643513176 0
      vertex -21.49569476828142 -19.40906632204075 0
      vertex -21.891010727596395 -19.30756643513176 3
    endloop
  endfacet
  facet normal -0.3681245526846794 -0.9297764858882509 0
    outer loop
      vertex -21.49569476828142 -19.40906632204075 0
      vertex -21.116217302413514 -19.559312079485437 0
      vertex -21.49569476828142 -19.40906632204075 3
    endloop
  endfacet
  facet normal -0.9510565162951525 -0.3090169943749506 0
    outer loop
      vertex -19.478226420863184 -21.303595203774798 0
      vertex -19.352104726331948 -21.691757866714223 0
      vertex -19.352104726331948 -21.691757866714223 3
    endloop
  endfacet
  facet normal -0.9048270524660204 -0.42577929156507105 0
    outer loop
      vertex -19.652003289857443 -20.934300559169426 0
      vertex -19.478226420863184 -21.303595203774798 0
      vertex -19.478226420863184 -21.303595203774798 3
    endloop
  endfacet
  facet normal -0.7705132427757868 -0.6374239897486924 0
    outer loop
      vertex -20.130851960880413 -20.27522190573176 0
      vertex -19.87069476828142 -20.58969793004946 0
      vertex -19.87069476828142 -20.58969793004946 3
    endloop
  endfacet
  facet normal -0.8443279255020165 -0.5358267949789943 0
    outer loop
      vertex -19.87069476828142 -20.58969793004946 0
      vertex -19.652003289857443 -20.934300559169426 0
      vertex -19.652003289857443 -20.934300559169426 3
    endloop
  endfacet
  facet normal -0.9822872507286893 -0.18738131458572083 0
    outer loop
      vertex -19.352104726331948 -21.691757866714223 0
      vertex -19.275627220727948 -22.092666990916012 0
      vertex -19.275627220727948 -22.092666990916012 3
    endloop
  endfacet
  facet normal 0.5877852522924732 0.8090169943749472 0
    outer loop
      vertex -24.57162796668324 -25.004168039021316 3
      vertex -24.24143708368174 -25.24406575788155 3
      vertex -24.57162796668324 -25.004168039021316 0
    endloop
  endfacet
  facet normal 0.48175367410171255 0.876306680043865 0
    outer loop
      vertex -24.24143708368174 -25.24406575788155 3
      vertex -23.883782697586486 -25.440687920514563 3
      vertex -24.24143708368174 -25.24406575788155 0
    endloop
  endfacet
  facet normal 0.9048270524660204 0.42577929156507105 0
    outer loop
      vertex -25.347996710142557 -24.065699440830574 0
      vertex -25.521773579136816 -23.696404796225202 3
      vertex -25.347996710142557 -24.065699440830574 3
    endloop
  endfacet
  facet normal 0.7705132427757868 0.6374239897486924 0
    outer loop
      vertex -24.869148039119587 -24.72477809426824 0
      vertex -25.12930523171858 -24.41030206995054 3
      vertex -24.869148039119587 -24.72477809426824 3
    endloop
  endfacet
  facet normal 0.8443279255020165 0.5358267949789943 0
    outer loop
      vertex -25.12930523171858 -24.41030206995054 0
      vertex -25.347996710142557 -24.065699440830574 3
      vertex -25.12930523171858 -24.41030206995054 3
    endloop
  endfacet
  facet normal 0.9822872507286893 0.18738131458572083 0
    outer loop
      vertex -25.647895273668052 -23.308242133285777 0
      vertex -25.724372779272052 -22.907333009083988 3
      vertex -25.647895273668052 -23.308242133285777 3
    endloop
  endfacet
  facet normal 0.9510565162951525 0.3090169943749506 0
    outer loop
      vertex -25.521773579136816 -23.696404796225202 0
      vertex -25.647895273668052 -23.308242133285777 3
      vertex -25.521773579136816 -23.696404796225202 3
    endloop
  endfacet
  facet normal 0.9980267284282714 0.06279051952931576 0
    outer loop
      vertex -25.724372779272052 -22.907333009083988 0
      vertex -25.75 -22.5 3
      vertex -25.724372779272052 -22.907333009083988 3
    endloop
  endfacet
  facet normal 0.9980267284282714 -0.06279051952931576 0
    outer loop
      vertex -25.75 -22.5 0
      vertex -25.724372779272052 -22.092666990916012 3
      vertex -25.75 -22.5 3
    endloop
  endfacet
  facet normal 0.6845471059286905 0.7289686274214099 0
    outer loop
      vertex -24.869148039119587 -24.72477809426824 3
      vertex -24.57162796668324 -25.004168039021316 3
      vertex -24.869148039119587 -24.72477809426824 0
    endloop
  endfacet
  facet normal 0.3681245526846794 0.9297764858882509 0
    outer loop
      vertex -23.883782697586486 -25.440687920514563 3
      vertex -23.50430523171858 -25.59093367795925 3
      vertex -23.883782697586486 -25.440687920514563 0
    endloop
  endfacet
  facet normal 0.24868988716485532 0.9685831611286311 0
    outer loop
      vertex -23.50430523171858 -25.59093367795925 3
      vertex -23.108989272403605 -25.69243356486824 3
      vertex -23.50430523171858 -25.59093367795925 0
    endloop
  endfacet
  facet normal 0.12533323356430565 0.9921147013144778 0
    outer loop
      vertex -23.108989272403605 -25.69243356486824 3
      vertex -22.70406918847027 -25.743586867391883 3
      vertex -23.108989272403605 -25.69243356486824 0
    endloop
  endfacet
  facet normal 0 1 0
    outer loop
      vertex -22.70406918847027 -25.743586867391883 3
      vertex -22.29593081152973 -25.743586867391883 3
      vertex -22.70406918847027 -25.743586867391883 0
    endloop
  endfacet
  facet normal -0.12533323356430565 0.9921147013144778 0
    outer loop
      vertex -22.29593081152973 -25.743586867391883 3
      vertex -21.891010727596395 -25.69243356486824 3
      vertex -22.29593081152973 -25.743586867391883 0
    endloop
  endfacet
  facet normal -0.24868988716485532 0.9685831611286311 0
    outer loop
      vertex -21.891010727596395 -25.69243356486824 3
      vertex -21.49569476828142 -25.59093367795925 3
      vertex -21.891010727596395 -25.69243356486824 0
    endloop
  endfacet
  facet normal -0.3681245526846794 0.9297764858882509 0
    outer loop
      vertex -21.49569476828142 -25.59093367795925 3
      vertex -21.116217302413514 -25.440687920514563 3
      vertex -21.49569476828142 -25.59093367795925 0
    endloop
  endfacet
  facet normal -0.48175367410171255 0.876306680043865 0
    outer loop
      vertex -21.116217302413514 -25.440687920514563 3
      vertex -20.75856291631826 -25.24406575788155 3
      vertex -21.116217302413514 -25.440687920514563 0
    endloop
  endfacet
  facet normal -0.5877852522924732 0.8090169943749472 0
    outer loop
      vertex -20.75856291631826 -25.24406575788155 3
      vertex -20.42837203331676 -25.004168039021316 3
      vertex -20.75856291631826 -25.24406575788155 0
    endloop
  endfacet
  facet normal -0.6845471059286905 0.7289686274214099 0
    outer loop
      vertex -20.42837203331676 -25.004168039021316 3
      vertex -20.130851960880413 -24.72477809426824 3
      vertex -20.42837203331676 -25.004168039021316 0
    endloop
  endfacet
  facet normal -0.7705132427757868 0.6374239897486924 0
    outer loop
      vertex -19.87069476828142 -24.41030206995054 0
      vertex -20.130851960880413 -24.72477809426824 3
      vertex -19.87069476828142 -24.41030206995054 3
    endloop
  endfacet
  facet normal -0.8443279255020165 0.5358267949789943 0
    outer loop
      vertex -19.652003289857443 -24.065699440830574 0
      vertex -19.87069476828142 -24.41030206995054 3
      vertex -19.652003289857443 -24.065699440830574 3
    endloop
  endfacet
  facet normal -0.9048270524660187 0.4257792915650743 0
    outer loop
      vertex -19.478226420863184 -23.696404796225206 0
      vertex -19.652003289857443 -24.065699440830574 3
      vertex -19.478226420863184 -23.696404796225206 3
    endloop
  endfacet
  facet normal -0.9510565162951533 0.309016994374948 0
    outer loop
      vertex -19.352104726331948 -23.308242133285777 0
      vertex -19.478226420863184 -23.696404796225206 3
      vertex -19.352104726331948 -23.308242133285777 3
    endloop
  endfacet
  facet normal -0.9822872507286893 0.18738131458572083 0
    outer loop
      vertex -19.275627220727948 -22.907333009083988 0
      vertex -19.352104726331948 -23.308242133285777 3
      vertex -19.275627220727948 -22.907333009083988 3
    endloop
  endfacet
  facet normal -0.9980267284282714 0.06279051952931576 0
    outer loop
      vertex -19.25 -22.5 0
      vertex -19.275627220727948 -22.907333009083988 3
      vertex -19.25 -22.5 3
    endloop
  endfacet
  facet normal 0.9822872507286893 -0.18738131458572083 0
    outer loop
      vertex -25.724372779272052 -22.092666990916012 0
      vertex -25.647895273668052 -21.691757866714223 3
      vertex -25.724372779272052 -22.092666990916012 3
    endloop
  endfacet
  facet normal 0.9510565162951525 -0.3090169943749506 0
    outer loop
      vertex -25.647895273668052 -21.691757866714223 0
      vertex -25.521773579136816 -21.303595203774798 3
      vertex -25.647895273668052 -21.691757866714223 3
    endloop
  endfacet
  facet normal 0.9048270524660204 -0.42577929156507105 0
    outer loop
      vertex -25.521773579136816 -21.303595203774798 0
      vertex -25.347996710142557 -20.934300559169426 3
      vertex -25.521773579136816 -21.303595203774798 3
    endloop
  endfacet
  facet normal 0.8443279255020165 -0.5358267949789943 0
    outer loop
      vertex -25.347996710142557 -20.934300559169426 0
      vertex -25.12930523171858 -20.58969793004946 3
      vertex -25.347996710142557 -20.934300559169426 3
    endloop
  endfacet
  facet normal 0.7705132427757868 -0.6374239897486924 0
    outer loop
      vertex -25.12930523171858 -20.58969793004946 0
      vertex -24.869148039119587 -20.27522190573176 3
      vertex -25.12930523171858 -20.58969793004946 3
    endloop
  endfacet
  facet normal 0.6845471059286905 -0.7289686274214099 0
    outer loop
      vertex -24.57162796668324 -19.995831960978684 3
      vertex -24.869148039119587 -20.27522190573176 3
      vertex -24.57162796668324 -19.995831960978684 0
    endloop
  endfacet
  facet normal 0.5877852522924732 -0.8090169943749472 0
    outer loop
      vertex -24.24143708368174 -19.75593424211845 3
      vertex -24.57162796668324 -19.995831960978684 3
      vertex -24.24143708368174 -19.75593424211845 0
    endloop
  endfacet
  facet normal 0.48175367410171255 -0.876306680043865 0
    outer loop
      vertex -23.883782697586486 -19.559312079485437 3
      vertex -24.24143708368174 -19.75593424211845 3
      vertex -23.883782697586486 -19.559312079485437 0
    endloop
  endfacet
  facet normal 0.3681245526846794 -0.9297764858882509 0
    outer loop
      vertex -23.50430523171858 -19.40906632204075 3
      vertex -23.883782697586486 -19.559312079485437 3
      vertex -23.50430523171858 -19.40906632204075 0
    endloop
  endfacet
  facet normal 0.24868988716485532 -0.9685831611286311 0
    outer loop
      vertex -23.108989272403605 -19.30756643513176 3
      vertex -23.50430523171858 -19.40906632204075 3
      vertex -23.108989272403605 -19.30756643513176 0
    endloop
  endfacet
  facet normal 0.12533323356430456 -0.9921147013144779 0
    outer loop
      vertex -22.704069188470267 -19.256413132608117 3
      vertex -23.108989272403605 -19.30756643513176 3
      vertex -22.704069188470267 -19.256413132608117 0
    endloop
  endfacet
  facet normal 0 -1 0
    outer loop
      vertex -22.295930811529733 -19.256413132608117 3
      vertex -22.704069188470267 -19.256413132608117 3
      vertex -22.295930811529733 -19.256413132608117 0
    endloop
  endfacet
  facet normal -0.3681245526846794 -0.9297764858882509 0
    outer loop
      vertex -21.116217302413514 -19.559312079485437 3
      vertex -21.49569476828142 -19.40906632204075 3
      vertex -21.116217302413514 -19.559312079485437 0
    endloop
  endfacet
  facet normal -0.48175367410171255 -0.876306680043865 0
    outer loop
      vertex -20.75856291631826 -19.75593424211845 3
      vertex -21.116217302413514 -19.559312079485437 3
      vertex -20.75856291631826 -19.75593424211845 0
    endloop
  endfacet
  facet normal -0.5877852522924732 -0.8090169943749472 0
    outer loop
      vertex -20.42837203331676 -19.995831960978684 3
      vertex -20.75856291631826 -19.75593424211845 3
      vertex -20.42837203331676 -19.995831960978684 0
    endloop
  endfacet
  facet normal -0.12533323356430456 -0.9921147013144779 0
    outer loop
      vertex -21.891010727596395 -19.30756643513176 3
      vertex -22.295930811529733 -19.256413132608117 3
      vertex -21.891010727596395 -19.30756643513176 0
    endloop
  endfacet
  facet normal -0.24868988716485532 -0.9685831611286311 0
    outer loop
      vertex -21.49569476828142 -19.40906632204075 3
      vertex -21.891010727596395 -19.30756643513176 3
      vertex -21.49569476828142 -19.40906632204075 0
    endloop
  endfacet
  facet normal -0.9048270524660204 -0.42577929156507105 0
    outer loop
      vertex -19.652003289857443 -20.934300559169426 0
      vertex -19.478226420863184 -21.303595203774798 3
      vertex -19.652003289857443 -20.934300559169426 3
    endloop
  endfacet
  facet normal -0.9510565162951525 -0.3090169943749506 0
    outer loop
      vertex -19.478226420863184 -21.303595203774798 0
      vertex -19.352104726331948 -21.691757866714223 3
      vertex -19.478226420863184 -21.303595203774798 3
    endloop
  endfacet
  facet normal -0.6845471059286905 -0.7289686274214099 0
    outer loop
      vertex -20.130851960880413 -20.27522190573176 3
      vertex -20.42837203331676 -19.995831960978684 3
      vertex -20.130851960880413 -20.27522190573176 0
    endloop
  endfacet
  facet normal -0.7705132427757868 -0.6374239897486924 0
    outer loop
      vertex -20.130851960880413 -20.27522190573176 0
      vertex -19.87069476828142 -20.58969793004946 3
      vertex -20.130851960880413 -20.27522190573176 3
    endloop
  endfacet
  facet normal -0.8443279255020165 -0.5358267949789943 0
    outer loop
      vertex -19.87069476828142 -20.58969793004946 0
      vertex -19.652003289857443 -20.934300559169426 3
      vertex -19.87069476828142 -20.58969793004946 3
    endloop
  endfacet
  facet normal -0.9980267284282714 -0.06279051952931576 0
    outer loop
      vertex -19.275627220727948 -22.092666990916012 0
      vertex -19.25 -22.5 3
      vertex -19.275627220727948 -22.092666990916012 3
    endloop
  endfacet
  facet normal -0.9822872507286893 -0.18738131458572083 0
    outer loop
      vertex -19.352104726331948 -21.691757866714223 0
      vertex -19.275627220727948 -22.092666990916012 3
      vertex -19.352104726331948 -21.691757866714223 3
    endloop
  endfacet
  facet normal 0.9510565162951522 0.3090169943749519 0
    outer loop
      vertex -25.521773579136816 -8.696404796225202 0
      vertex -25.647895273668052 -8.308242133285779 0
      vertex -25.647895273668052 -8.308242133285779 3
    endloop
  endfacet
  facet normal 0.9048270524660204 0.42577929156507105 0
    outer loop
      vertex -25.347996710142557 -9.065699440830574 0
      vertex -25.521773579136816 -8.696404796225202 0
      vertex -25.521773579136816 -8.696404796225202 3
    endloop
  endfacet
  facet normal 0.8443279255020153 0.5358267949789962 0
    outer loop
      vertex -25.12930523171858 -9.410302069950538 0
      vertex -25.347996710142557 -9.065699440830574 0
      vertex -25.347996710142557 -9.065699440830574 3
    endloop
  endfacet
  facet normal 0.7705132427757887 0.6374239897486903 0
    outer loop
      vertex -24.869148039119587 -9.724778094268238 0
      vertex -25.12930523171858 -9.410302069950538 0
      vertex -25.12930523171858 -9.410302069950538 3
    endloop
  endfacet
  facet normal 0.6845471059286905 0.7289686274214099 0
    outer loop
      vertex -24.57162796668324 -10.004168039021316 0
      vertex -24.869148039119587 -9.724778094268238 0
      vertex -24.57162796668324 -10.004168039021316 3
    endloop
  endfacet
  facet normal 0.5877852522924706 0.8090169943749493 0
    outer loop
      vertex -24.24143708368174 -10.244065757881549 0
      vertex -24.57162796668324 -10.004168039021316 0
      vertex -24.24143708368174 -10.244065757881549 3
    endloop
  endfacet
  facet normal 0.4817536741017158 0.8763066800438631 0
    outer loop
      vertex -23.883782697586486 -10.440687920514563 0
      vertex -24.24143708368174 -10.244065757881549 0
      vertex -23.883782697586486 -10.440687920514563 3
    endloop
  endfacet
  facet normal 0.9822872507286895 0.18738131458572005 0
    outer loop
      vertex -25.647895273668052 -8.308242133285779 0
      vertex -25.724372779272052 -7.907333009083988 0
      vertex -25.724372779272052 -7.907333009083988 3
    endloop
  endfacet
  facet normal 0.9980267284282714 0.06279051952931576 0
    outer loop
      vertex -25.724372779272052 -7.907333009083988 0
      vertex -25.75 -7.5 0
      vertex -25.75 -7.5 3
    endloop
  endfacet
  facet normal 0.9980267284282714 -0.06279051952931576 0
    outer loop
      vertex -25.75 -7.5 0
      vertex -25.724372779272052 -7.092666990916012 0
      vertex -25.724372779272052 -7.092666990916012 3
    endloop
  endfacet
  facet normal 0.9822872507286895 -0.18738131458572005 0
    outer loop
      vertex -25.724372779272052 -7.092666990916012 0
      vertex -25.647895273668052 -6.691757866714221 0
      vertex -25.647895273668052 -6.691757866714221 3
    endloop
  endfacet
  facet normal 0.9510565162951523 -0.3090169943749512 0
    outer loop
      vertex -25.647895273668052 -6.691757866714221 0
      vertex -25.521773579136816 -6.303595203774797 0
      vertex -25.521773579136816 -6.303595203774797 3
    endloop
  endfacet
  facet normal 0.9048270524660204 -0.42577929156507105 0
    outer loop
      vertex -25.521773579136816 -6.303595203774797 0
      vertex -25.347996710142557 -5.934300559169425 0
      vertex -25.347996710142557 -5.934300559169425 3
    endloop
  endfacet
  facet normal 0.8443279255020146 -0.5358267949789972 0
    outer loop
      vertex -25.347996710142557 -5.934300559169425 0
      vertex -25.12930523171858 -5.5896979300494625 0
      vertex -25.12930523171858 -5.5896979300494625 3
    endloop
  endfacet
  facet normal 0.3681245526846794 0.9297764858882509 0
    outer loop
      vertex -23.50430523171858 -10.59093367795925 0
      vertex -23.883782697586486 -10.440687920514563 0
      vertex -23.50430523171858 -10.59093367795925 3
    endloop
  endfacet
  facet normal 0.24868988716485532 0.9685831611286311 0
    outer loop
      vertex -23.108989272403605 -10.692433564868239 0
      vertex -23.50430523171858 -10.59093367795925 0
      vertex -23.108989272403605 -10.692433564868239 3
    endloop
  endfacet
  facet normal 0.12533323356430565 0.9921147013144778 0
    outer loop
      vertex -22.70406918847027 -10.743586867391883 0
      vertex -23.108989272403605 -10.692433564868239 0
      vertex -22.70406918847027 -10.743586867391883 3
    endloop
  endfacet
  facet normal 0 1 0
    outer loop
      vertex -22.29593081152973 -10.743586867391883 0
      vertex -22.70406918847027 -10.743586867391883 0
      vertex -22.29593081152973 -10.743586867391883 3
    endloop
  endfacet
  facet normal 0.7705132427757887 -0.6374239897486903 0
    outer loop
      vertex -25.12930523171858 -5.5896979300494625 0
      vertex -24.869148039119587 -5.275221905731762 0
      vertex -24.869148039119587 -5.275221905731762 3
    endloop
  endfacet
  facet normal 0.6845471059286905 -0.7289686274214099 0
    outer loop
      vertex -24.869148039119587 -5.275221905731762 0
      vertex -24.57162796668324 -4.995831960978684 0
      vertex -24.869148039119587 -5.275221905731762 3
    endloop
  endfacet
  facet normal 0.5877852522924706 -0.8090169943749493 0
    outer loop
      vertex -24.57162796668324 -4.995831960978684 0
      vertex -24.24143708368174 -4.755934242118451 0
      vertex -24.57162796668324 -4.995831960978684 3
    endloop
  endfacet
  facet normal 0.4817536741017158 -0.8763066800438631 0
    outer loop
      vertex -24.24143708368174 -4.755934242118451 0
      vertex -23.883782697586486 -4.559312079485437 0
      vertex -24.24143708368174 -4.755934242118451 3
    endloop
  endfacet
  facet normal 0.3681245526846794 -0.9297764858882509 0
    outer loop
      vertex -23.883782697586486 -4.559312079485437 0
      vertex -23.50430523171858 -4.409066322040751 0
      vertex -23.883782697586486 -4.559312079485437 3
    endloop
  endfacet
  facet normal 0.24868988716485532 -0.9685831611286311 0
    outer loop
      vertex -23.50430523171858 -4.409066322040751 0
      vertex -23.108989272403605 -4.307566435131761 0
      vertex -23.50430523171858 -4.409066322040751 3
    endloop
  endfacet
  facet normal 0.1253332335643024 -0.992114701314478 0
    outer loop
      vertex -23.108989272403605 -4.307566435131761 0
      vertex -22.704069188470267 -4.256413132608118 0
      vertex -23.108989272403605 -4.307566435131761 3
    endloop
  endfacet
  facet normal 0 -1 0
    outer loop
      vertex -22.704069188470267 -4.256413132608118 0
      vertex -22.295930811529733 -4.256413132608118 0
      vertex -22.704069188470267 -4.256413132608118 3
    endloop
  endfacet
  facet normal -0.1253332335643024 -0.992114701314478 0
    outer loop
      vertex -22.295930811529733 -4.256413132608118 0
      vertex -21.891010727596395 -4.307566435131761 0
      vertex -22.295930811529733 -4.256413132608118 3
    endloop
  endfacet
  facet normal -0.12533323356430565 0.9921147013144778 0
    outer loop
      vertex -21.891010727596395 -10.692433564868239 0
      vertex -22.29593081152973 -10.743586867391883 0
      vertex -21.891010727596395 -10.692433564868239 3
    endloop
  endfacet
  facet normal -0.24868988716485532 0.9685831611286311 0
    outer loop
      vertex -21.49569476828142 -10.59093367795925 0
      vertex -21.891010727596395 -10.692433564868239 0
      vertex -21.49569476828142 -10.59093367795925 3
    endloop
  endfacet
  facet normal -0.3681245526846794 0.9297764858882509 0
    outer loop
      vertex -21.116217302413514 -10.440687920514563 0
      vertex -21.49569476828142 -10.59093367795925 0
      vertex -21.116217302413514 -10.440687920514563 3
    endloop
  endfacet
  facet normal -0.48175367410171255 0.876306680043865 0
    outer loop
      vertex -20.75856291631826 -10.24406575788155 0
      vertex -21.116217302413514 -10.440687920514563 0
      vertex -20.75856291631826 -10.24406575788155 3
    endloop
  endfacet
  facet normal -0.5877852522924761 0.8090169943749451 0
    outer loop
      vertex -20.42837203331676 -10.004168039021314 0
      vertex -20.75856291631826 -10.24406575788155 0
      vertex -20.42837203331676 -10.004168039021314 3
    endloop
  endfacet
  facet normal -0.6845471059286881 0.7289686274214121 0
    outer loop
      vertex -20.130851960880413 -9.724778094268238 0
      vertex -20.42837203331676 -10.004168039021314 0
      vertex -20.130851960880413 -9.724778094268238 3
    endloop
  endfacet
  facet normal -0.7705132427757887 0.6374239897486903 0
    outer loop
      vertex -20.130851960880413 -9.724778094268238 0
      vertex -20.130851960880413 -9.724778094268238 3
      vertex -19.87069476828142 -9.410302069950538 0
    endloop
  endfacet
  facet normal -0.8443279255020153 0.5358267949789962 0
    outer loop
      vertex -19.652003289857443 -9.065699440830574 0
      vertex -19.87069476828142 -9.410302069950538 0
      vertex -19.87069476828142 -9.410302069950538 3
    endloop
  endfacet
  facet normal -0.9048270524660196 0.4257792915650727 0
    outer loop
      vertex -19.478226420863184 -8.696404796225204 0
      vertex -19.652003289857443 -9.065699440830574 0
      vertex -19.652003289857443 -9.065699440830574 3
    endloop
  endfacet
  facet normal -0.951056516295153 0.3090169943749493 0
    outer loop
      vertex -19.352104726331948 -8.308242133285777 0
      vertex -19.478226420863184 -8.696404796225204 0
      vertex -19.478226420863184 -8.696404796225204 3
    endloop
  endfacet
  facet normal -0.9510565162951525 -0.3090169943749506 0
    outer loop
      vertex -19.478226420863184 -6.303595203774797 0
      vertex -19.352104726331948 -6.691757866714222 0
      vertex -19.352104726331948 -6.691757866714222 3
    endloop
  endfacet
  facet normal -0.8443279255020146 -0.5358267949789972 0
    outer loop
      vertex -19.87069476828142 -5.5896979300494625 0
      vertex -19.652003289857443 -5.934300559169425 0
      vertex -19.652003289857443 -5.934300559169425 3
    endloop
  endfacet
  facet normal -0.9048270524660204 -0.42577929156507105 0
    outer loop
      vertex -19.652003289857443 -5.934300559169425 0
      vertex -19.478226420863184 -6.303595203774797 0
      vertex -19.478226420863184 -6.303595203774797 3
    endloop
  endfacet
  facet normal -0.9822872507286893 0.18738131458572083 0
    outer loop
      vertex -19.275627220727948 -7.907333009083988 0
      vertex -19.352104726331948 -8.308242133285777 0
      vertex -19.352104726331948 -8.308242133285777 3
    endloop
  endfacet
  facet normal -0.9980267284282714 0.06279051952931576 0
    outer loop
      vertex -19.25 -7.5 0
      vertex -19.275627220727948 -7.907333009083988 0
      vertex -19.275627220727948 -7.907333009083988 3
    endloop
  endfacet
  facet normal -0.9980267284282714 -0.06279051952931562 0
    outer loop
      vertex -19.275627220727948 -7.092666990916011 0
      vertex -19.25 -7.5 0
      vertex -19.25 -7.5 3
    endloop
  endfacet
  facet normal -0.9822872507286893 -0.18738131458572083 0
    outer loop
      vertex -19.352104726331948 -6.691757866714222 0
      vertex -19.275627220727948 -7.092666990916011 0
      vertex -19.275627220727948 -7.092666990916011 3
    endloop
  endfacet
  facet normal -0.24868988716485532 -0.9685831611286311 0
    outer loop
      vertex -21.891010727596395 -4.307566435131761 0
      vertex -21.49569476828142 -4.409066322040751 0
      vertex -21.891010727596395 -4.307566435131761 3
    endloop
  endfacet
  facet normal -0.3681245526846794 -0.9297764858882509 0
    outer loop
      vertex -21.49569476828142 -4.409066322040751 0
      vertex -21.116217302413514 -4.559312079485437 0
      vertex -21.49569476828142 -4.409066322040751 3
    endloop
  endfacet
  facet normal -0.4817536741017158 -0.8763066800438631 0
    outer loop
      vertex -21.116217302413514 -4.559312079485437 0
      vertex -20.75856291631826 -4.755934242118451 0
      vertex -21.116217302413514 -4.559312079485437 3
    endloop
  endfacet
  facet normal -0.6845471059286881 -0.7289686274214121 0
    outer loop
      vertex -20.42837203331676 -4.995831960978686 0
      vertex -20.130851960880413 -5.275221905731762 0
      vertex -20.42837203331676 -4.995831960978686 3
    endloop
  endfacet
  facet normal -0.5877852522924732 -0.8090169943749472 0
    outer loop
      vertex -20.75856291631826 -4.755934242118451 0
      vertex -20.42837203331676 -4.995831960978686 0
      vertex -20.75856291631826 -4.755934242118451 3
    endloop
  endfacet
  facet normal -0.7705132427757887 -0.6374239897486903 0
    outer loop
      vertex -20.130851960880413 -5.275221905731762 0
      vertex -19.87069476828142 -5.5896979300494625 0
      vertex -19.87069476828142 -5.5896979300494625 3
    endloop
  endfacet
  facet normal 0.9048270524660204 0.42577929156507105 0
    outer loop
      vertex -25.347996710142557 -9.065699440830574 0
      vertex -25.521773579136816 -8.696404796225202 3
      vertex -25.347996710142557 -9.065699440830574 3
    endloop
  endfacet
  facet normal 0.9510565162951522 0.3090169943749519 0
    outer loop
      vertex -25.521773579136816 -8.696404796225202 0
      vertex -25.647895273668052 -8.308242133285779 3
      vertex -25.521773579136816 -8.696404796225202 3
    endloop
  endfacet
  facet normal 0.8443279255020153 0.5358267949789962 0
    outer loop
      vertex -25.12930523171858 -9.410302069950538 0
      vertex -25.347996710142557 -9.065699440830574 3
      vertex -25.12930523171858 -9.410302069950538 3
    endloop
  endfacet
  facet normal 0.7705132427757887 0.6374239897486903 0
    outer loop
      vertex -24.869148039119587 -9.724778094268238 0
      vertex -25.12930523171858 -9.410302069950538 3
      vertex -24.869148039119587 -9.724778094268238 3
    endloop
  endfacet
  facet normal 0.6845471059286905 0.7289686274214099 0
    outer loop
      vertex -24.869148039119587 -9.724778094268238 3
      vertex -24.57162796668324 -10.004168039021316 3
      vertex -24.869148039119587 -9.724778094268238 0
    endloop
  endfacet
  facet normal 0.5877852522924706 0.8090169943749493 0
    outer loop
      vertex -24.57162796668324 -10.004168039021316 3
      vertex -24.24143708368174 -10.244065757881549 3
      vertex -24.57162796668324 -10.004168039021316 0
    endloop
  endfacet
  facet normal 0.4817536741017158 0.8763066800438631 0
    outer loop
      vertex -24.24143708368174 -10.244065757881549 3
      vertex -23.883782697586486 -10.440687920514563 3
      vertex -24.24143708368174 -10.244065757881549 0
    endloop
  endfacet
  facet normal 0.9822872507286895 0.18738131458572005 0
    outer loop
      vertex -25.647895273668052 -8.308242133285779 0
      vertex -25.724372779272052 -7.907333009083988 3
      vertex -25.647895273668052 -8.308242133285779 3
    endloop
  endfacet
  facet normal 0.9980267284282714 0.06279051952931576 0
    outer loop
      vertex -25.724372779272052 -7.907333009083988 0
      vertex -25.75 -7.5 3
      vertex -25.724372779272052 -7.907333009083988 3
    endloop
  endfacet
  facet normal 0.9980267284282714 -0.06279051952931576 0
    outer loop
      vertex -25.75 -7.5 0
      vertex -25.724372779272052 -7.092666990916012 3
      vertex -25.75 -7.5 3
    endloop
  endfacet
  facet normal 0.9822872507286895 -0.18738131458572005 0
    outer loop
      vertex -25.724372779272052 -7.092666990916012 0
      vertex -25.647895273668052 -6.691757866714221 3
      vertex -25.724372779272052 -7.092666990916012 3
    endloop
  endfacet
  facet normal 0.9510565162951523 -0.3090169943749512 0
    outer loop
      vertex -25.647895273668052 -6.691757866714221 0
      vertex -25.521773579136816 -6.303595203774797 3
      vertex -25.647895273668052 -6.691757866714221 3
    endloop
  endfacet
  facet normal 0.9048270524660204 -0.42577929156507105 0
    outer loop
      vertex -25.521773579136816 -6.303595203774797 0
      vertex -25.347996710142557 -5.934300559169425 3
      vertex -25.521773579136816 -6.303595203774797 3
    endloop
  endfacet
  facet normal 0.8443279255020146 -0.5358267949789972 0
    outer loop
      vertex -25.347996710142557 -5.934300559169425 0
      vertex -25.12930523171858 -5.5896979300494625 3
      vertex -25.347996710142557 -5.934300559169425 3
    endloop
  endfacet
  facet normal 0.3681245526846794 0.9297764858882509 0
    outer loop
      vertex -23.883782697586486 -10.440687920514563 3
      vertex -23.50430523171858 -10.59093367795925 3
      vertex -23.883782697586486 -10.440687920514563 0
    endloop
  endfacet
  facet normal 0.24868988716485532 0.9685831611286311 0
    outer loop
      vertex -23.50430523171858 -10.59093367795925 3
      vertex -23.108989272403605 -10.692433564868239 3
      vertex -23.50430523171858 -10.59093367795925 0
    endloop
  endfacet
  facet normal 0.12533323356430565 0.9921147013144778 0
    outer loop
      vertex -23.108989272403605 -10.692433564868239 3
      vertex -22.70406918847027 -10.743586867391883 3
      vertex -23.108989272403605 -10.692433564868239 0
    endloop
  endfacet
  facet normal 0 1 0
    outer loop
      vertex -22.70406918847027 -10.743586867391883 3
      vertex -22.29593081152973 -10.743586867391883 3
      vertex -22.70406918847027 -10.743586867391883 0
    endloop
  endfacet
  facet normal -0.12533323356430565 0.9921147013144778 0
    outer loop
      vertex -22.29593081152973 -10.743586867391883 3
      vertex -21.891010727596395 -10.692433564868239 3
      vertex -22.29593081152973 -10.743586867391883 0
    endloop
  endfacet
  facet normal 0.7705132427757887 -0.6374239897486903 0
    outer loop
      vertex -25.12930523171858 -5.5896979300494625 0
      vertex -24.869148039119587 -5.275221905731762 3
      vertex -25.12930523171858 -5.5896979300494625 3
    endloop
  endfacet
  facet normal 0.6845471059286905 -0.7289686274214099 0
    outer loop
      vertex -24.57162796668324 -4.995831960978684 3
      vertex -24.869148039119587 -5.275221905731762 3
      vertex -24.57162796668324 -4.995831960978684 0
    endloop
  endfacet
  facet normal 0.5877852522924706 -0.8090169943749493 0
    outer loop
      vertex -24.24143708368174 -4.755934242118451 3
      vertex -24.57162796668324 -4.995831960978684 3
      vertex -24.24143708368174 -4.755934242118451 0
    endloop
  endfacet
  facet normal 0.4817536741017158 -0.8763066800438631 0
    outer loop
      vertex -23.883782697586486 -4.559312079485437 3
      vertex -24.24143708368174 -4.755934242118451 3
      vertex -23.883782697586486 -4.559312079485437 0
    endloop
  endfacet
  facet normal 0.3681245526846794 -0.9297764858882509 0
    outer loop
      vertex -23.50430523171858 -4.409066322040751 3
      vertex -23.883782697586486 -4.559312079485437 3
      vertex -23.50430523171858 -4.409066322040751 0
    endloop
  endfacet
  facet normal 0.24868988716485532 -0.9685831611286311 0
    outer loop
      vertex -23.108989272403605 -4.307566435131761 3
      vertex -23.50430523171858 -4.409066322040751 3
      vertex -23.108989272403605 -4.307566435131761 0
    endloop
  endfacet
  facet normal 0.1253332335643024 -0.992114701314478 0
    outer loop
      vertex -22.704069188470267 -4.256413132608118 3
      vertex -23.108989272403605 -4.307566435131761 3
      vertex -22.704069188470267 -4.256413132608118 0
    endloop
  endfacet
  facet normal 0 -1 0
    outer loop
      vertex -22.295930811529733 -4.256413132608118 3
      vertex -22.704069188470267 -4.256413132608118 3
      vertex -22.295930811529733 -4.256413132608118 0
    endloop
  endfacet
  facet normal -0.24868988716485532 0.9685831611286311 0
    outer loop
      vertex -21.891010727596395 -10.692433564868239 3
      vertex -21.49569476828142 -10.59093367795925 3
      vertex -21.891010727596395 -10.692433564868239 0
    endloop
  endfacet
  facet normal -0.3681245526846794 0.9297764858882509 0
    outer loop
      vertex -21.49569476828142 -10.59093367795925 3
      vertex -21.116217302413514 -10.440687920514563 3
      vertex -21.49569476828142 -10.59093367795925 0
    endloop
  endfacet
  facet normal -0.48175367410171255 0.876306680043865 0
    outer loop
      vertex -21.116217302413514 -10.440687920514563 3
      vertex -20.75856291631826 -10.24406575788155 3
      vertex -21.116217302413514 -10.440687920514563 0
    endloop
  endfacet
  facet normal -0.5877852522924761 0.8090169943749451 0
    outer loop
      vertex -20.75856291631826 -10.24406575788155 3
      vertex -20.42837203331676 -10.004168039021314 3
      vertex -20.75856291631826 -10.24406575788155 0
    endloop
  endfacet
  facet normal -0.6845471059286881 0.7289686274214121 0
    outer loop
      vertex -20.42837203331676 -10.004168039021314 3
      vertex -20.130851960880413 -9.724778094268238 3
      vertex -20.42837203331676 -10.004168039021314 0
    endloop
  endfacet
  facet normal -0.7705132427757887 0.6374239897486903 0
    outer loop
      vertex -19.87069476828142 -9.410302069950538 0
      vertex -20.130851960880413 -9.724778094268238 3
      vertex -19.87069476828142 -9.410302069950538 3
    endloop
  endfacet
  facet normal -0.8443279255020153 0.5358267949789962 0
    outer loop
      vertex -19.652003289857443 -9.065699440830574 0
      vertex -19.87069476828142 -9.410302069950538 3
      vertex -19.652003289857443 -9.065699440830574 3
    endloop
  endfacet
  facet normal -0.9048270524660196 0.4257792915650727 0
    outer loop
      vertex -19.478226420863184 -8.696404796225204 0
      vertex -19.652003289857443 -9.065699440830574 3
      vertex -19.478226420863184 -8.696404796225204 3
    endloop
  endfacet
  facet normal -0.951056516295153 0.3090169943749493 0
    outer loop
      vertex -19.352104726331948 -8.308242133285777 0
      vertex -19.478226420863184 -8.696404796225204 3
      vertex -19.352104726331948 -8.308242133285777 3
    endloop
  endfacet
  facet normal -0.9510565162951525 -0.3090169943749506 0
    outer loop
      vertex -19.478226420863184 -6.303595203774797 0
      vertex -19.352104726331948 -6.691757866714222 3
      vertex -19.478226420863184 -6.303595203774797 3
    endloop
  endfacet
  facet normal -0.9048270524660204 -0.42577929156507105 0
    outer loop
      vertex -19.652003289857443 -5.934300559169425 0
      vertex -19.478226420863184 -6.303595203774797 3
      vertex -19.652003289857443 -5.934300559169425 3
    endloop
  endfacet
  facet normal -0.8443279255020146 -0.5358267949789972 0
    outer loop
      vertex -19.87069476828142 -5.5896979300494625 0
      vertex -19.652003289857443 -5.934300559169425 3
      vertex -19.87069476828142 -5.5896979300494625 3
    endloop
  endfacet
  facet normal -0.9822872507286893 0.18738131458572083 0
    outer loop
      vertex -19.275627220727948 -7.907333009083988 0
      vertex -19.352104726331948 -8.308242133285777 3
      vertex -19.275627220727948 -7.907333009083988 3
    endloop
  endfacet
  facet normal -0.9980267284282714 0.06279051952931576 0
    outer loop
      vertex -19.25 -7.5 0
      vertex -19.275627220727948 -7.907333009083988 3
      vertex -19.25 -7.5 3
    endloop
  endfacet
  facet normal -0.9980267284282714 -0.06279051952931562 0
    outer loop
      vertex -19.275627220727948 -7.092666990916011 0
      vertex -19.25 -7.5 3
      vertex -19.275627220727948 -7.092666990916011 3
    endloop
  endfacet
  facet normal -0.9822872507286893 -0.18738131458572083 0
    outer loop
      vertex -19.352104726331948 -6.691757866714222 0
      vertex -19.275627220727948 -7.092666990916011 3
      vertex -19.352104726331948 -6.691757866714222 3
    endloop
  endfacet
  facet normal -0.1253332335643024 -0.992114701314478 0
    outer loop
      vertex -21.891010727596395 -4.307566435131761 3
      vertex -22.295930811529733 -4.256413132608118 3
      vertex -21.891010727596395 -4.307566435131761 0
    endloop
  endfacet
  facet normal -0.24868988716485532 -0.9685831611286311 0
    outer loop
      vertex -21.49569476828142 -4.409066322040751 3
      vertex -21.891010727596395 -4.307566435131761 3
      vertex -21.49569476828142 -4.409066322040751 0
    endloop
  endfacet
  facet normal -0.3681245526846794 -0.9297764858882509 0
    outer loop
      vertex -21.116217302413514 -4.559312079485437 3
      vertex -21.49569476828142 -4.409066322040751 3
      vertex -21.116217302413514 -4.559312079485437 0
    endloop
  endfacet
  facet normal -0.4817536741017158 -0.8763066800438631 0
    outer loop
      vertex -20.75856291631826 -4.755934242118451 3
      vertex -21.116217302413514 -4.559312079485437 3
      vertex -20.75856291631826 -4.755934242118451 0
    endloop
  endfacet
  facet normal -0.5877852522924732 -0.8090169943749472 0
    outer loop
      vertex -20.42837203331676 -4.995831960978686 3
      vertex -20.75856291631826 -4.755934242118451 3
      vertex -20.42837203331676 -4.995831960978686 0
    endloop
  endfacet
  facet normal -0.6845471059286881 -0.7289686274214121 0
    outer loop
      vertex -20.130851960880413 -5.275221905731762 0
      vertex -20.130851960880413 -5.275221905731762 3
      vertex -20.42837203331676 -4.995831960978686 3
    endloop
  endfacet
  facet normal -0.7705132427757887 -0.6374239897486903 0
    outer loop
      vertex -20.130851960880413 -5.275221905731762 0
      vertex -19.87069476828142 -5.5896979300494625 3
      vertex -20.130851960880413 -5.275221905731762 3
    endloop
  endfacet
  facet normal 0.7705132427757887 0.6374239897486903 0
    outer loop
      vertex -24.869148039119587 5.275221905731762 0
      vertex -25.12930523171858 5.5896979300494625 0
      vertex -25.12930523171858 5.5896979300494625 3
    endloop
  endfacet
  facet normal 0.6845471059286905 0.7289686274214099 0
    outer loop
      vertex -24.57162796668324 4.995831960978684 0
      vertex -24.869148039119587 5.275221905731762 0
      vertex -24.57162796668324 4.995831960978684 3
    endloop
  endfacet
  facet normal 0.5877852522924706 0.8090169943749493 0
    outer loop
      vertex -24.24143708368174 4.755934242118451 0
      vertex -24.57162796668324 4.995831960978684 0
      vertex -24.24143708368174 4.755934242118451 3
    endloop
  endfacet
  facet normal 0.4817536741017175 0.8763066800438623 0
    outer loop
      vertex -23.883782697586486 4.559312079485436 0
      vertex -24.24143708368174 4.755934242118451 0
      vertex -23.883782697586486 4.559312079485436 3
    endloop
  endfacet
  facet normal 0.3681245526846775 0.9297764858882516 0
    outer loop
      vertex -23.50430523171858 4.409066322040751 0
      vertex -23.883782697586486 4.559312079485436 0
      vertex -23.50430523171858 4.409066322040751 3
    endloop
  endfacet
  facet normal 0.2486898871648533 0.9685831611286315 0
    outer loop
      vertex -23.108989272403605 4.307566435131762 0
      vertex -23.50430523171858 4.409066322040751 0
      vertex -23.108989272403605 4.307566435131762 3
    endloop
  endfacet
  facet normal 0.12533323356430565 0.9921147013144778 0
    outer loop
      vertex -22.70406918847027 4.256413132608118 0
      vertex -23.108989272403605 4.307566435131762 0
      vertex -22.70406918847027 4.256413132608118 3
    endloop
  endfacet
  facet normal 0 1 0
    outer loop
      vertex -22.29593081152973 4.256413132608118 0
      vertex -22.70406918847027 4.256413132608118 0
      vertex -22.29593081152973 4.256413132608118 3
    endloop
  endfacet
  facet normal 0.9048270524660204 0.42577929156507105 0
    outer loop
      vertex -25.347996710142557 5.934300559169425 0
      vertex -25.521773579136816 6.303595203774797 0
      vertex -25.521773579136816 6.303595203774797 3
    endloop
  endfacet
  facet normal 0.9510565162951523 0.3090169943749512 0
    outer loop
      vertex -25.521773579136816 6.303595203774797 0
      vertex -25.647895273668052 6.691757866714221 0
      vertex -25.647895273668052 6.691757866714221 3
    endloop
  endfacet
  facet normal 0.8443279255020146 0.5358267949789972 0
    outer loop
      vertex -25.12930523171858 5.5896979300494625 0
      vertex -25.347996710142557 5.934300559169425 0
      vertex -25.347996710142557 5.934300559169425 3
    endloop
  endfacet
  facet normal 0.9822872507286895 0.18738131458572005 0
    outer loop
      vertex -25.647895273668052 6.691757866714221 0
      vertex -25.724372779272052 7.092666990916012 0
      vertex -25.724372779272052 7.092666990916012 3
    endloop
  endfacet
  facet normal 0.9980267284282714 0.06279051952931576 0
    outer loop
      vertex -25.724372779272052 7.092666990916012 0
      vertex -25.75 7.5 0
      vertex -25.75 7.5 3
    endloop
  endfacet
  facet normal 0.9980267284282714 -0.06279051952931576 0
    outer loop
      vertex -25.75 7.5 0
      vertex -25.724372779272052 7.907333009083988 0
      vertex -25.724372779272052 7.907333009083988 3
    endloop
  endfacet
  facet normal 0.9822872507286895 -0.18738131458572005 0
    outer loop
      vertex -25.724372779272052 7.907333009083988 0
      vertex -25.647895273668052 8.308242133285779 0
      vertex -25.647895273668052 8.308242133285779 3
    endloop
  endfacet
  facet normal 0.9510565162951522 -0.3090169943749519 0
    outer loop
      vertex -25.647895273668052 8.308242133285779 0
      vertex -25.521773579136816 8.696404796225202 0
      vertex -25.521773579136816 8.696404796225202 3
    endloop
  endfacet
  facet normal 0.9048270524660204 -0.42577929156507105 0
    outer loop
      vertex -25.521773579136816 8.696404796225202 0
      vertex -25.347996710142557 9.065699440830574 0
      vertex -25.347996710142557 9.065699440830574 3
    endloop
  endfacet
  facet normal 0.8443279255020153 -0.5358267949789962 0
    outer loop
      vertex -25.347996710142557 9.065699440830574 0
      vertex -25.12930523171858 9.410302069950538 0
      vertex -25.12930523171858 9.410302069950538 3
    endloop
  endfacet
  facet normal 0.7705132427757887 -0.6374239897486903 0
    outer loop
      vertex -25.12930523171858 9.410302069950538 0
      vertex -24.869148039119587 9.724778094268238 0
      vertex -24.869148039119587 9.724778094268238 3
    endloop
  endfacet
  facet normal 0.6845471059286905 -0.7289686274214099 0
    outer loop
      vertex -24.869148039119587 9.724778094268238 0
      vertex -24.57162796668324 10.004168039021316 0
      vertex -24.869148039119587 9.724778094268238 3
    endloop
  endfacet
  facet normal 0.5877852522924706 -0.8090169943749493 0
    outer loop
      vertex -24.57162796668324 10.004168039021316 0
      vertex -24.24143708368174 10.244065757881549 0
      vertex -24.57162796668324 10.004168039021316 3
    endloop
  endfacet
  facet normal 0.4817536741017158 -0.8763066800438631 0
    outer loop
      vertex -24.24143708368174 10.244065757881549 0
      vertex -23.883782697586486 10.440687920514563 0
      vertex -24.24143708368174 10.244065757881549 3
    endloop
  endfacet
  facet normal 0.3681245526846794 -0.9297764858882509 0
    outer loop
      vertex -23.883782697586486 10.440687920514563 0
      vertex -23.50430523171858 10.59093367795925 0
      vertex -23.883782697586486 10.440687920514563 3
    endloop
  endfacet
  facet normal 0.24868988716485532 -0.9685831611286311 0
    outer loop
      vertex -23.50430523171858 10.59093367795925 0
      vertex -23.108989272403605 10.692433564868239 0
      vertex -23.50430523171858 10.59093367795925 3
    endloop
  endfacet
  facet normal 0.12533323356430456 -0.9921147013144779 0
    outer loop
      vertex -23.108989272403605 10.692433564868239 0
      vertex -22.704069188470267 10.743586867391883 0
      vertex -23.108989272403605 10.692433564868239 3
    endloop
  endfacet
  facet normal 0 -1 0
    outer loop
      vertex -22.704069188470267 10.743586867391883 0
      vertex -22.295930811529733 10.743586867391883 0
      vertex -22.704069188470267 10.743586867391883 3
    endloop
  endfacet
  facet normal -0.12533323356430456 -0.9921147013144779 0
    outer loop
      vertex -22.295930811529733 10.743586867391883 0
      vertex -21.891010727596395 10.692433564868239 0
      vertex -22.295930811529733 10.743586867391883 3
    endloop
  endfacet
  facet normal -0.12533323356430565 0.9921147013144778 0
    outer loop
      vertex -21.891010727596395 4.307566435131762 0
      vertex -22.29593081152973 4.256413132608118 0
      vertex -21.891010727596395 4.307566435131762 3
    endloop
  endfacet
  facet normal -0.2486898871648533 0.9685831611286315 0
    outer loop
      vertex -21.49569476828142 4.409066322040751 0
      vertex -21.891010727596395 4.307566435131762 0
      vertex -21.49569476828142 4.409066322040751 3
    endloop
  endfacet
  facet normal -0.3681245526846775 0.9297764858882516 0
    outer loop
      vertex -21.116217302413514 4.559312079485436 0
      vertex -21.49569476828142 4.409066322040751 0
      vertex -21.116217302413514 4.559312079485436 3
    endloop
  endfacet
  facet normal -0.4817536741017158 0.8763066800438631 0
    outer loop
      vertex -20.75856291631826 4.7559342421184505 0
      vertex -21.116217302413514 4.559312079485436 0
      vertex -20.75856291631826 4.7559342421184505 3
    endloop
  endfacet
  facet normal -0.5877852522924748 0.8090169943749463 0
    outer loop
      vertex -20.42837203331676 4.995831960978686 0
      vertex -20.75856291631826 4.7559342421184505 0
      vertex -20.42837203331676 4.995831960978686 3
    endloop
  endfacet
  facet normal -0.6845471059286881 0.7289686274214121 0
    outer loop
      vertex -20.130851960880413 5.275221905731762 0
      vertex -20.42837203331676 4.995831960978686 0
      vertex -20.130851960880413 5.275221905731762 3
    endloop
  endfacet
  facet normal -0.7705132427757887 0.6374239897486903 0
    outer loop
      vertex -19.87069476828142 5.5896979300494625 0
      vertex -20.130851960880413 5.275221905731762 0
      vertex -20.130851960880413 5.275221905731762 3
    endloop
  endfacet
  facet normal -0.24868988716485532 -0.9685831611286311 0
    outer loop
      vertex -21.891010727596395 10.692433564868239 0
      vertex -21.49569476828142 10.59093367795925 0
      vertex -21.891010727596395 10.692433564868239 3
    endloop
  endfacet
  facet normal -0.3681245526846794 -0.9297764858882509 0
    outer loop
      vertex -21.49569476828142 10.59093367795925 0
      vertex -21.116217302413514 10.440687920514563 0
      vertex -21.49569476828142 10.59093367795925 3
    endloop
  endfacet
  facet normal -0.4817536741017158 -0.8763066800438631 0
    outer loop
      vertex -21.116217302413514 10.440687920514563 0
      vertex -20.75856291631826 10.244065757881549 0
      vertex -21.116217302413514 10.440687920514563 3
    endloop
  endfacet
  facet normal -0.5877852522924732 -0.8090169943749472 0
    outer loop
      vertex -20.75856291631826 10.244065757881549 0
      vertex -20.42837203331676 10.004168039021314 0
      vertex -20.75856291631826 10.244065757881549 3
    endloop
  endfacet
  facet normal -0.6845471059286881 -0.7289686274214121 0
    outer loop
      vertex -20.42837203331676 10.004168039021314 0
      vertex -20.130851960880413 9.724778094268238 0
      vertex -20.42837203331676 10.004168039021314 3
    endloop
  endfacet
  facet normal -0.8443279255020146 0.5358267949789972 0
    outer loop
      vertex -19.652003289857443 5.934300559169425 0
      vertex -19.87069476828142 5.5896979300494625 0
      vertex -19.87069476828142 5.5896979300494625 3
    endloop
  endfacet
  facet normal -0.9048270524660199 0.4257792915650719 0
    outer loop
      vertex -19.478226420863184 6.303595203774796 0
      vertex -19.652003289857443 5.934300559169425 0
      vertex -19.652003289857443 5.934300559169425 3
    endloop
  endfacet
  facet normal -0.951056516295153 0.3090169943749493 0
    outer loop
      vertex -19.352104726331948 6.691757866714223 0
      vertex -19.478226420863184 6.303595203774796 0
      vertex -19.478226420863184 6.303595203774796 3
    endloop
  endfacet
  facet normal -0.9822872507286893 0.18738131458572083 0
    outer loop
      vertex -19.275627220727948 7.092666990916012 0
      vertex -19.352104726331948 6.691757866714223 0
      vertex -19.352104726331948 6.691757866714223 3
    endloop
  endfacet
  facet normal -0.9980267284282714 0.06279051952931576 0
    outer loop
      vertex -19.25 7.5 0
      vertex -19.275627220727948 7.092666990916012 0
      vertex -19.275627220727948 7.092666990916012 3
    endloop
  endfacet
  facet normal -0.9980267284282714 -0.06279051952931562 0
    outer loop
      vertex -19.275627220727948 7.907333009083989 0
      vertex -19.25 7.5 0
      vertex -19.25 7.5 3
    endloop
  endfacet
  facet normal -0.9822872507286895 -0.18738131458572047 0
    outer loop
      vertex -19.352104726331948 8.308242133285779 0
      vertex -19.275627220727948 7.907333009083989 0
      vertex -19.275627220727948 7.907333009083989 3
    endloop
  endfacet
  facet normal -0.7705132427757887 -0.6374239897486903 0
    outer loop
      vertex -20.130851960880413 9.724778094268238 0
      vertex -19.87069476828142 9.410302069950538 0
      vertex -19.87069476828142 9.410302069950538 3
    endloop
  endfacet
  facet normal -0.9510565162951522 -0.3090169943749519 0
    outer loop
      vertex -19.478226420863184 8.696404796225202 0
      vertex -19.352104726331948 8.308242133285779 0
      vertex -19.352104726331948 8.308242133285779 3
    endloop
  endfacet
  facet normal -0.9048270524660204 -0.42577929156507105 0
    outer loop
      vertex -19.652003289857443 9.065699440830574 0
      vertex -19.478226420863184 8.696404796225202 0
      vertex -19.478226420863184 8.696404796225202 3
    endloop
  endfacet
  facet normal -0.8443279255020153 -0.5358267949789962 0
    outer loop
      vertex -19.87069476828142 9.410302069950538 0
      vertex -19.652003289857443 9.065699440830574 0
      vertex -19.652003289857443 9.065699440830574 3
    endloop
  endfacet
  facet normal 0.7705132427757887 0.6374239897486903 0
    outer loop
      vertex -24.869148039119587 5.275221905731762 0
      vertex -25.12930523171858 5.5896979300494625 3
      vertex -24.869148039119587 5.275221905731762 3
    endloop
  endfacet
  facet normal 0.6845471059286905 0.7289686274214099 0
    outer loop
      vertex -24.869148039119587 5.275221905731762 3
      vertex -24.57162796668324 4.995831960978684 3
      vertex -24.869148039119587 5.275221905731762 0
    endloop
  endfacet
  facet normal 0.5877852522924706 0.8090169943749493 0
    outer loop
      vertex -24.57162796668324 4.995831960978684 3
      vertex -24.24143708368174 4.755934242118451 3
      vertex -24.57162796668324 4.995831960978684 0
    endloop
  endfacet
  facet normal 0.4817536741017175 0.8763066800438623 0
    outer loop
      vertex -24.24143708368174 4.755934242118451 3
      vertex -23.883782697586486 4.559312079485436 3
      vertex -24.24143708368174 4.755934242118451 0
    endloop
  endfacet
  facet normal 0.3681245526846775 0.9297764858882516 0
    outer loop
      vertex -23.883782697586486 4.559312079485436 3
      vertex -23.50430523171858 4.409066322040751 3
      vertex -23.883782697586486 4.559312079485436 0
    endloop
  endfacet
  facet normal 0.2486898871648533 0.9685831611286315 0
    outer loop
      vertex -23.50430523171858 4.409066322040751 3
      vertex -23.108989272403605 4.307566435131762 3
      vertex -23.50430523171858 4.409066322040751 0
    endloop
  endfacet
  facet normal 0.12533323356430565 0.9921147013144778 0
    outer loop
      vertex -23.108989272403605 4.307566435131762 3
      vertex -22.70406918847027 4.256413132608118 3
      vertex -23.108989272403605 4.307566435131762 0
    endloop
  endfacet
  facet normal 0 1 0
    outer loop
      vertex -22.70406918847027 4.256413132608118 3
      vertex -22.29593081152973 4.256413132608118 3
      vertex -22.70406918847027 4.256413132608118 0
    endloop
  endfacet
  facet normal -0.12533323356430565 0.9921147013144778 0
    outer loop
      vertex -22.29593081152973 4.256413132608118 3
      vertex -21.891010727596395 4.307566435131762 3
      vertex -22.29593081152973 4.256413132608118 0
    endloop
  endfacet
  facet normal 0.9048270524660204 0.42577929156507105 0
    outer loop
      vertex -25.347996710142557 5.934300559169425 0
      vertex -25.521773579136816 6.303595203774797 3
      vertex -25.347996710142557 5.934300559169425 3
    endloop
  endfacet
  facet normal 0.9822872507286895 0.18738131458572005 0
    outer loop
      vertex -25.647895273668052 6.691757866714221 0
      vertex -25.724372779272052 7.092666990916012 3
      vertex -25.647895273668052 6.691757866714221 3
    endloop
  endfacet
  facet normal 0.9510565162951523 0.3090169943749512 0
    outer loop
      vertex -25.521773579136816 6.303595203774797 0
      vertex -25.647895273668052 6.691757866714221 3
      vertex -25.521773579136816 6.303595203774797 3
    endloop
  endfacet
  facet normal 0.8443279255020146 0.5358267949789972 0
    outer loop
      vertex -25.12930523171858 5.5896979300494625 0
      vertex -25.347996710142557 5.934300559169425 3
      vertex -25.12930523171858 5.5896979300494625 3
    endloop
  endfacet
  facet normal 0.9980267284282714 0.06279051952931576 0
    outer loop
      vertex -25.724372779272052 7.092666990916012 0
      vertex -25.75 7.5 3
      vertex -25.724372779272052 7.092666990916012 3
    endloop
  endfacet
  facet normal 0.9980267284282714 -0.06279051952931576 0
    outer loop
      vertex -25.75 7.5 0
      vertex -25.724372779272052 7.907333009083988 3
      vertex -25.75 7.5 3
    endloop
  endfacet
  facet normal 0.9822872507286895 -0.18738131458572005 0
    outer loop
      vertex -25.724372779272052 7.907333009083988 0
      vertex -25.647895273668052 8.308242133285779 3
      vertex -25.724372779272052 7.907333009083988 3
    endloop
  endfacet
  facet normal 0.9510565162951522 -0.3090169943749519 0
    outer loop
      vertex -25.647895273668052 8.308242133285779 0
      vertex -25.521773579136816 8.696404796225202 3
      vertex -25.647895273668052 8.308242133285779 3
    endloop
  endfacet
  facet normal 0.9048270524660204 -0.42577929156507105 0
    outer loop
      vertex -25.521773579136816 8.696404796225202 0
      vertex -25.347996710142557 9.065699440830574 3
      vertex -25.521773579136816 8.696404796225202 3
    endloop
  endfacet
  facet normal 0.8443279255020153 -0.5358267949789962 0
    outer loop
      vertex -25.347996710142557 9.065699440830574 0
      vertex -25.12930523171858 9.410302069950538 3
      vertex -25.347996710142557 9.065699440830574 3
    endloop
  endfacet
  facet normal 0.7705132427757887 -0.6374239897486903 0
    outer loop
      vertex -25.12930523171858 9.410302069950538 0
      vertex -24.869148039119587 9.724778094268238 3
      vertex -25.12930523171858 9.410302069950538 3
    endloop
  endfacet
  facet normal 0.6845471059286905 -0.7289686274214099 0
    outer loop
      vertex -24.57162796668324 10.004168039021316 3
      vertex -24.869148039119587 9.724778094268238 3
      vertex -24.57162796668324 10.004168039021316 0
    endloop
  endfacet
  facet normal 0.5877852522924706 -0.8090169943749493 0
    outer loop
      vertex -24.24143708368174 10.244065757881549 3
      vertex -24.57162796668324 10.004168039021316 3
      vertex -24.24143708368174 10.244065757881549 0
    endloop
  endfacet
  facet normal 0.4817536741017158 -0.8763066800438631 0
    outer loop
      vertex -23.883782697586486 10.440687920514563 3
      vertex -24.24143708368174 10.244065757881549 3
      vertex -23.883782697586486 10.440687920514563 0
    endloop
  endfacet
  facet normal 0.3681245526846794 -0.9297764858882509 0
    outer loop
      vertex -23.50430523171858 10.59093367795925 3
      vertex -23.883782697586486 10.440687920514563 3
      vertex -23.50430523171858 10.59093367795925 0
    endloop
  endfacet
  facet normal 0.24868988716485532 -0.9685831611286311 0
    outer loop
      vertex -23.108989272403605 10.692433564868239 3
      vertex -23.50430523171858 10.59093367795925 3
      vertex -23.108989272403605 10.692433564868239 0
    endloop
  endfacet
  facet normal 0.12533323356430456 -0.9921147013144779 0
    outer loop
      vertex -22.704069188470267 10.743586867391883 3
      vertex -23.108989272403605 10.692433564868239 3
      vertex -22.704069188470267 10.743586867391883 0
    endloop
  endfacet
  facet normal 0 -1 0
    outer loop
      vertex -22.295930811529733 10.743586867391883 3
      vertex -22.704069188470267 10.743586867391883 3
      vertex -22.295930811529733 10.743586867391883 0
    endloop
  endfacet
  facet normal -0.2486898871648533 0.9685831611286315 0
    outer loop
      vertex -21.891010727596395 4.307566435131762 3
      vertex -21.49569476828142 4.409066322040751 3
      vertex -21.891010727596395 4.307566435131762 0
    endloop
  endfacet
  facet normal -0.3681245526846775 0.9297764858882516 0
    outer loop
      vertex -21.49569476828142 4.409066322040751 3
      vertex -21.116217302413514 4.559312079485436 3
      vertex -21.49569476828142 4.409066322040751 0
    endloop
  endfacet
  facet normal -0.4817536741017158 0.8763066800438631 0
    outer loop
      vertex -21.116217302413514 4.559312079485436 3
      vertex -20.75856291631826 4.7559342421184505 3
      vertex -21.116217302413514 4.559312079485436 0
    endloop
  endfacet
  facet normal -0.5877852522924748 0.8090169943749463 0
    outer loop
      vertex -20.75856291631826 4.7559342421184505 3
      vertex -20.42837203331676 4.995831960978686 3
      vertex -20.75856291631826 4.7559342421184505 0
    endloop
  endfacet
  facet normal -0.6845471059286881 0.7289686274214121 0
    outer loop
      vertex -20.42837203331676 4.995831960978686 3
      vertex -20.130851960880413 5.275221905731762 3
      vertex -20.42837203331676 4.995831960978686 0
    endloop
  endfacet
  facet normal -0.7705132427757887 0.6374239897486903 0
    outer loop
      vertex -19.87069476828142 5.5896979300494625 0
      vertex -20.130851960880413 5.275221905731762 3
      vertex -19.87069476828142 5.5896979300494625 3
    endloop
  endfacet
  facet normal -0.12533323356430456 -0.9921147013144779 0
    outer loop
      vertex -21.891010727596395 10.692433564868239 3
      vertex -22.295930811529733 10.743586867391883 3
      vertex -21.891010727596395 10.692433564868239 0
    endloop
  endfacet
  facet normal -0.24868988716485532 -0.9685831611286311 0
    outer loop
      vertex -21.49569476828142 10.59093367795925 3
      vertex -21.891010727596395 10.692433564868239 3
      vertex -21.49569476828142 10.59093367795925 0
    endloop
  endfacet
  facet normal -0.3681245526846794 -0.9297764858882509 0
    outer loop
      vertex -21.116217302413514 10.440687920514563 3
      vertex -21.49569476828142 10.59093367795925 3
      vertex -21.116217302413514 10.440687920514563 0
    endloop
  endfacet
  facet normal -0.4817536741017158 -0.8763066800438631 0
    outer loop
      vertex -20.75856291631826 10.244065757881549 3
      vertex -21.116217302413514 10.440687920514563 3
      vertex -20.75856291631826 10.244065757881549 0
    endloop
  endfacet
  facet normal -0.5877852522924732 -0.8090169943749472 0
    outer loop
      vertex -20.42837203331676 10.004168039021314 3
      vertex -20.75856291631826 10.244065757881549 3
      vertex -20.42837203331676 10.004168039021314 0
    endloop
  endfacet
  facet normal -0.8443279255020146 0.5358267949789972 0
    outer loop
      vertex -19.652003289857443 5.934300559169425 0
      vertex -19.87069476828142 5.5896979300494625 3
      vertex -19.652003289857443 5.934300559169425 3
    endloop
  endfacet
  facet normal -0.9048270524660199 0.4257792915650719 0
    outer loop
      vertex -19.478226420863184 6.303595203774796 0
      vertex -19.652003289857443 5.934300559169425 3
      vertex -19.478226420863184 6.303595203774796 3
    endloop
  endfacet
  facet normal -0.951056516295153 0.3090169943749493 0
    outer loop
      vertex -19.352104726331948 6.691757866714223 0
      vertex -19.478226420863184 6.303595203774796 3
      vertex -19.352104726331948 6.691757866714223 3
    endloop
  endfacet
  facet normal -0.9822872507286893 0.18738131458572083 0
    outer loop
      vertex -19.275627220727948 7.092666990916012 0
      vertex -19.352104726331948 6.691757866714223 3
      vertex -19.275627220727948 7.092666990916012 3
    endloop
  endfacet
  facet normal -0.9980267284282714 0.06279051952931576 0
    outer loop
      vertex -19.25 7.5 0
      vertex -19.275627220727948 7.092666990916012 3
      vertex -19.25 7.5 3
    endloop
  endfacet
  facet normal -0.9980267284282714 -0.06279051952931562 0
    outer loop
      vertex -19.275627220727948 7.907333009083989 0
      vertex -19.25 7.5 3
      vertex -19.275627220727948 7.907333009083989 3
    endloop
  endfacet
  facet normal -0.9822872507286895 -0.18738131458572047 0
    outer loop
      vertex -19.352104726331948 8.308242133285779 0
      vertex -19.275627220727948 7.907333009083989 3
      vertex -19.352104726331948 8.308242133285779 3
    endloop
  endfacet
  facet normal -0.7705132427757887 -0.6374239897486903 0
    outer loop
      vertex -20.130851960880413 9.724778094268238 0
      vertex -19.87069476828142 9.410302069950538 3
      vertex -20.130851960880413 9.724778094268238 3
    endloop
  endfacet
  facet normal -0.9048270524660204 -0.42577929156507105 0
    outer loop
      vertex -19.652003289857443 9.065699440830574 0
      vertex -19.478226420863184 8.696404796225202 3
      vertex -19.652003289857443 9.065699440830574 3
    endloop
  endfacet
  facet normal -0.9510565162951522 -0.3090169943749519 0
    outer loop
      vertex -19.478226420863184 8.696404796225202 0
      vertex -19.352104726331948 8.308242133285779 3
      vertex -19.478226420863184 8.696404796225202 3
    endloop
  endfacet
  facet normal -0.8443279255020153 -0.5358267949789962 0
    outer loop
      vertex -19.87069476828142 9.410302069950538 0
      vertex -19.652003289857443 9.065699440830574 3
      vertex -19.87069476828142 9.410302069950538 3
    endloop
  endfacet
  facet normal -0.6845471059286881 -0.7289686274214121 0
    outer loop
      vertex -20.130851960880413 9.724778094268238 0
      vertex -20.130851960880413 9.724778094268238 3
      vertex -20.42837203331676 10.004168039021314 3
    endloop
  endfacet
  facet normal 0.8443279255020165 0.5358267949789943 0
    outer loop
      vertex -25.12930523171858 20.58969793004946 0
      vertex -25.347996710142557 20.934300559169426 0
      vertex -25.347996710142557 20.934300559169426 3
    endloop
  endfacet
  facet normal 0.7705132427757868 0.6374239897486924 0
    outer loop
      vertex -24.869148039119587 20.27522190573176 0
      vertex -25.12930523171858 20.58969793004946 0
      vertex -25.12930523171858 20.58969793004946 3
    endloop
  endfacet
  facet normal 0.9048270524660204 0.42577929156507105 0
    outer loop
      vertex -25.347996710142557 20.934300559169426 0
      vertex -25.521773579136816 21.303595203774798 0
      vertex -25.521773579136816 21.303595203774798 3
    endloop
  endfacet
  facet normal 0.9510565162951525 0.3090169943749506 0
    outer loop
      vertex -25.521773579136816 21.303595203774798 0
      vertex -25.647895273668052 21.691757866714223 0
      vertex -25.647895273668052 21.691757866714223 3
    endloop
  endfacet
  facet normal 0.9822872507286893 0.18738131458572083 0
    outer loop
      vertex -25.647895273668052 21.691757866714223 0
      vertex -25.724372779272052 22.092666990916012 0
      vertex -25.724372779272052 22.092666990916012 3
    endloop
  endfacet
  facet normal 0.6845471059286905 0.7289686274214099 0
    outer loop
      vertex -24.57162796668324 19.995831960978684 0
      vertex -24.869148039119587 20.27522190573176 0
      vertex -24.57162796668324 19.995831960978684 3
    endloop
  endfacet
  facet normal 0.5877852522924732 0.8090169943749472 0
    outer loop
      vertex -24.24143708368174 19.75593424211845 0
      vertex -24.57162796668324 19.995831960978684 0
      vertex -24.24143708368174 19.75593424211845 3
    endloop
  endfacet
  facet normal 0.48175367410171255 0.876306680043865 0
    outer loop
      vertex -23.883782697586486 19.559312079485437 0
      vertex -24.24143708368174 19.75593424211845 0
      vertex -23.883782697586486 19.559312079485437 3
    endloop
  endfacet
  facet normal 0.3681245526846794 0.9297764858882509 0
    outer loop
      vertex -23.50430523171858 19.40906632204075 0
      vertex -23.883782697586486 19.559312079485437 0
      vertex -23.50430523171858 19.40906632204075 3
    endloop
  endfacet
  facet normal 0.24868988716485532 0.9685831611286311 0
    outer loop
      vertex -23.108989272403605 19.30756643513176 0
      vertex -23.50430523171858 19.40906632204075 0
      vertex -23.108989272403605 19.30756643513176 3
    endloop
  endfacet
  facet normal 0.12533323356430565 0.9921147013144778 0
    outer loop
      vertex -22.70406918847027 19.256413132608117 0
      vertex -23.108989272403605 19.30756643513176 0
      vertex -22.70406918847027 19.256413132608117 3
    endloop
  endfacet
  facet normal 0 1 0
    outer loop
      vertex -22.29593081152973 19.256413132608117 0
      vertex -22.70406918847027 19.256413132608117 0
      vertex -22.29593081152973 19.256413132608117 3
    endloop
  endfacet
  facet normal -0.12533323356430565 0.9921147013144778 0
    outer loop
      vertex -21.891010727596395 19.30756643513176 0
      vertex -22.29593081152973 19.256413132608117 0
      vertex -21.891010727596395 19.30756643513176 3
    endloop
  endfacet
  facet normal -0.24868988716485532 0.9685831611286311 0
    outer loop
      vertex -21.49569476828142 19.40906632204075 0
      vertex -21.891010727596395 19.30756643513176 0
      vertex -21.49569476828142 19.40906632204075 3
    endloop
  endfacet
  facet normal -0.3681245526846794 0.9297764858882509 0
    outer loop
      vertex -21.116217302413514 19.559312079485437 0
      vertex -21.49569476828142 19.40906632204075 0
      vertex -21.116217302413514 19.559312079485437 3
    endloop
  endfacet
  facet normal -0.48175367410171255 0.876306680043865 0
    outer loop
      vertex -20.75856291631826 19.75593424211845 0
      vertex -21.116217302413514 19.559312079485437 0
      vertex -20.75856291631826 19.75593424211845 3
    endloop
  endfacet
  facet normal -0.5877852522924732 0.8090169943749472 0
    outer loop
      vertex -20.42837203331676 19.995831960978684 0
      vertex -20.75856291631826 19.75593424211845 0
      vertex -20.42837203331676 19.995831960978684 3
    endloop
  endfacet
  facet normal -0.6845471059286905 0.7289686274214099 0
    outer loop
      vertex -20.130851960880413 20.27522190573176 0
      vertex -20.42837203331676 19.995831960978684 0
      vertex -20.130851960880413 20.27522190573176 3
    endloop
  endfacet
  facet normal -0.7705132427757868 0.6374239897486924 0
    outer loop
      vertex -20.130851960880413 20.27522190573176 0
      vertex -20.130851960880413 20.27522190573176 3
      vertex -19.87069476828142 20.58969793004946 0
    endloop
  endfacet
  facet normal -0.8443279255020165 0.5358267949789943 0
    outer loop
      vertex -19.652003289857443 20.934300559169426 0
      vertex -19.87069476828142 20.58969793004946 0
      vertex -19.87069476828142 20.58969793004946 3
    endloop
  endfacet
  facet normal -0.9048270524660187 0.4257792915650743 0
    outer loop
      vertex -19.478226420863184 21.303595203774794 0
      vertex -19.652003289857443 20.934300559169426 0
      vertex -19.652003289857443 20.934300559169426 3
    endloop
  endfacet
  facet normal -0.9510565162951533 0.309016994374948 0
    outer loop
      vertex -19.352104726331948 21.691757866714223 0
      vertex -19.478226420863184 21.303595203774794 0
      vertex -19.478226420863184 21.303595203774794 3
    endloop
  endfacet
  facet normal -0.9822872507286893 0.18738131458572083 0
    outer loop
      vertex -19.275627220727948 22.092666990916012 0
      vertex -19.352104726331948 21.691757866714223 0
      vertex -19.352104726331948 21.691757866714223 3
    endloop
  endfacet
  facet normal -0.9980267284282714 0.06279051952931576 0
    outer loop
      vertex -19.25 22.5 0
      vertex -19.275627220727948 22.092666990916012 0
      vertex -19.275627220727948 22.092666990916012 3
    endloop
  endfacet
  facet normal 0.9980267284282714 0.06279051952931576 0
    outer loop
      vertex -25.724372779272052 22.092666990916012 0
      vertex -25.75 22.5 0
      vertex -25.75 22.5 3
    endloop
  endfacet
  facet normal 0.9980267284282714 -0.06279051952931576 0
    outer loop
      vertex -25.75 22.5 0
      vertex -25.724372779272052 22.907333009083988 0
      vertex -25.724372779272052 22.907333009083988 3
    endloop
  endfacet
  facet normal 0.9822872507286893 -0.18738131458572083 0
    outer loop
      vertex -25.724372779272052 22.907333009083988 0
      vertex -25.647895273668052 23.308242133285777 0
      vertex -25.647895273668052 23.308242133285777 3
    endloop
  endfacet
  facet normal 0.9510565162951525 -0.3090169943749506 0
    outer loop
      vertex -25.647895273668052 23.308242133285777 0
      vertex -25.521773579136816 23.696404796225202 0
      vertex -25.521773579136816 23.696404796225202 3
    endloop
  endfacet
  facet normal 0.9048270524660204 -0.42577929156507105 0
    outer loop
      vertex -25.521773579136816 23.696404796225202 0
      vertex -25.347996710142557 24.065699440830574 0
      vertex -25.347996710142557 24.065699440830574 3
    endloop
  endfacet
  facet normal 0.8443279255020165 -0.5358267949789943 0
    outer loop
      vertex -25.347996710142557 24.065699440830574 0
      vertex -25.12930523171858 24.41030206995054 0
      vertex -25.12930523171858 24.41030206995054 3
    endloop
  endfacet
  facet normal 0.7705132427757868 -0.6374239897486924 0
    outer loop
      vertex -25.12930523171858 24.41030206995054 0
      vertex -24.869148039119587 24.72477809426824 0
      vertex -24.869148039119587 24.72477809426824 3
    endloop
  endfacet
  facet normal 0.6845471059286905 -0.7289686274214099 0
    outer loop
      vertex -24.869148039119587 24.72477809426824 0
      vertex -24.57162796668324 25.004168039021316 0
      vertex -24.869148039119587 24.72477809426824 3
    endloop
  endfacet
  facet normal 0.5877852522924732 -0.8090169943749472 0
    outer loop
      vertex -24.57162796668324 25.004168039021316 0
      vertex -24.24143708368174 25.24406575788155 0
      vertex -24.57162796668324 25.004168039021316 3
    endloop
  endfacet
  facet normal 0.48175367410171255 -0.876306680043865 0
    outer loop
      vertex -24.24143708368174 25.24406575788155 0
      vertex -23.883782697586486 25.440687920514563 0
      vertex -24.24143708368174 25.24406575788155 3
    endloop
  endfacet
  facet normal 0.3681245526846794 -0.9297764858882509 0
    outer loop
      vertex -23.883782697586486 25.440687920514563 0
      vertex -23.50430523171858 25.59093367795925 0
      vertex -23.883782697586486 25.440687920514563 3
    endloop
  endfacet
  facet normal 0.24868988716485532 -0.9685831611286311 0
    outer loop
      vertex -23.50430523171858 25.59093367795925 0
      vertex -23.108989272403605 25.69243356486824 0
      vertex -23.50430523171858 25.59093367795925 3
    endloop
  endfacet
  facet normal 0.12533323356430456 -0.9921147013144779 0
    outer loop
      vertex -23.108989272403605 25.69243356486824 0
      vertex -22.704069188470267 25.743586867391883 0
      vertex -23.108989272403605 25.69243356486824 3
    endloop
  endfacet
  facet normal 0 -1 0
    outer loop
      vertex -22.704069188470267 25.743586867391883 0
      vertex -22.295930811529733 25.743586867391883 0
      vertex -22.704069188470267 25.743586867391883 3
    endloop
  endfacet
  facet normal -0.12533323356430456 -0.9921147013144779 0
    outer loop
      vertex -22.295930811529733 25.743586867391883 0
      vertex -21.891010727596395 25.69243356486824 0
      vertex -22.295930811529733 25.743586867391883 3
    endloop
  endfacet
  facet normal -0.6845471059286905 -0.7289686274214099 0
    outer loop
      vertex -20.42837203331676 25.004168039021316 0
      vertex -20.130851960880413 24.72477809426824 0
      vertex -20.42837203331676 25.004168039021316 3
    endloop
  endfacet
  facet normal -0.24868988716485532 -0.9685831611286311 0
    outer loop
      vertex -21.891010727596395 25.69243356486824 0
      vertex -21.49569476828142 25.59093367795925 0
      vertex -21.891010727596395 25.69243356486824 3
    endloop
  endfacet
  facet normal -0.3681245526846794 -0.9297764858882509 0
    outer loop
      vertex -21.49569476828142 25.59093367795925 0
      vertex -21.116217302413514 25.440687920514563 0
      vertex -21.49569476828142 25.59093367795925 3
    endloop
  endfacet
  facet normal -0.48175367410171255 -0.876306680043865 0
    outer loop
      vertex -21.116217302413514 25.440687920514563 0
      vertex -20.75856291631826 25.24406575788155 0
      vertex -21.116217302413514 25.440687920514563 3
    endloop
  endfacet
  facet normal -0.5877852522924732 -0.8090169943749472 0
    outer loop
      vertex -20.75856291631826 25.24406575788155 0
      vertex -20.42837203331676 25.004168039021316 0
      vertex -20.75856291631826 25.24406575788155 3
    endloop
  endfacet
  facet normal -0.9510565162951525 -0.3090169943749506 0
    outer loop
      vertex -19.478226420863184 23.696404796225202 0
      vertex -19.352104726331948 23.308242133285777 0
      vertex -19.352104726331948 23.308242133285777 3
    endloop
  endfacet
  facet normal -0.7705132427757868 -0.6374239897486924 0
    outer loop
      vertex -20.130851960880413 24.72477809426824 0
      vertex -19.87069476828142 24.41030206995054 0
      vertex -19.87069476828142 24.41030206995054 3
    endloop
  endfacet
  facet normal -0.8443279255020165 -0.5358267949789943 0
    outer loop
      vertex -19.87069476828142 24.41030206995054 0
      vertex -19.652003289857443 24.065699440830574 0
      vertex -19.652003289857443 24.065699440830574 3
    endloop
  endfacet
  facet normal -0.9048270524660204 -0.42577929156507105 0
    outer loop
      vertex -19.652003289857443 24.065699440830574 0
      vertex -19.478226420863184 23.696404796225202 0
      vertex -19.478226420863184 23.696404796225202 3
    endloop
  endfacet
  facet normal -0.9980267284282714 -0.06279051952931576 0
    outer loop
      vertex -19.275627220727948 22.907333009083988 0
      vertex -19.25 22.5 0
      vertex -19.25 22.5 3
    endloop
  endfacet
  facet normal -0.9822872507286893 -0.18738131458572083 0
    outer loop
      vertex -19.352104726331948 23.308242133285777 0
      vertex -19.275627220727948 22.907333009083988 0
      vertex -19.275627220727948 22.907333009083988 3
    endloop
  endfacet
  facet normal 0.8443279255020165 0.5358267949789943 0
    outer loop
      vertex -25.12930523171858 20.58969793004946 0
      vertex -25.347996710142557 20.934300559169426 3
      vertex -25.12930523171858 20.58969793004946 3
    endloop
  endfacet
  facet normal 0.7705132427757868 0.6374239897486924 0
    outer loop
      vertex -24.869148039119587 20.27522190573176 0
      vertex -25.12930523171858 20.58969793004946 3
      vertex -24.869148039119587 20.27522190573176 3
    endloop
  endfacet
  facet normal 0.9048270524660204 0.42577929156507105 0
    outer loop
      vertex -25.347996710142557 20.934300559169426 0
      vertex -25.521773579136816 21.303595203774798 3
      vertex -25.347996710142557 20.934300559169426 3
    endloop
  endfacet
  facet normal 0.9510565162951525 0.3090169943749506 0
    outer loop
      vertex -25.521773579136816 21.303595203774798 0
      vertex -25.647895273668052 21.691757866714223 3
      vertex -25.521773579136816 21.303595203774798 3
    endloop
  endfacet
  facet normal 0.9822872507286893 0.18738131458572083 0
    outer loop
      vertex -25.647895273668052 21.691757866714223 0
      vertex -25.724372779272052 22.092666990916012 3
      vertex -25.647895273668052 21.691757866714223 3
    endloop
  endfacet
  facet normal 0.9980267284282714 0.06279051952931576 0
    outer loop
      vertex -25.724372779272052 22.092666990916012 0
      vertex -25.75 22.5 3
      vertex -25.724372779272052 22.092666990916012 3
    endloop
  endfacet
  facet normal 0.5877852522924732 0.8090169943749472 0
    outer loop
      vertex -24.57162796668324 19.995831960978684 3
      vertex -24.24143708368174 19.75593424211845 3
      vertex -24.57162796668324 19.995831960978684 0
    endloop
  endfacet
  facet normal 0.6845471059286905 0.7289686274214099 0
    outer loop
      vertex -24.869148039119587 20.27522190573176 0
      vertex -24.869148039119587 20.27522190573176 3
      vertex -24.57162796668324 19.995831960978684 3
    endloop
  endfacet
  facet normal 0.48175367410171255 0.876306680043865 0
    outer loop
      vertex -24.24143708368174 19.75593424211845 3
      vertex -23.883782697586486 19.559312079485437 3
      vertex -24.24143708368174 19.75593424211845 0
    endloop
  endfacet
  facet normal 0.24868988716485532 0.9685831611286311 0
    outer loop
      vertex -23.50430523171858 19.40906632204075 3
      vertex -23.108989272403605 19.30756643513176 3
      vertex -23.50430523171858 19.40906632204075 0
    endloop
  endfacet
  facet normal 0.12533323356430565 0.9921147013144778 0
    outer loop
      vertex -23.108989272403605 19.30756643513176 3
      vertex -22.70406918847027 19.256413132608117 3
      vertex -23.108989272403605 19.30756643513176 0
    endloop
  endfacet
  facet normal 0 1 0
    outer loop
      vertex -22.70406918847027 19.256413132608117 3
      vertex -22.29593081152973 19.256413132608117 3
      vertex -22.70406918847027 19.256413132608117 0
    endloop
  endfacet
  facet normal -0.12533323356430565 0.9921147013144778 0
    outer loop
      vertex -22.29593081152973 19.256413132608117 3
      vertex -21.891010727596395 19.30756643513176 3
      vertex -22.29593081152973 19.256413132608117 0
    endloop
  endfacet
  facet normal 0.3681245526846794 0.9297764858882509 0
    outer loop
      vertex -23.883782697586486 19.559312079485437 3
      vertex -23.50430523171858 19.40906632204075 3
      vertex -23.883782697586486 19.559312079485437 0
    endloop
  endfacet
  facet normal -0.24868988716485532 0.9685831611286311 0
    outer loop
      vertex -21.891010727596395 19.30756643513176 3
      vertex -21.49569476828142 19.40906632204075 3
      vertex -21.891010727596395 19.30756643513176 0
    endloop
  endfacet
  facet normal -0.3681245526846794 0.9297764858882509 0
    outer loop
      vertex -21.49569476828142 19.40906632204075 3
      vertex -21.116217302413514 19.559312079485437 3
      vertex -21.49569476828142 19.40906632204075 0
    endloop
  endfacet
  facet normal -0.48175367410171255 0.876306680043865 0
    outer loop
      vertex -21.116217302413514 19.559312079485437 3
      vertex -20.75856291631826 19.75593424211845 3
      vertex -21.116217302413514 19.559312079485437 0
    endloop
  endfacet
  facet normal -0.5877852522924732 0.8090169943749472 0
    outer loop
      vertex -20.75856291631826 19.75593424211845 3
      vertex -20.42837203331676 19.995831960978684 3
      vertex -20.75856291631826 19.75593424211845 0
    endloop
  endfacet
  facet normal -0.6845471059286905 0.7289686274214099 0
    outer loop
      vertex -20.42837203331676 19.995831960978684 3
      vertex -20.130851960880413 20.27522190573176 3
      vertex -20.42837203331676 19.995831960978684 0
    endloop
  endfacet
  facet normal -0.7705132427757868 0.6374239897486924 0
    outer loop
      vertex -19.87069476828142 20.58969793004946 0
      vertex -20.130851960880413 20.27522190573176 3
      vertex -19.87069476828142 20.58969793004946 3
    endloop
  endfacet
  facet normal -0.8443279255020165 0.5358267949789943 0
    outer loop
      vertex -19.652003289857443 20.934300559169426 0
      vertex -19.87069476828142 20.58969793004946 3
      vertex -19.652003289857443 20.934300559169426 3
    endloop
  endfacet
  facet normal -0.9048270524660187 0.4257792915650743 0
    outer loop
      vertex -19.478226420863184 21.303595203774794 0
      vertex -19.652003289857443 20.934300559169426 3
      vertex -19.478226420863184 21.303595203774794 3
    endloop
  endfacet
  facet normal -0.9510565162951533 0.309016994374948 0
    outer loop
      vertex -19.352104726331948 21.691757866714223 0
      vertex -19.478226420863184 21.303595203774794 3
      vertex -19.352104726331948 21.691757866714223 3
    endloop
  endfacet
  facet normal -0.9822872507286893 0.18738131458572083 0
    outer loop
      vertex -19.275627220727948 22.092666990916012 0
      vertex -19.352104726331948 21.691757866714223 3
      vertex -19.275627220727948 22.092666990916012 3
    endloop
  endfacet
  facet normal 0.9980267284282714 -0.06279051952931576 0
    outer loop
      vertex -25.75 22.5 0
      vertex -25.724372779272052 22.907333009083988 3
      vertex -25.75 22.5 3
    endloop
  endfacet
  facet normal 0.9822872507286893 -0.18738131458572083 0
    outer loop
      vertex -25.724372779272052 22.907333009083988 0
      vertex -25.647895273668052 23.308242133285777 3
      vertex -25.724372779272052 22.907333009083988 3
    endloop
  endfacet
  facet normal 0.9510565162951525 -0.3090169943749506 0
    outer loop
      vertex -25.647895273668052 23.308242133285777 0
      vertex -25.521773579136816 23.696404796225202 3
      vertex -25.647895273668052 23.308242133285777 3
    endloop
  endfacet
  facet normal 0.9048270524660204 -0.42577929156507105 0
    outer loop
      vertex -25.521773579136816 23.696404796225202 0
      vertex -25.347996710142557 24.065699440830574 3
      vertex -25.521773579136816 23.696404796225202 3
    endloop
  endfacet
  facet normal 0.8443279255020165 -0.5358267949789943 0
    outer loop
      vertex -25.347996710142557 24.065699440830574 0
      vertex -25.12930523171858 24.41030206995054 3
      vertex -25.347996710142557 24.065699440830574 3
    endloop
  endfacet
  facet normal 0.7705132427757868 -0.6374239897486924 0
    outer loop
      vertex -25.12930523171858 24.41030206995054 0
      vertex -24.869148039119587 24.72477809426824 3
      vertex -25.12930523171858 24.41030206995054 3
    endloop
  endfacet
  facet normal 0.6845471059286905 -0.7289686274214099 0
    outer loop
      vertex -24.57162796668324 25.004168039021316 3
      vertex -24.869148039119587 24.72477809426824 3
      vertex -24.57162796668324 25.004168039021316 0
    endloop
  endfacet
  facet normal 0.5877852522924732 -0.8090169943749472 0
    outer loop
      vertex -24.24143708368174 25.24406575788155 3
      vertex -24.57162796668324 25.004168039021316 3
      vertex -24.24143708368174 25.24406575788155 0
    endloop
  endfacet
  facet normal 0.48175367410171255 -0.876306680043865 0
    outer loop
      vertex -23.883782697586486 25.440687920514563 3
      vertex -24.24143708368174 25.24406575788155 3
      vertex -23.883782697586486 25.440687920514563 0
    endloop
  endfacet
  facet normal 0.3681245526846794 -0.9297764858882509 0
    outer loop
      vertex -23.50430523171858 25.59093367795925 3
      vertex -23.883782697586486 25.440687920514563 3
      vertex -23.50430523171858 25.59093367795925 0
    endloop
  endfacet
  facet normal 0.24868988716485532 -0.9685831611286311 0
    outer loop
      vertex -23.108989272403605 25.69243356486824 3
      vertex -23.50430523171858 25.59093367795925 3
      vertex -23.108989272403605 25.69243356486824 0
    endloop
  endfacet
  facet normal 0.12533323356430456 -0.9921147013144779 0
    outer loop
      vertex -22.704069188470267 25.743586867391883 3
      vertex -23.108989272403605 25.69243356486824 3
      vertex -22.704069188470267 25.743586867391883 0
    endloop
  endfacet
  facet normal 0 -1 0
    outer loop
      vertex -22.295930811529733 25.743586867391883 3
      vertex -22.704069188470267 25.743586867391883 3
      vertex -22.295930811529733 25.743586867391883 0
    endloop
  endfacet
  facet normal -0.12533323356430456 -0.9921147013144779 0
    outer loop
      vertex -21.891010727596395 25.69243356486824 3
      vertex -22.295930811529733 25.743586867391883 3
      vertex -21.891010727596395 25.69243356486824 0
    endloop
  endfacet
  facet normal -0.24868988716485532 -0.9685831611286311 0
    outer loop
      vertex -21.49569476828142 25.59093367795925 3
      vertex -21.891010727596395 25.69243356486824 3
      vertex -21.49569476828142 25.59093367795925 0
    endloop
  endfacet
  facet normal -0.3681245526846794 -0.9297764858882509 0
    outer loop
      vertex -21.116217302413514 25.440687920514563 3
      vertex -21.49569476828142 25.59093367795925 3
      vertex -21.116217302413514 25.440687920514563 0
    endloop
  endfacet
  facet normal -0.48175367410171255 -0.876306680043865 0
    outer loop
      vertex -20.75856291631826 25.24406575788155 3
      vertex -21.116217302413514 25.440687920514563 3
      vertex -20.75856291631826 25.24406575788155 0
    endloop
  endfacet
  facet normal -0.5877852522924732 -0.8090169943749472 0
    outer loop
      vertex -20.42837203331676 25.004168039021316 3
      vertex -20.75856291631826 25.24406575788155 3
      vertex -20.42837203331676 25.004168039021316 0
    endloop
  endfacet
  facet normal -0.9510565162951525 -0.3090169943749506 0
    outer loop
      vertex -19.478226420863184 23.696404796225202 0
      vertex -19.352104726331948 23.308242133285777 3
      vertex -19.478226420863184 23.696404796225202 3
    endloop
  endfacet
  facet normal -0.6845471059286905 -0.7289686274214099 0
    outer loop
      vertex -20.130851960880413 24.72477809426824 0
      vertex -20.130851960880413 24.72477809426824 3
      vertex -20.42837203331676 25.004168039021316 3
    endloop
  endfacet
  facet normal -0.7705132427757868 -0.6374239897486924 0
    outer loop
      vertex -20.130851960880413 24.72477809426824 0
      vertex -19.87069476828142 24.41030206995054 3
      vertex -20.130851960880413 24.72477809426824 3
    endloop
  endfacet
  facet normal -0.9048270524660204 -0.42577929156507105 0
    outer loop
      vertex -19.652003289857443 24.065699440830574 0
      vertex -19.478226420863184 23.696404796225202 3
      vertex -19.652003289857443 24.065699440830574 3
    endloop
  endfacet
  facet normal -0.8443279255020165 -0.5358267949789943 0
    outer loop
      vertex -19.87069476828142 24.41030206995054 0
      vertex -19.652003289857443 24.065699440830574 3
      vertex -19.87069476828142 24.41030206995054 3
    endloop
  endfacet
  facet normal -0.9980267284282714 0.06279051952931576 0
    outer loop
      vertex -19.25 22.5 0
      vertex -19.275627220727948 22.092666990916012 3
      vertex -19.25 22.5 3
    endloop
  endfacet
  facet normal -0.9980267284282714 -0.06279051952931576 0
    outer loop
      vertex -19.275627220727948 22.907333009083988 0
      vertex -19.25 22.5 3
      vertex -19.275627220727948 22.907333009083988 3
    endloop
  endfacet
  facet normal -0.9822872507286893 -0.18738131458572083 0
    outer loop
      vertex -19.352104726331948 23.308242133285777 0
      vertex -19.275627220727948 22.907333009083988 3
      vertex -19.352104726331948 23.308242133285777 3
    endloop
  endfacet
  facet normal 0.8443279255020141 0.5358267949789983 0
    outer loop
      vertex -25.12930523171858 35.58969793004946 0
      vertex -25.347996710142557 35.93430055916942 0
      vertex -25.347996710142557 35.93430055916942 3
    endloop
  endfacet
  facet normal 0.7705132427757868 0.6374239897486924 0
    outer loop
      vertex -24.869148039119587 35.27522190573176 0
      vertex -25.12930523171858 35.58969793004946 0
      vertex -25.12930523171858 35.58969793004946 3
    endloop
  endfacet
  facet normal 0.48175367410171255 0.876306680043865 0
    outer loop
      vertex -23.883782697586486 34.55931207948544 0
      vertex -24.24143708368174 34.75593424211845 0
      vertex -23.883782697586486 34.55931207948544 3
    endloop
  endfacet
  facet normal 0.6845471059286905 0.7289686274214099 0
    outer loop
      vertex -24.57162796668324 34.995831960978684 0
      vertex -24.869148039119587 35.27522190573176 0
      vertex -24.57162796668324 34.995831960978684 3
    endloop
  endfacet
  facet normal 0.5877852522924732 0.8090169943749472 0
    outer loop
      vertex -24.24143708368174 34.75593424211845 0
      vertex -24.57162796668324 34.995831960978684 0
      vertex -24.24143708368174 34.75593424211845 3
    endloop
  endfacet
  facet normal 0.9510565162951518 0.30901699437495317 0
    outer loop
      vertex -25.521773579136816 36.3035952037748 0
      vertex -25.647895273668052 36.69175786671422 0
      vertex -25.647895273668052 36.69175786671422 3
    endloop
  endfacet
  facet normal 0.9048270524660218 0.4257792915650676 0
    outer loop
      vertex -25.347996710142557 35.93430055916942 0
      vertex -25.521773579136816 36.3035952037748 0
      vertex -25.521773579136816 36.3035952037748 3
    endloop
  endfacet
  facet normal 0.9822872507286893 0.18738131458572083 0
    outer loop
      vertex -25.647895273668052 36.69175786671422 0
      vertex -25.724372779272052 37.09266699091601 0
      vertex -25.724372779272052 37.09266699091601 3
    endloop
  endfacet
  facet normal 0.9980267284282714 0.0627905195293152 0
    outer loop
      vertex -25.724372779272052 37.09266699091601 0
      vertex -25.75 37.5 0
      vertex -25.75 37.5 3
    endloop
  endfacet
  facet normal 0.9980267284282714 -0.0627905195293152 0
    outer loop
      vertex -25.75 37.5 0
      vertex -25.724372779272052 37.90733300908399 0
      vertex -25.724372779272052 37.90733300908399 3
    endloop
  endfacet
  facet normal 0.9822872507286893 -0.18738131458572083 0
    outer loop
      vertex -25.724372779272052 37.90733300908399 0
      vertex -25.647895273668052 38.30824213328578 0
      vertex -25.647895273668052 38.30824213328578 3
    endloop
  endfacet
  facet normal 0.9510565162951518 -0.30901699437495317 0
    outer loop
      vertex -25.647895273668052 38.30824213328578 0
      vertex -25.521773579136816 38.6964047962252 0
      vertex -25.521773579136816 38.6964047962252 3
    endloop
  endfacet
  facet normal 0.3681245526846794 0.9297764858882509 0
    outer loop
      vertex -23.50430523171858 34.40906632204075 0
      vertex -23.883782697586486 34.55931207948544 0
      vertex -23.50430523171858 34.40906632204075 3
    endloop
  endfacet
  facet normal 0.24868988716485532 0.9685831611286311 0
    outer loop
      vertex -23.108989272403605 34.30756643513176 0
      vertex -23.50430523171858 34.40906632204075 0
      vertex -23.108989272403605 34.30756643513176 3
    endloop
  endfacet
  facet normal 0.12533323356430565 0.9921147013144778 0
    outer loop
      vertex -22.70406918847027 34.25641313260812 0
      vertex -23.108989272403605 34.30756643513176 0
      vertex -22.70406918847027 34.25641313260812 3
    endloop
  endfacet
  facet normal 0 1 0
    outer loop
      vertex -22.29593081152973 34.25641313260812 0
      vertex -22.70406918847027 34.25641313260812 0
      vertex -22.29593081152973 34.25641313260812 3
    endloop
  endfacet
  facet normal 0.9048270524660218 -0.4257792915650676 0
    outer loop
      vertex -25.521773579136816 38.6964047962252 0
      vertex -25.347996710142557 39.06569944083058 0
      vertex -25.347996710142557 39.06569944083058 3
    endloop
  endfacet
  facet normal 0.8443279255020141 -0.5358267949789983 0
    outer loop
      vertex -25.347996710142557 39.06569944083058 0
      vertex -25.12930523171858 39.41030206995054 0
      vertex -25.12930523171858 39.41030206995054 3
    endloop
  endfacet
  facet normal 0.7705132427757868 -0.6374239897486924 0
    outer loop
      vertex -25.12930523171858 39.41030206995054 0
      vertex -24.869148039119587 39.72477809426824 0
      vertex -24.869148039119587 39.72477809426824 3
    endloop
  endfacet
  facet normal 0.6845471059286905 -0.7289686274214099 0
    outer loop
      vertex -24.869148039119587 39.72477809426824 0
      vertex -24.57162796668324 40.004168039021316 0
      vertex -24.869148039119587 39.72477809426824 3
    endloop
  endfacet
  facet normal 0.5877852522924732 -0.8090169943749472 0
    outer loop
      vertex -24.57162796668324 40.004168039021316 0
      vertex -24.24143708368174 40.24406575788155 0
      vertex -24.57162796668324 40.004168039021316 3
    endloop
  endfacet
  facet normal 0.48175367410171255 -0.876306680043865 0
    outer loop
      vertex -24.24143708368174 40.24406575788155 0
      vertex -23.883782697586486 40.44068792051456 0
      vertex -24.24143708368174 40.24406575788155 3
    endloop
  endfacet
  facet normal 0.3681245526846794 -0.9297764858882509 0
    outer loop
      vertex -23.883782697586486 40.44068792051456 0
      vertex -23.50430523171858 40.59093367795925 0
      vertex -23.883782697586486 40.44068792051456 3
    endloop
  endfacet
  facet normal 0.24868988716485532 -0.9685831611286311 0
    outer loop
      vertex -23.50430523171858 40.59093367795925 0
      vertex -23.108989272403605 40.69243356486824 0
      vertex -23.50430523171858 40.59093367795925 3
    endloop
  endfacet
  facet normal 0.12533323356430456 -0.9921147013144779 0
    outer loop
      vertex -23.108989272403605 40.69243356486824 0
      vertex -22.704069188470267 40.74358686739188 0
      vertex -23.108989272403605 40.69243356486824 3
    endloop
  endfacet
  facet normal 0 -1 0
    outer loop
      vertex -22.704069188470267 40.74358686739188 0
      vertex -22.295930811529733 40.74358686739188 0
      vertex -22.704069188470267 40.74358686739188 3
    endloop
  endfacet
  facet normal -0.12533323356430456 -0.9921147013144779 0
    outer loop
      vertex -22.295930811529733 40.74358686739188 0
      vertex -21.891010727596395 40.69243356486824 0
      vertex -22.295930811529733 40.74358686739188 3
    endloop
  endfacet
  facet normal -0.12533323356430565 0.9921147013144778 0
    outer loop
      vertex -21.891010727596395 34.30756643513176 0
      vertex -22.29593081152973 34.25641313260812 0
      vertex -21.891010727596395 34.30756643513176 3
    endloop
  endfacet
  facet normal -0.24868988716485532 0.9685831611286311 0
    outer loop
      vertex -21.49569476828142 34.40906632204075 0
      vertex -21.891010727596395 34.30756643513176 0
      vertex -21.49569476828142 34.40906632204075 3
    endloop
  endfacet
  facet normal -0.3681245526846794 0.9297764858882509 0
    outer loop
      vertex -21.116217302413514 34.55931207948544 0
      vertex -21.49569476828142 34.40906632204075 0
      vertex -21.116217302413514 34.55931207948544 3
    endloop
  endfacet
  facet normal -0.48175367410171255 0.876306680043865 0
    outer loop
      vertex -20.75856291631826 34.75593424211845 0
      vertex -21.116217302413514 34.55931207948544 0
      vertex -20.75856291631826 34.75593424211845 3
    endloop
  endfacet
  facet normal -0.5877852522924732 0.8090169943749472 0
    outer loop
      vertex -20.42837203331676 34.995831960978684 0
      vertex -20.75856291631826 34.75593424211845 0
      vertex -20.42837203331676 34.995831960978684 3
    endloop
  endfacet
  facet normal -0.6845471059286905 0.7289686274214099 0
    outer loop
      vertex -20.130851960880413 35.27522190573176 0
      vertex -20.42837203331676 34.995831960978684 0
      vertex -20.130851960880413 35.27522190573176 3
    endloop
  endfacet
  facet normal -0.7705132427757868 0.6374239897486924 0
    outer loop
      vertex -20.130851960880413 35.27522190573176 0
      vertex -20.130851960880413 35.27522190573176 3
      vertex -19.87069476828142 35.58969793004946 0
    endloop
  endfacet
  facet normal -0.8443279255020141 0.5358267949789983 0
    outer loop
      vertex -19.652003289857443 35.93430055916942 0
      vertex -19.87069476828142 35.58969793004946 0
      vertex -19.87069476828142 35.58969793004946 3
    endloop
  endfacet
  facet normal -0.9048270524660218 0.4257792915650676 0
    outer loop
      vertex -19.478226420863184 36.3035952037748 0
      vertex -19.652003289857443 35.93430055916942 0
      vertex -19.652003289857443 35.93430055916942 3
    endloop
  endfacet
  facet normal -0.9510565162951533 0.309016994374948 0
    outer loop
      vertex -19.352104726331948 36.69175786671423 0
      vertex -19.478226420863184 36.3035952037748 0
      vertex -19.478226420863184 36.3035952037748 3
    endloop
  endfacet
  facet normal -0.9510565162951518 -0.30901699437495317 0
    outer loop
      vertex -19.478226420863184 38.6964047962252 0
      vertex -19.352104726331948 38.30824213328578 0
      vertex -19.352104726331948 38.30824213328578 3
    endloop
  endfacet
  facet normal -0.9048270524660218 -0.4257792915650676 0
    outer loop
      vertex -19.652003289857443 39.06569944083058 0
      vertex -19.478226420863184 38.6964047962252 0
      vertex -19.478226420863184 38.6964047962252 3
    endloop
  endfacet
  facet normal -0.9822872507286888 0.18738131458572407 0
    outer loop
      vertex -19.275627220727948 37.09266699091601 0
      vertex -19.352104726331948 36.69175786671423 0
      vertex -19.352104726331948 36.69175786671423 3
    endloop
  endfacet
  facet normal -0.9980267284282714 0.0627905195293152 0
    outer loop
      vertex -19.25 37.5 0
      vertex -19.275627220727948 37.09266699091601 0
      vertex -19.275627220727948 37.09266699091601 3
    endloop
  endfacet
  facet normal -0.9980267284282714 -0.0627905195293152 0
    outer loop
      vertex -19.275627220727948 37.90733300908399 0
      vertex -19.25 37.5 0
      vertex -19.25 37.5 3
    endloop
  endfacet
  facet normal -0.9822872507286893 -0.18738131458572083 0
    outer loop
      vertex -19.352104726331948 38.30824213328578 0
      vertex -19.275627220727948 37.90733300908399 0
      vertex -19.275627220727948 37.90733300908399 3
    endloop
  endfacet
  facet normal -0.24868988716485532 -0.9685831611286311 0
    outer loop
      vertex -21.891010727596395 40.69243356486824 0
      vertex -21.49569476828142 40.59093367795925 0
      vertex -21.891010727596395 40.69243356486824 3
    endloop
  endfacet
  facet normal -0.3681245526846794 -0.9297764858882509 0
    outer loop
      vertex -21.49569476828142 40.59093367795925 0
      vertex -21.116217302413514 40.44068792051456 0
      vertex -21.49569476828142 40.59093367795925 3
    endloop
  endfacet
  facet normal -0.5877852522924732 -0.8090169943749472 0
    outer loop
      vertex -20.75856291631826 40.24406575788155 0
      vertex -20.42837203331676 40.004168039021316 0
      vertex -20.75856291631826 40.24406575788155 3
    endloop
  endfacet
  facet normal -0.6845471059286905 -0.7289686274214099 0
    outer loop
      vertex -20.42837203331676 40.004168039021316 0
      vertex -20.130851960880413 39.72477809426824 0
      vertex -20.42837203331676 40.004168039021316 3
    endloop
  endfacet
  facet normal -0.48175367410171255 -0.876306680043865 0
    outer loop
      vertex -21.116217302413514 40.44068792051456 0
      vertex -20.75856291631826 40.24406575788155 0
      vertex -21.116217302413514 40.44068792051456 3
    endloop
  endfacet
  facet normal -0.7705132427757868 -0.6374239897486924 0
    outer loop
      vertex -20.130851960880413 39.72477809426824 0
      vertex -19.87069476828142 39.41030206995054 0
      vertex -19.87069476828142 39.41030206995054 3
    endloop
  endfacet
  facet normal -0.8443279255020141 -0.5358267949789983 0
    outer loop
      vertex -19.87069476828142 39.41030206995054 0
      vertex -19.652003289857443 39.06569944083058 0
      vertex -19.652003289857443 39.06569944083058 3
    endloop
  endfacet
  facet normal 0.9048270524660218 0.4257792915650676 0
    outer loop
      vertex -25.347996710142557 35.93430055916942 0
      vertex -25.521773579136816 36.3035952037748 3
      vertex -25.347996710142557 35.93430055916942 3
    endloop
  endfacet
  facet normal 0.7705132427757868 0.6374239897486924 0
    outer loop
      vertex -24.869148039119587 35.27522190573176 0
      vertex -25.12930523171858 35.58969793004946 3
      vertex -24.869148039119587 35.27522190573176 3
    endloop
  endfacet
  facet normal 0.8443279255020141 0.5358267949789983 0
    outer loop
      vertex -25.12930523171858 35.58969793004946 0
      vertex -25.347996710142557 35.93430055916942 3
      vertex -25.12930523171858 35.58969793004946 3
    endloop
  endfacet
  facet normal 0.48175367410171255 0.876306680043865 0
    outer loop
      vertex -24.24143708368174 34.75593424211845 3
      vertex -23.883782697586486 34.55931207948544 3
      vertex -24.24143708368174 34.75593424211845 0
    endloop
  endfacet
  facet normal 0.6845471059286905 0.7289686274214099 0
    outer loop
      vertex -24.869148039119587 35.27522190573176 3
      vertex -24.57162796668324 34.995831960978684 3
      vertex -24.869148039119587 35.27522190573176 0
    endloop
  endfacet
  facet normal 0.5877852522924732 0.8090169943749472 0
    outer loop
      vertex -24.57162796668324 34.995831960978684 3
      vertex -24.24143708368174 34.75593424211845 3
      vertex -24.57162796668324 34.995831960978684 0
    endloop
  endfacet
  facet normal 0.9822872507286893 0.18738131458572083 0
    outer loop
      vertex -25.647895273668052 36.69175786671422 0
      vertex -25.724372779272052 37.09266699091601 3
      vertex -25.647895273668052 36.69175786671422 3
    endloop
  endfacet
  facet normal 0.9510565162951518 0.30901699437495317 0
    outer loop
      vertex -25.521773579136816 36.3035952037748 0
      vertex -25.647895273668052 36.69175786671422 3
      vertex -25.521773579136816 36.3035952037748 3
    endloop
  endfacet
  facet normal 0.9980267284282714 0.0627905195293152 0
    outer loop
      vertex -25.724372779272052 37.09266699091601 0
      vertex -25.75 37.5 3
      vertex -25.724372779272052 37.09266699091601 3
    endloop
  endfacet
  facet normal 0.9980267284282714 -0.0627905195293152 0
    outer loop
      vertex -25.75 37.5 0
      vertex -25.724372779272052 37.90733300908399 3
      vertex -25.75 37.5 3
    endloop
  endfacet
  facet normal 0.9822872507286893 -0.18738131458572083 0
    outer loop
      vertex -25.724372779272052 37.90733300908399 0
      vertex -25.647895273668052 38.30824213328578 3
      vertex -25.724372779272052 37.90733300908399 3
    endloop
  endfacet
  facet normal 0.9510565162951518 -0.30901699437495317 0
    outer loop
      vertex -25.647895273668052 38.30824213328578 0
      vertex -25.521773579136816 38.6964047962252 3
      vertex -25.647895273668052 38.30824213328578 3
    endloop
  endfacet
  facet normal 0.9048270524660218 -0.4257792915650676 0
    outer loop
      vertex -25.521773579136816 38.6964047962252 0
      vertex -25.347996710142557 39.06569944083058 3
      vertex -25.521773579136816 38.6964047962252 3
    endloop
  endfacet
  facet normal 0.3681245526846794 0.9297764858882509 0
    outer loop
      vertex -23.883782697586486 34.55931207948544 3
      vertex -23.50430523171858 34.40906632204075 3
      vertex -23.883782697586486 34.55931207948544 0
    endloop
  endfacet
  facet normal 0.24868988716485532 0.9685831611286311 0
    outer loop
      vertex -23.50430523171858 34.40906632204075 3
      vertex -23.108989272403605 34.30756643513176 3
      vertex -23.50430523171858 34.40906632204075 0
    endloop
  endfacet
  facet normal 0.12533323356430565 0.9921147013144778 0
    outer loop
      vertex -23.108989272403605 34.30756643513176 3
      vertex -22.70406918847027 34.25641313260812 3
      vertex -23.108989272403605 34.30756643513176 0
    endloop
  endfacet
  facet normal 0 1 0
    outer loop
      vertex -22.70406918847027 34.25641313260812 3
      vertex -22.29593081152973 34.25641313260812 3
      vertex -22.70406918847027 34.25641313260812 0
    endloop
  endfacet
  facet normal -0.12533323356430565 0.9921147013144778 0
    outer loop
      vertex -22.29593081152973 34.25641313260812 3
      vertex -21.891010727596395 34.30756643513176 3
      vertex -22.29593081152973 34.25641313260812 0
    endloop
  endfacet
  facet normal 0.8443279255020141 -0.5358267949789983 0
    outer loop
      vertex -25.347996710142557 39.06569944083058 0
      vertex -25.12930523171858 39.41030206995054 3
      vertex -25.347996710142557 39.06569944083058 3
    endloop
  endfacet
  facet normal 0.7705132427757868 -0.6374239897486924 0
    outer loop
      vertex -24.869148039119587 39.72477809426824 3
      vertex -25.12930523171858 39.41030206995054 3
      vertex -25.12930523171858 39.41030206995054 0
    endloop
  endfacet
  facet normal 0.6845471059286905 -0.7289686274214099 0
    outer loop
      vertex -24.57162796668324 40.004168039021316 3
      vertex -24.869148039119587 39.72477809426824 3
      vertex -24.57162796668324 40.004168039021316 0
    endloop
  endfacet
  facet normal 0.5877852522924732 -0.8090169943749472 0
    outer loop
      vertex -24.24143708368174 40.24406575788155 3
      vertex -24.57162796668324 40.004168039021316 3
      vertex -24.24143708368174 40.24406575788155 0
    endloop
  endfacet
  facet normal 0.48175367410171255 -0.876306680043865 0
    outer loop
      vertex -23.883782697586486 40.44068792051456 3
      vertex -24.24143708368174 40.24406575788155 3
      vertex -23.883782697586486 40.44068792051456 0
    endloop
  endfacet
  facet normal 0.3681245526846794 -0.9297764858882509 0
    outer loop
      vertex -23.50430523171858 40.59093367795925 3
      vertex -23.883782697586486 40.44068792051456 3
      vertex -23.50430523171858 40.59093367795925 0
    endloop
  endfacet
  facet normal 0.24868988716485532 -0.9685831611286311 0
    outer loop
      vertex -23.108989272403605 40.69243356486824 3
      vertex -23.50430523171858 40.59093367795925 3
      vertex -23.108989272403605 40.69243356486824 0
    endloop
  endfacet
  facet normal 0.12533323356430456 -0.9921147013144779 0
    outer loop
      vertex -22.704069188470267 40.74358686739188 3
      vertex -23.108989272403605 40.69243356486824 3
      vertex -22.704069188470267 40.74358686739188 0
    endloop
  endfacet
  facet normal 0 -1 0
    outer loop
      vertex -22.295930811529733 40.74358686739188 3
      vertex -22.704069188470267 40.74358686739188 3
      vertex -22.295930811529733 40.74358686739188 0
    endloop
  endfacet
  facet normal -0.24868988716485532 0.9685831611286311 0
    outer loop
      vertex -21.891010727596395 34.30756643513176 3
      vertex -21.49569476828142 34.40906632204075 3
      vertex -21.891010727596395 34.30756643513176 0
    endloop
  endfacet
  facet normal -0.3681245526846794 0.9297764858882509 0
    outer loop
      vertex -21.49569476828142 34.40906632204075 3
      vertex -21.116217302413514 34.55931207948544 3
      vertex -21.49569476828142 34.40906632204075 0
    endloop
  endfacet
  facet normal -0.48175367410171255 0.876306680043865 0
    outer loop
      vertex -21.116217302413514 34.55931207948544 3
      vertex -20.75856291631826 34.75593424211845 3
      vertex -21.116217302413514 34.55931207948544 0
    endloop
  endfacet
  facet normal -0.5877852522924732 0.8090169943749472 0
    outer loop
      vertex -20.75856291631826 34.75593424211845 3
      vertex -20.42837203331676 34.995831960978684 3
      vertex -20.75856291631826 34.75593424211845 0
    endloop
  endfacet
  facet normal -0.6845471059286905 0.7289686274214099 0
    outer loop
      vertex -20.42837203331676 34.995831960978684 3
      vertex -20.130851960880413 35.27522190573176 3
      vertex -20.42837203331676 34.995831960978684 0
    endloop
  endfacet
  facet normal -0.7705132427757868 0.6374239897486924 0
    outer loop
      vertex -19.87069476828142 35.58969793004946 0
      vertex -20.130851960880413 35.27522190573176 3
      vertex -19.87069476828142 35.58969793004946 3
    endloop
  endfacet
  facet normal -0.8443279255020141 0.5358267949789983 0
    outer loop
      vertex -19.652003289857443 35.93430055916942 0
      vertex -19.87069476828142 35.58969793004946 3
      vertex -19.652003289857443 35.93430055916942 3
    endloop
  endfacet
  facet normal -0.9048270524660218 0.4257792915650676 0
    outer loop
      vertex -19.478226420863184 36.3035952037748 0
      vertex -19.652003289857443 35.93430055916942 3
      vertex -19.478226420863184 36.3035952037748 3
    endloop
  endfacet
  facet normal -0.9510565162951533 0.309016994374948 0
    outer loop
      vertex -19.352104726331948 36.69175786671423 0
      vertex -19.478226420863184 36.3035952037748 3
      vertex -19.352104726331948 36.69175786671423 3
    endloop
  endfacet
  facet normal -0.9510565162951518 -0.30901699437495317 0
    outer loop
      vertex -19.478226420863184 38.6964047962252 0
      vertex -19.352104726331948 38.30824213328578 3
      vertex -19.478226420863184 38.6964047962252 3
    endloop
  endfacet
  facet normal -0.9822872507286888 0.18738131458572407 0
    outer loop
      vertex -19.275627220727948 37.09266699091601 0
      vertex -19.352104726331948 36.69175786671423 3
      vertex -19.275627220727948 37.09266699091601 3
    endloop
  endfacet
  facet normal -0.9980267284282714 0.0627905195293152 0
    outer loop
      vertex -19.25 37.5 0
      vertex -19.275627220727948 37.09266699091601 3
      vertex -19.25 37.5 3
    endloop
  endfacet
  facet normal -0.9980267284282714 -0.0627905195293152 0
    outer loop
      vertex -19.275627220727948 37.90733300908399 0
      vertex -19.25 37.5 3
      vertex -19.275627220727948 37.90733300908399 3
    endloop
  endfacet
  facet normal -0.9822872507286893 -0.18738131458572083 0
    outer loop
      vertex -19.352104726331948 38.30824213328578 0
      vertex -19.275627220727948 37.90733300908399 3
      vertex -19.352104726331948 38.30824213328578 3
    endloop
  endfacet
  facet normal -0.12533323356430456 -0.9921147013144779 0
    outer loop
      vertex -21.891010727596395 40.69243356486824 3
      vertex -22.295930811529733 40.74358686739188 3
      vertex -21.891010727596395 40.69243356486824 0
    endloop
  endfacet
  facet normal -0.24868988716485532 -0.9685831611286311 0
    outer loop
      vertex -21.49569476828142 40.59093367795925 3
      vertex -21.891010727596395 40.69243356486824 3
      vertex -21.49569476828142 40.59093367795925 0
    endloop
  endfacet
  facet normal -0.3681245526846794 -0.9297764858882509 0
    outer loop
      vertex -21.116217302413514 40.44068792051456 3
      vertex -21.49569476828142 40.59093367795925 3
      vertex -21.116217302413514 40.44068792051456 0
    endloop
  endfacet
  facet normal -0.48175367410171255 -0.876306680043865 0
    outer loop
      vertex -20.75856291631826 40.24406575788155 3
      vertex -21.116217302413514 40.44068792051456 3
      vertex -20.75856291631826 40.24406575788155 0
    endloop
  endfacet
  facet normal -0.5877852522924732 -0.8090169943749472 0
    outer loop
      vertex -20.42837203331676 40.004168039021316 3
      vertex -20.75856291631826 40.24406575788155 3
      vertex -20.42837203331676 40.004168039021316 0
    endloop
  endfacet
  facet normal -0.7705132427757868 -0.6374239897486924 0
    outer loop
      vertex -20.130851960880413 39.72477809426824 0
      vertex -19.87069476828142 39.41030206995054 3
      vertex -20.130851960880413 39.72477809426824 3
    endloop
  endfacet
  facet normal -0.6845471059286905 -0.7289686274214099 0
    outer loop
      vertex -20.130851960880413 39.72477809426824 3
      vertex -20.42837203331676 40.004168039021316 3
      vertex -20.130851960880413 39.72477809426824 0
    endloop
  endfacet
  facet normal -0.9048270524660218 -0.4257792915650676 0
    outer loop
      vertex -19.652003289857443 39.06569944083058 0
      vertex -19.478226420863184 38.6964047962252 3
      vertex -19.652003289857443 39.06569944083058 3
    endloop
  endfacet
  facet normal -0.8443279255020141 -0.5358267949789983 0
    outer loop
      vertex -19.87069476828142 39.41030206995054 0
      vertex -19.652003289857443 39.06569944083058 3
      vertex -19.87069476828142 39.41030206995054 3
    endloop
  endfacet
  facet normal 0.8443279255020141 0.5358267949789983 0
    outer loop
      vertex -25.12930523171858 -39.41030206995054 0
      vertex -25.347996710142557 -39.06569944083058 0
      vertex -25.347996710142557 -39.06569944083058 3
    endloop
  endfacet
  facet normal 0.7705132427757868 0.6374239897486924 0
    outer loop
      vertex -24.869148039119587 -39.72477809426824 0
      vertex -25.12930523171858 -39.41030206995054 0
      vertex -25.12930523171858 -39.41030206995054 3
    endloop
  endfacet
  facet normal 0.48175367410171255 0.876306680043865 0
    outer loop
      vertex -23.883782697586486 -40.44068792051456 0
      vertex -24.24143708368174 -40.24406575788155 0
      vertex -23.883782697586486 -40.44068792051456 3
    endloop
  endfacet
  facet normal 0.6845471059286905 0.7289686274214099 0
    outer loop
      vertex -24.57162796668324 -40.004168039021316 0
      vertex -24.869148039119587 -39.72477809426824 0
      vertex -24.57162796668324 -40.004168039021316 3
    endloop
  endfacet
  facet normal 0.5877852522924732 0.8090169943749472 0
    outer loop
      vertex -24.24143708368174 -40.24406575788155 0
      vertex -24.57162796668324 -40.004168039021316 0
      vertex -24.24143708368174 -40.24406575788155 3
    endloop
  endfacet
  facet normal 0.3681245526846794 0.9297764858882509 0
    outer loop
      vertex -23.50430523171858 -40.59093367795925 0
      vertex -23.883782697586486 -40.44068792051456 0
      vertex -23.50430523171858 -40.59093367795925 3
    endloop
  endfacet
  facet normal 0.24868988716485532 0.9685831611286311 0
    outer loop
      vertex -23.108989272403605 -40.69243356486824 0
      vertex -23.50430523171858 -40.59093367795925 0
      vertex -23.108989272403605 -40.69243356486824 3
    endloop
  endfacet
  facet normal 0.12533323356430565 0.9921147013144778 0
    outer loop
      vertex -22.70406918847027 -40.74358686739188 0
      vertex -23.108989272403605 -40.69243356486824 0
      vertex -22.70406918847027 -40.74358686739188 3
    endloop
  endfacet
  facet normal 0 1 0
    outer loop
      vertex -22.29593081152973 -40.74358686739188 0
      vertex -22.70406918847027 -40.74358686739188 0
      vertex -22.29593081152973 -40.74358686739188 3
    endloop
  endfacet
  facet normal 0.9510565162951518 0.30901699437495317 0
    outer loop
      vertex -25.521773579136816 -38.6964047962252 0
      vertex -25.647895273668052 -38.30824213328578 0
      vertex -25.647895273668052 -38.30824213328578 3
    endloop
  endfacet
  facet normal 0.9048270524660218 0.4257792915650676 0
    outer loop
      vertex -25.347996710142557 -39.06569944083058 0
      vertex -25.521773579136816 -38.6964047962252 0
      vertex -25.521773579136816 -38.6964047962252 3
    endloop
  endfacet
  facet normal 0.9822872507286893 0.18738131458572083 0
    outer loop
      vertex -25.647895273668052 -38.30824213328578 0
      vertex -25.724372779272052 -37.90733300908399 0
      vertex -25.724372779272052 -37.90733300908399 3
    endloop
  endfacet
  facet normal 0.9980267284282714 0.0627905195293152 0
    outer loop
      vertex -25.724372779272052 -37.90733300908399 0
      vertex -25.75 -37.5 0
      vertex -25.75 -37.5 3
    endloop
  endfacet
  facet normal 0.9980267284282714 -0.0627905195293152 0
    outer loop
      vertex -25.75 -37.5 0
      vertex -25.724372779272052 -37.09266699091601 0
      vertex -25.724372779272052 -37.09266699091601 3
    endloop
  endfacet
  facet normal 0.9822872507286893 -0.18738131458572083 0
    outer loop
      vertex -25.724372779272052 -37.09266699091601 0
      vertex -25.647895273668052 -36.69175786671422 0
      vertex -25.647895273668052 -36.69175786671422 3
    endloop
  endfacet
  facet normal 0.9510565162951518 -0.30901699437495317 0
    outer loop
      vertex -25.647895273668052 -36.69175786671422 0
      vertex -25.521773579136816 -36.3035952037748 0
      vertex -25.521773579136816 -36.3035952037748 3
    endloop
  endfacet
  facet normal 0.9048270524660218 -0.4257792915650676 0
    outer loop
      vertex -25.521773579136816 -36.3035952037748 0
      vertex -25.347996710142557 -35.93430055916942 0
      vertex -25.347996710142557 -35.93430055916942 3
    endloop
  endfacet
  facet normal 0.8443279255020141 -0.5358267949789983 0
    outer loop
      vertex -25.347996710142557 -35.93430055916942 0
      vertex -25.12930523171858 -35.58969793004946 0
      vertex -25.12930523171858 -35.58969793004946 3
    endloop
  endfacet
  facet normal 0.7705132427757868 -0.6374239897486924 0
    outer loop
      vertex -25.12930523171858 -35.58969793004946 0
      vertex -24.869148039119587 -35.27522190573176 0
      vertex -24.869148039119587 -35.27522190573176 3
    endloop
  endfacet
  facet normal 0.6845471059286905 -0.7289686274214099 0
    outer loop
      vertex -24.869148039119587 -35.27522190573176 0
      vertex -24.57162796668324 -34.995831960978684 0
      vertex -24.869148039119587 -35.27522190573176 3
    endloop
  endfacet
  facet normal 0.5877852522924732 -0.8090169943749472 0
    outer loop
      vertex -24.57162796668324 -34.995831960978684 0
      vertex -24.24143708368174 -34.75593424211845 0
      vertex -24.57162796668324 -34.995831960978684 3
    endloop
  endfacet
  facet normal 0.48175367410171255 -0.876306680043865 0
    outer loop
      vertex -24.24143708368174 -34.75593424211845 0
      vertex -23.883782697586486 -34.55931207948544 0
      vertex -24.24143708368174 -34.75593424211845 3
    endloop
  endfacet
  facet normal 0.3681245526846794 -0.9297764858882509 0
    outer loop
      vertex -23.883782697586486 -34.55931207948544 0
      vertex -23.50430523171858 -34.40906632204075 0
      vertex -23.883782697586486 -34.55931207948544 3
    endloop
  endfacet
  facet normal 0.24868988716485532 -0.9685831611286311 0
    outer loop
      vertex -23.50430523171858 -34.40906632204075 0
      vertex -23.108989272403605 -34.30756643513176 0
      vertex -23.50430523171858 -34.40906632204075 3
    endloop
  endfacet
  facet normal 0.12533323356430456 -0.9921147013144779 0
    outer loop
      vertex -23.108989272403605 -34.30756643513176 0
      vertex -22.704069188470267 -34.25641313260812 0
      vertex -23.108989272403605 -34.30756643513176 3
    endloop
  endfacet
  facet normal 0 -1 0
    outer loop
      vertex -22.704069188470267 -34.25641313260812 0
      vertex -22.295930811529733 -34.25641313260812 0
      vertex -22.704069188470267 -34.25641313260812 3
    endloop
  endfacet
  facet normal -0.12533323356430456 -0.9921147013144779 0
    outer loop
      vertex -22.295930811529733 -34.25641313260812 0
      vertex -21.891010727596395 -34.30756643513176 0
      vertex -22.295930811529733 -34.25641313260812 3
    endloop
  endfacet
  facet normal -0.12533323356430565 0.9921147013144778 0
    outer loop
      vertex -21.891010727596395 -40.69243356486824 0
      vertex -22.29593081152973 -40.74358686739188 0
      vertex -21.891010727596395 -40.69243356486824 3
    endloop
  endfacet
  facet normal -0.24868988716485532 0.9685831611286311 0
    outer loop
      vertex -21.49569476828142 -40.59093367795925 0
      vertex -21.891010727596395 -40.69243356486824 0
      vertex -21.49569476828142 -40.59093367795925 3
    endloop
  endfacet
  facet normal -0.3681245526846794 0.9297764858882509 0
    outer loop
      vertex -21.116217302413514 -40.44068792051456 0
      vertex -21.49569476828142 -40.59093367795925 0
      vertex -21.116217302413514 -40.44068792051456 3
    endloop
  endfacet
  facet normal -0.48175367410171255 0.876306680043865 0
    outer loop
      vertex -20.75856291631826 -40.24406575788155 0
      vertex -21.116217302413514 -40.44068792051456 0
      vertex -20.75856291631826 -40.24406575788155 3
    endloop
  endfacet
  facet normal -0.5877852522924732 0.8090169943749472 0
    outer loop
      vertex -20.42837203331676 -40.004168039021316 0
      vertex -20.75856291631826 -40.24406575788155 0
      vertex -20.42837203331676 -40.004168039021316 3
    endloop
  endfacet
  facet normal -0.6845471059286905 0.7289686274214099 0
    outer loop
      vertex -20.130851960880413 -39.72477809426824 0
      vertex -20.42837203331676 -40.004168039021316 0
      vertex -20.130851960880413 -39.72477809426824 3
    endloop
  endfacet
  facet normal -0.7705132427757868 0.6374239897486924 0
    outer loop
      vertex -20.130851960880413 -39.72477809426824 0
      vertex -20.130851960880413 -39.72477809426824 3
      vertex -19.87069476828142 -39.41030206995054 0
    endloop
  endfacet
  facet normal -0.8443279255020141 0.5358267949789983 0
    outer loop
      vertex -19.652003289857443 -39.06569944083058 0
      vertex -19.87069476828142 -39.41030206995054 0
      vertex -19.87069476828142 -39.41030206995054 3
    endloop
  endfacet
  facet normal -0.9048270524660218 0.4257792915650676 0
    outer loop
      vertex -19.478226420863184 -38.6964047962252 0
      vertex -19.652003289857443 -39.06569944083058 0
      vertex -19.652003289857443 -39.06569944083058 3
    endloop
  endfacet
  facet normal -0.24868988716485532 -0.9685831611286311 0
    outer loop
      vertex -21.891010727596395 -34.30756643513176 0
      vertex -21.49569476828142 -34.40906632204075 0
      vertex -21.891010727596395 -34.30756643513176 3
    endloop
  endfacet
  facet normal -0.3681245526846794 -0.9297764858882509 0
    outer loop
      vertex -21.49569476828142 -34.40906632204075 0
      vertex -21.116217302413514 -34.55931207948544 0
      vertex -21.49569476828142 -34.40906632204075 3
    endloop
  endfacet
  facet normal -0.5877852522924732 -0.8090169943749472 0
    outer loop
      vertex -20.75856291631826 -34.75593424211845 0
      vertex -20.42837203331676 -34.995831960978684 0
      vertex -20.75856291631826 -34.75593424211845 3
    endloop
  endfacet
  facet normal -0.6845471059286905 -0.7289686274214099 0
    outer loop
      vertex -20.42837203331676 -34.995831960978684 0
      vertex -20.130851960880413 -35.27522190573176 0
      vertex -20.42837203331676 -34.995831960978684 3
    endloop
  endfacet
  facet normal -0.48175367410171255 -0.876306680043865 0
    outer loop
      vertex -21.116217302413514 -34.55931207948544 0
      vertex -20.75856291631826 -34.75593424211845 0
      vertex -21.116217302413514 -34.55931207948544 3
    endloop
  endfacet
  facet normal -0.9510565162951533 0.309016994374948 0
    outer loop
      vertex -19.352104726331948 -38.30824213328577 0
      vertex -19.478226420863184 -38.6964047962252 0
      vertex -19.478226420863184 -38.6964047962252 3
    endloop
  endfacet
  facet normal -0.9510565162951518 -0.30901699437495317 0
    outer loop
      vertex -19.478226420863184 -36.3035952037748 0
      vertex -19.352104726331948 -36.69175786671422 0
      vertex -19.352104726331948 -36.69175786671422 3
    endloop
  endfacet
  facet normal -0.9048270524660218 -0.4257792915650676 0
    outer loop
      vertex -19.652003289857443 -35.93430055916942 0
      vertex -19.478226420863184 -36.3035952037748 0
      vertex -19.478226420863184 -36.3035952037748 3
    endloop
  endfacet
  facet normal -0.9822872507286888 0.18738131458572407 0
    outer loop
      vertex -19.275627220727948 -37.90733300908399 0
      vertex -19.352104726331948 -38.30824213328577 0
      vertex -19.352104726331948 -38.30824213328577 3
    endloop
  endfacet
  facet normal -0.9980267284282714 0.0627905195293152 0
    outer loop
      vertex -19.25 -37.5 0
      vertex -19.275627220727948 -37.90733300908399 0
      vertex -19.275627220727948 -37.90733300908399 3
    endloop
  endfacet
  facet normal -0.9980267284282714 -0.0627905195293152 0
    outer loop
      vertex -19.275627220727948 -37.09266699091601 0
      vertex -19.25 -37.5 0
      vertex -19.25 -37.5 3
    endloop
  endfacet
  facet normal -0.9822872507286893 -0.18738131458572083 0
    outer loop
      vertex -19.352104726331948 -36.69175786671422 0
      vertex -19.275627220727948 -37.09266699091601 0
      vertex -19.275627220727948 -37.09266699091601 3
    endloop
  endfacet
  facet normal -0.7705132427757868 -0.6374239897486924 0
    outer loop
      vertex -20.130851960880413 -35.27522190573176 0
      vertex -19.87069476828142 -35.58969793004946 0
      vertex -19.87069476828142 -35.58969793004946 3
    endloop
  endfacet
  facet normal -0.8443279255020141 -0.5358267949789983 0
    outer loop
      vertex -19.87069476828142 -35.58969793004946 0
      vertex -19.652003289857443 -35.93430055916942 0
      vertex -19.652003289857443 -35.93430055916942 3
    endloop
  endfacet
  facet normal 0.9048270524660218 0.4257792915650676 0
    outer loop
      vertex -25.347996710142557 -39.06569944083058 0
      vertex -25.521773579136816 -38.6964047962252 3
      vertex -25.347996710142557 -39.06569944083058 3
    endloop
  endfacet
  facet normal 0.8443279255020141 0.5358267949789983 0
    outer loop
      vertex -25.12930523171858 -39.41030206995054 0
      vertex -25.347996710142557 -39.06569944083058 3
      vertex -25.12930523171858 -39.41030206995054 3
    endloop
  endfacet
  facet normal 0.7705132427757868 0.6374239897486924 0
    outer loop
      vertex -24.869148039119587 -39.72477809426824 0
      vertex -25.12930523171858 -39.41030206995054 3
      vertex -24.869148039119587 -39.72477809426824 3
    endloop
  endfacet
  facet normal 0.6845471059286905 0.7289686274214099 0
    outer loop
      vertex -24.869148039119587 -39.72477809426824 3
      vertex -24.57162796668324 -40.004168039021316 3
      vertex -24.869148039119587 -39.72477809426824 0
    endloop
  endfacet
  facet normal 0.5877852522924732 0.8090169943749472 0
    outer loop
      vertex -24.57162796668324 -40.004168039021316 3
      vertex -24.24143708368174 -40.24406575788155 3
      vertex -24.57162796668324 -40.004168039021316 0
    endloop
  endfacet
  facet normal 0.48175367410171255 0.876306680043865 0
    outer loop
      vertex -24.24143708368174 -40.24406575788155 3
      vertex -23.883782697586486 -40.44068792051456 3
      vertex -24.24143708368174 -40.24406575788155 0
    endloop
  endfacet
  facet normal 0.3681245526846794 0.9297764858882509 0
    outer loop
      vertex -23.883782697586486 -40.44068792051456 3
      vertex -23.50430523171858 -40.59093367795925 3
      vertex -23.883782697586486 -40.44068792051456 0
    endloop
  endfacet
  facet normal 0.24868988716485532 0.9685831611286311 0
    outer loop
      vertex -23.50430523171858 -40.59093367795925 3
      vertex -23.108989272403605 -40.69243356486824 3
      vertex -23.50430523171858 -40.59093367795925 0
    endloop
  endfacet
  facet normal 0.12533323356430565 0.9921147013144778 0
    outer loop
      vertex -23.108989272403605 -40.69243356486824 3
      vertex -22.70406918847027 -40.74358686739188 3
      vertex -23.108989272403605 -40.69243356486824 0
    endloop
  endfacet
  facet normal 0 1 0
    outer loop
      vertex -22.70406918847027 -40.74358686739188 3
      vertex -22.29593081152973 -40.74358686739188 3
      vertex -22.70406918847027 -40.74358686739188 0
    endloop
  endfacet
  facet normal -0.12533323356430565 0.9921147013144778 0
    outer loop
      vertex -22.29593081152973 -40.74358686739188 3
      vertex -21.891010727596395 -40.69243356486824 3
      vertex -22.29593081152973 -40.74358686739188 0
    endloop
  endfacet
  facet normal 0.9510565162951541 0.3090169943749458 1.0514118864173349e-15
    outer loop
      vertex -25.60642773015616 -38.43586610927943 3
      vertex -25.521773579136816 -38.6964047962252 0
      vertex -25.647895273668052 -38.30824213328578 3
    endloop
  endfacet
  facet normal 0.9510565162951505 0.3090169943749567 0
    outer loop
      vertex -25.60642773015616 -38.43586610927943 3
      vertex -25.521773579136816 -38.6964047962252 3
      vertex -25.521773579136816 -38.6964047962252 0
    endloop
  endfacet
  facet normal 0.9822872507286893 0.18738131458572083 0
    outer loop
      vertex -25.647895273668052 -38.30824213328578 0
      vertex -25.724372779272052 -37.90733300908399 3
      vertex -25.647895273668052 -38.30824213328578 3
    endloop
  endfacet
  facet normal 0.9980267284282714 0.0627905195293152 0
    outer loop
      vertex -25.724372779272052 -37.90733300908399 0
      vertex -25.75 -37.5 3
      vertex -25.724372779272052 -37.90733300908399 3
    endloop
  endfacet
  facet normal 0.9980267284282714 -0.0627905195293152 0
    outer loop
      vertex -25.75 -37.5 0
      vertex -25.724372779272052 -37.09266699091601 3
      vertex -25.75 -37.5 3
    endloop
  endfacet
  facet normal 0.9822872507286893 -0.18738131458572083 0
    outer loop
      vertex -25.724372779272052 -37.09266699091601 0
      vertex -25.647895273668052 -36.69175786671422 3
      vertex -25.724372779272052 -37.09266699091601 3
    endloop
  endfacet
  facet normal 0.9510565162951518 -0.30901699437495317 0
    outer loop
      vertex -25.647895273668052 -36.69175786671422 0
      vertex -25.521773579136816 -36.3035952037748 3
      vertex -25.647895273668052 -36.69175786671422 3
    endloop
  endfacet
  facet normal 0.9048270524660218 -0.4257792915650676 0
    outer loop
      vertex -25.521773579136816 -36.3035952037748 0
      vertex -25.347996710142557 -35.93430055916942 3
      vertex -25.521773579136816 -36.3035952037748 3
    endloop
  endfacet
  facet normal 0.8443279255020141 -0.5358267949789983 0
    outer loop
      vertex -25.347996710142557 -35.93430055916942 0
      vertex -25.12930523171858 -35.58969793004946 3
      vertex -25.347996710142557 -35.93430055916942 3
    endloop
  endfacet
  facet normal 0.7705132427757868 -0.6374239897486924 0
    outer loop
      vertex -25.12930523171858 -35.58969793004946 0
      vertex -24.869148039119587 -35.27522190573176 3
      vertex -25.12930523171858 -35.58969793004946 3
    endloop
  endfacet
  facet normal 0.6845471059286905 -0.7289686274214099 0
    outer loop
      vertex -24.57162796668324 -34.995831960978684 3
      vertex -24.869148039119587 -35.27522190573176 3
      vertex -24.57162796668324 -34.995831960978684 0
    endloop
  endfacet
  facet normal 0.5877852522924732 -0.8090169943749472 0
    outer loop
      vertex -24.24143708368174 -34.75593424211845 3
      vertex -24.57162796668324 -34.995831960978684 3
      vertex -24.24143708368174 -34.75593424211845 0
    endloop
  endfacet
  facet normal 0.48175367410171255 -0.876306680043865 0
    outer loop
      vertex -23.883782697586486 -34.55931207948544 3
      vertex -24.24143708368174 -34.75593424211845 3
      vertex -23.883782697586486 -34.55931207948544 0
    endloop
  endfacet
  facet normal 0.3681245526846794 -0.9297764858882509 0
    outer loop
      vertex -23.50430523171858 -34.40906632204075 3
      vertex -23.883782697586486 -34.55931207948544 3
      vertex -23.50430523171858 -34.40906632204075 0
    endloop
  endfacet
  facet normal 0.24868988716485532 -0.9685831611286311 0
    outer loop
      vertex -23.108989272403605 -34.30756643513176 3
      vertex -23.50430523171858 -34.40906632204075 3
      vertex -23.108989272403605 -34.30756643513176 0
    endloop
  endfacet
  facet normal 0.12533323356430456 -0.9921147013144779 0
    outer loop
      vertex -22.704069188470267 -34.25641313260812 3
      vertex -23.108989272403605 -34.30756643513176 3
      vertex -22.704069188470267 -34.25641313260812 0
    endloop
  endfacet
  facet normal 0 -1 0
    outer loop
      vertex -22.295930811529733 -34.25641313260812 3
      vertex -22.704069188470267 -34.25641313260812 3
      vertex -22.295930811529733 -34.25641313260812 0
    endloop
  endfacet
  facet normal -0.24868988716485532 0.9685831611286311 0
    outer loop
      vertex -21.891010727596395 -40.69243356486824 3
      vertex -21.49569476828142 -40.59093367795925 3
      vertex -21.891010727596395 -40.69243356486824 0
    endloop
  endfacet
  facet normal -0.3681245526846794 0.9297764858882509 0
    outer loop
      vertex -21.49569476828142 -40.59093367795925 3
      vertex -21.116217302413514 -40.44068792051456 3
      vertex -21.49569476828142 -40.59093367795925 0
    endloop
  endfacet
  facet normal -0.48175367410171255 0.876306680043865 0
    outer loop
      vertex -21.116217302413514 -40.44068792051456 3
      vertex -20.75856291631826 -40.24406575788155 3
      vertex -21.116217302413514 -40.44068792051456 0
    endloop
  endfacet
  facet normal -0.5877852522924732 0.8090169943749472 0
    outer loop
      vertex -20.75856291631826 -40.24406575788155 3
      vertex -20.42837203331676 -40.004168039021316 3
      vertex -20.75856291631826 -40.24406575788155 0
    endloop
  endfacet
  facet normal -0.6845471059286905 0.7289686274214099 0
    outer loop
      vertex -20.42837203331676 -40.004168039021316 3
      vertex -20.130851960880413 -39.72477809426824 3
      vertex -20.42837203331676 -40.004168039021316 0
    endloop
  endfacet
  facet normal -0.7705132427757868 0.6374239897486924 0
    outer loop
      vertex -19.87069476828142 -39.41030206995054 0
      vertex -20.130851960880413 -39.72477809426824 3
      vertex -19.87069476828142 -39.41030206995054 3
    endloop
  endfacet
  facet normal -0.8443279255020141 0.5358267949789983 0
    outer loop
      vertex -19.652003289857443 -39.06569944083058 0
      vertex -19.87069476828142 -39.41030206995054 3
      vertex -19.652003289857443 -39.06569944083058 3
    endloop
  endfacet
  facet normal -0.12533323356430456 -0.9921147013144779 0
    outer loop
      vertex -21.891010727596395 -34.30756643513176 3
      vertex -22.295930811529733 -34.25641313260812 3
      vertex -21.891010727596395 -34.30756643513176 0
    endloop
  endfacet
  facet normal -0.24868988716485532 -0.9685831611286311 0
    outer loop
      vertex -21.49569476828142 -34.40906632204075 3
      vertex -21.891010727596395 -34.30756643513176 3
      vertex -21.49569476828142 -34.40906632204075 0
    endloop
  endfacet
  facet normal -0.3681245526846794 -0.9297764858882509 0
    outer loop
      vertex -21.116217302413514 -34.55931207948544 3
      vertex -21.49569476828142 -34.40906632204075 3
      vertex -21.116217302413514 -34.55931207948544 0
    endloop
  endfacet
  facet normal -0.5877852522924732 -0.8090169943749472 0
    outer loop
      vertex -20.42837203331676 -34.995831960978684 3
      vertex -20.75856291631826 -34.75593424211845 3
      vertex -20.42837203331676 -34.995831960978684 0
    endloop
  endfacet
  facet normal -0.6845471059286576 -0.7289686274214406 6.114705837977069e-15
    outer loop
      vertex -20.37529177897832 -35.045677637627165 3
      vertex -20.42837203331676 -34.995831960978684 3
      vertex -20.130851960880413 -35.27522190573176 0
    endloop
  endfacet
  facet normal -0.48175367410171255 -0.876306680043865 0
    outer loop
      vertex -20.75856291631826 -34.75593424211845 3
      vertex -21.116217302413514 -34.55931207948544 3
      vertex -20.75856291631826 -34.75593424211845 0
    endloop
  endfacet
  facet normal -0.9048270524660218 0.4257792915650676 0
    outer loop
      vertex -19.478226420863184 -38.6964047962252 0
      vertex -19.652003289857443 -39.06569944083058 3
      vertex -19.478226420863184 -38.6964047962252 3
    endloop
  endfacet
  facet normal -0.9510565162951533 0.309016994374948 0
    outer loop
      vertex -19.352104726331948 -38.30824213328577 0
      vertex -19.478226420863184 -38.6964047962252 3
      vertex -19.352104726331948 -38.30824213328577 3
    endloop
  endfacet
  facet normal -0.9510565162951518 -0.30901699437495317 0
    outer loop
      vertex -19.478226420863184 -36.3035952037748 0
      vertex -19.352104726331948 -36.69175786671422 3
      vertex -19.478226420863184 -36.3035952037748 3
    endloop
  endfacet
  facet normal -0.9822872507286888 0.18738131458572407 0
    outer loop
      vertex -19.275627220727948 -37.90733300908399 0
      vertex -19.352104726331948 -38.30824213328577 3
      vertex -19.275627220727948 -37.90733300908399 3
    endloop
  endfacet
  facet normal -0.9980267284282714 0.0627905195293152 0
    outer loop
      vertex -19.25 -37.5 0
      vertex -19.275627220727948 -37.90733300908399 3
      vertex -19.25 -37.5 3
    endloop
  endfacet
  facet normal -0.9980267284282714 -0.0627905195293152 0
    outer loop
      vertex -19.275627220727948 -37.09266699091601 0
      vertex -19.25 -37.5 3
      vertex -19.275627220727948 -37.09266699091601 3
    endloop
  endfacet
  facet normal -0.9822872507286893 -0.18738131458572083 0
    outer loop
      vertex -19.352104726331948 -36.69175786671422 0
      vertex -19.275627220727948 -37.09266699091601 3
      vertex -19.352104726331948 -36.69175786671422 3
    endloop
  endfacet
  facet normal -0.6845471059286975 -0.7289686274214032 0
    outer loop
      vertex -20.37529177897832 -35.045677637627165 3
      vertex -20.130851960880413 -35.27522190573176 0
      vertex -20.130851960880413 -35.27522190573176 3
    endloop
  endfacet
  facet normal -0.7705132427757868 -0.6374239897486924 0
    outer loop
      vertex -20.130851960880413 -35.27522190573176 0
      vertex -19.87069476828142 -35.58969793004946 3
      vertex -20.130851960880413 -35.27522190573176 3
    endloop
  endfacet
  facet normal -0.9048270524660218 -0.4257792915650676 0
    outer loop
      vertex -19.652003289857443 -35.93430055916942 0
      vertex -19.478226420863184 -36.3035952037748 3
      vertex -19.652003289857443 -35.93430055916942 3
    endloop
  endfacet
  facet normal -0.8443279255020141 -0.5358267949789983 0
    outer loop
      vertex -19.87069476828142 -35.58969793004946 0
      vertex -19.652003289857443 -35.93430055916942 3
      vertex -19.87069476828142 -35.58969793004946 3
    endloop
  endfacet
  facet normal 0.8443279255020141 0.5358267949789983 0
    outer loop
      vertex -10.129305231718579 -39.41030206995054 0
      vertex -10.347996710142557 -39.06569944083058 0
      vertex -10.347996710142557 -39.06569944083058 3
    endloop
  endfacet
  facet normal 0.7705132427757891 0.63742398974869 0
    outer loop
      vertex -9.869148039119588 -39.72477809426824 0
      vertex -10.129305231718579 -39.41030206995054 0
      vertex -10.129305231718579 -39.41030206995054 3
    endloop
  endfacet
  facet normal 0.6845471059286882 0.7289686274214119 0
    outer loop
      vertex -9.571627966683241 -40.004168039021316 0
      vertex -9.869148039119588 -39.72477809426824 0
      vertex -9.571627966683241 -40.004168039021316 3
    endloop
  endfacet
  facet normal 0.5877852522924755 0.8090169943749458 0
    outer loop
      vertex -9.24143708368174 -40.24406575788155 0
      vertex -9.571627966683241 -40.004168039021316 0
      vertex -9.24143708368174 -40.24406575788155 3
    endloop
  endfacet
  facet normal 0.4817536741017107 0.8763066800438661 0
    outer loop
      vertex -8.883782697586486 -40.44068792051456 0
      vertex -9.24143708368174 -40.24406575788155 0
      vertex -8.883782697586486 -40.44068792051456 3
    endloop
  endfacet
  facet normal 0.3681245526846794 0.9297764858882509 0
    outer loop
      vertex -8.504305231718579 -40.59093367795925 0
      vertex -8.883782697586486 -40.44068792051456 0
      vertex -8.504305231718579 -40.59093367795925 3
    endloop
  endfacet
  facet normal 0.24868988716485532 0.9685831611286311 0
    outer loop
      vertex -8.108989272403605 -40.69243356486824 0
      vertex -8.504305231718579 -40.59093367795925 0
      vertex -8.108989272403605 -40.69243356486824 3
    endloop
  endfacet
  facet normal 0.12533323356430537 0.9921147013144778 0
    outer loop
      vertex -7.70406918847027 -40.74358686739188 0
      vertex -8.108989272403605 -40.69243356486824 0
      vertex -7.70406918847027 -40.74358686739188 3
    endloop
  endfacet
  facet normal 0 1 0
    outer loop
      vertex -7.29593081152973 -40.74358686739188 0
      vertex -7.70406918847027 -40.74358686739188 0
      vertex -7.29593081152973 -40.74358686739188 3
    endloop
  endfacet
  facet normal 0.9510565162951518 0.30901699437495317 0
    outer loop
      vertex -10.521773579136816 -38.6964047962252 0
      vertex -10.647895273668052 -38.30824213328578 0
      vertex -10.647895273668052 -38.30824213328578 3
    endloop
  endfacet
  facet normal 0.9822872507286893 0.18738131458572083 0
    outer loop
      vertex -10.647895273668052 -38.30824213328578 0
      vertex -10.724372779272052 -37.90733300908399 0
      vertex -10.724372779272052 -37.90733300908399 3
    endloop
  endfacet
  facet normal 0.9980267284282714 0.0627905195293152 0
    outer loop
      vertex -10.724372779272052 -37.90733300908399 0
      vertex -10.75 -37.5 0
      vertex -10.75 -37.5 3
    endloop
  endfacet
  facet normal 0.9048270524660218 0.4257792915650676 0
    outer loop
      vertex -10.347996710142557 -39.06569944083058 0
      vertex -10.521773579136816 -38.6964047962252 0
      vertex -10.521773579136816 -38.6964047962252 3
    endloop
  endfacet
  facet normal 0.9980267284282714 -0.0627905195293152 0
    outer loop
      vertex -10.75 -37.5 0
      vertex -10.724372779272052 -37.09266699091601 0
      vertex -10.724372779272052 -37.09266699091601 3
    endloop
  endfacet
  facet normal 0.9822872507286893 -0.18738131458572083 0
    outer loop
      vertex -10.724372779272052 -37.09266699091601 0
      vertex -10.647895273668052 -36.69175786671422 0
      vertex -10.647895273668052 -36.69175786671422 3
    endloop
  endfacet
  facet normal 0.9510565162951518 -0.30901699437495317 0
    outer loop
      vertex -10.647895273668052 -36.69175786671422 0
      vertex -10.521773579136816 -36.3035952037748 0
      vertex -10.521773579136816 -36.3035952037748 3
    endloop
  endfacet
  facet normal 0.9048270524660218 -0.4257792915650676 0
    outer loop
      vertex -10.521773579136816 -36.3035952037748 0
      vertex -10.347996710142557 -35.93430055916942 0
      vertex -10.347996710142557 -35.93430055916942 3
    endloop
  endfacet
  facet normal 0.8443279255020141 -0.5358267949789983 0
    outer loop
      vertex -10.347996710142557 -35.93430055916942 0
      vertex -10.129305231718579 -35.58969793004946 0
      vertex -10.129305231718579 -35.58969793004946 3
    endloop
  endfacet
  facet normal 0.7705132427757891 -0.63742398974869 0
    outer loop
      vertex -10.129305231718579 -35.58969793004946 0
      vertex -9.869148039119588 -35.27522190573176 0
      vertex -9.869148039119588 -35.27522190573176 3
    endloop
  endfacet
  facet normal 0.6845471059286882 -0.7289686274214119 0
    outer loop
      vertex -9.869148039119588 -35.27522190573176 0
      vertex -9.571627966683241 -34.995831960978684 0
      vertex -9.869148039119588 -35.27522190573176 3
    endloop
  endfacet
  facet normal 0.5877852522924755 -0.8090169943749458 0
    outer loop
      vertex -9.571627966683241 -34.995831960978684 0
      vertex -9.24143708368174 -34.75593424211845 0
      vertex -9.571627966683241 -34.995831960978684 3
    endloop
  endfacet
  facet normal 0.4817536741017107 -0.8763066800438661 0
    outer loop
      vertex -9.24143708368174 -34.75593424211845 0
      vertex -8.883782697586486 -34.55931207948544 0
      vertex -9.24143708368174 -34.75593424211845 3
    endloop
  endfacet
  facet normal 0.3681245526846794 -0.9297764858882509 0
    outer loop
      vertex -8.883782697586486 -34.55931207948544 0
      vertex -8.504305231718579 -34.40906632204075 0
      vertex -8.883782697586486 -34.55931207948544 3
    endloop
  endfacet
  facet normal 0.24868988716485532 -0.9685831611286311 0
    outer loop
      vertex -8.504305231718579 -34.40906632204075 0
      vertex -8.108989272403605 -34.30756643513176 0
      vertex -8.504305231718579 -34.40906632204075 3
    endloop
  endfacet
  facet normal 0.1253332335643048 -0.9921147013144778 0
    outer loop
      vertex -8.108989272403605 -34.30756643513176 0
      vertex -7.704069188470268 -34.25641313260812 0
      vertex -8.108989272403605 -34.30756643513176 3
    endloop
  endfacet
  facet normal 0 -1 0
    outer loop
      vertex -7.704069188470268 -34.25641313260812 0
      vertex -7.295930811529732 -34.25641313260812 0
      vertex -7.704069188470268 -34.25641313260812 3
    endloop
  endfacet
  facet normal -0.12533323356430506 0.9921147013144777 0
    outer loop
      vertex -6.891010727596394 -40.69243356486824 0
      vertex -7.29593081152973 -40.74358686739188 0
      vertex -6.891010727596394 -40.69243356486824 3
    endloop
  endfacet
  facet normal -0.24868988716485582 0.9685831611286307 0
    outer loop
      vertex -6.495694768281421 -40.59093367795925 0
      vertex -6.891010727596394 -40.69243356486824 0
      vertex -6.495694768281421 -40.59093367795925 3
    endloop
  endfacet
  facet normal -0.36812455268468014 0.9297764858882506 0
    outer loop
      vertex -6.1162173024135145 -40.44068792051456 0
      vertex -6.495694768281421 -40.59093367795925 0
      vertex -6.1162173024135145 -40.44068792051456 3
    endloop
  endfacet
  facet normal -0.48175367410171255 0.876306680043865 0
    outer loop
      vertex -5.758562916318263 -40.24406575788155 0
      vertex -6.1162173024135145 -40.44068792051456 0
      vertex -5.758562916318263 -40.24406575788155 3
    endloop
  endfacet
  facet normal -0.5877852522924712 0.8090169943749488 0
    outer loop
      vertex -5.428372033316758 -40.004168039021316 0
      vertex -5.758562916318263 -40.24406575788155 0
      vertex -5.428372033316758 -40.004168039021316 3
    endloop
  endfacet
  facet normal -0.6845471059286894 0.7289686274214109 0
    outer loop
      vertex -5.1308519608804115 -39.72477809426824 0
      vertex -5.428372033316758 -40.004168039021316 0
      vertex -5.1308519608804115 -39.72477809426824 3
    endloop
  endfacet
  facet normal -0.7705132427757891 0.63742398974869 0
    outer loop
      vertex -5.1308519608804115 -39.72477809426824 0
      vertex -5.1308519608804115 -39.72477809426824 3
      vertex -4.870694768281421 -39.41030206995054 0
    endloop
  endfacet
  facet normal -0.8443279255020141 0.5358267949789983 0
    outer loop
      vertex -4.6520032898574435 -39.06569944083058 0
      vertex -4.870694768281421 -39.41030206995054 0
      vertex -4.870694768281421 -39.41030206995054 3
    endloop
  endfacet
  facet normal -0.9048270524660218 0.4257792915650676 0
    outer loop
      vertex -4.478226420863184 -38.6964047962252 0
      vertex -4.6520032898574435 -39.06569944083058 0
      vertex -4.6520032898574435 -39.06569944083058 3
    endloop
  endfacet
  facet normal -0.1253332335643048 -0.9921147013144778 0
    outer loop
      vertex -7.295930811529732 -34.25641313260812 0
      vertex -6.891010727596395 -34.30756643513176 0
      vertex -7.295930811529732 -34.25641313260812 3
    endloop
  endfacet
  facet normal -0.24868988716485532 -0.9685831611286311 0
    outer loop
      vertex -6.891010727596395 -34.30756643513176 0
      vertex -6.495694768281421 -34.40906632204075 0
      vertex -6.891010727596395 -34.30756643513176 3
    endloop
  endfacet
  facet normal -0.5877852522924744 -0.8090169943749465 0
    outer loop
      vertex -5.758562916318261 -34.75593424211845 0
      vertex -5.428372033316759 -34.995831960978684 0
      vertex -5.758562916318261 -34.75593424211845 3
    endloop
  endfacet
  facet normal -0.3681245526846794 -0.9297764858882509 0
    outer loop
      vertex -6.495694768281421 -34.40906632204075 0
      vertex -6.116217302413514 -34.55931207948544 0
      vertex -6.495694768281421 -34.40906632204075 3
    endloop
  endfacet
  facet normal -0.48175367410171166 -0.8763066800438657 0
    outer loop
      vertex -6.116217302413514 -34.55931207948544 0
      vertex -5.758562916318261 -34.75593424211845 0
      vertex -6.116217302413514 -34.55931207948544 3
    endloop
  endfacet
  facet normal -0.9510565162951533 0.309016994374948 0
    outer loop
      vertex -4.352104726331948 -38.30824213328577 0
      vertex -4.478226420863184 -38.6964047962252 0
      vertex -4.478226420863184 -38.6964047962252 3
    endloop
  endfacet
  facet normal -0.9822872507286885 0.18738131458572618 0
    outer loop
      vertex -4.275627220727947 -37.90733300908399 0
      vertex -4.352104726331948 -38.30824213328577 0
      vertex -4.352104726331948 -38.30824213328577 3
    endloop
  endfacet
  facet normal -0.9980267284282717 0.06279051952931304 0
    outer loop
      vertex -4.25 -37.5 0
      vertex -4.275627220727947 -37.90733300908399 0
      vertex -4.275627220727947 -37.90733300908399 3
    endloop
  endfacet
  facet normal -0.9980267284282717 -0.06279051952931304 0
    outer loop
      vertex -4.275627220727947 -37.09266699091601 0
      vertex -4.25 -37.5 0
      vertex -4.25 -37.5 3
    endloop
  endfacet
  facet normal -0.9822872507286886 -0.18738131458572505 0
    outer loop
      vertex -4.352104726331949 -36.69175786671422 0
      vertex -4.275627220727947 -37.09266699091601 0
      vertex -4.275627220727947 -37.09266699091601 3
    endloop
  endfacet
  facet normal -0.9510565162951524 -0.3090169943749512 0
    outer loop
      vertex -4.478226420863184 -36.3035952037748 0
      vertex -4.352104726331949 -36.69175786671422 0
      vertex -4.352104726331949 -36.69175786671422 3
    endloop
  endfacet
  facet normal -0.9048270524660218 -0.4257792915650676 0
    outer loop
      vertex -4.6520032898574435 -35.93430055916942 0
      vertex -4.478226420863184 -36.3035952037748 0
      vertex -4.478226420863184 -36.3035952037748 3
    endloop
  endfacet
  facet normal -0.6845471059286894 -0.7289686274214109 0
    outer loop
      vertex -5.428372033316759 -34.995831960978684 0
      vertex -5.130851960880412 -35.27522190573176 0
      vertex -5.428372033316759 -34.995831960978684 3
    endloop
  endfacet
  facet normal -0.7705132427757879 -0.6374239897486912 0
    outer loop
      vertex -5.130851960880412 -35.27522190573176 0
      vertex -4.870694768281421 -35.58969793004946 0
      vertex -4.870694768281421 -35.58969793004946 3
    endloop
  endfacet
  facet normal -0.8443279255020141 -0.5358267949789983 0
    outer loop
      vertex -4.870694768281421 -35.58969793004946 0
      vertex -4.6520032898574435 -35.93430055916942 0
      vertex -4.6520032898574435 -35.93430055916942 3
    endloop
  endfacet
  facet normal 0.9048270524660218 0.4257792915650676 0
    outer loop
      vertex -10.347996710142557 -39.06569944083058 0
      vertex -10.521773579136816 -38.6964047962252 3
      vertex -10.347996710142557 -39.06569944083058 3
    endloop
  endfacet
  facet normal 0.8443279255020141 0.5358267949789983 0
    outer loop
      vertex -10.129305231718579 -39.41030206995054 0
      vertex -10.347996710142557 -39.06569944083058 3
      vertex -10.129305231718579 -39.41030206995054 3
    endloop
  endfacet
  facet normal 0.6845471059286882 0.7289686274214119 0
    outer loop
      vertex -9.869148039119588 -39.72477809426824 3
      vertex -9.571627966683241 -40.004168039021316 3
      vertex -9.869148039119588 -39.72477809426824 0
    endloop
  endfacet
  facet normal 0.7705132427757891 0.63742398974869 0
    outer loop
      vertex -9.869148039119588 -39.72477809426824 0
      vertex -10.129305231718579 -39.41030206995054 3
      vertex -9.869148039119588 -39.72477809426824 3
    endloop
  endfacet
  facet normal 0.5877852522924755 0.8090169943749458 0
    outer loop
      vertex -9.571627966683241 -40.004168039021316 3
      vertex -9.24143708368174 -40.24406575788155 3
      vertex -9.571627966683241 -40.004168039021316 0
    endloop
  endfacet
  facet normal 0.3681245526846794 0.9297764858882509 0
    outer loop
      vertex -8.883782697586486 -40.44068792051456 3
      vertex -8.504305231718579 -40.59093367795925 3
      vertex -8.883782697586486 -40.44068792051456 0
    endloop
  endfacet
  facet normal 0.24868988716485532 0.9685831611286311 0
    outer loop
      vertex -8.504305231718579 -40.59093367795925 3
      vertex -8.108989272403605 -40.69243356486824 3
      vertex -8.504305231718579 -40.59093367795925 0
    endloop
  endfacet
  facet normal 0.4817536741017107 0.8763066800438661 0
    outer loop
      vertex -9.24143708368174 -40.24406575788155 3
      vertex -8.883782697586486 -40.44068792051456 3
      vertex -9.24143708368174 -40.24406575788155 0
    endloop
  endfacet
  facet normal 0.12533323356430537 0.9921147013144778 0
    outer loop
      vertex -8.108989272403605 -40.69243356486824 3
      vertex -7.70406918847027 -40.74358686739188 3
      vertex -8.108989272403605 -40.69243356486824 0
    endloop
  endfacet
  facet normal 0 1 0
    outer loop
      vertex -7.70406918847027 -40.74358686739188 3
      vertex -7.29593081152973 -40.74358686739188 3
      vertex -7.70406918847027 -40.74358686739188 0
    endloop
  endfacet
  facet normal 0.9822872507286893 0.18738131458572083 0
    outer loop
      vertex -10.647895273668052 -38.30824213328578 0
      vertex -10.724372779272052 -37.90733300908399 3
      vertex -10.647895273668052 -38.30824213328578 3
    endloop
  endfacet
  facet normal 0.9980267284282714 0.0627905195293152 0
    outer loop
      vertex -10.724372779272052 -37.90733300908399 0
      vertex -10.75 -37.5 3
      vertex -10.724372779272052 -37.90733300908399 3
    endloop
  endfacet
  facet normal 0.9510565162951518 0.30901699437495317 0
    outer loop
      vertex -10.521773579136816 -38.6964047962252 0
      vertex -10.647895273668052 -38.30824213328578 3
      vertex -10.521773579136816 -38.6964047962252 3
    endloop
  endfacet
  facet normal 0.9980267284282714 -0.0627905195293152 0
    outer loop
      vertex -10.75 -37.5 0
      vertex -10.724372779272052 -37.09266699091601 3
      vertex -10.75 -37.5 3
    endloop
  endfacet
  facet normal 0.9822872507286893 -0.18738131458572083 0
    outer loop
      vertex -10.724372779272052 -37.09266699091601 0
      vertex -10.647895273668052 -36.69175786671422 3
      vertex -10.724372779272052 -37.09266699091601 3
    endloop
  endfacet
  facet normal 0.9510565162951518 -0.30901699437495317 0
    outer loop
      vertex -10.647895273668052 -36.69175786671422 0
      vertex -10.521773579136816 -36.3035952037748 3
      vertex -10.647895273668052 -36.69175786671422 3
    endloop
  endfacet
  facet normal 0.9048270524660218 -0.4257792915650676 0
    outer loop
      vertex -10.521773579136816 -36.3035952037748 0
      vertex -10.347996710142557 -35.93430055916942 3
      vertex -10.521773579136816 -36.3035952037748 3
    endloop
  endfacet
  facet normal 0.8443279255020141 -0.5358267949789983 0
    outer loop
      vertex -10.347996710142557 -35.93430055916942 0
      vertex -10.129305231718579 -35.58969793004946 3
      vertex -10.347996710142557 -35.93430055916942 3
    endloop
  endfacet
  facet normal 0.7705132427757891 -0.63742398974869 0
    outer loop
      vertex -10.129305231718579 -35.58969793004946 0
      vertex -9.869148039119588 -35.27522190573176 3
      vertex -10.129305231718579 -35.58969793004946 3
    endloop
  endfacet
  facet normal 0.6845471059286882 -0.7289686274214119 0
    outer loop
      vertex -9.571627966683241 -34.995831960978684 3
      vertex -9.869148039119588 -35.27522190573176 3
      vertex -9.571627966683241 -34.995831960978684 0
    endloop
  endfacet
  facet normal 0.5877852522924755 -0.8090169943749458 0
    outer loop
      vertex -9.24143708368174 -34.75593424211845 3
      vertex -9.571627966683241 -34.995831960978684 3
      vertex -9.24143708368174 -34.75593424211845 0
    endloop
  endfacet
  facet normal 0.4817536741017107 -0.8763066800438661 0
    outer loop
      vertex -8.883782697586486 -34.55931207948544 3
      vertex -9.24143708368174 -34.75593424211845 3
      vertex -8.883782697586486 -34.55931207948544 0
    endloop
  endfacet
  facet normal 0.3681245526846794 -0.9297764858882509 0
    outer loop
      vertex -8.504305231718579 -34.40906632204075 3
      vertex -8.883782697586486 -34.55931207948544 3
      vertex -8.504305231718579 -34.40906632204075 0
    endloop
  endfacet
  facet normal 0.24868988716485532 -0.9685831611286311 0
    outer loop
      vertex -8.108989272403605 -34.30756643513176 3
      vertex -8.504305231718579 -34.40906632204075 3
      vertex -8.108989272403605 -34.30756643513176 0
    endloop
  endfacet
  facet normal 0.1253332335643048 -0.9921147013144778 0
    outer loop
      vertex -7.704069188470268 -34.25641313260812 3
      vertex -8.108989272403605 -34.30756643513176 3
      vertex -7.704069188470268 -34.25641313260812 0
    endloop
  endfacet
  facet normal 0 -1 0
    outer loop
      vertex -7.295930811529732 -34.25641313260812 3
      vertex -7.704069188470268 -34.25641313260812 3
      vertex -7.295930811529732 -34.25641313260812 0
    endloop
  endfacet
  facet normal -0.12533323356430506 0.9921147013144777 0
    outer loop
      vertex -7.29593081152973 -40.74358686739188 3
      vertex -6.891010727596394 -40.69243356486824 3
      vertex -7.29593081152973 -40.74358686739188 0
    endloop
  endfacet
  facet normal -0.24868988716485582 0.9685831611286307 0
    outer loop
      vertex -6.891010727596394 -40.69243356486824 3
      vertex -6.495694768281421 -40.59093367795925 3
      vertex -6.891010727596394 -40.69243356486824 0
    endloop
  endfacet
  facet normal -0.36812455268468014 0.9297764858882506 0
    outer loop
      vertex -6.495694768281421 -40.59093367795925 3
      vertex -6.1162173024135145 -40.44068792051456 3
      vertex -6.495694768281421 -40.59093367795925 0
    endloop
  endfacet
  facet normal -0.48175367410171255 0.876306680043865 0
    outer loop
      vertex -6.1162173024135145 -40.44068792051456 3
      vertex -5.758562916318263 -40.24406575788155 3
      vertex -6.1162173024135145 -40.44068792051456 0
    endloop
  endfacet
  facet normal -0.5877852522924712 0.8090169943749488 0
    outer loop
      vertex -5.758562916318263 -40.24406575788155 3
      vertex -5.428372033316758 -40.004168039021316 3
      vertex -5.758562916318263 -40.24406575788155 0
    endloop
  endfacet
  facet normal -0.6845471059286894 0.7289686274214109 0
    outer loop
      vertex -5.428372033316758 -40.004168039021316 3
      vertex -5.1308519608804115 -39.72477809426824 3
      vertex -5.428372033316758 -40.004168039021316 0
    endloop
  endfacet
  facet normal -0.7705132427757891 0.63742398974869 0
    outer loop
      vertex -4.870694768281421 -39.41030206995054 0
      vertex -5.1308519608804115 -39.72477809426824 3
      vertex -4.870694768281421 -39.41030206995054 3
    endloop
  endfacet
  facet normal -0.8443279255020141 0.5358267949789983 0
    outer loop
      vertex -4.6520032898574435 -39.06569944083058 0
      vertex -4.870694768281421 -39.41030206995054 3
      vertex -4.6520032898574435 -39.06569944083058 3
    endloop
  endfacet
  facet normal -0.1253332335643048 -0.9921147013144778 0
    outer loop
      vertex -6.891010727596395 -34.30756643513176 3
      vertex -7.295930811529732 -34.25641313260812 3
      vertex -6.891010727596395 -34.30756643513176 0
    endloop
  endfacet
  facet normal -0.24868988716485532 -0.9685831611286311 0
    outer loop
      vertex -6.495694768281421 -34.40906632204075 3
      vertex -6.891010727596395 -34.30756643513176 3
      vertex -6.495694768281421 -34.40906632204075 0
    endloop
  endfacet
  facet normal -0.5877852522924744 -0.8090169943749465 0
    outer loop
      vertex -5.428372033316759 -34.995831960978684 3
      vertex -5.758562916318261 -34.75593424211845 3
      vertex -5.428372033316759 -34.995831960978684 0
    endloop
  endfacet
  facet normal -0.3681245526846794 -0.9297764858882509 0
    outer loop
      vertex -6.116217302413514 -34.55931207948544 3
      vertex -6.495694768281421 -34.40906632204075 3
      vertex -6.116217302413514 -34.55931207948544 0
    endloop
  endfacet
  facet normal -0.48175367410171166 -0.8763066800438657 0
    outer loop
      vertex -5.758562916318261 -34.75593424211845 3
      vertex -6.116217302413514 -34.55931207948544 3
      vertex -5.758562916318261 -34.75593424211845 0
    endloop
  endfacet
  facet normal -0.9048270524660218 0.4257792915650676 0
    outer loop
      vertex -4.478226420863184 -38.6964047962252 0
      vertex -4.6520032898574435 -39.06569944083058 3
      vertex -4.478226420863184 -38.6964047962252 3
    endloop
  endfacet
  facet normal -0.9510565162951533 0.309016994374948 0
    outer loop
      vertex -4.352104726331948 -38.30824213328577 0
      vertex -4.478226420863184 -38.6964047962252 3
      vertex -4.352104726331948 -38.30824213328577 3
    endloop
  endfacet
  facet normal -0.9822872507286885 0.18738131458572618 0
    outer loop
      vertex -4.275627220727947 -37.90733300908399 0
      vertex -4.352104726331948 -38.30824213328577 3
      vertex -4.275627220727947 -37.90733300908399 3
    endloop
  endfacet
  facet normal -0.9980267284282717 0.06279051952931304 0
    outer loop
      vertex -4.25 -37.5 0
      vertex -4.275627220727947 -37.90733300908399 3
      vertex -4.25 -37.5 3
    endloop
  endfacet
  facet normal -0.9980267284282717 -0.06279051952931304 0
    outer loop
      vertex -4.275627220727947 -37.09266699091601 0
      vertex -4.25 -37.5 3
      vertex -4.275627220727947 -37.09266699091601 3
    endloop
  endfacet
  facet normal -0.9510565162951524 -0.3090169943749512 0
    outer loop
      vertex -4.478226420863184 -36.3035952037748 0
      vertex -4.352104726331949 -36.69175786671422 3
      vertex -4.478226420863184 -36.3035952037748 3
    endloop
  endfacet
  facet normal -0.9822872507286886 -0.18738131458572505 0
    outer loop
      vertex -4.352104726331949 -36.69175786671422 0
      vertex -4.275627220727947 -37.09266699091601 3
      vertex -4.352104726331949 -36.69175786671422 3
    endloop
  endfacet
  facet normal -0.6845471059286894 -0.7289686274214109 0
    outer loop
      vertex -5.130851960880412 -35.27522190573176 3
      vertex -5.428372033316759 -34.995831960978684 3
      vertex -5.130851960880412 -35.27522190573176 0
    endloop
  endfacet
  facet normal -0.8443279255020141 -0.5358267949789983 0
    outer loop
      vertex -4.870694768281421 -35.58969793004946 0
      vertex -4.6520032898574435 -35.93430055916942 3
      vertex -4.870694768281421 -35.58969793004946 3
    endloop
  endfacet
  facet normal -0.7705132427757879 -0.6374239897486912 0
    outer loop
      vertex -5.130851960880412 -35.27522190573176 0
      vertex -4.870694768281421 -35.58969793004946 3
      vertex -5.130851960880412 -35.27522190573176 3
    endloop
  endfacet
  facet normal -0.9048270524660218 -0.4257792915650676 0
    outer loop
      vertex -4.478226420863184 -36.3035952037748 3
      vertex -4.6520032898574435 -35.93430055916942 3
      vertex -4.6520032898574435 -35.93430055916942 0
    endloop
  endfacet
  facet normal 0.8443279255020141 0.5358267949789983 0
    outer loop
      vertex 4.870694768281421 -39.41030206995054 0
      vertex 4.6520032898574435 -39.06569944083058 0
      vertex 4.6520032898574435 -39.06569944083058 3
    endloop
  endfacet
  facet normal 0.7705132427757891 0.63742398974869 0
    outer loop
      vertex 5.1308519608804115 -39.72477809426824 0
      vertex 4.870694768281421 -39.41030206995054 0
      vertex 4.870694768281421 -39.41030206995054 3
    endloop
  endfacet
  facet normal 0.6845471059286882 0.7289686274214119 0
    outer loop
      vertex 5.428372033316759 -40.004168039021316 0
      vertex 5.1308519608804115 -39.72477809426824 0
      vertex 5.428372033316759 -40.004168039021316 3
    endloop
  endfacet
  facet normal 0.4817536741017107 0.8763066800438661 0
    outer loop
      vertex 6.1162173024135145 -40.44068792051456 0
      vertex 5.758562916318261 -40.24406575788155 0
      vertex 6.1162173024135145 -40.44068792051456 3
    endloop
  endfacet
  facet normal 0.36812455268468014 0.9297764858882506 0
    outer loop
      vertex 6.495694768281421 -40.59093367795925 0
      vertex 6.1162173024135145 -40.44068792051456 0
      vertex 6.495694768281421 -40.59093367795925 3
    endloop
  endfacet
  facet normal 0.5877852522924744 0.8090169943749465 0
    outer loop
      vertex 5.758562916318261 -40.24406575788155 0
      vertex 5.428372033316759 -40.004168039021316 0
      vertex 5.758562916318261 -40.24406575788155 3
    endloop
  endfacet
  facet normal 0.24868988716485582 0.9685831611286307 0
    outer loop
      vertex 6.891010727596394 -40.69243356486824 0
      vertex 6.495694768281421 -40.59093367795925 0
      vertex 6.891010727596394 -40.69243356486824 3
    endloop
  endfacet
  facet normal 0.12533323356430506 0.9921147013144777 0
    outer loop
      vertex 7.29593081152973 -40.74358686739188 0
      vertex 6.891010727596394 -40.69243356486824 0
      vertex 7.29593081152973 -40.74358686739188 3
    endloop
  endfacet
  facet normal 0.904827052466021 0.42577929156506944 0
    outer loop
      vertex 4.6520032898574435 -39.06569944083058 0
      vertex 4.478226420863183 -38.6964047962252 0
      vertex 4.478226420863183 -38.6964047962252 3
    endloop
  endfacet
  facet normal 0.951056516295153 0.3090169943749492 0
    outer loop
      vertex 4.478226420863183 -38.6964047962252 0
      vertex 4.352104726331949 -38.30824213328578 0
      vertex 4.352104726331949 -38.30824213328578 3
    endloop
  endfacet
  facet normal 0.9822872507286886 0.18738131458572505 0
    outer loop
      vertex 4.352104726331949 -38.30824213328578 0
      vertex 4.275627220727947 -37.90733300908399 0
      vertex 4.275627220727947 -37.90733300908399 3
    endloop
  endfacet
  facet normal 0.9980267284282717 0.06279051952931304 0
    outer loop
      vertex 4.275627220727947 -37.90733300908399 0
      vertex 4.25 -37.5 0
      vertex 4.25 -37.5 3
    endloop
  endfacet
  facet normal 0.9980267284282717 -0.06279051952931304 0
    outer loop
      vertex 4.25 -37.5 0
      vertex 4.275627220727947 -37.09266699091601 0
      vertex 4.275627220727947 -37.09266699091601 3
    endloop
  endfacet
  facet normal 0.9822872507286886 -0.18738131458572505 0
    outer loop
      vertex 4.275627220727947 -37.09266699091601 0
      vertex 4.352104726331949 -36.69175786671422 0
      vertex 4.352104726331949 -36.69175786671422 3
    endloop
  endfacet
  facet normal 0.951056516295153 -0.3090169943749492 0
    outer loop
      vertex 4.352104726331949 -36.69175786671422 0
      vertex 4.478226420863183 -36.3035952037748 0
      vertex 4.478226420863183 -36.3035952037748 3
    endloop
  endfacet
  facet normal 0.904827052466021 -0.42577929156506944 0
    outer loop
      vertex 4.478226420863183 -36.3035952037748 0
      vertex 4.6520032898574435 -35.93430055916942 0
      vertex 4.6520032898574435 -35.93430055916942 3
    endloop
  endfacet
  facet normal 0.8443279255020141 -0.5358267949789983 0
    outer loop
      vertex 4.6520032898574435 -35.93430055916942 0
      vertex 4.870694768281421 -35.58969793004946 0
      vertex 4.870694768281421 -35.58969793004946 3
    endloop
  endfacet
  facet normal 0.7705132427757891 -0.63742398974869 0
    outer loop
      vertex 4.870694768281421 -35.58969793004946 0
      vertex 5.1308519608804115 -35.27522190573176 0
      vertex 5.1308519608804115 -35.27522190573176 3
    endloop
  endfacet
  facet normal 0.6845471059286882 -0.7289686274214119 0
    outer loop
      vertex 5.1308519608804115 -35.27522190573176 0
      vertex 5.428372033316759 -34.995831960978684 0
      vertex 5.1308519608804115 -35.27522190573176 3
    endloop
  endfacet
  facet normal 0.5877852522924744 -0.8090169943749465 0
    outer loop
      vertex 5.428372033316759 -34.995831960978684 0
      vertex 5.758562916318261 -34.75593424211845 0
      vertex 5.428372033316759 -34.995831960978684 3
    endloop
  endfacet
  facet normal 0.48175367410171166 -0.8763066800438657 0
    outer loop
      vertex 5.758562916318261 -34.75593424211845 0
      vertex 6.116217302413514 -34.55931207948544 0
      vertex 5.758562916318261 -34.75593424211845 3
    endloop
  endfacet
  facet normal 0.3681245526846794 -0.9297764858882509 0
    outer loop
      vertex 6.116217302413514 -34.55931207948544 0
      vertex 6.495694768281421 -34.40906632204075 0
      vertex 6.116217302413514 -34.55931207948544 3
    endloop
  endfacet
  facet normal 0.24868988716485532 -0.9685831611286311 0
    outer loop
      vertex 6.495694768281421 -34.40906632204075 0
      vertex 6.891010727596395 -34.30756643513176 0
      vertex 6.495694768281421 -34.40906632204075 3
    endloop
  endfacet
  facet normal 0.1253332335643048 -0.9921147013144778 0
    outer loop
      vertex 6.891010727596395 -34.30756643513176 0
      vertex 7.295930811529732 -34.25641313260812 0
      vertex 6.891010727596395 -34.30756643513176 3
    endloop
  endfacet
  facet normal 0 1 0
    outer loop
      vertex 7.70406918847027 -40.74358686739188 0
      vertex 7.29593081152973 -40.74358686739188 0
      vertex 7.70406918847027 -40.74358686739188 3
    endloop
  endfacet
  facet normal -0.12533323356430537 0.9921147013144778 0
    outer loop
      vertex 8.108989272403605 -40.69243356486824 0
      vertex 7.70406918847027 -40.74358686739188 0
      vertex 8.108989272403605 -40.69243356486824 3
    endloop
  endfacet
  facet normal -0.24868988716485532 0.9685831611286311 0
    outer loop
      vertex 8.504305231718579 -40.59093367795925 0
      vertex 8.108989272403605 -40.69243356486824 0
      vertex 8.504305231718579 -40.59093367795925 3
    endloop
  endfacet
  facet normal -0.3681245526846794 0.9297764858882509 0
    outer loop
      vertex 8.883782697586486 -40.44068792051456 0
      vertex 8.504305231718579 -40.59093367795925 0
      vertex 8.883782697586486 -40.44068792051456 3
    endloop
  endfacet
  facet normal -0.48175367410171255 0.876306680043865 0
    outer loop
      vertex 9.241437083681738 -40.24406575788155 0
      vertex 8.883782697586486 -40.44068792051456 0
      vertex 9.241437083681738 -40.24406575788155 3
    endloop
  endfacet
  facet normal -0.5877852522924732 0.8090169943749472 0
    outer loop
      vertex 9.571627966683241 -40.004168039021316 0
      vertex 9.241437083681738 -40.24406575788155 0
      vertex 9.571627966683241 -40.004168039021316 3
    endloop
  endfacet
  facet normal -0.6845471059286882 0.7289686274214119 0
    outer loop
      vertex 9.869148039119588 -39.72477809426824 0
      vertex 9.571627966683241 -40.004168039021316 0
      vertex 9.869148039119588 -39.72477809426824 3
    endloop
  endfacet
  facet normal -0.7705132427757891 0.63742398974869 0
    outer loop
      vertex 9.869148039119588 -39.72477809426824 0
      vertex 9.869148039119588 -39.72477809426824 3
      vertex 10.129305231718579 -39.41030206995054 0
    endloop
  endfacet
  facet normal -0.8443279255020141 0.5358267949789983 0
    outer loop
      vertex 10.347996710142557 -39.06569944083058 0
      vertex 10.129305231718579 -39.41030206995054 0
      vertex 10.129305231718579 -39.41030206995054 3
    endloop
  endfacet
  facet normal -0.9048270524660218 0.4257792915650676 0
    outer loop
      vertex 10.521773579136816 -38.6964047962252 0
      vertex 10.347996710142557 -39.06569944083058 0
      vertex 10.347996710142557 -39.06569944083058 3
    endloop
  endfacet
  facet normal 0 -1 0
    outer loop
      vertex 7.295930811529732 -34.25641313260812 0
      vertex 7.704069188470268 -34.25641313260812 0
      vertex 7.295930811529732 -34.25641313260812 3
    endloop
  endfacet
  facet normal -0.1253332335643048 -0.9921147013144778 0
    outer loop
      vertex 7.704069188470268 -34.25641313260812 0
      vertex 8.108989272403605 -34.30756643513176 0
      vertex 7.704069188470268 -34.25641313260812 3
    endloop
  endfacet
  facet normal -0.24868988716485532 -0.9685831611286311 0
    outer loop
      vertex 8.108989272403605 -34.30756643513176 0
      vertex 8.504305231718579 -34.40906632204075 0
      vertex 8.108989272403605 -34.30756643513176 3
    endloop
  endfacet
  facet normal -0.3681245526846794 -0.9297764858882509 0
    outer loop
      vertex 8.504305231718579 -34.40906632204075 0
      vertex 8.883782697586486 -34.55931207948544 0
      vertex 8.504305231718579 -34.40906632204075 3
    endloop
  endfacet
  facet normal -0.48175367410171255 -0.876306680043865 0
    outer loop
      vertex 8.883782697586486 -34.55931207948544 0
      vertex 9.241437083681738 -34.75593424211845 0
      vertex 8.883782697586486 -34.55931207948544 3
    endloop
  endfacet
  facet normal -0.9510565162951533 0.309016994374948 0
    outer loop
      vertex 10.647895273668052 -38.30824213328577 0
      vertex 10.521773579136816 -38.6964047962252 0
      vertex 10.521773579136816 -38.6964047962252 3
    endloop
  endfacet
  facet normal -0.9822872507286888 0.18738131458572407 0
    outer loop
      vertex 10.724372779272052 -37.90733300908399 0
      vertex 10.647895273668052 -38.30824213328577 0
      vertex 10.647895273668052 -38.30824213328577 3
    endloop
  endfacet
  facet normal -0.9980267284282714 0.0627905195293152 0
    outer loop
      vertex 10.75 -37.5 0
      vertex 10.724372779272052 -37.90733300908399 0
      vertex 10.724372779272052 -37.90733300908399 3
    endloop
  endfacet
  facet normal -0.9048270524660218 -0.4257792915650676 0
    outer loop
      vertex 10.347996710142557 -35.93430055916942 0
      vertex 10.521773579136816 -36.3035952037748 0
      vertex 10.521773579136816 -36.3035952037748 3
    endloop
  endfacet
  facet normal -0.9980267284282714 -0.0627905195293152 0
    outer loop
      vertex 10.724372779272052 -37.09266699091601 0
      vertex 10.75 -37.5 0
      vertex 10.75 -37.5 3
    endloop
  endfacet
  facet normal -0.9822872507286893 -0.18738131458572083 0
    outer loop
      vertex 10.647895273668052 -36.69175786671422 0
      vertex 10.724372779272052 -37.09266699091601 0
      vertex 10.724372779272052 -37.09266699091601 3
    endloop
  endfacet
  facet normal -0.9510565162951518 -0.30901699437495317 0
    outer loop
      vertex 10.521773579136816 -36.3035952037748 0
      vertex 10.647895273668052 -36.69175786671422 0
      vertex 10.647895273668052 -36.69175786671422 3
    endloop
  endfacet
  facet normal -0.5877852522924732 -0.8090169943749472 0
    outer loop
      vertex 9.241437083681738 -34.75593424211845 0
      vertex 9.571627966683241 -34.995831960978684 0
      vertex 9.241437083681738 -34.75593424211845 3
    endloop
  endfacet
  facet normal -0.6845471059286905 -0.7289686274214099 0
    outer loop
      vertex 9.571627966683241 -34.995831960978684 0
      vertex 9.869148039119587 -35.27522190573176 0
      vertex 9.571627966683241 -34.995831960978684 3
    endloop
  endfacet
  facet normal -0.7705132427757868 -0.6374239897486924 0
    outer loop
      vertex 9.869148039119587 -35.27522190573176 0
      vertex 10.129305231718579 -35.58969793004946 0
      vertex 10.129305231718579 -35.58969793004946 3
    endloop
  endfacet
  facet normal -0.8443279255020141 -0.5358267949789983 0
    outer loop
      vertex 10.129305231718579 -35.58969793004946 0
      vertex 10.347996710142557 -35.93430055916942 0
      vertex 10.347996710142557 -35.93430055916942 3
    endloop
  endfacet
  facet normal 0.904827052466021 0.42577929156506944 0
    outer loop
      vertex 4.478226420863183 -38.6964047962252 3
      vertex 4.6520032898574435 -39.06569944083058 3
      vertex 4.6520032898574435 -39.06569944083058 0
    endloop
  endfacet
  facet normal 0.8443279255020141 0.5358267949789983 0
    outer loop
      vertex 4.870694768281421 -39.41030206995054 0
      vertex 4.6520032898574435 -39.06569944083058 3
      vertex 4.870694768281421 -39.41030206995054 3
    endloop
  endfacet
  facet normal 0.7705132427757891 0.63742398974869 0
    outer loop
      vertex 4.870694768281421 -39.41030206995054 3
      vertex 5.1308519608804115 -39.72477809426824 3
      vertex 5.1308519608804115 -39.72477809426824 0
    endloop
  endfacet
  facet normal 0.6845471059286882 0.7289686274214119 0
    outer loop
      vertex 5.428372033316759 -40.004168039021316 3
      vertex 5.1308519608804115 -39.72477809426824 0
      vertex 5.1308519608804115 -39.72477809426824 3
    endloop
  endfacet
  facet normal 0.36812455268468014 0.9297764858882506 0
    outer loop
      vertex 6.1162173024135145 -40.44068792051456 3
      vertex 6.495694768281421 -40.59093367795925 3
      vertex 6.1162173024135145 -40.44068792051456 0
    endloop
  endfacet
  facet normal 0.5877852522924744 0.8090169943749465 0
    outer loop
      vertex 5.428372033316759 -40.004168039021316 3
      vertex 5.758562916318261 -40.24406575788155 3
      vertex 5.428372033316759 -40.004168039021316 0
    endloop
  endfacet
  facet normal 0.4817536741017107 0.8763066800438661 0
    outer loop
      vertex 5.758562916318261 -40.24406575788155 3
      vertex 6.1162173024135145 -40.44068792051456 3
      vertex 5.758562916318261 -40.24406575788155 0
    endloop
  endfacet
  facet normal 0.24868988716485582 0.9685831611286307 0
    outer loop
      vertex 6.495694768281421 -40.59093367795925 3
      vertex 6.891010727596394 -40.69243356486824 3
      vertex 6.495694768281421 -40.59093367795925 0
    endloop
  endfacet
  facet normal 0.12533323356430506 0.9921147013144777 0
    outer loop
      vertex 6.891010727596394 -40.69243356486824 3
      vertex 7.29593081152973 -40.74358686739188 3
      vertex 6.891010727596394 -40.69243356486824 0
    endloop
  endfacet
  facet normal 0.951056516295153 0.3090169943749492 0
    outer loop
      vertex 4.478226420863183 -38.6964047962252 0
      vertex 4.352104726331949 -38.30824213328578 3
      vertex 4.478226420863183 -38.6964047962252 3
    endloop
  endfacet
  facet normal 0.9822872507286886 0.18738131458572505 0
    outer loop
      vertex 4.352104726331949 -38.30824213328578 0
      vertex 4.275627220727947 -37.90733300908399 3
      vertex 4.352104726331949 -38.30824213328578 3
    endloop
  endfacet
  facet normal 0.9980267284282717 0.06279051952931304 0
    outer loop
      vertex 4.275627220727947 -37.90733300908399 0
      vertex 4.25 -37.5 3
      vertex 4.275627220727947 -37.90733300908399 3
    endloop
  endfacet
  facet normal 0.9980267284282717 -0.06279051952931304 0
    outer loop
      vertex 4.25 -37.5 0
      vertex 4.275627220727947 -37.09266699091601 3
      vertex 4.25 -37.5 3
    endloop
  endfacet
  facet normal 0.9822872507286886 -0.18738131458572505 0
    outer loop
      vertex 4.275627220727947 -37.09266699091601 0
      vertex 4.352104726331949 -36.69175786671422 3
      vertex 4.275627220727947 -37.09266699091601 3
    endloop
  endfacet
  facet normal 0.951056516295153 -0.3090169943749492 0
    outer loop
      vertex 4.352104726331949 -36.69175786671422 0
      vertex 4.478226420863183 -36.3035952037748 3
      vertex 4.352104726331949 -36.69175786671422 3
    endloop
  endfacet
  facet normal 0.904827052466021 -0.42577929156506944 0
    outer loop
      vertex 4.478226420863183 -36.3035952037748 0
      vertex 4.6520032898574435 -35.93430055916942 3
      vertex 4.478226420863183 -36.3035952037748 3
    endloop
  endfacet
  facet normal 0.8443279255020141 -0.5358267949789983 0
    outer loop
      vertex 4.6520032898574435 -35.93430055916942 0
      vertex 4.870694768281421 -35.58969793004946 3
      vertex 4.6520032898574435 -35.93430055916942 3
    endloop
  endfacet
  facet normal 0.7705132427757891 -0.63742398974869 0
    outer loop
      vertex 4.870694768281421 -35.58969793004946 0
      vertex 5.1308519608804115 -35.27522190573176 3
      vertex 4.870694768281421 -35.58969793004946 3
    endloop
  endfacet
  facet normal 0.6845471059286882 -0.7289686274214119 0
    outer loop
      vertex 5.428372033316759 -34.995831960978684 3
      vertex 5.1308519608804115 -35.27522190573176 3
      vertex 5.428372033316759 -34.995831960978684 0
    endloop
  endfacet
  facet normal 0.5877852522924744 -0.8090169943749465 0
    outer loop
      vertex 5.758562916318261 -34.75593424211845 3
      vertex 5.428372033316759 -34.995831960978684 3
      vertex 5.758562916318261 -34.75593424211845 0
    endloop
  endfacet
  facet normal 0.48175367410171166 -0.8763066800438657 0
    outer loop
      vertex 6.116217302413514 -34.55931207948544 3
      vertex 5.758562916318261 -34.75593424211845 3
      vertex 6.116217302413514 -34.55931207948544 0
    endloop
  endfacet
  facet normal 0.3681245526846794 -0.9297764858882509 0
    outer loop
      vertex 6.495694768281421 -34.40906632204075 3
      vertex 6.116217302413514 -34.55931207948544 3
      vertex 6.495694768281421 -34.40906632204075 0
    endloop
  endfacet
  facet normal 0.24868988716485532 -0.9685831611286311 0
    outer loop
      vertex 6.891010727596395 -34.30756643513176 3
      vertex 6.495694768281421 -34.40906632204075 3
      vertex 6.891010727596395 -34.30756643513176 0
    endloop
  endfacet
  facet normal 0.1253332335643048 -0.9921147013144778 0
    outer loop
      vertex 7.295930811529732 -34.25641313260812 3
      vertex 6.891010727596395 -34.30756643513176 3
      vertex 7.295930811529732 -34.25641313260812 0
    endloop
  endfacet
  facet normal 0 1 0
    outer loop
      vertex 7.29593081152973 -40.74358686739188 3
      vertex 7.70406918847027 -40.74358686739188 3
      vertex 7.29593081152973 -40.74358686739188 0
    endloop
  endfacet
  facet normal -0.12533323356430537 0.9921147013144778 0
    outer loop
      vertex 7.70406918847027 -40.74358686739188 3
      vertex 8.108989272403605 -40.69243356486824 3
      vertex 7.70406918847027 -40.74358686739188 0
    endloop
  endfacet
  facet normal -0.24868988716485532 0.9685831611286311 0
    outer loop
      vertex 8.108989272403605 -40.69243356486824 3
      vertex 8.504305231718579 -40.59093367795925 3
      vertex 8.108989272403605 -40.69243356486824 0
    endloop
  endfacet
  facet normal -0.3681245526846794 0.9297764858882509 0
    outer loop
      vertex 8.504305231718579 -40.59093367795925 3
      vertex 8.883782697586486 -40.44068792051456 3
      vertex 8.504305231718579 -40.59093367795925 0
    endloop
  endfacet
  facet normal -0.48175367410171255 0.876306680043865 0
    outer loop
      vertex 8.883782697586486 -40.44068792051456 3
      vertex 9.241437083681738 -40.24406575788155 3
      vertex 8.883782697586486 -40.44068792051456 0
    endloop
  endfacet
  facet normal -0.5877852522924732 0.8090169943749472 0
    outer loop
      vertex 9.241437083681738 -40.24406575788155 3
      vertex 9.571627966683241 -40.004168039021316 3
      vertex 9.241437083681738 -40.24406575788155 0
    endloop
  endfacet
  facet normal -0.6845471059286882 0.7289686274214119 0
    outer loop
      vertex 9.571627966683241 -40.004168039021316 3
      vertex 9.869148039119588 -39.72477809426824 3
      vertex 9.571627966683241 -40.004168039021316 0
    endloop
  endfacet
  facet normal -0.7705132427757891 0.63742398974869 0
    outer loop
      vertex 10.129305231718579 -39.41030206995054 0
      vertex 9.869148039119588 -39.72477809426824 3
      vertex 10.129305231718579 -39.41030206995054 3
    endloop
  endfacet
  facet normal -0.8443279255020141 0.5358267949789983 0
    outer loop
      vertex 10.347996710142557 -39.06569944083058 0
      vertex 10.129305231718579 -39.41030206995054 3
      vertex 10.347996710142557 -39.06569944083058 3
    endloop
  endfacet
  facet normal 0 -1 0
    outer loop
      vertex 7.704069188470268 -34.25641313260812 3
      vertex 7.295930811529732 -34.25641313260812 3
      vertex 7.704069188470268 -34.25641313260812 0
    endloop
  endfacet
  facet normal -0.1253332335643048 -0.9921147013144778 0
    outer loop
      vertex 8.108989272403605 -34.30756643513176 3
      vertex 7.704069188470268 -34.25641313260812 3
      vertex 8.108989272403605 -34.30756643513176 0
    endloop
  endfacet
  facet normal -0.24868988716485532 -0.9685831611286311 0
    outer loop
      vertex 8.504305231718579 -34.40906632204075 3
      vertex 8.108989272403605 -34.30756643513176 3
      vertex 8.504305231718579 -34.40906632204075 0
    endloop
  endfacet
  facet normal -0.3681245526846794 -0.9297764858882509 0
    outer loop
      vertex 8.883782697586486 -34.55931207948544 3
      vertex 8.504305231718579 -34.40906632204075 3
      vertex 8.883782697586486 -34.55931207948544 0
    endloop
  endfacet
  facet normal -0.48175367410171255 -0.876306680043865 0
    outer loop
      vertex 9.241437083681738 -34.75593424211845 3
      vertex 8.883782697586486 -34.55931207948544 3
      vertex 9.241437083681738 -34.75593424211845 0
    endloop
  endfacet
  facet normal -0.9048270524660218 0.4257792915650676 0
    outer loop
      vertex 10.521773579136816 -38.6964047962252 0
      vertex 10.347996710142557 -39.06569944083058 3
      vertex 10.521773579136816 -38.6964047962252 3
    endloop
  endfacet
  facet normal -0.9510565162951533 0.309016994374948 0
    outer loop
      vertex 10.647895273668052 -38.30824213328577 0
      vertex 10.521773579136816 -38.6964047962252 3
      vertex 10.647895273668052 -38.30824213328577 3
    endloop
  endfacet
  facet normal -0.9822872507286888 0.18738131458572407 0
    outer loop
      vertex 10.724372779272052 -37.90733300908399 0
      vertex 10.647895273668052 -38.30824213328577 3
      vertex 10.724372779272052 -37.90733300908399 3
    endloop
  endfacet
  facet normal -0.9980267284282714 0.0627905195293152 0
    outer loop
      vertex 10.75 -37.5 0
      vertex 10.724372779272052 -37.90733300908399 3
      vertex 10.75 -37.5 3
    endloop
  endfacet
  facet normal -0.9510565162951518 -0.30901699437495317 0
    outer loop
      vertex 10.521773579136816 -36.3035952037748 0
      vertex 10.647895273668052 -36.69175786671422 3
      vertex 10.521773579136816 -36.3035952037748 3
    endloop
  endfacet
  facet normal -0.9980267284282714 -0.0627905195293152 0
    outer loop
      vertex 10.724372779272052 -37.09266699091601 0
      vertex 10.75 -37.5 3
      vertex 10.724372779272052 -37.09266699091601 3
    endloop
  endfacet
  facet normal -0.9822872507286893 -0.18738131458572083 0
    outer loop
      vertex 10.647895273668052 -36.69175786671422 0
      vertex 10.724372779272052 -37.09266699091601 3
      vertex 10.647895273668052 -36.69175786671422 3
    endloop
  endfacet
  facet normal -0.5877852522924732 -0.8090169943749472 0
    outer loop
      vertex 9.571627966683241 -34.995831960978684 3
      vertex 9.241437083681738 -34.75593424211845 3
      vertex 9.571627966683241 -34.995831960978684 0
    endloop
  endfacet
  facet normal -0.6845471059286905 -0.7289686274214099 0
    outer loop
      vertex 9.869148039119587 -35.27522190573176 0
      vertex 9.869148039119587 -35.27522190573176 3
      vertex 9.571627966683241 -34.995831960978684 3
    endloop
  endfacet
  facet normal -0.7705132427757868 -0.6374239897486924 0
    outer loop
      vertex 9.869148039119587 -35.27522190573176 0
      vertex 10.129305231718579 -35.58969793004946 3
      vertex 9.869148039119587 -35.27522190573176 3
    endloop
  endfacet
  facet normal -0.8443279255020141 -0.5358267949789983 0
    outer loop
      vertex 10.129305231718579 -35.58969793004946 0
      vertex 10.347996710142557 -35.93430055916942 3
      vertex 10.129305231718579 -35.58969793004946 3
    endloop
  endfacet
  facet normal -0.9048270524660218 -0.4257792915650676 0
    outer loop
      vertex 10.347996710142557 -35.93430055916942 0
      vertex 10.521773579136816 -36.3035952037748 3
      vertex 10.347996710142557 -35.93430055916942 3
    endloop
  endfacet
  facet normal 0.8443279255020141 0.5358267949789983 0
    outer loop
      vertex 19.87069476828142 -39.41030206995054 0
      vertex 19.652003289857443 -39.06569944083058 0
      vertex 19.652003289857443 -39.06569944083058 3
    endloop
  endfacet
  facet normal 0.7705132427757868 0.6374239897486924 0
    outer loop
      vertex 20.130851960880413 -39.72477809426824 0
      vertex 19.87069476828142 -39.41030206995054 0
      vertex 19.87069476828142 -39.41030206995054 3
    endloop
  endfacet
  facet normal 0.48175367410171255 0.876306680043865 0
    outer loop
      vertex 21.116217302413514 -40.44068792051456 0
      vertex 20.75856291631826 -40.24406575788155 0
      vertex 21.116217302413514 -40.44068792051456 3
    endloop
  endfacet
  facet normal 0.6845471059286905 0.7289686274214099 0
    outer loop
      vertex 20.42837203331676 -40.004168039021316 0
      vertex 20.130851960880413 -39.72477809426824 0
      vertex 20.42837203331676 -40.004168039021316 3
    endloop
  endfacet
  facet normal 0.5877852522924732 0.8090169943749472 0
    outer loop
      vertex 20.75856291631826 -40.24406575788155 0
      vertex 20.42837203331676 -40.004168039021316 0
      vertex 20.75856291631826 -40.24406575788155 3
    endloop
  endfacet
  facet normal 0.3681245526846794 0.9297764858882509 0
    outer loop
      vertex 21.49569476828142 -40.59093367795925 0
      vertex 21.116217302413514 -40.44068792051456 0
      vertex 21.49569476828142 -40.59093367795925 3
    endloop
  endfacet
  facet normal 0.24868988716485532 0.9685831611286311 0
    outer loop
      vertex 21.891010727596395 -40.69243356486824 0
      vertex 21.49569476828142 -40.59093367795925 0
      vertex 21.891010727596395 -40.69243356486824 3
    endloop
  endfacet
  facet normal 0.9822872507286893 0.18738131458572083 0
    outer loop
      vertex 19.352104726331948 -38.30824213328578 0
      vertex 19.275627220727948 -37.90733300908399 0
      vertex 19.275627220727948 -37.90733300908399 3
    endloop
  endfacet
  facet normal 0.9980267284282714 0.0627905195293152 0
    outer loop
      vertex 19.275627220727948 -37.90733300908399 0
      vertex 19.25 -37.5 0
      vertex 19.25 -37.5 3
    endloop
  endfacet
  facet normal 0.9980267284282714 -0.0627905195293152 0
    outer loop
      vertex 19.25 -37.5 0
      vertex 19.275627220727948 -37.09266699091601 0
      vertex 19.275627220727948 -37.09266699091601 3
    endloop
  endfacet
  facet normal 0.9822872507286893 -0.18738131458572083 0
    outer loop
      vertex 19.275627220727948 -37.09266699091601 0
      vertex 19.352104726331948 -36.69175786671422 0
      vertex 19.352104726331948 -36.69175786671422 3
    endloop
  endfacet
  facet normal 0.9048270524660218 0.4257792915650676 0
    outer loop
      vertex 19.652003289857443 -39.06569944083058 0
      vertex 19.478226420863184 -38.6964047962252 0
      vertex 19.478226420863184 -38.6964047962252 3
    endloop
  endfacet
  facet normal 0.9510565162951518 0.30901699437495317 0
    outer loop
      vertex 19.478226420863184 -38.6964047962252 0
      vertex 19.352104726331948 -38.30824213328578 0
      vertex 19.352104726331948 -38.30824213328578 3
    endloop
  endfacet
  facet normal 0.9510565162951518 -0.30901699437495317 0
    outer loop
      vertex 19.352104726331948 -36.69175786671422 0
      vertex 19.478226420863184 -36.3035952037748 0
      vertex 19.478226420863184 -36.3035952037748 3
    endloop
  endfacet
  facet normal 0.9048270524660218 -0.4257792915650676 0
    outer loop
      vertex 19.478226420863184 -36.3035952037748 0
      vertex 19.652003289857443 -35.93430055916942 0
      vertex 19.652003289857443 -35.93430055916942 3
    endloop
  endfacet
  facet normal 0.8443279255020141 -0.5358267949789983 0
    outer loop
      vertex 19.652003289857443 -35.93430055916942 0
      vertex 19.87069476828142 -35.58969793004946 0
      vertex 19.87069476828142 -35.58969793004946 3
    endloop
  endfacet
  facet normal 0.7705132427757868 -0.6374239897486924 0
    outer loop
      vertex 19.87069476828142 -35.58969793004946 0
      vertex 20.130851960880413 -35.27522190573176 0
      vertex 20.130851960880413 -35.27522190573176 3
    endloop
  endfacet
  facet normal 0.6845471059286905 -0.7289686274214099 0
    outer loop
      vertex 20.130851960880413 -35.27522190573176 0
      vertex 20.42837203331676 -34.995831960978684 0
      vertex 20.130851960880413 -35.27522190573176 3
    endloop
  endfacet
  facet normal 0.5877852522924732 -0.8090169943749472 0
    outer loop
      vertex 20.42837203331676 -34.995831960978684 0
      vertex 20.75856291631826 -34.75593424211845 0
      vertex 20.42837203331676 -34.995831960978684 3
    endloop
  endfacet
  facet normal 0.48175367410171255 -0.876306680043865 0
    outer loop
      vertex 20.75856291631826 -34.75593424211845 0
      vertex 21.116217302413514 -34.55931207948544 0
      vertex 20.75856291631826 -34.75593424211845 3
    endloop
  endfacet
  facet normal 0.3681245526846794 -0.9297764858882509 0
    outer loop
      vertex 21.116217302413514 -34.55931207948544 0
      vertex 21.49569476828142 -34.40906632204075 0
      vertex 21.116217302413514 -34.55931207948544 3
    endloop
  endfacet
  facet normal 0.24868988716485532 -0.9685831611286311 0
    outer loop
      vertex 21.49569476828142 -34.40906632204075 0
      vertex 21.891010727596395 -34.30756643513176 0
      vertex 21.49569476828142 -34.40906632204075 3
    endloop
  endfacet
  facet normal 0.12533323356430456 -0.9921147013144779 0
    outer loop
      vertex 21.891010727596395 -34.30756643513176 0
      vertex 22.295930811529733 -34.25641313260812 0
      vertex 21.891010727596395 -34.30756643513176 3
    endloop
  endfacet
  facet normal 0.12533323356430565 0.9921147013144778 0
    outer loop
      vertex 22.29593081152973 -40.74358686739188 0
      vertex 21.891010727596395 -40.69243356486824 0
      vertex 22.29593081152973 -40.74358686739188 3
    endloop
  endfacet
  facet normal 0 1 0
    outer loop
      vertex 22.70406918847027 -40.74358686739188 0
      vertex 22.29593081152973 -40.74358686739188 0
      vertex 22.70406918847027 -40.74358686739188 3
    endloop
  endfacet
  facet normal -0.12533323356430565 0.9921147013144778 0
    outer loop
      vertex 23.108989272403605 -40.69243356486824 0
      vertex 22.70406918847027 -40.74358686739188 0
      vertex 23.108989272403605 -40.69243356486824 3
    endloop
  endfacet
  facet normal -0.24868988716485532 0.9685831611286311 0
    outer loop
      vertex 23.50430523171858 -40.59093367795925 0
      vertex 23.108989272403605 -40.69243356486824 0
      vertex 23.50430523171858 -40.59093367795925 3
    endloop
  endfacet
  facet normal -0.3681245526846794 0.9297764858882509 0
    outer loop
      vertex 23.883782697586486 -40.44068792051456 0
      vertex 23.50430523171858 -40.59093367795925 0
      vertex 23.883782697586486 -40.44068792051456 3
    endloop
  endfacet
  facet normal -0.48175367410171255 0.876306680043865 0
    outer loop
      vertex 24.24143708368174 -40.24406575788155 0
      vertex 23.883782697586486 -40.44068792051456 0
      vertex 24.24143708368174 -40.24406575788155 3
    endloop
  endfacet
  facet normal -0.5877852522924732 0.8090169943749472 0
    outer loop
      vertex 24.57162796668324 -40.004168039021316 0
      vertex 24.24143708368174 -40.24406575788155 0
      vertex 24.57162796668324 -40.004168039021316 3
    endloop
  endfacet
  facet normal -0.6845471059286905 0.7289686274214099 0
    outer loop
      vertex 24.869148039119587 -39.72477809426824 0
      vertex 24.57162796668324 -40.004168039021316 0
      vertex 24.869148039119587 -39.72477809426824 3
    endloop
  endfacet
  facet normal -0.7705132427757868 0.6374239897486924 0
    outer loop
      vertex 24.869148039119587 -39.72477809426824 0
      vertex 24.869148039119587 -39.72477809426824 3
      vertex 25.12930523171858 -39.41030206995054 0
    endloop
  endfacet
  facet normal -0.8443279255020141 0.5358267949789983 0
    outer loop
      vertex 25.347996710142557 -39.06569944083058 0
      vertex 25.12930523171858 -39.41030206995054 0
      vertex 25.12930523171858 -39.41030206995054 3
    endloop
  endfacet
  facet normal -0.9048270524660218 0.4257792915650676 0
    outer loop
      vertex 25.521773579136816 -38.6964047962252 0
      vertex 25.347996710142557 -39.06569944083058 0
      vertex 25.347996710142557 -39.06569944083058 3
    endloop
  endfacet
  facet normal 0 -1 0
    outer loop
      vertex 22.295930811529733 -34.25641313260812 0
      vertex 22.704069188470267 -34.25641313260812 0
      vertex 22.295930811529733 -34.25641313260812 3
    endloop
  endfacet
  facet normal -0.12533323356430456 -0.9921147013144779 0
    outer loop
      vertex 22.704069188470267 -34.25641313260812 0
      vertex 23.108989272403605 -34.30756643513176 0
      vertex 22.704069188470267 -34.25641313260812 3
    endloop
  endfacet
  facet normal -0.24868988716485532 -0.9685831611286311 0
    outer loop
      vertex 23.108989272403605 -34.30756643513176 0
      vertex 23.50430523171858 -34.40906632204075 0
      vertex 23.108989272403605 -34.30756643513176 3
    endloop
  endfacet
  facet normal -0.3681245526846794 -0.9297764858882509 0
    outer loop
      vertex 23.50430523171858 -34.40906632204075 0
      vertex 23.883782697586486 -34.55931207948544 0
      vertex 23.50430523171858 -34.40906632204075 3
    endloop
  endfacet
  facet normal -0.9510565162951533 0.309016994374948 0
    outer loop
      vertex 25.647895273668052 -38.30824213328577 0
      vertex 25.521773579136816 -38.6964047962252 0
      vertex 25.521773579136816 -38.6964047962252 3
    endloop
  endfacet
  facet normal -0.9822872507286888 0.18738131458572407 0
    outer loop
      vertex 25.724372779272052 -37.90733300908399 0
      vertex 25.647895273668052 -38.30824213328577 0
      vertex 25.647895273668052 -38.30824213328577 3
    endloop
  endfacet
  facet normal -0.9980267284282714 0.0627905195293152 0
    outer loop
      vertex 25.75 -37.5 0
      vertex 25.724372779272052 -37.90733300908399 0
      vertex 25.724372779272052 -37.90733300908399 3
    endloop
  endfacet
  facet normal -0.9980267284282714 -0.0627905195293152 0
    outer loop
      vertex 25.724372779272052 -37.09266699091601 0
      vertex 25.75 -37.5 0
      vertex 25.75 -37.5 3
    endloop
  endfacet
  facet normal -0.9822872507286893 -0.18738131458572083 0
    outer loop
      vertex 25.647895273668052 -36.69175786671422 0
      vertex 25.724372779272052 -37.09266699091601 0
      vertex 25.724372779272052 -37.09266699091601 3
    endloop
  endfacet
  facet normal -0.9048270524660218 -0.4257792915650676 0
    outer loop
      vertex 25.347996710142557 -35.93430055916942 0
      vertex 25.521773579136816 -36.3035952037748 0
      vertex 25.521773579136816 -36.3035952037748 3
    endloop
  endfacet
  facet normal -0.9510565162951518 -0.30901699437495317 0
    outer loop
      vertex 25.521773579136816 -36.3035952037748 0
      vertex 25.647895273668052 -36.69175786671422 0
      vertex 25.647895273668052 -36.69175786671422 3
    endloop
  endfacet
  facet normal -0.5877852522924732 -0.8090169943749472 0
    outer loop
      vertex 24.24143708368174 -34.75593424211845 0
      vertex 24.57162796668324 -34.995831960978684 0
      vertex 24.24143708368174 -34.75593424211845 3
    endloop
  endfacet
  facet normal -0.6845471059286905 -0.7289686274214099 0
    outer loop
      vertex 24.57162796668324 -34.995831960978684 0
      vertex 24.869148039119587 -35.27522190573176 0
      vertex 24.57162796668324 -34.995831960978684 3
    endloop
  endfacet
  facet normal -0.48175367410171255 -0.876306680043865 0
    outer loop
      vertex 23.883782697586486 -34.55931207948544 0
      vertex 24.24143708368174 -34.75593424211845 0
      vertex 23.883782697586486 -34.55931207948544 3
    endloop
  endfacet
  facet normal -0.7705132427757868 -0.6374239897486924 0
    outer loop
      vertex 24.869148039119587 -35.27522190573176 0
      vertex 25.12930523171858 -35.58969793004946 0
      vertex 25.12930523171858 -35.58969793004946 3
    endloop
  endfacet
  facet normal -0.8443279255020141 -0.5358267949789983 0
    outer loop
      vertex 25.12930523171858 -35.58969793004946 0
      vertex 25.347996710142557 -35.93430055916942 0
      vertex 25.347996710142557 -35.93430055916942 3
    endloop
  endfacet
  facet normal 0.8443279255020141 0.5358267949789983 0
    outer loop
      vertex 19.87069476828142 -39.41030206995054 0
      vertex 19.652003289857443 -39.06569944083058 3
      vertex 19.87069476828142 -39.41030206995054 3
    endloop
  endfacet
  facet normal 0.9048270524660218 0.4257792915650676 0
    outer loop
      vertex 19.652003289857443 -39.06569944083058 0
      vertex 19.478226420863184 -38.6964047962252 3
      vertex 19.652003289857443 -39.06569944083058 3
    endloop
  endfacet
  facet normal 0.6845471059286905 0.7289686274214099 0
    outer loop
      vertex 20.130851960880413 -39.72477809426824 3
      vertex 20.42837203331676 -40.004168039021316 3
      vertex 20.130851960880413 -39.72477809426824 0
    endloop
  endfacet
  facet normal 0.7705132427757868 0.6374239897486924 0
    outer loop
      vertex 20.130851960880413 -39.72477809426824 0
      vertex 19.87069476828142 -39.41030206995054 3
      vertex 20.130851960880413 -39.72477809426824 3
    endloop
  endfacet
  facet normal 0.5877852522924732 0.8090169943749472 0
    outer loop
      vertex 20.42837203331676 -40.004168039021316 3
      vertex 20.75856291631826 -40.24406575788155 3
      vertex 20.42837203331676 -40.004168039021316 0
    endloop
  endfacet
  facet normal 0.48175367410171255 0.876306680043865 0
    outer loop
      vertex 20.75856291631826 -40.24406575788155 3
      vertex 21.116217302413514 -40.44068792051456 3
      vertex 20.75856291631826 -40.24406575788155 0
    endloop
  endfacet
  facet normal 0.3681245526846794 0.9297764858882509 0
    outer loop
      vertex 21.116217302413514 -40.44068792051456 3
      vertex 21.49569476828142 -40.59093367795925 3
      vertex 21.116217302413514 -40.44068792051456 0
    endloop
  endfacet
  facet normal 0.24868988716485532 0.9685831611286311 0
    outer loop
      vertex 21.49569476828142 -40.59093367795925 3
      vertex 21.891010727596395 -40.69243356486824 3
      vertex 21.49569476828142 -40.59093367795925 0
    endloop
  endfacet
  facet normal 0.12533323356430565 0.9921147013144778 0
    outer loop
      vertex 21.891010727596395 -40.69243356486824 3
      vertex 22.29593081152973 -40.74358686739188 3
      vertex 21.891010727596395 -40.69243356486824 0
    endloop
  endfacet
  facet normal 0.9822872507286893 0.18738131458572083 0
    outer loop
      vertex 19.352104726331948 -38.30824213328578 0
      vertex 19.275627220727948 -37.90733300908399 3
      vertex 19.352104726331948 -38.30824213328578 3
    endloop
  endfacet
  facet normal 0.9980267284282714 0.0627905195293152 0
    outer loop
      vertex 19.275627220727948 -37.90733300908399 0
      vertex 19.25 -37.5 3
      vertex 19.275627220727948 -37.90733300908399 3
    endloop
  endfacet
  facet normal 0.9980267284282714 -0.0627905195293152 0
    outer loop
      vertex 19.25 -37.5 0
      vertex 19.275627220727948 -37.09266699091601 3
      vertex 19.25 -37.5 3
    endloop
  endfacet
  facet normal 0.9822872507286893 -0.18738131458572083 0
    outer loop
      vertex 19.275627220727948 -37.09266699091601 0
      vertex 19.352104726331948 -36.69175786671422 3
      vertex 19.275627220727948 -37.09266699091601 3
    endloop
  endfacet
  facet normal 0.9510565162951518 0.30901699437495317 0
    outer loop
      vertex 19.478226420863184 -38.6964047962252 0
      vertex 19.352104726331948 -38.30824213328578 3
      vertex 19.478226420863184 -38.6964047962252 3
    endloop
  endfacet
  facet normal 0.9510565162951518 -0.30901699437495317 0
    outer loop
      vertex 19.352104726331948 -36.69175786671422 0
      vertex 19.478226420863184 -36.3035952037748 3
      vertex 19.352104726331948 -36.69175786671422 3
    endloop
  endfacet
  facet normal 0.9048270524660218 -0.4257792915650676 0
    outer loop
      vertex 19.478226420863184 -36.3035952037748 0
      vertex 19.652003289857443 -35.93430055916942 3
      vertex 19.478226420863184 -36.3035952037748 3
    endloop
  endfacet
  facet normal 0.8443279255020141 -0.5358267949789983 0
    outer loop
      vertex 19.652003289857443 -35.93430055916942 0
      vertex 19.87069476828142 -35.58969793004946 3
      vertex 19.652003289857443 -35.93430055916942 3
    endloop
  endfacet
  facet normal 0.7705132427757868 -0.6374239897486924 0
    outer loop
      vertex 19.87069476828142 -35.58969793004946 0
      vertex 20.130851960880413 -35.27522190573176 3
      vertex 19.87069476828142 -35.58969793004946 3
    endloop
  endfacet
  facet normal 0.6845471059286905 -0.7289686274214099 0
    outer loop
      vertex 20.42837203331676 -34.995831960978684 3
      vertex 20.130851960880413 -35.27522190573176 3
      vertex 20.42837203331676 -34.995831960978684 0
    endloop
  endfacet
  facet normal 0.5877852522924732 -0.8090169943749472 0
    outer loop
      vertex 20.75856291631826 -34.75593424211845 3
      vertex 20.42837203331676 -34.995831960978684 3
      vertex 20.75856291631826 -34.75593424211845 0
    endloop
  endfacet
  facet normal 0.48175367410171255 -0.876306680043865 0
    outer loop
      vertex 21.116217302413514 -34.55931207948544 3
      vertex 20.75856291631826 -34.75593424211845 3
      vertex 21.116217302413514 -34.55931207948544 0
    endloop
  endfacet
  facet normal 0.3681245526846794 -0.9297764858882509 0
    outer loop
      vertex 21.49569476828142 -34.40906632204075 3
      vertex 21.116217302413514 -34.55931207948544 3
      vertex 21.49569476828142 -34.40906632204075 0
    endloop
  endfacet
  facet normal 0.24868988716485532 -0.9685831611286311 0
    outer loop
      vertex 21.891010727596395 -34.30756643513176 3
      vertex 21.49569476828142 -34.40906632204075 3
      vertex 21.891010727596395 -34.30756643513176 0
    endloop
  endfacet
  facet normal 0 1 0
    outer loop
      vertex 22.29593081152973 -40.74358686739188 3
      vertex 22.70406918847027 -40.74358686739188 3
      vertex 22.29593081152973 -40.74358686739188 0
    endloop
  endfacet
  facet normal -0.12533323356430565 0.9921147013144778 0
    outer loop
      vertex 22.70406918847027 -40.74358686739188 3
      vertex 23.108989272403605 -40.69243356486824 3
      vertex 22.70406918847027 -40.74358686739188 0
    endloop
  endfacet
  facet normal -0.24868988716485532 0.9685831611286311 0
    outer loop
      vertex 23.108989272403605 -40.69243356486824 3
      vertex 23.50430523171858 -40.59093367795925 3
      vertex 23.108989272403605 -40.69243356486824 0
    endloop
  endfacet
  facet normal -0.3681245526846794 0.9297764858882509 0
    outer loop
      vertex 23.50430523171858 -40.59093367795925 3
      vertex 23.883782697586486 -40.44068792051456 3
      vertex 23.50430523171858 -40.59093367795925 0
    endloop
  endfacet
  facet normal -0.48175367410171255 0.876306680043865 0
    outer loop
      vertex 23.883782697586486 -40.44068792051456 3
      vertex 24.24143708368174 -40.24406575788155 3
      vertex 23.883782697586486 -40.44068792051456 0
    endloop
  endfacet
  facet normal -0.5877852522924732 0.8090169943749472 0
    outer loop
      vertex 24.24143708368174 -40.24406575788155 3
      vertex 24.57162796668324 -40.004168039021316 3
      vertex 24.24143708368174 -40.24406575788155 0
    endloop
  endfacet
  facet normal -0.6845471059286905 0.7289686274214099 0
    outer loop
      vertex 24.57162796668324 -40.004168039021316 3
      vertex 24.869148039119587 -39.72477809426824 3
      vertex 24.57162796668324 -40.004168039021316 0
    endloop
  endfacet
  facet normal -0.7705132427757868 0.6374239897486924 0
    outer loop
      vertex 25.12930523171858 -39.41030206995054 0
      vertex 24.869148039119587 -39.72477809426824 3
      vertex 25.12930523171858 -39.41030206995054 3
    endloop
  endfacet
  facet normal -0.8443279255020141 0.5358267949789983 0
    outer loop
      vertex 25.347996710142557 -39.06569944083058 0
      vertex 25.12930523171858 -39.41030206995054 3
      vertex 25.347996710142557 -39.06569944083058 3
    endloop
  endfacet
  facet normal 0.12533323356430456 -0.9921147013144779 0
    outer loop
      vertex 22.295930811529733 -34.25641313260812 3
      vertex 21.891010727596395 -34.30756643513176 3
      vertex 22.295930811529733 -34.25641313260812 0
    endloop
  endfacet
  facet normal 0 -1 0
    outer loop
      vertex 22.704069188470267 -34.25641313260812 3
      vertex 22.295930811529733 -34.25641313260812 3
      vertex 22.704069188470267 -34.25641313260812 0
    endloop
  endfacet
  facet normal -0.12533323356430456 -0.9921147013144779 0
    outer loop
      vertex 23.108989272403605 -34.30756643513176 3
      vertex 22.704069188470267 -34.25641313260812 3
      vertex 23.108989272403605 -34.30756643513176 0
    endloop
  endfacet
  facet normal -0.24868988716485532 -0.9685831611286311 0
    outer loop
      vertex 23.50430523171858 -34.40906632204075 3
      vertex 23.108989272403605 -34.30756643513176 3
      vertex 23.50430523171858 -34.40906632204075 0
    endloop
  endfacet
  facet normal -0.3681245526846794 -0.9297764858882509 0
    outer loop
      vertex 23.883782697586486 -34.55931207948544 3
      vertex 23.50430523171858 -34.40906632204075 3
      vertex 23.883782697586486 -34.55931207948544 0
    endloop
  endfacet
  facet normal -0.9048270524660218 0.4257792915650676 0
    outer loop
      vertex 25.521773579136816 -38.6964047962252 0
      vertex 25.347996710142557 -39.06569944083058 3
      vertex 25.521773579136816 -38.6964047962252 3
    endloop
  endfacet
  facet normal -0.9510565162951533 0.309016994374948 0
    outer loop
      vertex 25.647895273668052 -38.30824213328577 0
      vertex 25.521773579136816 -38.6964047962252 3
      vertex 25.647895273668052 -38.30824213328577 3
    endloop
  endfacet
  facet normal -0.9822872507286888 0.18738131458572407 0
    outer loop
      vertex 25.724372779272052 -37.90733300908399 0
      vertex 25.647895273668052 -38.30824213328577 3
      vertex 25.724372779272052 -37.90733300908399 3
    endloop
  endfacet
  facet normal -0.9980267284282714 0.0627905195293152 0
    outer loop
      vertex 25.75 -37.5 0
      vertex 25.724372779272052 -37.90733300908399 3
      vertex 25.75 -37.5 3
    endloop
  endfacet
  facet normal -0.9980267284282714 -0.0627905195293152 0
    outer loop
      vertex 25.724372779272052 -37.09266699091601 0
      vertex 25.75 -37.5 3
      vertex 25.724372779272052 -37.09266699091601 3
    endloop
  endfacet
  facet normal -0.9510565162951518 -0.30901699437495317 0
    outer loop
      vertex 25.521773579136816 -36.3035952037748 0
      vertex 25.647895273668052 -36.69175786671422 3
      vertex 25.521773579136816 -36.3035952037748 3
    endloop
  endfacet
  facet normal -0.9822872507286893 -0.18738131458572083 0
    outer loop
      vertex 25.647895273668052 -36.69175786671422 0
      vertex 25.724372779272052 -37.09266699091601 3
      vertex 25.647895273668052 -36.69175786671422 3
    endloop
  endfacet
  facet normal -0.5877852522924732 -0.8090169943749472 0
    outer loop
      vertex 24.57162796668324 -34.995831960978684 3
      vertex 24.24143708368174 -34.75593424211845 3
      vertex 24.57162796668324 -34.995831960978684 0
    endloop
  endfacet
  facet normal -0.6845471059286905 -0.7289686274214099 0
    outer loop
      vertex 24.869148039119587 -35.27522190573176 0
      vertex 24.869148039119587 -35.27522190573176 3
      vertex 24.57162796668324 -34.995831960978684 3
    endloop
  endfacet
  facet normal -0.48175367410171255 -0.876306680043865 0
    outer loop
      vertex 24.24143708368174 -34.75593424211845 3
      vertex 23.883782697586486 -34.55931207948544 3
      vertex 24.24143708368174 -34.75593424211845 0
    endloop
  endfacet
  facet normal -0.8443279255020141 -0.5358267949789983 0
    outer loop
      vertex 25.347996710142557 -35.93430055916942 3
      vertex 25.12930523171858 -35.58969793004946 3
      vertex 25.12930523171858 -35.58969793004946 0
    endloop
  endfacet
  facet normal -0.7705132427757868 -0.6374239897486924 0
    outer loop
      vertex 24.869148039119587 -35.27522190573176 0
      vertex 25.12930523171858 -35.58969793004946 3
      vertex 24.869148039119587 -35.27522190573176 3
    endloop
  endfacet
  facet normal -0.9048270524660218 -0.4257792915650676 0
    outer loop
      vertex 25.347996710142557 -35.93430055916942 0
      vertex 25.521773579136816 -36.3035952037748 3
      vertex 25.347996710142557 -35.93430055916942 3
    endloop
  endfacet
  facet normal 0.8443279255020054 0.5358267949790119 -1.4573759584631133e-15
    outer loop
      vertex -23.973716882196236 -31.030459466422332 0
      vertex -24.077352024078955 -30.867156613383088 3
      vertex -23.956230589874906 -31.058013454126453 0
    endloop
  endfacet
  facet normal 0.9048270524660205 0.4257792915650706 0
    outer loop
      vertex -24.077352024078955 -30.867156613383088 0
      vertex -24.173597674598852 -30.66262419483242 0
      vertex -24.173597674598852 -30.66262419483242 3
    endloop
  endfacet
  facet normal 0.8443279255020175 0.5358267949789928 0
    outer loop
      vertex -23.973716882196236 -31.030459466422332 0
      vertex -24.077352024078955 -30.867156613383088 0
      vertex -24.077352024078955 -30.867156613383088 3
    endloop
  endfacet
  facet normal 0.9510565162951535 0.30901699437494784 0
    outer loop
      vertex -24.173597674598852 -30.66262419483242 0
      vertex -24.243449690031536 -30.44764179689674 0
      vertex -24.243449690031536 -30.44764179689674 3
    endloop
  endfacet
  facet normal 0.9822872507286878 0.1873813145857287 0
    outer loop
      vertex -24.243449690031536 -30.44764179689674 0
      vertex -24.28580646236606 -30.22559982041575 0
      vertex -24.28580646236606 -30.22559982041575 3
    endloop
  endfacet
  facet normal 0.9980267284282716 0.06279051952931228 0
    outer loop
      vertex -24.28580646236606 -30.22559982041575 0
      vertex -24.3 -30 0
      vertex -24.3 -30 3
    endloop
  endfacet
  facet normal 0.9980267284282716 -0.06279051952931228 0
    outer loop
      vertex -24.3 -30 0
      vertex -24.28580646236606 -29.77440017958425 0
      vertex -24.28580646236606 -29.77440017958425 3
    endloop
  endfacet
  facet normal 0.9822872507286878 -0.1873813145857287 0
    outer loop
      vertex -24.28580646236606 -29.77440017958425 0
      vertex -24.243449690031536 -29.55235820310326 0
      vertex -24.243449690031536 -29.55235820310326 3
    endloop
  endfacet
  facet normal 0.9510565162951535 -0.30901699437494784 0
    outer loop
      vertex -24.243449690031536 -29.55235820310326 0
      vertex -24.173597674598852 -29.33737580516758 0
      vertex -24.173597674598852 -29.33737580516758 3
    endloop
  endfacet
  facet normal 0.9048270524660205 -0.4257792915650706 0
    outer loop
      vertex -24.173597674598852 -29.33737580516758 0
      vertex -24.077352024078955 -29.132843386616912 0
      vertex -24.077352024078955 -29.132843386616912 3
    endloop
  endfacet
  facet normal 0.8443279255020157 -0.5358267949789955 0
    outer loop
      vertex -24.077352024078955 -29.132843386616912 0
      vertex -23.956230589874906 -28.941986545873547 0
      vertex -23.956230589874906 -28.941986545873547 3
    endloop
  endfacet
  facet normal 0.6845471059286872 0.7289686274214128 0
    outer loop
      vertex -23.64736318154764 -31.38692383699642 0
      vertex -23.81214352935854 -31.23218479067164 0
      vertex -23.64736318154764 -31.38692383699642 3
    endloop
  endfacet
  facet normal 0.5877852522924749 0.8090169943749461 0
    outer loop
      vertex -23.464488230962193 -31.519790265903627 0
      vertex -23.64736318154764 -31.38692383699642 0
      vertex -23.464488230962193 -31.519790265903627 3
    endloop
  endfacet
  facet normal 0.7705132427757823 0.637423989748698 0
    outer loop
      vertex -23.81214352935854 -31.23218479067164 0
      vertex -23.956230589874906 -31.058013454126453 0
      vertex -23.956230589874906 -31.058013454126453 3
    endloop
  endfacet
  facet normal 0.48175367410171976 0.876306680043861 0
    outer loop
      vertex -23.26640272481713 -31.628688694438836 0
      vertex -23.464488230962193 -31.519790265903627 0
      vertex -23.26640272481713 -31.628688694438836 3
    endloop
  endfacet
  facet normal 0.36812455268467775 0.9297764858882515 0
    outer loop
      vertex -23.056230589874904 -31.711901729331277 0
      vertex -23.26640272481713 -31.628688694438836 0
      vertex -23.056230589874904 -31.711901729331277 3
    endloop
  endfacet
  facet normal 0.2486898871648596 0.9685831611286299 0
    outer loop
      vertex -22.837286366254304 -31.76811705131164 0
      vertex -23.056230589874904 -31.711901729331277 0
      vertex -22.837286366254304 -31.76811705131164 3
    endloop
  endfacet
  facet normal 0.1253332335642983 0.9921147013144787 0
    outer loop
      vertex -22.613022935152763 -31.79644811117089 0
      vertex -22.837286366254304 -31.76811705131164 0
      vertex -22.613022935152763 -31.79644811117089 3
    endloop
  endfacet
  facet normal 0 1 0
    outer loop
      vertex -22.386977064847237 -31.79644811117089 0
      vertex -22.613022935152763 -31.79644811117089 0
      vertex -22.386977064847237 -31.79644811117089 3
    endloop
  endfacet
  facet normal -0.1253332335642983 0.9921147013144787 0
    outer loop
      vertex -22.162713633745696 -31.76811705131164 0
      vertex -22.386977064847237 -31.79644811117089 0
      vertex -22.162713633745696 -31.76811705131164 3
    endloop
  endfacet
  facet normal 0.7705132427757823 -0.637423989748698 0
    outer loop
      vertex -23.956230589874906 -28.941986545873547 0
      vertex -23.81214352935854 -28.76781520932836 0
      vertex -23.81214352935854 -28.76781520932836 3
    endloop
  endfacet
  facet normal 0.6845471059286872 -0.7289686274214128 0
    outer loop
      vertex -23.81214352935854 -28.76781520932836 0
      vertex -23.64736318154764 -28.61307616300358 0
      vertex -23.81214352935854 -28.76781520932836 3
    endloop
  endfacet
  facet normal 0.5877852522924749 -0.8090169943749461 0
    outer loop
      vertex -23.64736318154764 -28.61307616300358 0
      vertex -23.464488230962193 -28.480209734096373 0
      vertex -23.64736318154764 -28.61307616300358 3
    endloop
  endfacet
  facet normal 0.48175367410171976 -0.876306680043861 0
    outer loop
      vertex -23.464488230962193 -28.480209734096373 0
      vertex -23.26640272481713 -28.371311305561164 0
      vertex -23.464488230962193 -28.480209734096373 3
    endloop
  endfacet
  facet normal 0.36812455268467775 -0.9297764858882515 0
    outer loop
      vertex -23.26640272481713 -28.371311305561164 0
      vertex -23.056230589874904 -28.288098270668723 0
      vertex -23.26640272481713 -28.371311305561164 3
    endloop
  endfacet
  facet normal 0.2486898871648596 -0.9685831611286299 0
    outer loop
      vertex -23.056230589874904 -28.288098270668723 0
      vertex -22.837286366254304 -28.23188294868836 0
      vertex -23.056230589874904 -28.288098270668723 3
    endloop
  endfacet
  facet normal 0.1253332335642983 -0.9921147013144787 0
    outer loop
      vertex -22.837286366254304 -28.23188294868836 0
      vertex -22.613022935152763 -28.20355188882911 0
      vertex -22.837286366254304 -28.23188294868836 3
    endloop
  endfacet
  facet normal 0 -1 0
    outer loop
      vertex -22.613022935152763 -28.20355188882911 0
      vertex -22.386977064847237 -28.20355188882911 0
      vertex -22.613022935152763 -28.20355188882911 3
    endloop
  endfacet
  facet normal -0.1253332335642983 -0.9921147013144787 0
    outer loop
      vertex -22.386977064847237 -28.20355188882911 0
      vertex -22.162713633745696 -28.23188294868836 0
      vertex -22.386977064847237 -28.20355188882911 3
    endloop
  endfacet
  facet normal -0.2486898871648596 0.9685831611286299 0
    outer loop
      vertex -21.943769410125096 -31.711901729331277 0
      vertex -22.162713633745696 -31.76811705131164 0
      vertex -21.943769410125096 -31.711901729331277 3
    endloop
  endfacet
  facet normal -0.36812455268467775 0.9297764858882515 0
    outer loop
      vertex -21.73359727518287 -31.628688694438836 0
      vertex -21.943769410125096 -31.711901729331277 0
      vertex -21.73359727518287 -31.628688694438836 3
    endloop
  endfacet
  facet normal -0.48175367410171976 0.876306680043861 0
    outer loop
      vertex -21.535511769037807 -31.519790265903627 0
      vertex -21.73359727518287 -31.628688694438836 0
      vertex -21.535511769037807 -31.519790265903627 3
    endloop
  endfacet
  facet normal -0.5877852522924674 0.8090169943749516 0
    outer loop
      vertex -21.352636818452357 -31.38692383699642 0
      vertex -21.535511769037807 -31.519790265903627 0
      vertex -21.352636818452357 -31.38692383699642 3
    endloop
  endfacet
  facet normal -0.684547105928695 0.7289686274214054 0
    outer loop
      vertex -21.18785647064146 -31.23218479067164 0
      vertex -21.352636818452357 -31.38692383699642 0
      vertex -21.18785647064146 -31.23218479067164 3
    endloop
  endfacet
  facet normal -0.7705132427757859 0.6374239897486939 0
    outer loop
      vertex -21.08598889038929 -31.10904803890808 0
      vertex -21.18785647064146 -31.23218479067164 0
      vertex -21.18785647064146 -31.23218479067164 3
    endloop
  endfacet
  facet normal -0.7705132427757738 0.6374239897487083 1.008338865413854e-15
    outer loop
      vertex -21.08598889038929 -31.10904803890808 0
      vertex -21.18785647064146 -31.23218479067164 3
      vertex -21.043769410125094 -31.058013454126453 0
    endloop
  endfacet
  facet normal -0.8443279255020157 0.5358267949789955 0
    outer loop
      vertex -20.922647975921045 -30.867156613383088 0
      vertex -21.043769410125094 -31.058013454126453 0
      vertex -21.043769410125094 -31.058013454126453 3
    endloop
  endfacet
  facet normal -0.9048270524660205 0.4257792915650706 0
    outer loop
      vertex -20.826402325401148 -30.66262419483242 0
      vertex -20.922647975921045 -30.867156613383088 0
      vertex -20.922647975921045 -30.867156613383088 3
    endloop
  endfacet
  facet normal -0.9510565162951535 0.30901699437494784 0
    outer loop
      vertex -20.756550309968464 -30.44764179689674 0
      vertex -20.826402325401148 -30.66262419483242 0
      vertex -20.826402325401148 -30.66262419483242 3
    endloop
  endfacet
  facet normal -0.2486898871648596 -0.9685831611286299 0
    outer loop
      vertex -22.162713633745696 -28.23188294868836 0
      vertex -21.943769410125096 -28.288098270668723 0
      vertex -22.162713633745696 -28.23188294868836 3
    endloop
  endfacet
  facet normal -0.36812455268467775 -0.9297764858882515 0
    outer loop
      vertex -21.943769410125096 -28.288098270668723 0
      vertex -21.73359727518287 -28.371311305561164 0
      vertex -21.943769410125096 -28.288098270668723 3
    endloop
  endfacet
  facet normal -0.48175367410171976 -0.876306680043861 0
    outer loop
      vertex -21.73359727518287 -28.371311305561164 0
      vertex -21.535511769037807 -28.480209734096373 0
      vertex -21.73359727518287 -28.371311305561164 3
    endloop
  endfacet
  facet normal -0.5877852522924674 -0.8090169943749516 0
    outer loop
      vertex -21.535511769037807 -28.480209734096373 0
      vertex -21.352636818452357 -28.61307616300358 0
      vertex -21.535511769037807 -28.480209734096373 3
    endloop
  endfacet
  facet normal -0.684547105928695 -0.7289686274214054 0
    outer loop
      vertex -21.352636818452357 -28.61307616300358 0
      vertex -21.18785647064146 -28.76781520932836 0
      vertex -21.352636818452357 -28.61307616300358 3
    endloop
  endfacet
  facet normal -0.9822872507286878 0.1873813145857287 0
    outer loop
      vertex -20.71419353763394 -30.22559982041575 0
      vertex -20.756550309968464 -30.44764179689674 0
      vertex -20.756550309968464 -30.44764179689674 3
    endloop
  endfacet
  facet normal -0.9048270524660205 -0.4257792915650706 0
    outer loop
      vertex -20.922647975921045 -29.132843386616912 0
      vertex -20.826402325401148 -29.33737580516758 0
      vertex -20.826402325401148 -29.33737580516758 3
    endloop
  endfacet
  facet normal -0.9510565162951535 -0.30901699437494784 0
    outer loop
      vertex -20.826402325401148 -29.33737580516758 0
      vertex -20.756550309968464 -29.55235820310326 0
      vertex -20.756550309968464 -29.55235820310326 3
    endloop
  endfacet
  facet normal -0.9980267284282716 0.06279051952931228 0
    outer loop
      vertex -20.7 -30 0
      vertex -20.71419353763394 -30.22559982041575 0
      vertex -20.71419353763394 -30.22559982041575 3
    endloop
  endfacet
  facet normal -0.9980267284282716 -0.06279051952931228 0
    outer loop
      vertex -20.71419353763394 -29.77440017958425 0
      vertex -20.7 -30 0
      vertex -20.7 -30 3
    endloop
  endfacet
  facet normal -0.9822872507286878 -0.1873813145857287 0
    outer loop
      vertex -20.756550309968464 -29.55235820310326 0
      vertex -20.71419353763394 -29.77440017958425 0
      vertex -20.71419353763394 -29.77440017958425 3
    endloop
  endfacet
  facet normal -0.7705132427757823 -0.637423989748698 0
    outer loop
      vertex -21.18785647064146 -28.76781520932836 0
      vertex -21.043769410125094 -28.941986545873547 0
      vertex -21.043769410125094 -28.941986545873547 3
    endloop
  endfacet
  facet normal -0.8443279255020157 -0.5358267949789955 0
    outer loop
      vertex -21.043769410125094 -28.941986545873547 0
      vertex -20.922647975921045 -29.132843386616912 0
      vertex -20.922647975921045 -29.132843386616912 3
    endloop
  endfacet
  facet normal 0.8443279255020157 0.5358267949789955 0
    outer loop
      vertex -23.956230589874906 -31.058013454126453 0
      vertex -24.077352024078955 -30.867156613383088 3
      vertex -23.956230589874906 -31.058013454126453 3
    endloop
  endfacet
  facet normal 0.9048270524660205 0.4257792915650706 0
    outer loop
      vertex -24.077352024078955 -30.867156613383088 0
      vertex -24.173597674598852 -30.66262419483242 3
      vertex -24.077352024078955 -30.867156613383088 3
    endloop
  endfacet
  facet normal 0.9510565162951535 0.30901699437494784 0
    outer loop
      vertex -24.173597674598852 -30.66262419483242 0
      vertex -24.243449690031536 -30.44764179689674 3
      vertex -24.173597674598852 -30.66262419483242 3
    endloop
  endfacet
  facet normal 0.9822872507286878 0.1873813145857287 0
    outer loop
      vertex -24.243449690031536 -30.44764179689674 0
      vertex -24.28580646236606 -30.22559982041575 3
      vertex -24.243449690031536 -30.44764179689674 3
    endloop
  endfacet
  facet normal 0.9980267284282716 0.06279051952931228 0
    outer loop
      vertex -24.28580646236606 -30.22559982041575 0
      vertex -24.3 -30 3
      vertex -24.28580646236606 -30.22559982041575 3
    endloop
  endfacet
  facet normal 0.9980267284282716 -0.06279051952931228 0
    outer loop
      vertex -24.3 -30 0
      vertex -24.28580646236606 -29.77440017958425 3
      vertex -24.3 -30 3
    endloop
  endfacet
  facet normal 0.9822872507286878 -0.1873813145857287 0
    outer loop
      vertex -24.28580646236606 -29.77440017958425 0
      vertex -24.243449690031536 -29.55235820310326 3
      vertex -24.28580646236606 -29.77440017958425 3
    endloop
  endfacet
  facet normal 0.9510565162951535 -0.30901699437494784 0
    outer loop
      vertex -24.243449690031536 -29.55235820310326 0
      vertex -24.173597674598852 -29.33737580516758 3
      vertex -24.243449690031536 -29.55235820310326 3
    endloop
  endfacet
  facet normal 0.9048270524660205 -0.4257792915650706 0
    outer loop
      vertex -24.173597674598852 -29.33737580516758 0
      vertex -24.077352024078955 -29.132843386616912 3
      vertex -24.173597674598852 -29.33737580516758 3
    endloop
  endfacet
  facet normal 0.8443279255020157 -0.5358267949789955 0
    outer loop
      vertex -24.077352024078955 -29.132843386616912 0
      vertex -23.956230589874906 -28.941986545873547 3
      vertex -24.077352024078955 -29.132843386616912 3
    endloop
  endfacet
  facet normal 0.6845471059286872 0.7289686274214128 0
    outer loop
      vertex -23.81214352935854 -31.23218479067164 0
      vertex -23.81214352935854 -31.23218479067164 3
      vertex -23.64736318154764 -31.38692383699642 3
    endloop
  endfacet
  facet normal 0.5877852522924749 0.8090169943749461 0
    outer loop
      vertex -23.64736318154764 -31.38692383699642 3
      vertex -23.464488230962193 -31.519790265903627 3
      vertex -23.64736318154764 -31.38692383699642 0
    endloop
  endfacet
  facet normal 0.7705132427757823 0.637423989748698 0
    outer loop
      vertex -23.81214352935854 -31.23218479067164 0
      vertex -23.956230589874906 -31.058013454126453 3
      vertex -23.81214352935854 -31.23218479067164 3
    endloop
  endfacet
  facet normal 0.48175367410171976 0.876306680043861 0
    outer loop
      vertex -23.464488230962193 -31.519790265903627 3
      vertex -23.26640272481713 -31.628688694438836 3
      vertex -23.464488230962193 -31.519790265903627 0
    endloop
  endfacet
  facet normal 0.36812455268467775 0.9297764858882515 0
    outer loop
      vertex -23.26640272481713 -31.628688694438836 3
      vertex -23.056230589874904 -31.711901729331277 3
      vertex -23.26640272481713 -31.628688694438836 0
    endloop
  endfacet
  facet normal 0.2486898871648596 0.9685831611286299 0
    outer loop
      vertex -23.056230589874904 -31.711901729331277 3
      vertex -22.837286366254304 -31.76811705131164 3
      vertex -23.056230589874904 -31.711901729331277 0
    endloop
  endfacet
  facet normal 0.1253332335642983 0.9921147013144787 0
    outer loop
      vertex -22.837286366254304 -31.76811705131164 3
      vertex -22.613022935152763 -31.79644811117089 3
      vertex -22.837286366254304 -31.76811705131164 0
    endloop
  endfacet
  facet normal 0 1 0
    outer loop
      vertex -22.613022935152763 -31.79644811117089 3
      vertex -22.386977064847237 -31.79644811117089 3
      vertex -22.613022935152763 -31.79644811117089 0
    endloop
  endfacet
  facet normal -0.1253332335642983 0.9921147013144787 0
    outer loop
      vertex -22.386977064847237 -31.79644811117089 3
      vertex -22.162713633745696 -31.76811705131164 3
      vertex -22.386977064847237 -31.79644811117089 0
    endloop
  endfacet
  facet normal 0.7705132427757823 -0.637423989748698 0
    outer loop
      vertex -23.956230589874906 -28.941986545873547 0
      vertex -23.81214352935854 -28.76781520932836 3
      vertex -23.956230589874906 -28.941986545873547 3
    endloop
  endfacet
  facet normal 0.6845471059286872 -0.7289686274214128 0
    outer loop
      vertex -23.64736318154764 -28.61307616300358 3
      vertex -23.81214352935854 -28.76781520932836 3
      vertex -23.64736318154764 -28.61307616300358 0
    endloop
  endfacet
  facet normal 0.5877852522924749 -0.8090169943749461 0
    outer loop
      vertex -23.464488230962193 -28.480209734096373 3
      vertex -23.64736318154764 -28.61307616300358 3
      vertex -23.464488230962193 -28.480209734096373 0
    endloop
  endfacet
  facet normal 0.48175367410171976 -0.876306680043861 0
    outer loop
      vertex -23.26640272481713 -28.371311305561164 3
      vertex -23.464488230962193 -28.480209734096373 3
      vertex -23.26640272481713 -28.371311305561164 0
    endloop
  endfacet
  facet normal 0.36812455268467775 -0.9297764858882515 0
    outer loop
      vertex -23.056230589874904 -28.288098270668723 3
      vertex -23.26640272481713 -28.371311305561164 3
      vertex -23.056230589874904 -28.288098270668723 0
    endloop
  endfacet
  facet normal 0.2486898871648596 -0.9685831611286299 0
    outer loop
      vertex -22.837286366254304 -28.23188294868836 3
      vertex -23.056230589874904 -28.288098270668723 3
      vertex -22.837286366254304 -28.23188294868836 0
    endloop
  endfacet
  facet normal 0.1253332335642983 -0.9921147013144787 0
    outer loop
      vertex -22.613022935152763 -28.20355188882911 3
      vertex -22.837286366254304 -28.23188294868836 3
      vertex -22.613022935152763 -28.20355188882911 0
    endloop
  endfacet
  facet normal 0 -1 0
    outer loop
      vertex -22.386977064847237 -28.20355188882911 3
      vertex -22.613022935152763 -28.20355188882911 3
      vertex -22.386977064847237 -28.20355188882911 0
    endloop
  endfacet
  facet normal -0.1253332335642983 -0.9921147013144787 0
    outer loop
      vertex -22.162713633745696 -28.23188294868836 3
      vertex -22.386977064847237 -28.20355188882911 3
      vertex -22.162713633745696 -28.23188294868836 0
    endloop
  endfacet
  facet normal -0.2486898871648596 0.9685831611286299 0
    outer loop
      vertex -22.162713633745696 -31.76811705131164 3
      vertex -21.943769410125096 -31.711901729331277 3
      vertex -22.162713633745696 -31.76811705131164 0
    endloop
  endfacet
  facet normal -0.36812455268467775 0.9297764858882515 0
    outer loop
      vertex -21.943769410125096 -31.711901729331277 3
      vertex -21.73359727518287 -31.628688694438836 3
      vertex -21.943769410125096 -31.711901729331277 0
    endloop
  endfacet
  facet normal -0.48175367410171976 0.876306680043861 0
    outer loop
      vertex -21.73359727518287 -31.628688694438836 3
      vertex -21.535511769037807 -31.519790265903627 3
      vertex -21.73359727518287 -31.628688694438836 0
    endloop
  endfacet
  facet normal -0.5877852522924674 0.8090169943749516 0
    outer loop
      vertex -21.535511769037807 -31.519790265903627 3
      vertex -21.352636818452357 -31.38692383699642 3
      vertex -21.535511769037807 -31.519790265903627 0
    endloop
  endfacet
  facet normal -0.684547105928695 0.7289686274214054 0
    outer loop
      vertex -21.352636818452357 -31.38692383699642 3
      vertex -21.18785647064146 -31.23218479067164 3
      vertex -21.352636818452357 -31.38692383699642 0
    endloop
  endfacet
  facet normal -0.7705132427757823 0.637423989748698 0
    outer loop
      vertex -21.043769410125094 -31.058013454126453 0
      vertex -21.18785647064146 -31.23218479067164 3
      vertex -21.043769410125094 -31.058013454126453 3
    endloop
  endfacet
  facet normal -0.8443279255020157 0.5358267949789955 0
    outer loop
      vertex -20.922647975921045 -30.867156613383088 0
      vertex -21.043769410125094 -31.058013454126453 3
      vertex -20.922647975921045 -30.867156613383088 3
    endloop
  endfacet
  facet normal -0.9048270524660205 0.4257792915650706 0
    outer loop
      vertex -20.826402325401148 -30.66262419483242 0
      vertex -20.922647975921045 -30.867156613383088 3
      vertex -20.826402325401148 -30.66262419483242 3
    endloop
  endfacet
  facet normal -0.2486898871648596 -0.9685831611286299 0
    outer loop
      vertex -21.943769410125096 -28.288098270668723 3
      vertex -22.162713633745696 -28.23188294868836 3
      vertex -21.943769410125096 -28.288098270668723 0
    endloop
  endfacet
  facet normal -0.36812455268467775 -0.9297764858882515 0
    outer loop
      vertex -21.73359727518287 -28.371311305561164 3
      vertex -21.943769410125096 -28.288098270668723 3
      vertex -21.73359727518287 -28.371311305561164 0
    endloop
  endfacet
  facet normal -0.5877852522924674 -0.8090169943749516 0
    outer loop
      vertex -21.352636818452357 -28.61307616300358 3
      vertex -21.535511769037807 -28.480209734096373 3
      vertex -21.352636818452357 -28.61307616300358 0
    endloop
  endfacet
  facet normal -0.684547105928695 -0.7289686274214054 0
    outer loop
      vertex -21.18785647064146 -28.76781520932836 0
      vertex -21.18785647064146 -28.76781520932836 3
      vertex -21.352636818452357 -28.61307616300358 3
    endloop
  endfacet
  facet normal -0.48175367410171976 -0.876306680043861 0
    outer loop
      vertex -21.535511769037807 -28.480209734096373 3
      vertex -21.73359727518287 -28.371311305561164 3
      vertex -21.535511769037807 -28.480209734096373 0
    endloop
  endfacet
  facet normal -0.9510565162951535 0.30901699437494784 0
    outer loop
      vertex -20.756550309968464 -30.44764179689674 0
      vertex -20.826402325401148 -30.66262419483242 3
      vertex -20.756550309968464 -30.44764179689674 3
    endloop
  endfacet
  facet normal -0.9822872507286878 -0.1873813145857287 0
    outer loop
      vertex -20.756550309968464 -29.55235820310326 0
      vertex -20.71419353763394 -29.77440017958425 3
      vertex -20.756550309968464 -29.55235820310326 3
    endloop
  endfacet
  facet normal -0.9048270524660205 -0.4257792915650706 0
    outer loop
      vertex -20.922647975921045 -29.132843386616912 0
      vertex -20.826402325401148 -29.33737580516758 3
      vertex -20.922647975921045 -29.132843386616912 3
    endloop
  endfacet
  facet normal -0.9510565162951535 -0.30901699437494784 0
    outer loop
      vertex -20.826402325401148 -29.33737580516758 0
      vertex -20.756550309968464 -29.55235820310326 3
      vertex -20.826402325401148 -29.33737580516758 3
    endloop
  endfacet
  facet normal -0.9822872507286878 0.1873813145857287 0
    outer loop
      vertex -20.71419353763394 -30.22559982041575 0
      vertex -20.756550309968464 -30.44764179689674 3
      vertex -20.71419353763394 -30.22559982041575 3
    endloop
  endfacet
  facet normal -0.9980267284282716 0.06279051952931228 0
    outer loop
      vertex -20.7 -30 0
      vertex -20.71419353763394 -30.22559982041575 3
      vertex -20.7 -30 3
    endloop
  endfacet
  facet normal -0.9980267284282716 -0.06279051952931228 0
    outer loop
      vertex -20.71419353763394 -29.77440017958425 0
      vertex -20.7 -30 3
      vertex -20.71419353763394 -29.77440017958425 3
    endloop
  endfacet
  facet normal -0.8443279255020157 -0.5358267949789955 0
    outer loop
      vertex -21.043769410125094 -28.941986545873547 0
      vertex -20.922647975921045 -29.132843386616912 3
      vertex -21.043769410125094 -28.941986545873547 3
    endloop
  endfacet
  facet normal -0.7705132427757823 -0.637423989748698 0
    outer loop
      vertex -21.18785647064146 -28.76781520932836 0
      vertex -21.043769410125094 -28.941986545873547 3
      vertex -21.18785647064146 -28.76781520932836 3
    endloop
  endfacet
  facet normal 0.36812455268467775 0.9297764858882515 0
    outer loop
      vertex -23.056230589874904 -16.711901729331277 0
      vertex -23.26640272481713 -16.628688694438836 0
      vertex -23.056230589874904 -16.711901729331277 3
    endloop
  endfacet
  facet normal 0.2486898871648596 0.9685831611286299 0
    outer loop
      vertex -22.837286366254304 -16.76811705131164 0
      vertex -23.056230589874904 -16.711901729331277 0
      vertex -22.837286366254304 -16.76811705131164 3
    endloop
  endfacet
  facet normal 0.1253332335642983 0.9921147013144787 0
    outer loop
      vertex -22.613022935152763 -16.79644811117089 0
      vertex -22.837286366254304 -16.76811705131164 0
      vertex -22.613022935152763 -16.79644811117089 3
    endloop
  endfacet
  facet normal 0 1 0
    outer loop
      vertex -22.386977064847237 -16.79644811117089 0
      vertex -22.613022935152763 -16.79644811117089 0
      vertex -22.386977064847237 -16.79644811117089 3
    endloop
  endfacet
  facet normal -0.1253332335642983 0.9921147013144787 0
    outer loop
      vertex -22.162713633745696 -16.76811705131164 0
      vertex -22.386977064847237 -16.79644811117089 0
      vertex -22.162713633745696 -16.76811705131164 3
    endloop
  endfacet
  facet normal 0.9510565162951535 0.30901699437494784 0
    outer loop
      vertex -24.173597674598852 -15.66262419483242 0
      vertex -24.243449690031536 -15.447641796896738 0
      vertex -24.243449690031536 -15.447641796896738 3
    endloop
  endfacet
  facet normal 0.9822872507286878 0.1873813145857287 0
    outer loop
      vertex -24.243449690031536 -15.447641796896738 0
      vertex -24.28580646236606 -15.225599820415747 0
      vertex -24.28580646236606 -15.225599820415747 3
    endloop
  endfacet
  facet normal 0.904827052466022 0.4257792915650676 0
    outer loop
      vertex -24.077352024078955 -15.867156613383088 0
      vertex -24.173597674598852 -15.66262419483242 0
      vertex -24.173597674598852 -15.66262419483242 3
    endloop
  endfacet
  facet normal 0.8443279255020157 0.5358267949789955 0
    outer loop
      vertex -23.956230589874906 -16.058013454126453 0
      vertex -24.077352024078955 -15.867156613383088 0
      vertex -24.077352024078955 -15.867156613383088 3
    endloop
  endfacet
  facet normal 0.9980267284282716 0.06279051952931276 0
    outer loop
      vertex -24.28580646236606 -15.225599820415747 0
      vertex -24.3 -15 0
      vertex -24.3 -15 3
    endloop
  endfacet
  facet normal 0.9980267284282716 -0.06279051952931276 0
    outer loop
      vertex -24.3 -15 0
      vertex -24.28580646236606 -14.774400179584253 0
      vertex -24.28580646236606 -14.774400179584253 3
    endloop
  endfacet
  facet normal 0.9822872507286878 -0.1873813145857287 0
    outer loop
      vertex -24.28580646236606 -14.774400179584253 0
      vertex -24.243449690031536 -14.552358203103262 0
      vertex -24.243449690031536 -14.552358203103262 3
    endloop
  endfacet
  facet normal 0.9510565162951535 -0.30901699437494784 0
    outer loop
      vertex -24.243449690031536 -14.552358203103262 0
      vertex -24.173597674598852 -14.33737580516758 0
      vertex -24.173597674598852 -14.33737580516758 3
    endloop
  endfacet
  facet normal 0.904827052466022 -0.4257792915650676 0
    outer loop
      vertex -24.173597674598852 -14.33737580516758 0
      vertex -24.077352024078955 -14.132843386616912 0
      vertex -24.077352024078955 -14.132843386616912 3
    endloop
  endfacet
  facet normal 0.8443279255020135 -0.5358267949789991 0
    outer loop
      vertex -24.077352024078955 -14.132843386616912 0
      vertex -23.956230589874906 -13.941986545873549 0
      vertex -23.956230589874906 -13.941986545873549 3
    endloop
  endfacet
  facet normal 0.7705132427757823 0.637423989748698 0
    outer loop
      vertex -23.81214352935854 -16.23218479067164 0
      vertex -23.956230589874906 -16.058013454126453 0
      vertex -23.956230589874906 -16.058013454126453 3
    endloop
  endfacet
  facet normal 0.5877852522924749 0.8090169943749461 0
    outer loop
      vertex -23.464488230962193 -16.519790265903627 0
      vertex -23.64736318154764 -16.38692383699642 0
      vertex -23.464488230962193 -16.519790265903627 3
    endloop
  endfacet
  facet normal 0.6845471059286872 0.7289686274214128 0
    outer loop
      vertex -23.64736318154764 -16.38692383699642 0
      vertex -23.81214352935854 -16.23218479067164 0
      vertex -23.64736318154764 -16.38692383699642 3
    endloop
  endfacet
  facet normal 0.48175367410171976 0.876306680043861 0
    outer loop
      vertex -23.26640272481713 -16.628688694438836 0
      vertex -23.464488230962193 -16.519790265903627 0
      vertex -23.26640272481713 -16.628688694438836 3
    endloop
  endfacet
  facet normal 0.7705132427757855 -0.6374239897486942 0
    outer loop
      vertex -23.956230589874906 -13.941986545873549 0
      vertex -23.81214352935854 -13.767815209328361 0
      vertex -23.81214352935854 -13.767815209328361 3
    endloop
  endfacet
  facet normal 0.6845471059286872 -0.7289686274214128 0
    outer loop
      vertex -23.81214352935854 -13.767815209328361 0
      vertex -23.64736318154764 -13.61307616300358 0
      vertex -23.81214352935854 -13.767815209328361 3
    endloop
  endfacet
  facet normal 0.5877852522924749 -0.8090169943749461 0
    outer loop
      vertex -23.64736318154764 -13.61307616300358 0
      vertex -23.464488230962193 -13.480209734096373 0
      vertex -23.64736318154764 -13.61307616300358 3
    endloop
  endfacet
  facet normal 0.48175367410171976 -0.876306680043861 0
    outer loop
      vertex -23.464488230962193 -13.480209734096373 0
      vertex -23.26640272481713 -13.371311305561164 0
      vertex -23.464488230962193 -13.480209734096373 3
    endloop
  endfacet
  facet normal 0.36812455268467775 -0.9297764858882515 0
    outer loop
      vertex -23.26640272481713 -13.371311305561164 0
      vertex -23.056230589874904 -13.288098270668723 0
      vertex -23.26640272481713 -13.371311305561164 3
    endloop
  endfacet
  facet normal 0.24868988716485224 -0.9685831611286319 0
    outer loop
      vertex -23.056230589874904 -13.288098270668723 0
      vertex -22.837286366254304 -13.23188294868836 0
      vertex -23.056230589874904 -13.288098270668723 3
    endloop
  endfacet
  facet normal 0.12533323356430603 -0.9921147013144777 0
    outer loop
      vertex -22.837286366254304 -13.23188294868836 0
      vertex -22.613022935152763 -13.20355188882911 0
      vertex -22.837286366254304 -13.23188294868836 3
    endloop
  endfacet
  facet normal -0.12533323356430603 -0.9921147013144777 0
    outer loop
      vertex -22.386977064847237 -13.20355188882911 0
      vertex -22.162713633745696 -13.23188294868836 0
      vertex -22.386977064847237 -13.20355188882911 3
    endloop
  endfacet
  facet normal 0 -1 0
    outer loop
      vertex -22.613022935152763 -13.20355188882911 0
      vertex -22.386977064847237 -13.20355188882911 0
      vertex -22.613022935152763 -13.20355188882911 3
    endloop
  endfacet
  facet normal -0.2486898871648596 0.9685831611286299 0
    outer loop
      vertex -21.943769410125096 -16.711901729331277 0
      vertex -22.162713633745696 -16.76811705131164 0
      vertex -21.943769410125096 -16.711901729331277 3
    endloop
  endfacet
  facet normal -0.36812455268467775 0.9297764858882515 0
    outer loop
      vertex -21.73359727518287 -16.628688694438836 0
      vertex -21.943769410125096 -16.711901729331277 0
      vertex -21.73359727518287 -16.628688694438836 3
    endloop
  endfacet
  facet normal -0.48175367410171976 0.876306680043861 0
    outer loop
      vertex -21.535511769037807 -16.519790265903627 0
      vertex -21.73359727518287 -16.628688694438836 0
      vertex -21.535511769037807 -16.519790265903627 3
    endloop
  endfacet
  facet normal -0.5877852522924674 0.8090169943749516 0
    outer loop
      vertex -21.352636818452357 -16.38692383699642 0
      vertex -21.535511769037807 -16.519790265903627 0
      vertex -21.352636818452357 -16.38692383699642 3
    endloop
  endfacet
  facet normal -0.684547105928695 0.7289686274214054 0
    outer loop
      vertex -21.18785647064146 -16.23218479067164 0
      vertex -21.352636818452357 -16.38692383699642 0
      vertex -21.18785647064146 -16.23218479067164 3
    endloop
  endfacet
  facet normal -0.7705132427757823 0.637423989748698 0
    outer loop
      vertex -21.18785647064146 -16.23218479067164 0
      vertex -21.18785647064146 -16.23218479067164 3
      vertex -21.043769410125094 -16.058013454126453 0
    endloop
  endfacet
  facet normal -0.8443279255020157 0.5358267949789955 0
    outer loop
      vertex -20.922647975921045 -15.867156613383088 0
      vertex -21.043769410125094 -16.058013454126453 0
      vertex -21.043769410125094 -16.058013454126453 3
    endloop
  endfacet
  facet normal -0.9048270524660205 0.4257792915650706 0
    outer loop
      vertex -20.826402325401148 -15.662624194832421 0
      vertex -20.922647975921045 -15.867156613383088 0
      vertex -20.922647975921045 -15.867156613383088 3
    endloop
  endfacet
  facet normal -0.9510565162951542 0.3090169943749455 0
    outer loop
      vertex -20.756550309968464 -15.447641796896738 0
      vertex -20.826402325401148 -15.662624194832421 0
      vertex -20.826402325401148 -15.662624194832421 3
    endloop
  endfacet
  facet normal -0.9822872507286878 0.1873813145857287 0
    outer loop
      vertex -20.71419353763394 -15.225599820415747 0
      vertex -20.756550309968464 -15.447641796896738 0
      vertex -20.756550309968464 -15.447641796896738 3
    endloop
  endfacet
  facet normal -0.904827052466022 -0.4257792915650676 0
    outer loop
      vertex -20.922647975921045 -14.132843386616912 0
      vertex -20.826402325401148 -14.33737580516758 0
      vertex -20.826402325401148 -14.33737580516758 3
    endloop
  endfacet
  facet normal -0.9510565162951535 -0.30901699437494784 0
    outer loop
      vertex -20.826402325401148 -14.33737580516758 0
      vertex -20.756550309968464 -14.552358203103262 0
      vertex -20.756550309968464 -14.552358203103262 3
    endloop
  endfacet
  facet normal -0.8443279255020135 -0.5358267949789991 0
    outer loop
      vertex -21.043769410125094 -13.941986545873549 0
      vertex -20.922647975921045 -14.132843386616912 0
      vertex -20.922647975921045 -14.132843386616912 3
    endloop
  endfacet
  facet normal -0.9980267284282716 0.06279051952931276 0
    outer loop
      vertex -20.7 -15 0
      vertex -20.71419353763394 -15.225599820415747 0
      vertex -20.71419353763394 -15.225599820415747 3
    endloop
  endfacet
  facet normal -0.9980267284282716 -0.06279051952931228 0
    outer loop
      vertex -20.71419353763394 -14.774400179584251 0
      vertex -20.7 -15 0
      vertex -20.7 -15 3
    endloop
  endfacet
  facet normal -0.9822872507286876 -0.18738131458573015 0
    outer loop
      vertex -20.756550309968464 -14.552358203103262 0
      vertex -20.71419353763394 -14.774400179584251 0
      vertex -20.71419353763394 -14.774400179584251 3
    endloop
  endfacet
  facet normal -0.24868988716485224 -0.9685831611286319 0
    outer loop
      vertex -22.162713633745696 -13.23188294868836 0
      vertex -21.943769410125096 -13.288098270668723 0
      vertex -22.162713633745696 -13.23188294868836 3
    endloop
  endfacet
  facet normal -0.36812455268467775 -0.9297764858882515 0
    outer loop
      vertex -21.943769410125096 -13.288098270668723 0
      vertex -21.73359727518287 -13.371311305561164 0
      vertex -21.943769410125096 -13.288098270668723 3
    endloop
  endfacet
  facet normal -0.48175367410171976 -0.876306680043861 0
    outer loop
      vertex -21.73359727518287 -13.371311305561164 0
      vertex -21.535511769037807 -13.480209734096373 0
      vertex -21.73359727518287 -13.371311305561164 3
    endloop
  endfacet
  facet normal -0.5877852522924674 -0.8090169943749516 0
    outer loop
      vertex -21.535511769037807 -13.480209734096373 0
      vertex -21.352636818452357 -13.61307616300358 0
      vertex -21.535511769037807 -13.480209734096373 3
    endloop
  endfacet
  facet normal -0.6845471059286911 -0.7289686274214094 0
    outer loop
      vertex -21.352636818452357 -13.61307616300358 0
      vertex -21.18785647064146 -13.76781520932836 0
      vertex -21.352636818452357 -13.61307616300358 3
    endloop
  endfacet
  facet normal -0.7705132427757886 -0.6374239897486903 0
    outer loop
      vertex -21.18785647064146 -13.76781520932836 0
      vertex -21.043769410125094 -13.941986545873549 0
      vertex -21.043769410125094 -13.941986545873549 3
    endloop
  endfacet
  facet normal 0.2486898871648596 0.9685831611286299 0
    outer loop
      vertex -23.056230589874904 -16.711901729331277 3
      vertex -22.837286366254304 -16.76811705131164 3
      vertex -23.056230589874904 -16.711901729331277 0
    endloop
  endfacet
  facet normal 0.1253332335642983 0.9921147013144787 0
    outer loop
      vertex -22.837286366254304 -16.76811705131164 3
      vertex -22.613022935152763 -16.79644811117089 3
      vertex -22.837286366254304 -16.76811705131164 0
    endloop
  endfacet
  facet normal 0 1 0
    outer loop
      vertex -22.613022935152763 -16.79644811117089 3
      vertex -22.386977064847237 -16.79644811117089 3
      vertex -22.613022935152763 -16.79644811117089 0
    endloop
  endfacet
  facet normal -0.1253332335642983 0.9921147013144787 0
    outer loop
      vertex -22.386977064847237 -16.79644811117089 3
      vertex -22.162713633745696 -16.76811705131164 3
      vertex -22.386977064847237 -16.79644811117089 0
    endloop
  endfacet
  facet normal 0.8443279255020157 0.5358267949789955 0
    outer loop
      vertex -23.956230589874906 -16.058013454126453 0
      vertex -24.077352024078955 -15.867156613383088 3
      vertex -23.956230589874906 -16.058013454126453 3
    endloop
  endfacet
  facet normal 0.9822872507286878 0.1873813145857287 0
    outer loop
      vertex -24.243449690031536 -15.447641796896738 0
      vertex -24.28580646236606 -15.225599820415747 3
      vertex -24.243449690031536 -15.447641796896738 3
    endloop
  endfacet
  facet normal 0.904827052466022 0.4257792915650676 0
    outer loop
      vertex -24.077352024078955 -15.867156613383088 0
      vertex -24.173597674598852 -15.66262419483242 3
      vertex -24.077352024078955 -15.867156613383088 3
    endloop
  endfacet
  facet normal 0.9510565162951535 0.30901699437494784 0
    outer loop
      vertex -24.173597674598852 -15.66262419483242 0
      vertex -24.243449690031536 -15.447641796896738 3
      vertex -24.173597674598852 -15.66262419483242 3
    endloop
  endfacet
  facet normal 0.9980267284282716 0.06279051952931276 0
    outer loop
      vertex -24.28580646236606 -15.225599820415747 0
      vertex -24.3 -15 3
      vertex -24.28580646236606 -15.225599820415747 3
    endloop
  endfacet
  facet normal 0.9980267284282716 -0.06279051952931276 0
    outer loop
      vertex -24.3 -15 0
      vertex -24.28580646236606 -14.774400179584253 3
      vertex -24.3 -15 3
    endloop
  endfacet
  facet normal 0.9822872507286878 -0.1873813145857287 0
    outer loop
      vertex -24.28580646236606 -14.774400179584253 0
      vertex -24.243449690031536 -14.552358203103262 3
      vertex -24.28580646236606 -14.774400179584253 3
    endloop
  endfacet
  facet normal 0.9510565162951535 -0.30901699437494784 0
    outer loop
      vertex -24.243449690031536 -14.552358203103262 0
      vertex -24.173597674598852 -14.33737580516758 3
      vertex -24.243449690031536 -14.552358203103262 3
    endloop
  endfacet
  facet normal 0.904827052466022 -0.4257792915650676 0
    outer loop
      vertex -24.173597674598852 -14.33737580516758 0
      vertex -24.077352024078955 -14.132843386616912 3
      vertex -24.173597674598852 -14.33737580516758 3
    endloop
  endfacet
  facet normal 0.8443279255020135 -0.5358267949789991 0
    outer loop
      vertex -24.077352024078955 -14.132843386616912 0
      vertex -23.956230589874906 -13.941986545873549 3
      vertex -24.077352024078955 -14.132843386616912 3
    endloop
  endfacet
  facet normal 0.7705132427757823 0.637423989748698 0
    outer loop
      vertex -23.81214352935854 -16.23218479067164 0
      vertex -23.956230589874906 -16.058013454126453 3
      vertex -23.81214352935854 -16.23218479067164 3
    endloop
  endfacet
  facet normal 0.6845471059286872 0.7289686274214128 0
    outer loop
      vertex -23.81214352935854 -16.23218479067164 0
      vertex -23.81214352935854 -16.23218479067164 3
      vertex -23.64736318154764 -16.38692383699642 3
    endloop
  endfacet
  facet normal 0.5877852522924749 0.8090169943749461 0
    outer loop
      vertex -23.64736318154764 -16.38692383699642 3
      vertex -23.464488230962193 -16.519790265903627 3
      vertex -23.64736318154764 -16.38692383699642 0
    endloop
  endfacet
  facet normal 0.48175367410171976 0.876306680043861 0
    outer loop
      vertex -23.464488230962193 -16.519790265903627 3
      vertex -23.26640272481713 -16.628688694438836 3
      vertex -23.464488230962193 -16.519790265903627 0
    endloop
  endfacet
  facet normal 0.36812455268467775 0.9297764858882515 0
    outer loop
      vertex -23.26640272481713 -16.628688694438836 3
      vertex -23.056230589874904 -16.711901729331277 3
      vertex -23.26640272481713 -16.628688694438836 0
    endloop
  endfacet
  facet normal 0.7705132427757855 -0.6374239897486942 0
    outer loop
      vertex -23.956230589874906 -13.941986545873549 0
      vertex -23.81214352935854 -13.767815209328361 3
      vertex -23.956230589874906 -13.941986545873549 3
    endloop
  endfacet
  facet normal 0.6845471059286872 -0.7289686274214128 0
    outer loop
      vertex -23.64736318154764 -13.61307616300358 3
      vertex -23.81214352935854 -13.767815209328361 3
      vertex -23.64736318154764 -13.61307616300358 0
    endloop
  endfacet
  facet normal 0.5877852522924749 -0.8090169943749461 0
    outer loop
      vertex -23.464488230962193 -13.480209734096373 3
      vertex -23.64736318154764 -13.61307616300358 3
      vertex -23.464488230962193 -13.480209734096373 0
    endloop
  endfacet
  facet normal 0.48175367410171976 -0.876306680043861 0
    outer loop
      vertex -23.26640272481713 -13.371311305561164 3
      vertex -23.464488230962193 -13.480209734096373 3
      vertex -23.26640272481713 -13.371311305561164 0
    endloop
  endfacet
  facet normal 0.36812455268467775 -0.9297764858882515 0
    outer loop
      vertex -23.056230589874904 -13.288098270668723 3
      vertex -23.26640272481713 -13.371311305561164 3
      vertex -23.056230589874904 -13.288098270668723 0
    endloop
  endfacet
  facet normal 0.24868988716485224 -0.9685831611286319 0
    outer loop
      vertex -22.837286366254304 -13.23188294868836 3
      vertex -23.056230589874904 -13.288098270668723 3
      vertex -22.837286366254304 -13.23188294868836 0
    endloop
  endfacet
  facet normal 0.12533323356430603 -0.9921147013144777 0
    outer loop
      vertex -22.613022935152763 -13.20355188882911 3
      vertex -22.837286366254304 -13.23188294868836 3
      vertex -22.613022935152763 -13.20355188882911 0
    endloop
  endfacet
  facet normal -0.12533323356430603 -0.9921147013144777 0
    outer loop
      vertex -22.162713633745696 -13.23188294868836 3
      vertex -22.386977064847237 -13.20355188882911 3
      vertex -22.162713633745696 -13.23188294868836 0
    endloop
  endfacet
  facet normal 0 -1 0
    outer loop
      vertex -22.386977064847237 -13.20355188882911 3
      vertex -22.613022935152763 -13.20355188882911 3
      vertex -22.386977064847237 -13.20355188882911 0
    endloop
  endfacet
  facet normal -0.2486898871648596 0.9685831611286299 0
    outer loop
      vertex -22.162713633745696 -16.76811705131164 3
      vertex -21.943769410125096 -16.711901729331277 3
      vertex -22.162713633745696 -16.76811705131164 0
    endloop
  endfacet
  facet normal -0.36812455268467775 0.9297764858882515 0
    outer loop
      vertex -21.943769410125096 -16.711901729331277 3
      vertex -21.73359727518287 -16.628688694438836 3
      vertex -21.943769410125096 -16.711901729331277 0
    endloop
  endfacet
  facet normal -0.48175367410171976 0.876306680043861 0
    outer loop
      vertex -21.73359727518287 -16.628688694438836 3
      vertex -21.535511769037807 -16.519790265903627 3
      vertex -21.73359727518287 -16.628688694438836 0
    endloop
  endfacet
  facet normal -0.5877852522924674 0.8090169943749516 0
    outer loop
      vertex -21.535511769037807 -16.519790265903627 3
      vertex -21.352636818452357 -16.38692383699642 3
      vertex -21.535511769037807 -16.519790265903627 0
    endloop
  endfacet
  facet normal -0.684547105928695 0.7289686274214054 0
    outer loop
      vertex -21.352636818452357 -16.38692383699642 3
      vertex -21.18785647064146 -16.23218479067164 3
      vertex -21.352636818452357 -16.38692383699642 0
    endloop
  endfacet
  facet normal -0.7705132427757823 0.637423989748698 0
    outer loop
      vertex -21.043769410125094 -16.058013454126453 0
      vertex -21.18785647064146 -16.23218479067164 3
      vertex -21.043769410125094 -16.058013454126453 3
    endloop
  endfacet
  facet normal -0.8443279255020157 0.5358267949789955 0
    outer loop
      vertex -20.922647975921045 -15.867156613383088 0
      vertex -21.043769410125094 -16.058013454126453 3
      vertex -20.922647975921045 -15.867156613383088 3
    endloop
  endfacet
  facet normal -0.9048270524660205 0.4257792915650706 0
    outer loop
      vertex -20.826402325401148 -15.662624194832421 0
      vertex -20.922647975921045 -15.867156613383088 3
      vertex -20.826402325401148 -15.662624194832421 3
    endloop
  endfacet
  facet normal -0.9510565162951542 0.3090169943749455 0
    outer loop
      vertex -20.756550309968464 -15.447641796896738 0
      vertex -20.826402325401148 -15.662624194832421 3
      vertex -20.756550309968464 -15.447641796896738 3
    endloop
  endfacet
  facet normal -0.9822872507286878 0.1873813145857287 0
    outer loop
      vertex -20.71419353763394 -15.225599820415747 0
      vertex -20.756550309968464 -15.447641796896738 3
      vertex -20.71419353763394 -15.225599820415747 3
    endloop
  endfacet
  facet normal -0.9822872507286876 -0.18738131458573015 0
    outer loop
      vertex -20.756550309968464 -14.552358203103262 0
      vertex -20.71419353763394 -14.774400179584251 3
      vertex -20.756550309968464 -14.552358203103262 3
    endloop
  endfacet
  facet normal -0.8443279255020135 -0.5358267949789991 0
    outer loop
      vertex -21.043769410125094 -13.941986545873549 0
      vertex -20.922647975921045 -14.132843386616912 3
      vertex -21.043769410125094 -13.941986545873549 3
    endloop
  endfacet
  facet normal -0.9510565162951535 -0.30901699437494784 0
    outer loop
      vertex -20.826402325401148 -14.33737580516758 0
      vertex -20.756550309968464 -14.552358203103262 3
      vertex -20.826402325401148 -14.33737580516758 3
    endloop
  endfacet
  facet normal -0.904827052466022 -0.4257792915650676 0
    outer loop
      vertex -20.922647975921045 -14.132843386616912 0
      vertex -20.826402325401148 -14.33737580516758 3
      vertex -20.922647975921045 -14.132843386616912 3
    endloop
  endfacet
  facet normal -0.9980267284282716 0.06279051952931276 0
    outer loop
      vertex -20.7 -15 0
      vertex -20.71419353763394 -15.225599820415747 3
      vertex -20.7 -15 3
    endloop
  endfacet
  facet normal -0.9980267284282716 -0.06279051952931228 0
    outer loop
      vertex -20.71419353763394 -14.774400179584251 0
      vertex -20.7 -15 3
      vertex -20.71419353763394 -14.774400179584251 3
    endloop
  endfacet
  facet normal -0.24868988716485224 -0.9685831611286319 0
    outer loop
      vertex -21.943769410125096 -13.288098270668723 3
      vertex -22.162713633745696 -13.23188294868836 3
      vertex -21.943769410125096 -13.288098270668723 0
    endloop
  endfacet
  facet normal -0.36812455268467775 -0.9297764858882515 0
    outer loop
      vertex -21.73359727518287 -13.371311305561164 3
      vertex -21.943769410125096 -13.288098270668723 3
      vertex -21.73359727518287 -13.371311305561164 0
    endloop
  endfacet
  facet normal -0.48175367410171976 -0.876306680043861 0
    outer loop
      vertex -21.535511769037807 -13.480209734096373 3
      vertex -21.73359727518287 -13.371311305561164 3
      vertex -21.535511769037807 -13.480209734096373 0
    endloop
  endfacet
  facet normal -0.5877852522924674 -0.8090169943749516 0
    outer loop
      vertex -21.352636818452357 -13.61307616300358 3
      vertex -21.535511769037807 -13.480209734096373 3
      vertex -21.352636818452357 -13.61307616300358 0
    endloop
  endfacet
  facet normal -0.6845471059286911 -0.7289686274214094 0
    outer loop
      vertex -21.18785647064146 -13.76781520932836 0
      vertex -21.18785647064146 -13.76781520932836 3
      vertex -21.352636818452357 -13.61307616300358 3
    endloop
  endfacet
  facet normal -0.7705132427757886 -0.6374239897486903 0
    outer loop
      vertex -21.18785647064146 -13.76781520932836 0
      vertex -21.043769410125094 -13.941986545873549 3
      vertex -21.18785647064146 -13.76781520932836 3
    endloop
  endfacet
  facet normal 0.9048270524660214 0.42577929156506894 0
    outer loop
      vertex -24.077352024078955 -0.8671566133830877 0
      vertex -24.173597674598852 -0.6626241948324202 0
      vertex -24.173597674598852 -0.6626241948324202 3
    endloop
  endfacet
  facet normal 0.8443279255020147 0.5358267949789973 0
    outer loop
      vertex -23.956230589874906 -1.0580134541264516 0
      vertex -24.077352024078955 -0.8671566133830877 0
      vertex -24.077352024078955 -0.8671566133830877 3
    endloop
  endfacet
  facet normal 0.9510565162951534 0.30901699437494823 0
    outer loop
      vertex -24.173597674598852 -0.6626241948324202 0
      vertex -24.243449690031536 -0.4476417968967387 0
      vertex -24.243449690031536 -0.4476417968967387 3
    endloop
  endfacet
  facet normal 0.9822872507286879 0.18738131458572846 0
    outer loop
      vertex -24.243449690031536 -0.4476417968967387 0
      vertex -24.28580646236606 -0.22559982041574733 0
      vertex -24.28580646236606 -0.22559982041574733 3
    endloop
  endfacet
  facet normal 0.9980267284282716 0.06279051952931261 0
    outer loop
      vertex -24.28580646236606 -0.22559982041574733 0
      vertex -24.3 0 0
      vertex -24.3 0 3
    endloop
  endfacet
  facet normal 0.587785252292473 0.8090169943749476 0
    outer loop
      vertex -23.464488230962193 -1.5197902659036269 0
      vertex -23.64736318154764 -1.386923836996421 0
      vertex -23.464488230962193 -1.5197902659036269 3
    endloop
  endfacet
  facet normal 0.48175367410171754 0.8763066800438624 0
    outer loop
      vertex -23.26640272481713 -1.6286886944388352 0
      vertex -23.464488230962193 -1.5197902659036269 0
      vertex -23.26640272481713 -1.6286886944388352 3
    endloop
  endfacet
  facet normal 0.36812455268467603 0.9297764858882521 0
    outer loop
      vertex -23.056230589874904 -1.7119017293312764 0
      vertex -23.26640272481713 -1.6286886944388352 0
      vertex -23.056230589874904 -1.7119017293312764 3
    endloop
  endfacet
  facet normal 0.7705132427757859 0.6374239897486937 0
    outer loop
      vertex -23.81214352935854 -1.2321847906716394 0
      vertex -23.956230589874906 -1.0580134541264516 0
      vertex -23.956230589874906 -1.0580134541264516 3
    endloop
  endfacet
  facet normal 0.6845471059286872 0.7289686274214128 0
    outer loop
      vertex -23.64736318154764 -1.386923836996421 0
      vertex -23.81214352935854 -1.2321847906716394 0
      vertex -23.64736318154764 -1.386923836996421 3
    endloop
  endfacet
  facet normal 0.24868988716485593 0.9685831611286309 0
    outer loop
      vertex -22.837286366254304 -1.7681170513116395 0
      vertex -23.056230589874904 -1.7119017293312764 0
      vertex -22.837286366254304 -1.7681170513116395 3
    endloop
  endfacet
  facet normal 0.12533323356430412 0.992114701314478 0
    outer loop
      vertex -22.613022935152763 -1.7964481111708888 0
      vertex -22.837286366254304 -1.7681170513116395 0
      vertex -22.613022935152763 -1.7964481111708888 3
    endloop
  endfacet
  facet normal 0 1 0
    outer loop
      vertex -22.386977064847237 -1.7964481111708888 0
      vertex -22.613022935152763 -1.7964481111708888 0
      vertex -22.386977064847237 -1.7964481111708888 3
    endloop
  endfacet
  facet normal -0.12533323356430412 0.992114701314478 0
    outer loop
      vertex -22.162713633745696 -1.7681170513116395 0
      vertex -22.386977064847237 -1.7964481111708888 0
      vertex -22.162713633745696 -1.7681170513116395 3
    endloop
  endfacet
  facet normal -0.24868988716485593 0.9685831611286309 0
    outer loop
      vertex -21.943769410125096 -1.7119017293312764 0
      vertex -22.162713633745696 -1.7681170513116395 0
      vertex -21.943769410125096 -1.7119017293312764 3
    endloop
  endfacet
  facet normal -0.36812455268467603 0.9297764858882521 0
    outer loop
      vertex -21.73359727518287 -1.6286886944388352 0
      vertex -21.943769410125096 -1.7119017293312764 0
      vertex -21.73359727518287 -1.6286886944388352 3
    endloop
  endfacet
  facet normal -0.48175367410171527 0.8763066800438637 0
    outer loop
      vertex -21.535511769037807 -1.5197902659036275 0
      vertex -21.73359727518287 -1.6286886944388352 0
      vertex -21.535511769037807 -1.5197902659036275 3
    endloop
  endfacet
  facet normal -0.5877852522924694 0.8090169943749502 0
    outer loop
      vertex -21.352636818452357 -1.3869238369964203 0
      vertex -21.535511769037807 -1.5197902659036275 0
      vertex -21.352636818452357 -1.3869238369964203 3
    endloop
  endfacet
  facet normal -0.6845471059286936 0.728968627421407 0
    outer loop
      vertex -21.18785647064146 -1.2321847906716394 0
      vertex -21.352636818452357 -1.3869238369964203 0
      vertex -21.18785647064146 -1.2321847906716394 3
    endloop
  endfacet
  facet normal -0.7705132427757859 0.6374239897486937 0
    outer loop
      vertex -21.18785647064146 -1.2321847906716394 0
      vertex -21.18785647064146 -1.2321847906716394 3
      vertex -21.043769410125094 -1.0580134541264516 0
    endloop
  endfacet
  facet normal -0.8443279255020147 0.5358267949789973 0
    outer loop
      vertex -20.922647975921045 -0.8671566133830877 0
      vertex -21.043769410125094 -1.0580134541264516 0
      vertex -21.043769410125094 -1.0580134541264516 3
    endloop
  endfacet
  facet normal -0.9048270524660206 0.42577929156507044 0
    outer loop
      vertex -20.826402325401148 -0.6626241948324211 0
      vertex -20.922647975921045 -0.8671566133830877 0
      vertex -20.922647975921045 -0.8671566133830877 3
    endloop
  endfacet
  facet normal -0.951056516295154 0.30901699437494606 0
    outer loop
      vertex -20.756550309968464 -0.447641796896738 0
      vertex -20.826402325401148 -0.6626241948324211 0
      vertex -20.826402325401148 -0.6626241948324211 3
    endloop
  endfacet
  facet normal -0.9822872507286878 0.18738131458572907 0
    outer loop
      vertex -20.71419353763394 -0.22559982041574733 0
      vertex -20.756550309968464 -0.447641796896738 0
      vertex -20.756550309968464 -0.447641796896738 3
    endloop
  endfacet
  facet normal -0.9980267284282716 0.06279051952931261 0
    outer loop
      vertex -20.71419353763394 -0.22559982041574733 0
      vertex -20.71419353763394 -0.22559982041574733 3
      vertex -20.7 0 0
    endloop
  endfacet
  facet normal 0.9048270524660214 0.42577929156506894 0
    outer loop
      vertex -24.077352024078955 -0.8671566133830877 0
      vertex -24.173597674598852 -0.6626241948324202 3
      vertex -24.077352024078955 -0.8671566133830877 3
    endloop
  endfacet
  facet normal 0.8443279255020147 0.5358267949789973 0
    outer loop
      vertex -23.956230589874906 -1.0580134541264516 0
      vertex -24.077352024078955 -0.8671566133830877 3
      vertex -23.956230589874906 -1.0580134541264516 3
    endloop
  endfacet
  facet normal 0.9822872507286879 0.18738131458572846 0
    outer loop
      vertex -24.243449690031536 -0.4476417968967387 0
      vertex -24.28580646236606 -0.22559982041574733 3
      vertex -24.243449690031536 -0.4476417968967387 3
    endloop
  endfacet
  facet normal 0.9980267284282716 0.06279051952931261 0
    outer loop
      vertex -24.28580646236606 -0.22559982041574733 0
      vertex -24.3 0 3
      vertex -24.28580646236606 -0.22559982041574733 3
    endloop
  endfacet
  facet normal 0.9510565162951534 0.30901699437494823 0
    outer loop
      vertex -24.173597674598852 -0.6626241948324202 0
      vertex -24.243449690031536 -0.4476417968967387 3
      vertex -24.173597674598852 -0.6626241948324202 3
    endloop
  endfacet
  facet normal 0.587785252292473 0.8090169943749476 0
    outer loop
      vertex -23.64736318154764 -1.386923836996421 3
      vertex -23.464488230962193 -1.5197902659036269 3
      vertex -23.64736318154764 -1.386923836996421 0
    endloop
  endfacet
  facet normal 0.48175367410171754 0.8763066800438624 0
    outer loop
      vertex -23.464488230962193 -1.5197902659036269 3
      vertex -23.26640272481713 -1.6286886944388352 3
      vertex -23.464488230962193 -1.5197902659036269 0
    endloop
  endfacet
  facet normal 0.36812455268467603 0.9297764858882521 0
    outer loop
      vertex -23.26640272481713 -1.6286886944388352 3
      vertex -23.056230589874904 -1.7119017293312764 3
      vertex -23.26640272481713 -1.6286886944388352 0
    endloop
  endfacet
  facet normal 0.7705132427757859 0.6374239897486937 0
    outer loop
      vertex -23.81214352935854 -1.2321847906716394 0
      vertex -23.956230589874906 -1.0580134541264516 3
      vertex -23.81214352935854 -1.2321847906716394 3
    endloop
  endfacet
  facet normal 0.6845471059286872 0.7289686274214128 0
    outer loop
      vertex -23.81214352935854 -1.2321847906716394 0
      vertex -23.81214352935854 -1.2321847906716394 3
      vertex -23.64736318154764 -1.386923836996421 3
    endloop
  endfacet
  facet normal 0.24868988716485593 0.9685831611286309 0
    outer loop
      vertex -23.056230589874904 -1.7119017293312764 3
      vertex -22.837286366254304 -1.7681170513116395 3
      vertex -23.056230589874904 -1.7119017293312764 0
    endloop
  endfacet
  facet normal 0.12533323356430412 0.992114701314478 0
    outer loop
      vertex -22.837286366254304 -1.7681170513116395 3
      vertex -22.613022935152763 -1.7964481111708888 3
      vertex -22.837286366254304 -1.7681170513116395 0
    endloop
  endfacet
  facet normal 0 1 0
    outer loop
      vertex -22.613022935152763 -1.7964481111708888 3
      vertex -22.386977064847237 -1.7964481111708888 3
      vertex -22.613022935152763 -1.7964481111708888 0
    endloop
  endfacet
  facet normal -0.12533323356430412 0.992114701314478 0
    outer loop
      vertex -22.386977064847237 -1.7964481111708888 3
      vertex -22.162713633745696 -1.7681170513116395 3
      vertex -22.386977064847237 -1.7964481111708888 0
    endloop
  endfacet
  facet normal -0.24868988716485593 0.9685831611286309 0
    outer loop
      vertex -22.162713633745696 -1.7681170513116395 3
      vertex -21.943769410125096 -1.7119017293312764 3
      vertex -22.162713633745696 -1.7681170513116395 0
    endloop
  endfacet
  facet normal -0.36812455268467603 0.9297764858882521 0
    outer loop
      vertex -21.943769410125096 -1.7119017293312764 3
      vertex -21.73359727518287 -1.6286886944388352 3
      vertex -21.943769410125096 -1.7119017293312764 0
    endloop
  endfacet
  facet normal -0.48175367410171527 0.8763066800438637 0
    outer loop
      vertex -21.73359727518287 -1.6286886944388352 3
      vertex -21.535511769037807 -1.5197902659036275 3
      vertex -21.73359727518287 -1.6286886944388352 0
    endloop
  endfacet
  facet normal -0.5877852522924694 0.8090169943749502 0
    outer loop
      vertex -21.535511769037807 -1.5197902659036275 3
      vertex -21.352636818452357 -1.3869238369964203 3
      vertex -21.535511769037807 -1.5197902659036275 0
    endloop
  endfacet
  facet normal -0.6845471059286936 0.728968627421407 0
    outer loop
      vertex -21.352636818452357 -1.3869238369964203 3
      vertex -21.18785647064146 -1.2321847906716394 3
      vertex -21.352636818452357 -1.3869238369964203 0
    endloop
  endfacet
  facet normal -0.7705132427757859 0.6374239897486937 0
    outer loop
      vertex -21.043769410125094 -1.0580134541264516 0
      vertex -21.18785647064146 -1.2321847906716394 3
      vertex -21.043769410125094 -1.0580134541264516 3
    endloop
  endfacet
  facet normal -0.8443279255020147 0.5358267949789973 0
    outer loop
      vertex -20.922647975921045 -0.8671566133830877 0
      vertex -21.043769410125094 -1.0580134541264516 3
      vertex -20.922647975921045 -0.8671566133830877 3
    endloop
  endfacet
  facet normal -0.9048270524660206 0.42577929156507044 0
    outer loop
      vertex -20.826402325401148 -0.6626241948324211 0
      vertex -20.922647975921045 -0.8671566133830877 3
      vertex -20.826402325401148 -0.6626241948324211 3
    endloop
  endfacet
  facet normal -0.951056516295154 0.30901699437494606 0
    outer loop
      vertex -20.756550309968464 -0.447641796896738 0
      vertex -20.826402325401148 -0.6626241948324211 3
      vertex -20.756550309968464 -0.447641796896738 3
    endloop
  endfacet
  facet normal -0.9822872507286878 0.18738131458572907 0
    outer loop
      vertex -20.71419353763394 -0.22559982041574733 0
      vertex -20.756550309968464 -0.447641796896738 3
      vertex -20.71419353763394 -0.22559982041574733 3
    endloop
  endfacet
  facet normal -0.9980267284282716 0.06279051952931261 0
    outer loop
      vertex -20.7 0 0
      vertex -20.71419353763394 -0.22559982041574733 3
      vertex -20.7 0 3
    endloop
  endfacet
  facet normal 0.9980267284282716 -0.06279051952931261 0
    outer loop
      vertex -24.3 0 0
      vertex -24.28580646236606 0.22559982041574733 0
      vertex -24.28580646236606 0.22559982041574733 3
    endloop
  endfacet
  facet normal 0.9822872507286879 -0.18738131458572846 0
    outer loop
      vertex -24.28580646236606 0.22559982041574733 0
      vertex -24.243449690031536 0.4476417968967387 0
      vertex -24.243449690031536 0.4476417968967387 3
    endloop
  endfacet
  facet normal 0.9510565162951534 -0.30901699437494823 0
    outer loop
      vertex -24.243449690031536 0.4476417968967387 0
      vertex -24.173597674598852 0.6626241948324202 0
      vertex -24.173597674598852 0.6626241948324202 3
    endloop
  endfacet
  facet normal 0.9048270524660214 -0.42577929156506894 0
    outer loop
      vertex -24.173597674598852 0.6626241948324202 0
      vertex -24.077352024078955 0.8671566133830877 0
      vertex -24.077352024078955 0.8671566133830877 3
    endloop
  endfacet
  facet normal 0.8443279255020147 -0.5358267949789973 0
    outer loop
      vertex -24.077352024078955 0.8671566133830877 0
      vertex -23.956230589874906 1.0580134541264516 0
      vertex -23.956230589874906 1.0580134541264516 3
    endloop
  endfacet
  facet normal 0.7705132427757859 -0.6374239897486937 0
    outer loop
      vertex -23.956230589874906 1.0580134541264516 0
      vertex -23.81214352935854 1.2321847906716394 0
      vertex -23.81214352935854 1.2321847906716394 3
    endloop
  endfacet
  facet normal 0.6845471059286872 -0.7289686274214128 0
    outer loop
      vertex -23.81214352935854 1.2321847906716394 0
      vertex -23.64736318154764 1.386923836996421 0
      vertex -23.81214352935854 1.2321847906716394 3
    endloop
  endfacet
  facet normal 0.587785252292473 -0.8090169943749476 0
    outer loop
      vertex -23.64736318154764 1.386923836996421 0
      vertex -23.464488230962193 1.5197902659036269 0
      vertex -23.64736318154764 1.386923836996421 3
    endloop
  endfacet
  facet normal 0.48175367410171677 -0.8763066800438628 0
    outer loop
      vertex -23.464488230962193 1.5197902659036269 0
      vertex -23.26640272481713 1.628688694438835 0
      vertex -23.464488230962193 1.5197902659036269 3
    endloop
  endfacet
  facet normal 0.3681245526846769 -0.9297764858882518 0
    outer loop
      vertex -23.26640272481713 1.628688694438835 0
      vertex -23.056230589874904 1.7119017293312764 0
      vertex -23.26640272481713 1.628688694438835 3
    endloop
  endfacet
  facet normal 0.24868988716485682 -0.9685831611286305 0
    outer loop
      vertex -23.056230589874904 1.7119017293312764 0
      vertex -22.837286366254304 1.7681170513116398 0
      vertex -23.056230589874904 1.7119017293312764 3
    endloop
  endfacet
  facet normal 0.12533323356430312 -0.992114701314478 0
    outer loop
      vertex -22.837286366254304 1.7681170513116398 0
      vertex -22.613022935152763 1.7964481111708888 0
      vertex -22.837286366254304 1.7681170513116398 3
    endloop
  endfacet
  facet normal 0 -1 0
    outer loop
      vertex -22.613022935152763 1.7964481111708888 0
      vertex -22.386977064847237 1.7964481111708888 0
      vertex -22.613022935152763 1.7964481111708888 3
    endloop
  endfacet
  facet normal -0.12533323356430312 -0.992114701314478 0
    outer loop
      vertex -22.386977064847237 1.7964481111708888 0
      vertex -22.162713633745696 1.7681170513116398 0
      vertex -22.386977064847237 1.7964481111708888 3
    endloop
  endfacet
  facet normal -0.6845471059286936 -0.728968627421407 0
    outer loop
      vertex -21.352636818452357 1.3869238369964205 0
      vertex -21.18785647064146 1.2321847906716397 0
      vertex -21.352636818452357 1.3869238369964205 3
    endloop
  endfacet
  facet normal -0.24868988716485682 -0.9685831611286305 0
    outer loop
      vertex -22.162713633745696 1.7681170513116398 0
      vertex -21.943769410125096 1.7119017293312764 0
      vertex -22.162713633745696 1.7681170513116398 3
    endloop
  endfacet
  facet normal -0.3681245526846769 -0.9297764858882518 0
    outer loop
      vertex -21.943769410125096 1.7119017293312764 0
      vertex -21.73359727518287 1.628688694438835 0
      vertex -21.943769410125096 1.7119017293312764 3
    endloop
  endfacet
  facet normal -0.48175367410171605 -0.8763066800438633 0
    outer loop
      vertex -21.73359727518287 1.628688694438835 0
      vertex -21.535511769037807 1.519790265903627 0
      vertex -21.73359727518287 1.628688694438835 3
    endloop
  endfacet
  facet normal -0.5877852522924674 -0.8090169943749516 0
    outer loop
      vertex -21.535511769037807 1.519790265903627 0
      vertex -21.352636818452357 1.3869238369964205 0
      vertex -21.535511769037807 1.519790265903627 3
    endloop
  endfacet
  facet normal -0.9510565162951535 -0.30901699437494784 0
    outer loop
      vertex -20.826402325401148 0.6626241948324204 0
      vertex -20.756550309968464 0.44764179689673866 0
      vertex -20.756550309968464 0.44764179689673866 3
    endloop
  endfacet
  facet normal -0.7705132427757863 -0.6374239897486932 0
    outer loop
      vertex -21.18785647064146 1.2321847906716397 0
      vertex -21.043769410125094 1.0580134541264516 0
      vertex -21.043769410125094 1.0580134541264516 3
    endloop
  endfacet
  facet normal -0.9048270524660211 -0.4257792915650695 0
    outer loop
      vertex -20.922647975921045 0.8671566133830876 0
      vertex -20.826402325401148 0.6626241948324204 0
      vertex -20.826402325401148 0.6626241948324204 3
    endloop
  endfacet
  facet normal -0.8443279255020149 -0.5358267949789971 0
    outer loop
      vertex -21.043769410125094 1.0580134541264516 0
      vertex -20.922647975921045 0.8671566133830876 0
      vertex -20.922647975921045 0.8671566133830876 3
    endloop
  endfacet
  facet normal -0.9980267284282716 -0.06279051952931253 0
    outer loop
      vertex -20.7 0 0
      vertex -20.7 0 3
      vertex -20.71419353763394 0.22559982041574766 0
    endloop
  endfacet
  facet normal -0.9822872507286878 -0.1873813145857288 0
    outer loop
      vertex -20.756550309968464 0.44764179689673866 0
      vertex -20.71419353763394 0.22559982041574766 0
      vertex -20.71419353763394 0.22559982041574766 3
    endloop
  endfacet
  facet normal 0.9980267284282716 -0.06279051952931261 0
    outer loop
      vertex -24.3 0 0
      vertex -24.28580646236606 0.22559982041574733 3
      vertex -24.3 0 3
    endloop
  endfacet
  facet normal 0.9822872507286879 -0.18738131458572846 0
    outer loop
      vertex -24.28580646236606 0.22559982041574733 0
      vertex -24.243449690031536 0.4476417968967387 3
      vertex -24.28580646236606 0.22559982041574733 3
    endloop
  endfacet
  facet normal 0.9510565162951534 -0.30901699437494823 0
    outer loop
      vertex -24.243449690031536 0.4476417968967387 0
      vertex -24.173597674598852 0.6626241948324202 3
      vertex -24.243449690031536 0.4476417968967387 3
    endloop
  endfacet
  facet normal 0.9048270524660214 -0.42577929156506894 0
    outer loop
      vertex -24.173597674598852 0.6626241948324202 0
      vertex -24.077352024078955 0.8671566133830877 3
      vertex -24.173597674598852 0.6626241948324202 3
    endloop
  endfacet
  facet normal 0.8443279255020147 -0.5358267949789973 0
    outer loop
      vertex -24.077352024078955 0.8671566133830877 0
      vertex -23.956230589874906 1.0580134541264516 3
      vertex -24.077352024078955 0.8671566133830877 3
    endloop
  endfacet
  facet normal 0.7705132427757859 -0.6374239897486937 0
    outer loop
      vertex -23.956230589874906 1.0580134541264516 0
      vertex -23.81214352935854 1.2321847906716394 3
      vertex -23.956230589874906 1.0580134541264516 3
    endloop
  endfacet
  facet normal 0.6845471059286872 -0.7289686274214128 0
    outer loop
      vertex -23.64736318154764 1.386923836996421 3
      vertex -23.81214352935854 1.2321847906716394 3
      vertex -23.64736318154764 1.386923836996421 0
    endloop
  endfacet
  facet normal 0.587785252292473 -0.8090169943749476 0
    outer loop
      vertex -23.464488230962193 1.5197902659036269 3
      vertex -23.64736318154764 1.386923836996421 3
      vertex -23.464488230962193 1.5197902659036269 0
    endloop
  endfacet
  facet normal 0.48175367410171677 -0.8763066800438628 0
    outer loop
      vertex -23.26640272481713 1.628688694438835 3
      vertex -23.464488230962193 1.5197902659036269 3
      vertex -23.26640272481713 1.628688694438835 0
    endloop
  endfacet
  facet normal 0.3681245526846769 -0.9297764858882518 0
    outer loop
      vertex -23.056230589874904 1.7119017293312764 3
      vertex -23.26640272481713 1.628688694438835 3
      vertex -23.056230589874904 1.7119017293312764 0
    endloop
  endfacet
  facet normal 0.24868988716485682 -0.9685831611286305 0
    outer loop
      vertex -22.837286366254304 1.7681170513116398 3
      vertex -23.056230589874904 1.7119017293312764 3
      vertex -22.837286366254304 1.7681170513116398 0
    endloop
  endfacet
  facet normal 0.12533323356430312 -0.992114701314478 0
    outer loop
      vertex -22.613022935152763 1.7964481111708888 3
      vertex -22.837286366254304 1.7681170513116398 3
      vertex -22.613022935152763 1.7964481111708888 0
    endloop
  endfacet
  facet normal 0 -1 0
    outer loop
      vertex -22.386977064847237 1.7964481111708888 3
      vertex -22.613022935152763 1.7964481111708888 3
      vertex -22.386977064847237 1.7964481111708888 0
    endloop
  endfacet
  facet normal -0.12533323356430312 -0.992114701314478 0
    outer loop
      vertex -22.162713633745696 1.7681170513116398 3
      vertex -22.386977064847237 1.7964481111708888 3
      vertex -22.162713633745696 1.7681170513116398 0
    endloop
  endfacet
  facet normal -0.6845471059286936 -0.728968627421407 0
    outer loop
      vertex -21.18785647064146 1.2321847906716397 3
      vertex -21.352636818452357 1.3869238369964205 3
      vertex -21.18785647064146 1.2321847906716397 0
    endloop
  endfacet
  facet normal -0.24868988716485682 -0.9685831611286305 0
    outer loop
      vertex -21.943769410125096 1.7119017293312764 3
      vertex -22.162713633745696 1.7681170513116398 3
      vertex -21.943769410125096 1.7119017293312764 0
    endloop
  endfacet
  facet normal -0.3681245526846769 -0.9297764858882518 0
    outer loop
      vertex -21.73359727518287 1.628688694438835 3
      vertex -21.943769410125096 1.7119017293312764 3
      vertex -21.73359727518287 1.628688694438835 0
    endloop
  endfacet
  facet normal -0.48175367410171605 -0.8763066800438633 0
    outer loop
      vertex -21.535511769037807 1.519790265903627 3
      vertex -21.73359727518287 1.628688694438835 3
      vertex -21.535511769037807 1.519790265903627 0
    endloop
  endfacet
  facet normal -0.5877852522924674 -0.8090169943749516 0
    outer loop
      vertex -21.352636818452357 1.3869238369964205 3
      vertex -21.535511769037807 1.519790265903627 3
      vertex -21.352636818452357 1.3869238369964205 0
    endloop
  endfacet
  facet normal -0.9822872507286878 -0.1873813145857288 0
    outer loop
      vertex -20.756550309968464 0.44764179689673866 0
      vertex -20.71419353763394 0.22559982041574766 3
      vertex -20.756550309968464 0.44764179689673866 3
    endloop
  endfacet
  facet normal -0.9510565162951535 -0.30901699437494784 0
    outer loop
      vertex -20.826402325401148 0.6626241948324204 0
      vertex -20.756550309968464 0.44764179689673866 3
      vertex -20.826402325401148 0.6626241948324204 3
    endloop
  endfacet
  facet normal -0.8443279255020149 -0.5358267949789971 0
    outer loop
      vertex -21.043769410125094 1.0580134541264516 0
      vertex -20.922647975921045 0.8671566133830876 3
      vertex -21.043769410125094 1.0580134541264516 3
    endloop
  endfacet
  facet normal -0.7705132427757863 -0.6374239897486932 0
    outer loop
      vertex -21.18785647064146 1.2321847906716397 0
      vertex -21.043769410125094 1.0580134541264516 3
      vertex -21.18785647064146 1.2321847906716397 3
    endloop
  endfacet
  facet normal -0.9048270524660211 -0.4257792915650695 0
    outer loop
      vertex -20.922647975921045 0.8671566133830876 0
      vertex -20.826402325401148 0.6626241948324204 3
      vertex -20.922647975921045 0.8671566133830876 3
    endloop
  endfacet
  facet normal -0.9980267284282716 -0.06279051952931253 0
    outer loop
      vertex -20.71419353763394 0.22559982041574766 0
      vertex -20.7 0 3
      vertex -20.71419353763394 0.22559982041574766 3
    endloop
  endfacet
  facet normal 0.9510565162951535 0.30901699437494784 0
    outer loop
      vertex -24.173597674598852 14.33737580516758 0
      vertex -24.243449690031536 14.552358203103262 0
      vertex -24.243449690031536 14.552358203103262 3
    endloop
  endfacet
  facet normal 0.8443279255020135 0.5358267949789991 0
    outer loop
      vertex -23.956230589874906 13.941986545873549 0
      vertex -24.077352024078955 14.132843386616912 0
      vertex -24.077352024078955 14.132843386616912 3
    endloop
  endfacet
  facet normal 0.904827052466022 0.4257792915650676 0
    outer loop
      vertex -24.077352024078955 14.132843386616912 0
      vertex -24.173597674598852 14.33737580516758 0
      vertex -24.173597674598852 14.33737580516758 3
    endloop
  endfacet
  facet normal 0.9822872507286878 0.1873813145857287 0
    outer loop
      vertex -24.243449690031536 14.552358203103262 0
      vertex -24.28580646236606 14.774400179584253 0
      vertex -24.28580646236606 14.774400179584253 3
    endloop
  endfacet
  facet normal 0.9980267284282716 0.06279051952931276 0
    outer loop
      vertex -24.28580646236606 14.774400179584253 0
      vertex -24.3 15 0
      vertex -24.3 15 3
    endloop
  endfacet
  facet normal 0.9980267284282716 -0.06279051952931276 0
    outer loop
      vertex -24.3 15 0
      vertex -24.28580646236606 15.225599820415747 0
      vertex -24.28580646236606 15.225599820415747 3
    endloop
  endfacet
  facet normal 0.9822872507286878 -0.1873813145857287 0
    outer loop
      vertex -24.28580646236606 15.225599820415747 0
      vertex -24.243449690031536 15.447641796896738 0
      vertex -24.243449690031536 15.447641796896738 3
    endloop
  endfacet
  facet normal 0.9510565162951535 -0.30901699437494784 0
    outer loop
      vertex -24.243449690031536 15.447641796896738 0
      vertex -24.173597674598852 15.66262419483242 0
      vertex -24.173597674598852 15.66262419483242 3
    endloop
  endfacet
  facet normal 0.904827052466022 -0.4257792915650676 0
    outer loop
      vertex -24.173597674598852 15.66262419483242 0
      vertex -24.077352024078955 15.867156613383088 0
      vertex -24.077352024078955 15.867156613383088 3
    endloop
  endfacet
  facet normal 0.8443279255020157 -0.5358267949789955 0
    outer loop
      vertex -24.077352024078955 15.867156613383088 0
      vertex -23.956230589874906 16.058013454126453 0
      vertex -23.956230589874906 16.058013454126453 3
    endloop
  endfacet
  facet normal 0.7705132427757855 0.6374239897486942 0
    outer loop
      vertex -23.81214352935854 13.767815209328361 0
      vertex -23.956230589874906 13.941986545873549 0
      vertex -23.956230589874906 13.941986545873549 3
    endloop
  endfacet
  facet normal 0.5877852522924749 0.8090169943749461 0
    outer loop
      vertex -23.464488230962193 13.480209734096373 0
      vertex -23.64736318154764 13.61307616300358 0
      vertex -23.464488230962193 13.480209734096373 3
    endloop
  endfacet
  facet normal 0.6845471059286872 0.7289686274214128 0
    outer loop
      vertex -23.64736318154764 13.61307616300358 0
      vertex -23.81214352935854 13.767815209328361 0
      vertex -23.64736318154764 13.61307616300358 3
    endloop
  endfacet
  facet normal 0.48175367410171976 0.876306680043861 0
    outer loop
      vertex -23.26640272481713 13.371311305561164 0
      vertex -23.464488230962193 13.480209734096373 0
      vertex -23.26640272481713 13.371311305561164 3
    endloop
  endfacet
  facet normal 0.36812455268467775 0.9297764858882515 0
    outer loop
      vertex -23.056230589874904 13.288098270668723 0
      vertex -23.26640272481713 13.371311305561164 0
      vertex -23.056230589874904 13.288098270668723 3
    endloop
  endfacet
  facet normal 0.24868988716485224 0.9685831611286319 0
    outer loop
      vertex -22.837286366254304 13.23188294868836 0
      vertex -23.056230589874904 13.288098270668723 0
      vertex -22.837286366254304 13.23188294868836 3
    endloop
  endfacet
  facet normal 0.12533323356430603 0.9921147013144777 0
    outer loop
      vertex -22.613022935152763 13.20355188882911 0
      vertex -22.837286366254304 13.23188294868836 0
      vertex -22.613022935152763 13.20355188882911 3
    endloop
  endfacet
  facet normal 0 1 0
    outer loop
      vertex -22.386977064847237 13.20355188882911 0
      vertex -22.613022935152763 13.20355188882911 0
      vertex -22.386977064847237 13.20355188882911 3
    endloop
  endfacet
  facet normal -0.12533323356430603 0.9921147013144777 0
    outer loop
      vertex -22.162713633745696 13.23188294868836 0
      vertex -22.386977064847237 13.20355188882911 0
      vertex -22.162713633745696 13.23188294868836 3
    endloop
  endfacet
  facet normal 0.7705132427757823 -0.637423989748698 0
    outer loop
      vertex -23.956230589874906 16.058013454126453 0
      vertex -23.81214352935854 16.23218479067164 0
      vertex -23.81214352935854 16.23218479067164 3
    endloop
  endfacet
  facet normal 0.6845471059286872 -0.7289686274214128 0
    outer loop
      vertex -23.81214352935854 16.23218479067164 0
      vertex -23.64736318154764 16.38692383699642 0
      vertex -23.81214352935854 16.23218479067164 3
    endloop
  endfacet
  facet normal 0.5877852522924749 -0.8090169943749461 0
    outer loop
      vertex -23.64736318154764 16.38692383699642 0
      vertex -23.464488230962193 16.519790265903627 0
      vertex -23.64736318154764 16.38692383699642 3
    endloop
  endfacet
  facet normal 0.48175367410171976 -0.876306680043861 0
    outer loop
      vertex -23.464488230962193 16.519790265903627 0
      vertex -23.26640272481713 16.628688694438836 0
      vertex -23.464488230962193 16.519790265903627 3
    endloop
  endfacet
  facet normal 0.36812455268467775 -0.9297764858882515 0
    outer loop
      vertex -23.26640272481713 16.628688694438836 0
      vertex -23.056230589874904 16.711901729331277 0
      vertex -23.26640272481713 16.628688694438836 3
    endloop
  endfacet
  facet normal 0.2486898871648596 -0.9685831611286299 0
    outer loop
      vertex -23.056230589874904 16.711901729331277 0
      vertex -22.837286366254304 16.76811705131164 0
      vertex -23.056230589874904 16.711901729331277 3
    endloop
  endfacet
  facet normal 0.1253332335642983 -0.9921147013144787 0
    outer loop
      vertex -22.837286366254304 16.76811705131164 0
      vertex -22.613022935152763 16.79644811117089 0
      vertex -22.837286366254304 16.76811705131164 3
    endloop
  endfacet
  facet normal 0 -1 0
    outer loop
      vertex -22.613022935152763 16.79644811117089 0
      vertex -22.386977064847237 16.79644811117089 0
      vertex -22.613022935152763 16.79644811117089 3
    endloop
  endfacet
  facet normal -0.1253332335642983 -0.9921147013144787 0
    outer loop
      vertex -22.386977064847237 16.79644811117089 0
      vertex -22.162713633745696 16.76811705131164 0
      vertex -22.386977064847237 16.79644811117089 3
    endloop
  endfacet
  facet normal -0.24868988716485224 0.9685831611286319 0
    outer loop
      vertex -21.943769410125096 13.288098270668723 0
      vertex -22.162713633745696 13.23188294868836 0
      vertex -21.943769410125096 13.288098270668723 3
    endloop
  endfacet
  facet normal -0.36812455268467775 0.9297764858882515 0
    outer loop
      vertex -21.73359727518287 13.371311305561164 0
      vertex -21.943769410125096 13.288098270668723 0
      vertex -21.73359727518287 13.371311305561164 3
    endloop
  endfacet
  facet normal -0.48175367410171976 0.876306680043861 0
    outer loop
      vertex -21.535511769037807 13.480209734096373 0
      vertex -21.73359727518287 13.371311305561164 0
      vertex -21.535511769037807 13.480209734096373 3
    endloop
  endfacet
  facet normal -0.5877852522924674 0.8090169943749516 0
    outer loop
      vertex -21.352636818452357 13.61307616300358 0
      vertex -21.535511769037807 13.480209734096373 0
      vertex -21.352636818452357 13.61307616300358 3
    endloop
  endfacet
  facet normal -0.684547105928695 0.7289686274214054 0
    outer loop
      vertex -21.18785647064146 13.767815209328361 0
      vertex -21.352636818452357 13.61307616300358 0
      vertex -21.18785647064146 13.767815209328361 3
    endloop
  endfacet
  facet normal -0.7705132427757855 0.6374239897486942 0
    outer loop
      vertex -21.18785647064146 13.767815209328361 0
      vertex -21.18785647064146 13.767815209328361 3
      vertex -21.043769410125094 13.941986545873549 0
    endloop
  endfacet
  facet normal -0.48175367410171976 -0.876306680043861 0
    outer loop
      vertex -21.73359727518287 16.628688694438836 0
      vertex -21.535511769037807 16.519790265903627 0
      vertex -21.73359727518287 16.628688694438836 3
    endloop
  endfacet
  facet normal -0.5877852522924674 -0.8090169943749516 0
    outer loop
      vertex -21.535511769037807 16.519790265903627 0
      vertex -21.352636818452357 16.38692383699642 0
      vertex -21.535511769037807 16.519790265903627 3
    endloop
  endfacet
  facet normal -0.684547105928695 -0.7289686274214054 0
    outer loop
      vertex -21.352636818452357 16.38692383699642 0
      vertex -21.18785647064146 16.23218479067164 0
      vertex -21.352636818452357 16.38692383699642 3
    endloop
  endfacet
  facet normal -0.8443279255020135 0.5358267949789991 0
    outer loop
      vertex -20.922647975921045 14.132843386616912 0
      vertex -21.043769410125094 13.941986545873549 0
      vertex -21.043769410125094 13.941986545873549 3
    endloop
  endfacet
  facet normal -0.9048270524660205 0.4257792915650706 0
    outer loop
      vertex -20.826402325401148 14.337375805167579 0
      vertex -20.922647975921045 14.132843386616912 0
      vertex -20.922647975921045 14.132843386616912 3
    endloop
  endfacet
  facet normal -0.9510565162951542 0.3090169943749455 0
    outer loop
      vertex -20.756550309968464 14.552358203103262 0
      vertex -20.826402325401148 14.337375805167579 0
      vertex -20.826402325401148 14.337375805167579 3
    endloop
  endfacet
  facet normal -0.9822872507286878 0.1873813145857287 0
    outer loop
      vertex -20.71419353763394 14.774400179584253 0
      vertex -20.756550309968464 14.552358203103262 0
      vertex -20.756550309968464 14.552358203103262 3
    endloop
  endfacet
  facet normal -0.9980267284282716 0.06279051952931276 0
    outer loop
      vertex -20.7 15 0
      vertex -20.71419353763394 14.774400179584253 0
      vertex -20.71419353763394 14.774400179584253 3
    endloop
  endfacet
  facet normal -0.9980267284282716 -0.06279051952931228 0
    outer loop
      vertex -20.71419353763394 15.225599820415749 0
      vertex -20.7 15 0
      vertex -20.7 15 3
    endloop
  endfacet
  facet normal -0.9510565162951535 -0.30901699437494784 0
    outer loop
      vertex -20.826402325401148 15.66262419483242 0
      vertex -20.756550309968464 15.447641796896738 0
      vertex -20.756550309968464 15.447641796896738 3
    endloop
  endfacet
  facet normal -0.904827052466022 -0.4257792915650676 0
    outer loop
      vertex -20.922647975921045 15.867156613383088 0
      vertex -20.826402325401148 15.66262419483242 0
      vertex -20.826402325401148 15.66262419483242 3
    endloop
  endfacet
  facet normal -0.8443279255020157 -0.5358267949789955 0
    outer loop
      vertex -21.043769410125094 16.058013454126453 0
      vertex -20.922647975921045 15.867156613383088 0
      vertex -20.922647975921045 15.867156613383088 3
    endloop
  endfacet
  facet normal -0.7705132427757823 -0.637423989748698 0
    outer loop
      vertex -21.18785647064146 16.23218479067164 0
      vertex -21.043769410125094 16.058013454126453 0
      vertex -21.043769410125094 16.058013454126453 3
    endloop
  endfacet
  facet normal -0.9822872507286876 -0.18738131458573015 0
    outer loop
      vertex -20.756550309968464 15.447641796896738 0
      vertex -20.71419353763394 15.225599820415749 0
      vertex -20.71419353763394 15.225599820415749 3
    endloop
  endfacet
  facet normal -0.2486898871648596 -0.9685831611286299 0
    outer loop
      vertex -22.162713633745696 16.76811705131164 0
      vertex -21.943769410125096 16.711901729331277 0
      vertex -22.162713633745696 16.76811705131164 3
    endloop
  endfacet
  facet normal -0.36812455268467775 -0.9297764858882515 0
    outer loop
      vertex -21.943769410125096 16.711901729331277 0
      vertex -21.73359727518287 16.628688694438836 0
      vertex -21.943769410125096 16.711901729331277 3
    endloop
  endfacet
  facet normal 0.904827052466022 0.4257792915650676 0
    outer loop
      vertex -24.077352024078955 14.132843386616912 0
      vertex -24.173597674598852 14.33737580516758 3
      vertex -24.077352024078955 14.132843386616912 3
    endloop
  endfacet
  facet normal 0.8443279255020135 0.5358267949789991 0
    outer loop
      vertex -23.956230589874906 13.941986545873549 0
      vertex -24.077352024078955 14.132843386616912 3
      vertex -23.956230589874906 13.941986545873549 3
    endloop
  endfacet
  facet normal 0.9510565162951535 0.30901699437494784 0
    outer loop
      vertex -24.173597674598852 14.33737580516758 0
      vertex -24.243449690031536 14.552358203103262 3
      vertex -24.173597674598852 14.33737580516758 3
    endloop
  endfacet
  facet normal 0.9822872507286878 0.1873813145857287 0
    outer loop
      vertex -24.243449690031536 14.552358203103262 0
      vertex -24.28580646236606 14.774400179584253 3
      vertex -24.243449690031536 14.552358203103262 3
    endloop
  endfacet
  facet normal 0.9980267284282716 0.06279051952931276 0
    outer loop
      vertex -24.28580646236606 14.774400179584253 0
      vertex -24.3 15 3
      vertex -24.28580646236606 14.774400179584253 3
    endloop
  endfacet
  facet normal 0.9980267284282716 -0.06279051952931276 0
    outer loop
      vertex -24.3 15 0
      vertex -24.28580646236606 15.225599820415747 3
      vertex -24.3 15 3
    endloop
  endfacet
  facet normal 0.9822872507286878 -0.1873813145857287 0
    outer loop
      vertex -24.28580646236606 15.225599820415747 0
      vertex -24.243449690031536 15.447641796896738 3
      vertex -24.28580646236606 15.225599820415747 3
    endloop
  endfacet
  facet normal 0.9510565162951535 -0.30901699437494784 0
    outer loop
      vertex -24.243449690031536 15.447641796896738 0
      vertex -24.173597674598852 15.66262419483242 3
      vertex -24.243449690031536 15.447641796896738 3
    endloop
  endfacet
  facet normal 0.904827052466022 -0.4257792915650676 0
    outer loop
      vertex -24.173597674598852 15.66262419483242 0
      vertex -24.077352024078955 15.867156613383088 3
      vertex -24.173597674598852 15.66262419483242 3
    endloop
  endfacet
  facet normal 0.8443279255020157 -0.5358267949789955 0
    outer loop
      vertex -24.077352024078955 15.867156613383088 0
      vertex -23.956230589874906 16.058013454126453 3
      vertex -24.077352024078955 15.867156613383088 3
    endloop
  endfacet
  facet normal 0.7705132427757855 0.6374239897486942 0
    outer loop
      vertex -23.81214352935854 13.767815209328361 0
      vertex -23.956230589874906 13.941986545873549 3
      vertex -23.81214352935854 13.767815209328361 3
    endloop
  endfacet
  facet normal 0.6845471059286872 0.7289686274214128 0
    outer loop
      vertex -23.81214352935854 13.767815209328361 3
      vertex -23.64736318154764 13.61307616300358 3
      vertex -23.81214352935854 13.767815209328361 0
    endloop
  endfacet
  facet normal 0.5877852522924749 0.8090169943749461 0
    outer loop
      vertex -23.64736318154764 13.61307616300358 3
      vertex -23.464488230962193 13.480209734096373 3
      vertex -23.64736318154764 13.61307616300358 0
    endloop
  endfacet
  facet normal 0.48175367410171976 0.876306680043861 0
    outer loop
      vertex -23.464488230962193 13.480209734096373 3
      vertex -23.26640272481713 13.371311305561164 3
      vertex -23.464488230962193 13.480209734096373 0
    endloop
  endfacet
  facet normal 0.36812455268467775 0.9297764858882515 0
    outer loop
      vertex -23.26640272481713 13.371311305561164 3
      vertex -23.056230589874904 13.288098270668723 3
      vertex -23.26640272481713 13.371311305561164 0
    endloop
  endfacet
  facet normal 0.24868988716485224 0.9685831611286319 0
    outer loop
      vertex -23.056230589874904 13.288098270668723 3
      vertex -22.837286366254304 13.23188294868836 3
      vertex -23.056230589874904 13.288098270668723 0
    endloop
  endfacet
  facet normal 0.12533323356430603 0.9921147013144777 0
    outer loop
      vertex -22.837286366254304 13.23188294868836 3
      vertex -22.613022935152763 13.20355188882911 3
      vertex -22.837286366254304 13.23188294868836 0
    endloop
  endfacet
  facet normal 0 1 0
    outer loop
      vertex -22.613022935152763 13.20355188882911 3
      vertex -22.386977064847237 13.20355188882911 3
      vertex -22.613022935152763 13.20355188882911 0
    endloop
  endfacet
  facet normal -0.12533323356430603 0.9921147013144777 0
    outer loop
      vertex -22.386977064847237 13.20355188882911 3
      vertex -22.162713633745696 13.23188294868836 3
      vertex -22.386977064847237 13.20355188882911 0
    endloop
  endfacet
  facet normal 0.7705132427757823 -0.637423989748698 0
    outer loop
      vertex -23.956230589874906 16.058013454126453 0
      vertex -23.81214352935854 16.23218479067164 3
      vertex -23.956230589874906 16.058013454126453 3
    endloop
  endfacet
  facet normal 0.6845471059286872 -0.7289686274214128 0
    outer loop
      vertex -23.64736318154764 16.38692383699642 3
      vertex -23.81214352935854 16.23218479067164 3
      vertex -23.64736318154764 16.38692383699642 0
    endloop
  endfacet
  facet normal 0.5877852522924749 -0.8090169943749461 0
    outer loop
      vertex -23.464488230962193 16.519790265903627 3
      vertex -23.64736318154764 16.38692383699642 3
      vertex -23.464488230962193 16.519790265903627 0
    endloop
  endfacet
  facet normal 0.48175367410171976 -0.876306680043861 0
    outer loop
      vertex -23.26640272481713 16.628688694438836 3
      vertex -23.464488230962193 16.519790265903627 3
      vertex -23.26640272481713 16.628688694438836 0
    endloop
  endfacet
  facet normal 0.36812455268467775 -0.9297764858882515 0
    outer loop
      vertex -23.056230589874904 16.711901729331277 3
      vertex -23.26640272481713 16.628688694438836 3
      vertex -23.056230589874904 16.711901729331277 0
    endloop
  endfacet
  facet normal 0.2486898871648596 -0.9685831611286299 0
    outer loop
      vertex -22.837286366254304 16.76811705131164 3
      vertex -23.056230589874904 16.711901729331277 3
      vertex -22.837286366254304 16.76811705131164 0
    endloop
  endfacet
  facet normal 0.1253332335642983 -0.9921147013144787 0
    outer loop
      vertex -22.613022935152763 16.79644811117089 3
      vertex -22.837286366254304 16.76811705131164 3
      vertex -22.613022935152763 16.79644811117089 0
    endloop
  endfacet
  facet normal 0 -1 0
    outer loop
      vertex -22.386977064847237 16.79644811117089 3
      vertex -22.613022935152763 16.79644811117089 3
      vertex -22.386977064847237 16.79644811117089 0
    endloop
  endfacet
  facet normal -0.1253332335642983 -0.9921147013144787 0
    outer loop
      vertex -22.162713633745696 16.76811705131164 3
      vertex -22.386977064847237 16.79644811117089 3
      vertex -22.162713633745696 16.76811705131164 0
    endloop
  endfacet
  facet normal -0.24868988716485224 0.9685831611286319 0
    outer loop
      vertex -22.162713633745696 13.23188294868836 3
      vertex -21.943769410125096 13.288098270668723 3
      vertex -22.162713633745696 13.23188294868836 0
    endloop
  endfacet
  facet normal -0.36812455268467775 0.9297764858882515 0
    outer loop
      vertex -21.943769410125096 13.288098270668723 3
      vertex -21.73359727518287 13.371311305561164 3
      vertex -21.943769410125096 13.288098270668723 0
    endloop
  endfacet
  facet normal -0.48175367410171976 0.876306680043861 0
    outer loop
      vertex -21.73359727518287 13.371311305561164 3
      vertex -21.535511769037807 13.480209734096373 3
      vertex -21.73359727518287 13.371311305561164 0
    endloop
  endfacet
  facet normal -0.5877852522924674 0.8090169943749516 0
    outer loop
      vertex -21.535511769037807 13.480209734096373 3
      vertex -21.352636818452357 13.61307616300358 3
      vertex -21.535511769037807 13.480209734096373 0
    endloop
  endfacet
  facet normal -0.684547105928695 0.7289686274214054 0
    outer loop
      vertex -21.352636818452357 13.61307616300358 3
      vertex -21.18785647064146 13.767815209328361 3
      vertex -21.352636818452357 13.61307616300358 0
    endloop
  endfacet
  facet normal -0.7705132427757855 0.6374239897486942 0
    outer loop
      vertex -21.043769410125094 13.941986545873549 0
      vertex -21.18785647064146 13.767815209328361 3
      vertex -21.043769410125094 13.941986545873549 3
    endloop
  endfacet
  facet normal -0.36812455268467775 -0.9297764858882515 0
    outer loop
      vertex -21.73359727518287 16.628688694438836 3
      vertex -21.943769410125096 16.711901729331277 3
      vertex -21.73359727518287 16.628688694438836 0
    endloop
  endfacet
  facet normal -0.48175367410171976 -0.876306680043861 0
    outer loop
      vertex -21.535511769037807 16.519790265903627 3
      vertex -21.73359727518287 16.628688694438836 3
      vertex -21.535511769037807 16.519790265903627 0
    endloop
  endfacet
  facet normal -0.684547105928695 -0.7289686274214054 0
    outer loop
      vertex -21.18785647064146 16.23218479067164 3
      vertex -21.352636818452357 16.38692383699642 3
      vertex -21.18785647064146 16.23218479067164 0
    endloop
  endfacet
  facet normal -0.5877852522924674 -0.8090169943749516 0
    outer loop
      vertex -21.352636818452357 16.38692383699642 3
      vertex -21.535511769037807 16.519790265903627 3
      vertex -21.352636818452357 16.38692383699642 0
    endloop
  endfacet
  facet normal -0.8443279255020135 0.5358267949789991 0
    outer loop
      vertex -20.922647975921045 14.132843386616912 0
      vertex -21.043769410125094 13.941986545873549 3
      vertex -20.922647975921045 14.132843386616912 3
    endloop
  endfacet
  facet normal -0.9048270524660205 0.4257792915650706 0
    outer loop
      vertex -20.826402325401148 14.337375805167579 0
      vertex -20.922647975921045 14.132843386616912 3
      vertex -20.826402325401148 14.337375805167579 3
    endloop
  endfacet
  facet normal -0.9510565162951542 0.3090169943749455 0
    outer loop
      vertex -20.756550309968464 14.552358203103262 0
      vertex -20.826402325401148 14.337375805167579 3
      vertex -20.756550309968464 14.552358203103262 3
    endloop
  endfacet
  facet normal -0.9822872507286878 0.1873813145857287 0
    outer loop
      vertex -20.71419353763394 14.774400179584253 0
      vertex -20.756550309968464 14.552358203103262 3
      vertex -20.71419353763394 14.774400179584253 3
    endloop
  endfacet
  facet normal -0.9980267284282716 0.06279051952931276 0
    outer loop
      vertex -20.7 15 0
      vertex -20.71419353763394 14.774400179584253 3
      vertex -20.7 15 3
    endloop
  endfacet
  facet normal -0.9980267284282716 -0.06279051952931228 0
    outer loop
      vertex -20.71419353763394 15.225599820415749 0
      vertex -20.7 15 3
      vertex -20.71419353763394 15.225599820415749 3
    endloop
  endfacet
  facet normal -0.9822872507286876 -0.18738131458573015 0
    outer loop
      vertex -20.756550309968464 15.447641796896738 0
      vertex -20.71419353763394 15.225599820415749 3
      vertex -20.756550309968464 15.447641796896738 3
    endloop
  endfacet
  facet normal -0.9510565162951535 -0.30901699437494784 0
    outer loop
      vertex -20.826402325401148 15.66262419483242 0
      vertex -20.756550309968464 15.447641796896738 3
      vertex -20.826402325401148 15.66262419483242 3
    endloop
  endfacet
  facet normal -0.904827052466022 -0.4257792915650676 0
    outer loop
      vertex -20.922647975921045 15.867156613383088 0
      vertex -20.826402325401148 15.66262419483242 3
      vertex -20.922647975921045 15.867156613383088 3
    endloop
  endfacet
  facet normal -0.7705132427757823 -0.637423989748698 0
    outer loop
      vertex -21.18785647064146 16.23218479067164 0
      vertex -21.043769410125094 16.058013454126453 3
      vertex -21.18785647064146 16.23218479067164 3
    endloop
  endfacet
  facet normal -0.8443279255020157 -0.5358267949789955 0
    outer loop
      vertex -21.043769410125094 16.058013454126453 0
      vertex -20.922647975921045 15.867156613383088 3
      vertex -21.043769410125094 16.058013454126453 3
    endloop
  endfacet
  facet normal -0.2486898871648596 -0.9685831611286299 0
    outer loop
      vertex -21.943769410125096 16.711901729331277 3
      vertex -22.162713633745696 16.76811705131164 3
      vertex -21.943769410125096 16.711901729331277 0
    endloop
  endfacet
  facet normal 0.8443279255020157 0.5358267949789955 0
    outer loop
      vertex -23.956230589874906 28.941986545873547 0
      vertex -24.077352024078955 29.132843386616912 0
      vertex -24.077352024078955 29.132843386616912 3
    endloop
  endfacet
  facet normal 0.9510565162951535 0.30901699437494784 0
    outer loop
      vertex -24.173597674598852 29.33737580516758 0
      vertex -24.243449690031536 29.55235820310326 0
      vertex -24.243449690031536 29.55235820310326 3
    endloop
  endfacet
  facet normal 0.9822872507286878 0.1873813145857287 0
    outer loop
      vertex -24.243449690031536 29.55235820310326 0
      vertex -24.28580646236606 29.77440017958425 0
      vertex -24.28580646236606 29.77440017958425 3
    endloop
  endfacet
  facet normal 0.9048270524660205 0.4257792915650706 0
    outer loop
      vertex -24.077352024078955 29.132843386616912 0
      vertex -24.173597674598852 29.33737580516758 0
      vertex -24.173597674598852 29.33737580516758 3
    endloop
  endfacet
  facet normal 0.9980267284282716 0.06279051952931228 0
    outer loop
      vertex -24.28580646236606 29.77440017958425 0
      vertex -24.3 30 0
      vertex -24.3 30 3
    endloop
  endfacet
  facet normal 0.9980267284282716 -0.06279051952931228 0
    outer loop
      vertex -24.3 30 0
      vertex -24.28580646236606 30.22559982041575 0
      vertex -24.28580646236606 30.22559982041575 3
    endloop
  endfacet
  facet normal 0.9822872507286878 -0.1873813145857287 0
    outer loop
      vertex -24.28580646236606 30.22559982041575 0
      vertex -24.243449690031536 30.44764179689674 0
      vertex -24.243449690031536 30.44764179689674 3
    endloop
  endfacet
  facet normal 0.9510565162951535 -0.30901699437494784 0
    outer loop
      vertex -24.243449690031536 30.44764179689674 0
      vertex -24.173597674598852 30.66262419483242 0
      vertex -24.173597674598852 30.66262419483242 3
    endloop
  endfacet
  facet normal 0.9048270524660205 -0.4257792915650706 0
    outer loop
      vertex -24.173597674598852 30.66262419483242 0
      vertex -24.077352024078955 30.867156613383088 0
      vertex -24.077352024078955 30.867156613383088 3
    endloop
  endfacet
  facet normal 0.8443279255020157 -0.5358267949789955 0
    outer loop
      vertex -24.077352024078955 30.867156613383088 0
      vertex -23.956230589874906 31.058013454126453 0
      vertex -23.956230589874906 31.058013454126453 3
    endloop
  endfacet
  facet normal 0.7705132427757823 0.637423989748698 0
    outer loop
      vertex -23.81214352935854 28.76781520932836 0
      vertex -23.956230589874906 28.941986545873547 0
      vertex -23.956230589874906 28.941986545873547 3
    endloop
  endfacet
  facet normal 0.6845471059286872 0.7289686274214128 0
    outer loop
      vertex -23.64736318154764 28.61307616300358 0
      vertex -23.81214352935854 28.76781520932836 0
      vertex -23.64736318154764 28.61307616300358 3
    endloop
  endfacet
  facet normal 0.5877852522924749 0.8090169943749461 0
    outer loop
      vertex -23.464488230962193 28.480209734096373 0
      vertex -23.64736318154764 28.61307616300358 0
      vertex -23.464488230962193 28.480209734096373 3
    endloop
  endfacet
  facet normal 0.48175367410171976 0.876306680043861 0
    outer loop
      vertex -23.26640272481713 28.371311305561164 0
      vertex -23.464488230962193 28.480209734096373 0
      vertex -23.26640272481713 28.371311305561164 3
    endloop
  endfacet
  facet normal 0.36812455268467775 0.9297764858882515 0
    outer loop
      vertex -23.056230589874904 28.288098270668723 0
      vertex -23.26640272481713 28.371311305561164 0
      vertex -23.056230589874904 28.288098270668723 3
    endloop
  endfacet
  facet normal 0.2486898871648596 0.9685831611286299 0
    outer loop
      vertex -22.837286366254304 28.23188294868836 0
      vertex -23.056230589874904 28.288098270668723 0
      vertex -22.837286366254304 28.23188294868836 3
    endloop
  endfacet
  facet normal 0.1253332335642983 0.9921147013144787 0
    outer loop
      vertex -22.613022935152763 28.20355188882911 0
      vertex -22.837286366254304 28.23188294868836 0
      vertex -22.613022935152763 28.20355188882911 3
    endloop
  endfacet
  facet normal 0 1 0
    outer loop
      vertex -22.386977064847237 28.20355188882911 0
      vertex -22.613022935152763 28.20355188882911 0
      vertex -22.386977064847237 28.20355188882911 3
    endloop
  endfacet
  facet normal -0.1253332335642983 0.9921147013144787 0
    outer loop
      vertex -22.162713633745696 28.23188294868836 0
      vertex -22.386977064847237 28.20355188882911 0
      vertex -22.162713633745696 28.23188294868836 3
    endloop
  endfacet
  facet normal 0.7705132427757823 -0.637423989748698 0
    outer loop
      vertex -23.956230589874906 31.058013454126453 0
      vertex -23.81214352935854 31.23218479067164 0
      vertex -23.81214352935854 31.23218479067164 3
    endloop
  endfacet
  facet normal 0.6845471059286872 -0.7289686274214128 0
    outer loop
      vertex -23.81214352935854 31.23218479067164 0
      vertex -23.64736318154764 31.38692383699642 0
      vertex -23.81214352935854 31.23218479067164 3
    endloop
  endfacet
  facet normal 0.5877852522924749 -0.8090169943749461 0
    outer loop
      vertex -23.64736318154764 31.38692383699642 0
      vertex -23.464488230962193 31.519790265903627 0
      vertex -23.64736318154764 31.38692383699642 3
    endloop
  endfacet
  facet normal 0.48175367410171976 -0.876306680043861 0
    outer loop
      vertex -23.464488230962193 31.519790265903627 0
      vertex -23.26640272481713 31.628688694438836 0
      vertex -23.464488230962193 31.519790265903627 3
    endloop
  endfacet
  facet normal 0.36812455268467775 -0.9297764858882515 0
    outer loop
      vertex -23.26640272481713 31.628688694438836 0
      vertex -23.056230589874904 31.711901729331277 0
      vertex -23.26640272481713 31.628688694438836 3
    endloop
  endfacet
  facet normal 0.2486898871648596 -0.9685831611286299 0
    outer loop
      vertex -23.056230589874904 31.711901729331277 0
      vertex -22.837286366254304 31.76811705131164 0
      vertex -23.056230589874904 31.711901729331277 3
    endloop
  endfacet
  facet normal 0.1253332335642983 -0.9921147013144787 0
    outer loop
      vertex -22.837286366254304 31.76811705131164 0
      vertex -22.613022935152763 31.79644811117089 0
      vertex -22.837286366254304 31.76811705131164 3
    endloop
  endfacet
  facet normal 0 -1 0
    outer loop
      vertex -22.613022935152763 31.79644811117089 0
      vertex -22.386977064847237 31.79644811117089 0
      vertex -22.613022935152763 31.79644811117089 3
    endloop
  endfacet
  facet normal -0.1253332335642983 -0.9921147013144787 0
    outer loop
      vertex -22.386977064847237 31.79644811117089 0
      vertex -22.162713633745696 31.76811705131164 0
      vertex -22.386977064847237 31.79644811117089 3
    endloop
  endfacet
  facet normal -0.2486898871648596 0.9685831611286299 0
    outer loop
      vertex -21.943769410125096 28.288098270668723 0
      vertex -22.162713633745696 28.23188294868836 0
      vertex -21.943769410125096 28.288098270668723 3
    endloop
  endfacet
  facet normal -0.36812455268467775 0.9297764858882515 0
    outer loop
      vertex -21.73359727518287 28.371311305561164 0
      vertex -21.943769410125096 28.288098270668723 0
      vertex -21.73359727518287 28.371311305561164 3
    endloop
  endfacet
  facet normal -0.48175367410171976 0.876306680043861 0
    outer loop
      vertex -21.535511769037807 28.480209734096373 0
      vertex -21.73359727518287 28.371311305561164 0
      vertex -21.535511769037807 28.480209734096373 3
    endloop
  endfacet
  facet normal -0.5877852522924674 0.8090169943749516 0
    outer loop
      vertex -21.352636818452357 28.61307616300358 0
      vertex -21.535511769037807 28.480209734096373 0
      vertex -21.352636818452357 28.61307616300358 3
    endloop
  endfacet
  facet normal -0.684547105928695 0.7289686274214054 0
    outer loop
      vertex -21.18785647064146 28.76781520932836 0
      vertex -21.352636818452357 28.61307616300358 0
      vertex -21.18785647064146 28.76781520932836 3
    endloop
  endfacet
  facet normal -0.7705132427757823 0.637423989748698 0
    outer loop
      vertex -21.18785647064146 28.76781520932836 0
      vertex -21.18785647064146 28.76781520932836 3
      vertex -21.043769410125094 28.941986545873547 0
    endloop
  endfacet
  facet normal -0.8443279255020157 0.5358267949789955 0
    outer loop
      vertex -20.922647975921045 29.132843386616912 0
      vertex -21.043769410125094 28.941986545873547 0
      vertex -21.043769410125094 28.941986545873547 3
    endloop
  endfacet
  facet normal -0.9048270524660205 0.4257792915650706 0
    outer loop
      vertex -20.826402325401148 29.33737580516758 0
      vertex -20.922647975921045 29.132843386616912 0
      vertex -20.922647975921045 29.132843386616912 3
    endloop
  endfacet
  facet normal -0.9510565162951535 0.30901699437494784 0
    outer loop
      vertex -20.756550309968464 29.55235820310326 0
      vertex -20.826402325401148 29.33737580516758 0
      vertex -20.826402325401148 29.33737580516758 3
    endloop
  endfacet
  facet normal -0.9822872507286878 0.1873813145857287 0
    outer loop
      vertex -20.71419353763394 29.77440017958425 0
      vertex -20.756550309968464 29.55235820310326 0
      vertex -20.756550309968464 29.55235820310326 3
    endloop
  endfacet
  facet normal -0.9510565162951535 -0.30901699437494784 0
    outer loop
      vertex -20.826402325401148 30.66262419483242 0
      vertex -20.756550309968464 30.44764179689674 0
      vertex -20.756550309968464 30.44764179689674 3
    endloop
  endfacet
  facet normal -0.9980267284282716 0.06279051952931228 0
    outer loop
      vertex -20.7 30 0
      vertex -20.71419353763394 29.77440017958425 0
      vertex -20.71419353763394 29.77440017958425 3
    endloop
  endfacet
  facet normal -0.9980267284282716 -0.06279051952931228 0
    outer loop
      vertex -20.71419353763394 30.22559982041575 0
      vertex -20.7 30 0
      vertex -20.7 30 3
    endloop
  endfacet
  facet normal -0.9822872507286878 -0.1873813145857287 0
    outer loop
      vertex -20.756550309968464 30.44764179689674 0
      vertex -20.71419353763394 30.22559982041575 0
      vertex -20.71419353763394 30.22559982041575 3
    endloop
  endfacet
  facet normal -0.2486898871648596 -0.9685831611286299 0
    outer loop
      vertex -22.162713633745696 31.76811705131164 0
      vertex -21.943769410125096 31.711901729331277 0
      vertex -22.162713633745696 31.76811705131164 3
    endloop
  endfacet
  facet normal -0.48175367410171976 -0.876306680043861 0
    outer loop
      vertex -21.73359727518287 31.628688694438836 0
      vertex -21.535511769037807 31.519790265903627 0
      vertex -21.73359727518287 31.628688694438836 3
    endloop
  endfacet
  facet normal -0.36812455268467775 -0.9297764858882515 0
    outer loop
      vertex -21.943769410125096 31.711901729331277 0
      vertex -21.73359727518287 31.628688694438836 0
      vertex -21.943769410125096 31.711901729331277 3
    endloop
  endfacet
  facet normal -0.5877852522924674 -0.8090169943749516 0
    outer loop
      vertex -21.535511769037807 31.519790265903627 0
      vertex -21.352636818452357 31.38692383699642 0
      vertex -21.535511769037807 31.519790265903627 3
    endloop
  endfacet
  facet normal -0.684547105928695 -0.7289686274214054 0
    outer loop
      vertex -21.352636818452357 31.38692383699642 0
      vertex -21.18785647064146 31.23218479067164 0
      vertex -21.352636818452357 31.38692383699642 3
    endloop
  endfacet
  facet normal -0.7705132427757823 -0.637423989748698 0
    outer loop
      vertex -21.18785647064146 31.23218479067164 0
      vertex -21.043769410125094 31.058013454126453 0
      vertex -21.043769410125094 31.058013454126453 3
    endloop
  endfacet
  facet normal -0.9048270524660205 -0.4257792915650706 0
    outer loop
      vertex -20.922647975921045 30.867156613383088 0
      vertex -20.826402325401148 30.66262419483242 0
      vertex -20.826402325401148 30.66262419483242 3
    endloop
  endfacet
  facet normal -0.8443279255020157 -0.5358267949789955 0
    outer loop
      vertex -21.043769410125094 31.058013454126453 0
      vertex -20.922647975921045 30.867156613383088 0
      vertex -20.922647975921045 30.867156613383088 3
    endloop
  endfacet
  facet normal 0.8443279255020157 0.5358267949789955 0
    outer loop
      vertex -23.956230589874906 28.941986545873547 0
      vertex -24.077352024078955 29.132843386616912 3
      vertex -23.956230589874906 28.941986545873547 3
    endloop
  endfacet
  facet normal 0.9822872507286878 0.1873813145857287 0
    outer loop
      vertex -24.243449690031536 29.55235820310326 0
      vertex -24.28580646236606 29.77440017958425 3
      vertex -24.243449690031536 29.55235820310326 3
    endloop
  endfacet
  facet normal 0.9980267284282716 0.06279051952931228 0
    outer loop
      vertex -24.28580646236606 29.77440017958425 0
      vertex -24.3 30 3
      vertex -24.28580646236606 29.77440017958425 3
    endloop
  endfacet
  facet normal 0.9048270524660205 0.4257792915650706 0
    outer loop
      vertex -24.077352024078955 29.132843386616912 0
      vertex -24.173597674598852 29.33737580516758 3
      vertex -24.077352024078955 29.132843386616912 3
    endloop
  endfacet
  facet normal 0.9510565162951535 0.30901699437494784 0
    outer loop
      vertex -24.173597674598852 29.33737580516758 0
      vertex -24.243449690031536 29.55235820310326 3
      vertex -24.173597674598852 29.33737580516758 3
    endloop
  endfacet
  facet normal 0.9980267284282716 -0.06279051952931228 0
    outer loop
      vertex -24.3 30 0
      vertex -24.28580646236606 30.22559982041575 3
      vertex -24.3 30 3
    endloop
  endfacet
  facet normal 0.9822872507286878 -0.1873813145857287 0
    outer loop
      vertex -24.28580646236606 30.22559982041575 0
      vertex -24.243449690031536 30.44764179689674 3
      vertex -24.28580646236606 30.22559982041575 3
    endloop
  endfacet
  facet normal 0.9510565162951535 -0.30901699437494784 0
    outer loop
      vertex -24.243449690031536 30.44764179689674 0
      vertex -24.173597674598852 30.66262419483242 3
      vertex -24.243449690031536 30.44764179689674 3
    endloop
  endfacet
  facet normal 0.9048270524660205 -0.4257792915650706 0
    outer loop
      vertex -24.173597674598852 30.66262419483242 0
      vertex -24.077352024078955 30.867156613383088 3
      vertex -24.173597674598852 30.66262419483242 3
    endloop
  endfacet
  facet normal 0.8443279255020157 -0.5358267949789955 0
    outer loop
      vertex -24.077352024078955 30.867156613383088 0
      vertex -23.956230589874906 31.058013454126453 3
      vertex -24.077352024078955 30.867156613383088 3
    endloop
  endfacet
  facet normal 0.7705132427757823 0.637423989748698 0
    outer loop
      vertex -23.81214352935854 28.76781520932836 0
      vertex -23.956230589874906 28.941986545873547 3
      vertex -23.81214352935854 28.76781520932836 3
    endloop
  endfacet
  facet normal 0.6845471059286872 0.7289686274214128 0
    outer loop
      vertex -23.81214352935854 28.76781520932836 3
      vertex -23.64736318154764 28.61307616300358 3
      vertex -23.81214352935854 28.76781520932836 0
    endloop
  endfacet
  facet normal 0.5877852522924749 0.8090169943749461 0
    outer loop
      vertex -23.64736318154764 28.61307616300358 3
      vertex -23.464488230962193 28.480209734096373 3
      vertex -23.64736318154764 28.61307616300358 0
    endloop
  endfacet
  facet normal 0.48175367410171976 0.876306680043861 0
    outer loop
      vertex -23.464488230962193 28.480209734096373 3
      vertex -23.26640272481713 28.371311305561164 3
      vertex -23.464488230962193 28.480209734096373 0
    endloop
  endfacet
  facet normal 0.36812455268467775 0.9297764858882515 0
    outer loop
      vertex -23.26640272481713 28.371311305561164 3
      vertex -23.056230589874904 28.288098270668723 3
      vertex -23.26640272481713 28.371311305561164 0
    endloop
  endfacet
  facet normal 0.2486898871648596 0.9685831611286299 0
    outer loop
      vertex -23.056230589874904 28.288098270668723 3
      vertex -22.837286366254304 28.23188294868836 3
      vertex -23.056230589874904 28.288098270668723 0
    endloop
  endfacet
  facet normal 0.1253332335642983 0.9921147013144787 0
    outer loop
      vertex -22.837286366254304 28.23188294868836 3
      vertex -22.613022935152763 28.20355188882911 3
      vertex -22.837286366254304 28.23188294868836 0
    endloop
  endfacet
  facet normal 0 1 0
    outer loop
      vertex -22.613022935152763 28.20355188882911 3
      vertex -22.386977064847237 28.20355188882911 3
      vertex -22.613022935152763 28.20355188882911 0
    endloop
  endfacet
  facet normal -0.1253332335642983 0.9921147013144787 0
    outer loop
      vertex -22.386977064847237 28.20355188882911 3
      vertex -22.162713633745696 28.23188294868836 3
      vertex -22.386977064847237 28.20355188882911 0
    endloop
  endfacet
  facet normal 0.7705132427757823 -0.637423989748698 0
    outer loop
      vertex -23.956230589874906 31.058013454126453 0
      vertex -23.81214352935854 31.23218479067164 3
      vertex -23.956230589874906 31.058013454126453 3
    endloop
  endfacet
  facet normal 0.6845471059286872 -0.7289686274214128 0
    outer loop
      vertex -23.64736318154764 31.38692383699642 3
      vertex -23.81214352935854 31.23218479067164 3
      vertex -23.64736318154764 31.38692383699642 0
    endloop
  endfacet
  facet normal 0.5877852522924749 -0.8090169943749461 0
    outer loop
      vertex -23.464488230962193 31.519790265903627 3
      vertex -23.64736318154764 31.38692383699642 3
      vertex -23.464488230962193 31.519790265903627 0
    endloop
  endfacet
  facet normal 0.48175367410171976 -0.876306680043861 0
    outer loop
      vertex -23.26640272481713 31.628688694438836 3
      vertex -23.464488230962193 31.519790265903627 3
      vertex -23.26640272481713 31.628688694438836 0
    endloop
  endfacet
  facet normal 0.36812455268467775 -0.9297764858882515 0
    outer loop
      vertex -23.056230589874904 31.711901729331277 3
      vertex -23.26640272481713 31.628688694438836 3
      vertex -23.056230589874904 31.711901729331277 0
    endloop
  endfacet
  facet normal 0.2486898871648596 -0.9685831611286299 0
    outer loop
      vertex -22.837286366254304 31.76811705131164 3
      vertex -23.056230589874904 31.711901729331277 3
      vertex -22.837286366254304 31.76811705131164 0
    endloop
  endfacet
  facet normal 0.1253332335642983 -0.9921147013144787 0
    outer loop
      vertex -22.613022935152763 31.79644811117089 3
      vertex -22.837286366254304 31.76811705131164 3
      vertex -22.613022935152763 31.79644811117089 0
    endloop
  endfacet
  facet normal 0 -1 0
    outer loop
      vertex -22.386977064847237 31.79644811117089 3
      vertex -22.613022935152763 31.79644811117089 3
      vertex -22.386977064847237 31.79644811117089 0
    endloop
  endfacet
  facet normal -0.1253332335642983 -0.9921147013144787 0
    outer loop
      vertex -22.162713633745696 31.76811705131164 3
      vertex -22.386977064847237 31.79644811117089 3
      vertex -22.162713633745696 31.76811705131164 0
    endloop
  endfacet
  facet normal -0.2486898871648596 0.9685831611286299 0
    outer loop
      vertex -22.162713633745696 28.23188294868836 3
      vertex -21.943769410125096 28.288098270668723 3
      vertex -22.162713633745696 28.23188294868836 0
    endloop
  endfacet
  facet normal -0.36812455268467775 0.9297764858882515 0
    outer loop
      vertex -21.943769410125096 28.288098270668723 3
      vertex -21.73359727518287 28.371311305561164 3
      vertex -21.943769410125096 28.288098270668723 0
    endloop
  endfacet
  facet normal -0.48175367410171976 0.876306680043861 0
    outer loop
      vertex -21.73359727518287 28.371311305561164 3
      vertex -21.535511769037807 28.480209734096373 3
      vertex -21.73359727518287 28.371311305561164 0
    endloop
  endfacet
  facet normal -0.5877852522924674 0.8090169943749516 0
    outer loop
      vertex -21.535511769037807 28.480209734096373 3
      vertex -21.352636818452357 28.61307616300358 3
      vertex -21.535511769037807 28.480209734096373 0
    endloop
  endfacet
  facet normal -0.684547105928695 0.7289686274214054 0
    outer loop
      vertex -21.352636818452357 28.61307616300358 3
      vertex -21.18785647064146 28.76781520932836 3
      vertex -21.352636818452357 28.61307616300358 0
    endloop
  endfacet
  facet normal -0.7705132427757823 0.637423989748698 0
    outer loop
      vertex -21.043769410125094 28.941986545873547 0
      vertex -21.18785647064146 28.76781520932836 3
      vertex -21.043769410125094 28.941986545873547 3
    endloop
  endfacet
  facet normal -0.8443279255020157 0.5358267949789955 0
    outer loop
      vertex -20.922647975921045 29.132843386616912 0
      vertex -21.043769410125094 28.941986545873547 3
      vertex -20.922647975921045 29.132843386616912 3
    endloop
  endfacet
  facet normal -0.9048270524660205 0.4257792915650706 0
    outer loop
      vertex -20.826402325401148 29.33737580516758 0
      vertex -20.922647975921045 29.132843386616912 3
      vertex -20.826402325401148 29.33737580516758 3
    endloop
  endfacet
  facet normal -0.9510565162951535 0.30901699437494784 0
    outer loop
      vertex -20.756550309968464 29.55235820310326 0
      vertex -20.826402325401148 29.33737580516758 3
      vertex -20.756550309968464 29.55235820310326 3
    endloop
  endfacet
  facet normal -0.9822872507286878 -0.1873813145857287 0
    outer loop
      vertex -20.756550309968464 30.44764179689674 0
      vertex -20.71419353763394 30.22559982041575 3
      vertex -20.756550309968464 30.44764179689674 3
    endloop
  endfacet
  facet normal -0.9822872507286878 0.1873813145857287 0
    outer loop
      vertex -20.71419353763394 29.77440017958425 0
      vertex -20.756550309968464 29.55235820310326 3
      vertex -20.71419353763394 29.77440017958425 3
    endloop
  endfacet
  facet normal -0.9980267284282716 0.06279051952931228 0
    outer loop
      vertex -20.7 30 0
      vertex -20.71419353763394 29.77440017958425 3
      vertex -20.7 30 3
    endloop
  endfacet
  facet normal -0.9980267284282716 -0.06279051952931228 0
    outer loop
      vertex -20.71419353763394 30.22559982041575 0
      vertex -20.7 30 3
      vertex -20.71419353763394 30.22559982041575 3
    endloop
  endfacet
  facet normal -0.2486898871648596 -0.9685831611286299 0
    outer loop
      vertex -21.943769410125096 31.711901729331277 3
      vertex -22.162713633745696 31.76811705131164 3
      vertex -21.943769410125096 31.711901729331277 0
    endloop
  endfacet
  facet normal -0.36812455268467775 -0.9297764858882515 0
    outer loop
      vertex -21.73359727518287 31.628688694438836 3
      vertex -21.943769410125096 31.711901729331277 3
      vertex -21.73359727518287 31.628688694438836 0
    endloop
  endfacet
  facet normal -0.48175367410171976 -0.876306680043861 0
    outer loop
      vertex -21.535511769037807 31.519790265903627 3
      vertex -21.73359727518287 31.628688694438836 3
      vertex -21.535511769037807 31.519790265903627 0
    endloop
  endfacet
  facet normal -0.5877852522924674 -0.8090169943749516 0
    outer loop
      vertex -21.352636818452357 31.38692383699642 3
      vertex -21.535511769037807 31.519790265903627 3
      vertex -21.352636818452357 31.38692383699642 0
    endloop
  endfacet
  facet normal -0.684547105928695 -0.7289686274214054 0
    outer loop
      vertex -21.18785647064146 31.23218479067164 3
      vertex -21.352636818452357 31.38692383699642 3
      vertex -21.18785647064146 31.23218479067164 0
    endloop
  endfacet
  facet normal -0.7705132427757823 -0.637423989748698 0
    outer loop
      vertex -21.18785647064146 31.23218479067164 0
      vertex -21.043769410125094 31.058013454126453 3
      vertex -21.18785647064146 31.23218479067164 3
    endloop
  endfacet
  facet normal -0.8443279255020157 -0.5358267949789955 0
    outer loop
      vertex -21.043769410125094 31.058013454126453 0
      vertex -20.922647975921045 30.867156613383088 3
      vertex -21.043769410125094 31.058013454126453 3
    endloop
  endfacet
  facet normal -0.9048270524660205 -0.4257792915650706 0
    outer loop
      vertex -20.922647975921045 30.867156613383088 0
      vertex -20.826402325401148 30.66262419483242 3
      vertex -20.922647975921045 30.867156613383088 3
    endloop
  endfacet
  facet normal -0.9510565162951535 -0.30901699437494784 0
    outer loop
      vertex -20.826402325401148 30.66262419483242 0
      vertex -20.756550309968464 30.44764179689674 3
      vertex -20.826402325401148 30.66262419483242 3
    endloop
  endfacet
  facet normal 0.5877852522924787 0.8090169943749435 0
    outer loop
      vertex -15.964488230962194 -39.01979026590363 0
      vertex -16.14736318154764 -38.886923836996424 0
      vertex -15.964488230962194 -39.01979026590363 3
    endloop
  endfacet
  facet normal 0.48175367410170444 0.8763066800438697 0
    outer loop
      vertex -15.76640272481713 -39.128688694438836 0
      vertex -15.964488230962194 -39.01979026590363 0
      vertex -15.76640272481713 -39.128688694438836 3
    endloop
  endfacet
  facet normal 0.3681245526846669 0.9297764858882558 0
    outer loop
      vertex -15.556230589874906 -39.211901729331274 0
      vertex -15.76640272481713 -39.128688694438836 0
      vertex -15.556230589874906 -39.211901729331274 3
    endloop
  endfacet
  facet normal 0.24868988716487248 0.9685831611286266 0
    outer loop
      vertex -15.337286366254304 -39.26811705131164 0
      vertex -15.556230589874906 -39.211901729331274 0
      vertex -15.337286366254304 -39.26811705131164 3
    endloop
  endfacet
  facet normal 0.1253332335642993 0.9921147013144785 0
    outer loop
      vertex -15.113022935152765 -39.29644811117089 0
      vertex -15.337286366254304 -39.26811705131164 0
      vertex -15.113022935152765 -39.29644811117089 3
    endloop
  endfacet
  facet normal 0 1 0
    outer loop
      vertex -14.886977064847235 -39.29644811117089 0
      vertex -15.113022935152765 -39.29644811117089 0
      vertex -14.886977064847235 -39.29644811117089 3
    endloop
  endfacet
  facet normal 0.951056516295152 0.30901699437495245 0
    outer loop
      vertex -16.673597674598852 -38.16262419483242 0
      vertex -16.743449690031536 -37.94764179689674 0
      vertex -16.743449690031536 -37.94764179689674 3
    endloop
  endfacet
  facet normal 0.9048270524660234 0.42577929156506455 0
    outer loop
      vertex -16.577352024078955 -38.36715661338309 0
      vertex -16.673597674598852 -38.16262419483242 0
      vertex -16.673597674598852 -38.16262419483242 3
    endloop
  endfacet
  facet normal 0.9822872507286885 0.18738131458572582 0
    outer loop
      vertex -16.743449690031536 -37.94764179689674 0
      vertex -16.78580646236606 -37.725599820415745 0
      vertex -16.78580646236606 -37.725599820415745 3
    endloop
  endfacet
  facet normal 0.9980267284282716 0.06279051952931326 0
    outer loop
      vertex -16.78580646236606 -37.725599820415745 0
      vertex -16.8 -37.5 0
      vertex -16.8 -37.5 3
    endloop
  endfacet
  facet normal 0.9980267284282716 -0.06279051952931326 0
    outer loop
      vertex -16.8 -37.5 0
      vertex -16.78580646236606 -37.274400179584255 0
      vertex -16.78580646236606 -37.274400179584255 3
    endloop
  endfacet
  facet normal 0.9822872507286885 -0.18738131458572582 0
    outer loop
      vertex -16.78580646236606 -37.274400179584255 0
      vertex -16.743449690031536 -37.05235820310326 0
      vertex -16.743449690031536 -37.05235820310326 3
    endloop
  endfacet
  facet normal 0.951056516295152 -0.30901699437495245 0
    outer loop
      vertex -16.743449690031536 -37.05235820310326 0
      vertex -16.673597674598852 -36.83737580516758 0
      vertex -16.673597674598852 -36.83737580516758 3
    endloop
  endfacet
  facet normal 0.9048270524660234 -0.42577929156506455 0
    outer loop
      vertex -16.673597674598852 -36.83737580516758 0
      vertex -16.577352024078955 -36.63284338661691 0
      vertex -16.577352024078955 -36.63284338661691 3
    endloop
  endfacet
  facet normal 0.7705132427757823 0.637423989748698 0
    outer loop
      vertex -16.31214352935854 -38.73218479067164 0
      vertex -16.456230589874906 -38.55801345412645 0
      vertex -16.456230589874906 -38.55801345412645 3
    endloop
  endfacet
  facet normal 0.8443279255020157 0.5358267949789955 0
    outer loop
      vertex -16.456230589874906 -38.55801345412645 0
      vertex -16.577352024078955 -38.36715661338309 0
      vertex -16.577352024078955 -38.36715661338309 3
    endloop
  endfacet
  facet normal 0.6845471059286956 0.728968627421405 0
    outer loop
      vertex -16.14736318154764 -38.886923836996424 0
      vertex -16.31214352935854 -38.73218479067164 0
      vertex -16.14736318154764 -38.886923836996424 3
    endloop
  endfacet
  facet normal 0.8443279255020157 -0.5358267949789955 0
    outer loop
      vertex -16.577352024078955 -36.63284338661691 0
      vertex -16.456230589874906 -36.44198654587355 0
      vertex -16.456230589874906 -36.44198654587355 3
    endloop
  endfacet
  facet normal 0.7705132427757823 -0.637423989748698 0
    outer loop
      vertex -16.456230589874906 -36.44198654587355 0
      vertex -16.31214352935854 -36.26781520932836 0
      vertex -16.31214352935854 -36.26781520932836 3
    endloop
  endfacet
  facet normal 0.6845471059286956 -0.728968627421405 0
    outer loop
      vertex -16.31214352935854 -36.26781520932836 0
      vertex -16.14736318154764 -36.113076163003576 0
      vertex -16.31214352935854 -36.26781520932836 3
    endloop
  endfacet
  facet normal 0.5877852522924787 -0.8090169943749435 0
    outer loop
      vertex -16.14736318154764 -36.113076163003576 0
      vertex -15.964488230962194 -35.98020973409637 0
      vertex -16.14736318154764 -36.113076163003576 3
    endloop
  endfacet
  facet normal 0.48175367410170444 -0.8763066800438697 0
    outer loop
      vertex -15.964488230962194 -35.98020973409637 0
      vertex -15.76640272481713 -35.871311305561164 0
      vertex -15.964488230962194 -35.98020973409637 3
    endloop
  endfacet
  facet normal 0.3681245526846669 -0.9297764858882558 0
    outer loop
      vertex -15.76640272481713 -35.871311305561164 0
      vertex -15.556230589874906 -35.788098270668726 0
      vertex -15.76640272481713 -35.871311305561164 3
    endloop
  endfacet
  facet normal 0.24868988716487248 -0.9685831611286266 0
    outer loop
      vertex -15.556230589874906 -35.788098270668726 0
      vertex -15.337286366254304 -35.73188294868836 0
      vertex -15.556230589874906 -35.788098270668726 3
    endloop
  endfacet
  facet normal 0.1253332335642983 -0.9921147013144787 0
    outer loop
      vertex -15.337286366254304 -35.73188294868836 0
      vertex -15.113022935152763 -35.70355188882911 0
      vertex -15.337286366254304 -35.73188294868836 3
    endloop
  endfacet
  facet normal 0 -1 0
    outer loop
      vertex -15.113022935152763 -35.70355188882911 0
      vertex -14.886977064847237 -35.70355188882911 0
      vertex -15.113022935152763 -35.70355188882911 3
    endloop
  endfacet
  facet normal -0.1253332335642983 -0.9921147013144787 0
    outer loop
      vertex -14.886977064847237 -35.70355188882911 0
      vertex -14.662713633745696 -35.73188294868836 0
      vertex -14.886977064847237 -35.70355188882911 3
    endloop
  endfacet
  facet normal -0.1253332335642993 0.9921147013144785 0
    outer loop
      vertex -14.662713633745696 -39.26811705131164 0
      vertex -14.886977064847235 -39.29644811117089 0
      vertex -14.662713633745696 -39.26811705131164 3
    endloop
  endfacet
  facet normal -0.24868988716487248 0.9685831611286266 0
    outer loop
      vertex -14.443769410125094 -39.211901729331274 0
      vertex -14.662713633745696 -39.26811705131164 0
      vertex -14.443769410125094 -39.211901729331274 3
    endloop
  endfacet
  facet normal -0.3681245526846669 0.9297764858882558 0
    outer loop
      vertex -14.23359727518287 -39.128688694438836 0
      vertex -14.443769410125094 -39.211901729331274 0
      vertex -14.23359727518287 -39.128688694438836 3
    endloop
  endfacet
  facet normal -0.4817536741017078 0.8763066800438678 0
    outer loop
      vertex -14.035511769037807 -39.01979026590363 0
      vertex -14.23359727518287 -39.128688694438836 0
      vertex -14.035511769037807 -39.01979026590363 3
    endloop
  endfacet
  facet normal -0.5877852522924711 0.8090169943749488 0
    outer loop
      vertex -13.852636818452359 -38.886923836996424 0
      vertex -14.035511769037807 -39.01979026590363 0
      vertex -13.852636818452359 -38.886923836996424 3
    endloop
  endfacet
  facet normal -0.6845471059286956 0.728968627421405 0
    outer loop
      vertex -13.687856470641458 -38.73218479067164 0
      vertex -13.852636818452359 -38.886923836996424 0
      vertex -13.687856470641458 -38.73218479067164 3
    endloop
  endfacet
  facet normal -0.7705132427757861 0.6374239897486934 0
    outer loop
      vertex -13.687856470641458 -38.73218479067164 0
      vertex -13.687856470641458 -38.73218479067164 3
      vertex -13.543769410125094 -38.55801345412645 0
    endloop
  endfacet
  facet normal -0.8443279255020157 0.5358267949789955 0
    outer loop
      vertex -13.422647975921045 -38.36715661338309 0
      vertex -13.543769410125094 -38.55801345412645 0
      vertex -13.543769410125094 -38.55801345412645 3
    endloop
  endfacet
  facet normal -0.9048270524660234 0.42577929156506455 0
    outer loop
      vertex -13.326402325401148 -38.16262419483242 0
      vertex -13.422647975921045 -38.36715661338309 0
      vertex -13.422647975921045 -38.36715661338309 3
    endloop
  endfacet
  facet normal -0.951056516295152 0.30901699437495245 0
    outer loop
      vertex -13.256550309968464 -37.94764179689674 0
      vertex -13.326402325401148 -38.16262419483242 0
      vertex -13.326402325401148 -38.16262419483242 3
    endloop
  endfacet
  facet normal -0.9822872507286885 0.18738131458572582 0
    outer loop
      vertex -13.214193537633939 -37.725599820415745 0
      vertex -13.256550309968464 -37.94764179689674 0
      vertex -13.256550309968464 -37.94764179689674 3
    endloop
  endfacet
  facet normal -0.9980267284282716 0.06279051952931326 0
    outer loop
      vertex -13.2 -37.5 0
      vertex -13.214193537633939 -37.725599820415745 0
      vertex -13.214193537633939 -37.725599820415745 3
    endloop
  endfacet
  facet normal -0.6845471059286996 -0.7289686274214013 0
    outer loop
      vertex -13.852636818452359 -36.113076163003576 0
      vertex -13.68785647064146 -36.26781520932836 0
      vertex -13.852636818452359 -36.113076163003576 3
    endloop
  endfacet
  facet normal -0.8443279255020157 -0.5358267949789955 0
    outer loop
      vertex -13.543769410125094 -36.44198654587355 0
      vertex -13.422647975921045 -36.63284338661691 0
      vertex -13.422647975921045 -36.63284338661691 3
    endloop
  endfacet
  facet normal -0.7705132427757823 -0.637423989748698 0
    outer loop
      vertex -13.68785647064146 -36.26781520932836 0
      vertex -13.543769410125094 -36.44198654587355 0
      vertex -13.543769410125094 -36.44198654587355 3
    endloop
  endfacet
  facet normal -0.9980267284282716 -0.06279051952931326 0
    outer loop
      vertex -13.214193537633939 -37.274400179584255 0
      vertex -13.2 -37.5 0
      vertex -13.2 -37.5 3
    endloop
  endfacet
  facet normal -0.9822872507286885 -0.18738131458572582 0
    outer loop
      vertex -13.256550309968464 -37.05235820310326 0
      vertex -13.214193537633939 -37.274400179584255 0
      vertex -13.214193537633939 -37.274400179584255 3
    endloop
  endfacet
  facet normal -0.951056516295152 -0.30901699437495245 0
    outer loop
      vertex -13.326402325401148 -36.83737580516758 0
      vertex -13.256550309968464 -37.05235820310326 0
      vertex -13.256550309968464 -37.05235820310326 3
    endloop
  endfacet
  facet normal -0.9048270524660234 -0.42577929156506455 0
    outer loop
      vertex -13.422647975921045 -36.63284338661691 0
      vertex -13.326402325401148 -36.83737580516758 0
      vertex -13.326402325401148 -36.83737580516758 3
    endloop
  endfacet
  facet normal -0.24868988716487248 -0.9685831611286266 0
    outer loop
      vertex -14.662713633745696 -35.73188294868836 0
      vertex -14.443769410125094 -35.788098270668726 0
      vertex -14.662713633745696 -35.73188294868836 3
    endloop
  endfacet
  facet normal -0.3681245526846669 -0.9297764858882558 0
    outer loop
      vertex -14.443769410125094 -35.788098270668726 0
      vertex -14.23359727518287 -35.871311305561164 0
      vertex -14.443769410125094 -35.788098270668726 3
    endloop
  endfacet
  facet normal -0.48175367410170444 -0.8763066800438697 0
    outer loop
      vertex -14.23359727518287 -35.871311305561164 0
      vertex -14.035511769037806 -35.98020973409637 0
      vertex -14.23359727518287 -35.871311305561164 3
    endloop
  endfacet
  facet normal -0.5877852522924749 -0.8090169943749461 0
    outer loop
      vertex -14.035511769037806 -35.98020973409637 0
      vertex -13.852636818452359 -36.113076163003576 0
      vertex -14.035511769037806 -35.98020973409637 3
    endloop
  endfacet
  facet normal 0.5877852522924787 0.8090169943749435 0
    outer loop
      vertex -16.14736318154764 -38.886923836996424 3
      vertex -15.964488230962194 -39.01979026590363 3
      vertex -16.14736318154764 -38.886923836996424 0
    endloop
  endfacet
  facet normal 0.48175367410170444 0.8763066800438697 0
    outer loop
      vertex -15.964488230962194 -39.01979026590363 3
      vertex -15.76640272481713 -39.128688694438836 3
      vertex -15.964488230962194 -39.01979026590363 0
    endloop
  endfacet
  facet normal 0.3681245526846669 0.9297764858882558 0
    outer loop
      vertex -15.76640272481713 -39.128688694438836 3
      vertex -15.556230589874906 -39.211901729331274 3
      vertex -15.76640272481713 -39.128688694438836 0
    endloop
  endfacet
  facet normal 0.24868988716487248 0.9685831611286266 0
    outer loop
      vertex -15.556230589874906 -39.211901729331274 3
      vertex -15.337286366254304 -39.26811705131164 3
      vertex -15.556230589874906 -39.211901729331274 0
    endloop
  endfacet
  facet normal 0.1253332335642993 0.9921147013144785 0
    outer loop
      vertex -15.337286366254304 -39.26811705131164 3
      vertex -15.113022935152765 -39.29644811117089 3
      vertex -15.337286366254304 -39.26811705131164 0
    endloop
  endfacet
  facet normal 0 1 0
    outer loop
      vertex -15.113022935152765 -39.29644811117089 3
      vertex -14.886977064847235 -39.29644811117089 3
      vertex -15.113022935152765 -39.29644811117089 0
    endloop
  endfacet
  facet normal -0.1253332335642993 0.9921147013144785 0
    outer loop
      vertex -14.886977064847235 -39.29644811117089 3
      vertex -14.662713633745696 -39.26811705131164 3
      vertex -14.886977064847235 -39.29644811117089 0
    endloop
  endfacet
  facet normal 0.9048270524660234 0.42577929156506455 0
    outer loop
      vertex -16.577352024078955 -38.36715661338309 0
      vertex -16.673597674598852 -38.16262419483242 3
      vertex -16.577352024078955 -38.36715661338309 3
    endloop
  endfacet
  facet normal 0.951056516295152 0.30901699437495245 0
    outer loop
      vertex -16.673597674598852 -38.16262419483242 0
      vertex -16.743449690031536 -37.94764179689674 3
      vertex -16.673597674598852 -38.16262419483242 3
    endloop
  endfacet
  facet normal 0.9822872507286885 0.18738131458572582 0
    outer loop
      vertex -16.743449690031536 -37.94764179689674 0
      vertex -16.78580646236606 -37.725599820415745 3
      vertex -16.743449690031536 -37.94764179689674 3
    endloop
  endfacet
  facet normal 0.9980267284282716 0.06279051952931326 0
    outer loop
      vertex -16.78580646236606 -37.725599820415745 0
      vertex -16.8 -37.5 3
      vertex -16.78580646236606 -37.725599820415745 3
    endloop
  endfacet
  facet normal 0.9980267284282716 -0.06279051952931326 0
    outer loop
      vertex -16.78580646236606 -37.274400179584255 3
      vertex -16.8 -37.5 3
      vertex -16.8 -37.5 0
    endloop
  endfacet
  facet normal 0.9822872507286885 -0.18738131458572582 0
    outer loop
      vertex -16.78580646236606 -37.274400179584255 0
      vertex -16.743449690031536 -37.05235820310326 3
      vertex -16.78580646236606 -37.274400179584255 3
    endloop
  endfacet
  facet normal 0.951056516295152 -0.30901699437495245 0
    outer loop
      vertex -16.743449690031536 -37.05235820310326 0
      vertex -16.673597674598852 -36.83737580516758 3
      vertex -16.743449690031536 -37.05235820310326 3
    endloop
  endfacet
  facet normal 0.9048270524660234 -0.42577929156506455 0
    outer loop
      vertex -16.673597674598852 -36.83737580516758 0
      vertex -16.577352024078955 -36.63284338661691 3
      vertex -16.673597674598852 -36.83737580516758 3
    endloop
  endfacet
  facet normal 0.8443279255020157 0.5358267949789955 0
    outer loop
      vertex -16.456230589874906 -38.55801345412645 0
      vertex -16.577352024078955 -38.36715661338309 3
      vertex -16.456230589874906 -38.55801345412645 3
    endloop
  endfacet
  facet normal 0.6845471059286956 0.728968627421405 0
    outer loop
      vertex -16.31214352935854 -38.73218479067164 3
      vertex -16.14736318154764 -38.886923836996424 3
      vertex -16.31214352935854 -38.73218479067164 0
    endloop
  endfacet
  facet normal 0.7705132427757823 0.637423989748698 0
    outer loop
      vertex -16.31214352935854 -38.73218479067164 0
      vertex -16.456230589874906 -38.55801345412645 3
      vertex -16.31214352935854 -38.73218479067164 3
    endloop
  endfacet
  facet normal 0.8443279255020157 -0.5358267949789955 0
    outer loop
      vertex -16.456230589874906 -36.44198654587355 3
      vertex -16.577352024078955 -36.63284338661691 3
      vertex -16.577352024078955 -36.63284338661691 0
    endloop
  endfacet
  facet normal 0.7705132427757823 -0.637423989748698 0
    outer loop
      vertex -16.456230589874906 -36.44198654587355 0
      vertex -16.31214352935854 -36.26781520932836 3
      vertex -16.456230589874906 -36.44198654587355 3
    endloop
  endfacet
  facet normal 0.6845471059286956 -0.728968627421405 0
    outer loop
      vertex -16.14736318154764 -36.113076163003576 3
      vertex -16.31214352935854 -36.26781520932836 3
      vertex -16.14736318154764 -36.113076163003576 0
    endloop
  endfacet
  facet normal 0.5877852522924787 -0.8090169943749435 0
    outer loop
      vertex -15.964488230962194 -35.98020973409637 3
      vertex -16.14736318154764 -36.113076163003576 3
      vertex -15.964488230962194 -35.98020973409637 0
    endloop
  endfacet
  facet normal 0.48175367410170444 -0.8763066800438697 0
    outer loop
      vertex -15.76640272481713 -35.871311305561164 3
      vertex -15.964488230962194 -35.98020973409637 3
      vertex -15.76640272481713 -35.871311305561164 0
    endloop
  endfacet
  facet normal 0.3681245526846669 -0.9297764858882558 0
    outer loop
      vertex -15.556230589874906 -35.788098270668726 3
      vertex -15.76640272481713 -35.871311305561164 3
      vertex -15.556230589874906 -35.788098270668726 0
    endloop
  endfacet
  facet normal 0.24868988716487248 -0.9685831611286266 0
    outer loop
      vertex -15.337286366254304 -35.73188294868836 3
      vertex -15.556230589874906 -35.788098270668726 3
      vertex -15.337286366254304 -35.73188294868836 0
    endloop
  endfacet
  facet normal 0.1253332335642983 -0.9921147013144787 0
    outer loop
      vertex -15.113022935152763 -35.70355188882911 3
      vertex -15.337286366254304 -35.73188294868836 3
      vertex -15.113022935152763 -35.70355188882911 0
    endloop
  endfacet
  facet normal 0 -1 0
    outer loop
      vertex -14.886977064847237 -35.70355188882911 3
      vertex -15.113022935152763 -35.70355188882911 3
      vertex -14.886977064847237 -35.70355188882911 0
    endloop
  endfacet
  facet normal -0.24868988716487248 0.9685831611286266 0
    outer loop
      vertex -14.662713633745696 -39.26811705131164 3
      vertex -14.443769410125094 -39.211901729331274 3
      vertex -14.662713633745696 -39.26811705131164 0
    endloop
  endfacet
  facet normal -0.3681245526846669 0.9297764858882558 0
    outer loop
      vertex -14.443769410125094 -39.211901729331274 3
      vertex -14.23359727518287 -39.128688694438836 3
      vertex -14.443769410125094 -39.211901729331274 0
    endloop
  endfacet
  facet normal -0.4817536741017078 0.8763066800438678 0
    outer loop
      vertex -14.23359727518287 -39.128688694438836 3
      vertex -14.035511769037807 -39.01979026590363 3
      vertex -14.23359727518287 -39.128688694438836 0
    endloop
  endfacet
  facet normal -0.5877852522924711 0.8090169943749488 0
    outer loop
      vertex -14.035511769037807 -39.01979026590363 3
      vertex -13.852636818452359 -38.886923836996424 3
      vertex -14.035511769037807 -39.01979026590363 0
    endloop
  endfacet
  facet normal -0.6845471059286956 0.728968627421405 0
    outer loop
      vertex -13.852636818452359 -38.886923836996424 3
      vertex -13.687856470641458 -38.73218479067164 3
      vertex -13.852636818452359 -38.886923836996424 0
    endloop
  endfacet
  facet normal -0.7705132427757861 0.6374239897486934 0
    outer loop
      vertex -13.543769410125094 -38.55801345412645 0
      vertex -13.687856470641458 -38.73218479067164 3
      vertex -13.543769410125094 -38.55801345412645 3
    endloop
  endfacet
  facet normal -0.8443279255020157 0.5358267949789955 0
    outer loop
      vertex -13.422647975921045 -38.36715661338309 0
      vertex -13.543769410125094 -38.55801345412645 3
      vertex -13.422647975921045 -38.36715661338309 3
    endloop
  endfacet
  facet normal -0.9048270524660234 0.42577929156506455 0
    outer loop
      vertex -13.326402325401148 -38.16262419483242 0
      vertex -13.422647975921045 -38.36715661338309 3
      vertex -13.326402325401148 -38.16262419483242 3
    endloop
  endfacet
  facet normal -0.951056516295152 0.30901699437495245 0
    outer loop
      vertex -13.256550309968464 -37.94764179689674 0
      vertex -13.326402325401148 -38.16262419483242 3
      vertex -13.256550309968464 -37.94764179689674 3
    endloop
  endfacet
  facet normal -0.9822872507286885 0.18738131458572582 0
    outer loop
      vertex -13.214193537633939 -37.725599820415745 0
      vertex -13.256550309968464 -37.94764179689674 3
      vertex -13.214193537633939 -37.725599820415745 3
    endloop
  endfacet
  facet normal -0.9980267284282716 0.06279051952931326 0
    outer loop
      vertex -13.2 -37.5 0
      vertex -13.214193537633939 -37.725599820415745 3
      vertex -13.2 -37.5 3
    endloop
  endfacet
  facet normal -0.6845471059286996 -0.7289686274214013 0
    outer loop
      vertex -13.68785647064146 -36.26781520932836 0
      vertex -13.68785647064146 -36.26781520932836 3
      vertex -13.852636818452359 -36.113076163003576 3
    endloop
  endfacet
  facet normal -0.7705132427757823 -0.637423989748698 0
    outer loop
      vertex -13.68785647064146 -36.26781520932836 0
      vertex -13.543769410125094 -36.44198654587355 3
      vertex -13.68785647064146 -36.26781520932836 3
    endloop
  endfacet
  facet normal -0.8443279255020157 -0.5358267949789955 0
    outer loop
      vertex -13.543769410125094 -36.44198654587355 0
      vertex -13.422647975921045 -36.63284338661691 3
      vertex -13.543769410125094 -36.44198654587355 3
    endloop
  endfacet
  facet normal -0.9048270524660234 -0.42577929156506455 0
    outer loop
      vertex -13.422647975921045 -36.63284338661691 0
      vertex -13.326402325401148 -36.83737580516758 3
      vertex -13.422647975921045 -36.63284338661691 3
    endloop
  endfacet
  facet normal -0.9980267284282716 -0.06279051952931326 0
    outer loop
      vertex -13.214193537633939 -37.274400179584255 0
      vertex -13.2 -37.5 3
      vertex -13.214193537633939 -37.274400179584255 3
    endloop
  endfacet
  facet normal -0.951056516295152 -0.30901699437495245 0
    outer loop
      vertex -13.326402325401148 -36.83737580516758 0
      vertex -13.256550309968464 -37.05235820310326 3
      vertex -13.326402325401148 -36.83737580516758 3
    endloop
  endfacet
  facet normal -0.9822872507286885 -0.18738131458572582 0
    outer loop
      vertex -13.256550309968464 -37.05235820310326 0
      vertex -13.214193537633939 -37.274400179584255 3
      vertex -13.256550309968464 -37.05235820310326 3
    endloop
  endfacet
  facet normal -0.1253332335642983 -0.9921147013144787 0
    outer loop
      vertex -14.662713633745696 -35.73188294868836 3
      vertex -14.886977064847237 -35.70355188882911 3
      vertex -14.662713633745696 -35.73188294868836 0
    endloop
  endfacet
  facet normal -0.3681245526846669 -0.9297764858882558 0
    outer loop
      vertex -14.23359727518287 -35.871311305561164 3
      vertex -14.443769410125094 -35.788098270668726 3
      vertex -14.23359727518287 -35.871311305561164 0
    endloop
  endfacet
  facet normal -0.24868988716487248 -0.9685831611286266 0
    outer loop
      vertex -14.443769410125094 -35.788098270668726 3
      vertex -14.662713633745696 -35.73188294868836 3
      vertex -14.443769410125094 -35.788098270668726 0
    endloop
  endfacet
  facet normal -0.48175367410170444 -0.8763066800438697 0
    outer loop
      vertex -14.035511769037806 -35.98020973409637 3
      vertex -14.23359727518287 -35.871311305561164 3
      vertex -14.035511769037806 -35.98020973409637 0
    endloop
  endfacet
  facet normal -0.5877852522924749 -0.8090169943749461 0
    outer loop
      vertex -13.852636818452359 -36.113076163003576 3
      vertex -14.035511769037806 -35.98020973409637 3
      vertex -13.852636818452359 -36.113076163003576 0
    endloop
  endfacet
  facet normal 0.5877852522924741 0.8090169943749466 0
    outer loop
      vertex -0.9644882309621942 -39.01979026590363 0
      vertex -1.1473631815476413 -38.886923836996424 0
      vertex -0.9644882309621942 -39.01979026590363 3
    endloop
  endfacet
  facet normal 0.4817536741017056 0.8763066800438688 0
    outer loop
      vertex -0.7664027248171305 -39.128688694438836 0
      vertex -0.9644882309621942 -39.01979026590363 0
      vertex -0.7664027248171305 -39.128688694438836 3
    endloop
  endfacet
  facet normal 0.36812455268466604 0.9297764858882561 0
    outer loop
      vertex -0.5562305898749054 -39.211901729331274 0
      vertex -0.7664027248171305 -39.128688694438836 0
      vertex -0.5562305898749054 -39.211901729331274 3
    endloop
  endfacet
  facet normal 0.2486898871648735 0.9685831611286264 0
    outer loop
      vertex -0.3372863662543047 -39.26811705131164 0
      vertex -0.5562305898749054 -39.211901729331274 0
      vertex -0.3372863662543047 -39.26811705131164 3
    endloop
  endfacet
  facet normal 0.1253332335642988 0.9921147013144785 0
    outer loop
      vertex -0.11302293515276478 -39.29644811117089 0
      vertex -0.3372863662543047 -39.26811705131164 0
      vertex -0.11302293515276478 -39.29644811117089 3
    endloop
  endfacet
  facet normal 0.7705132427757857 0.637423989748694 0
    outer loop
      vertex -1.312143529358541 -38.73218479067164 0
      vertex -1.4562305898749055 -38.55801345412645 0
      vertex -1.4562305898749055 -38.55801345412645 3
    endloop
  endfacet
  facet normal 0.8443279255020167 0.5358267949789942 0
    outer loop
      vertex -1.4562305898749055 -38.55801345412645 0
      vertex -1.5773520240789543 -38.36715661338309 0
      vertex -1.5773520240789543 -38.36715661338309 3
    endloop
  endfacet
  facet normal 0.9048270524660214 0.42577929156506855 0
    outer loop
      vertex -1.5773520240789543 -38.36715661338309 0
      vertex -1.6735976745988526 -38.16262419483242 0
      vertex -1.6735976745988526 -38.16262419483242 3
    endloop
  endfacet
  facet normal 0.9510565162951522 0.30901699437495156 0
    outer loop
      vertex -1.6735976745988526 -38.16262419483242 0
      vertex -1.743449690031536 -37.94764179689674 0
      vertex -1.743449690031536 -37.94764179689674 3
    endloop
  endfacet
  facet normal 0.9822872507286893 0.18738131458572205 0
    outer loop
      vertex -1.743449690031536 -37.94764179689674 0
      vertex -1.78580646236606 -37.725599820415745 0
      vertex -1.78580646236606 -37.725599820415745 3
    endloop
  endfacet
  facet normal 0.9980267284282716 0.06279051952931425 0
    outer loop
      vertex -1.78580646236606 -37.725599820415745 0
      vertex -1.8 -37.5 0
      vertex -1.8 -37.5 3
    endloop
  endfacet
  facet normal 0.6845471059286972 0.7289686274214036 0
    outer loop
      vertex -1.1473631815476413 -38.886923836996424 0
      vertex -1.312143529358541 -38.73218479067164 0
      vertex -1.1473631815476413 -38.886923836996424 3
    endloop
  endfacet
  facet normal 0.9980267284282716 -0.06279051952931425 0
    outer loop
      vertex -1.8 -37.5 0
      vertex -1.78580646236606 -37.274400179584255 0
      vertex -1.78580646236606 -37.274400179584255 3
    endloop
  endfacet
  facet normal 0.9822872507286893 -0.18738131458572205 0
    outer loop
      vertex -1.78580646236606 -37.274400179584255 0
      vertex -1.743449690031536 -37.05235820310326 0
      vertex -1.743449690031536 -37.05235820310326 3
    endloop
  endfacet
  facet normal 0.9510565162951522 -0.30901699437495156 0
    outer loop
      vertex -1.743449690031536 -37.05235820310326 0
      vertex -1.6735976745988526 -36.83737580516758 0
      vertex -1.6735976745988526 -36.83737580516758 3
    endloop
  endfacet
  facet normal 0.9048270524660214 -0.42577929156506855 0
    outer loop
      vertex -1.6735976745988526 -36.83737580516758 0
      vertex -1.5773520240789543 -36.63284338661691 0
      vertex -1.5773520240789543 -36.63284338661691 3
    endloop
  endfacet
  facet normal 0.8443279255020167 -0.5358267949789942 0
    outer loop
      vertex -1.5773520240789543 -36.63284338661691 0
      vertex -1.4562305898749055 -36.44198654587355 0
      vertex -1.4562305898749055 -36.44198654587355 3
    endloop
  endfacet
  facet normal 0.7705132427757857 -0.637423989748694 0
    outer loop
      vertex -1.4562305898749055 -36.44198654587355 0
      vertex -1.312143529358541 -36.26781520932836 0
      vertex -1.312143529358541 -36.26781520932836 3
    endloop
  endfacet
  facet normal 0.6845471059286972 -0.7289686274214036 0
    outer loop
      vertex -1.312143529358541 -36.26781520932836 0
      vertex -1.1473631815476413 -36.113076163003576 0
      vertex -1.312143529358541 -36.26781520932836 3
    endloop
  endfacet
  facet normal 0.5877852522924741 -0.8090169943749466 0
    outer loop
      vertex -1.1473631815476413 -36.113076163003576 0
      vertex -0.9644882309621942 -35.98020973409637 0
      vertex -1.1473631815476413 -36.113076163003576 3
    endloop
  endfacet
  facet normal 0.4817536741017065 -0.8763066800438685 0
    outer loop
      vertex -0.9644882309621942 -35.98020973409637 0
      vertex -0.7664027248171309 -35.871311305561164 0
      vertex -0.9644882309621942 -35.98020973409637 3
    endloop
  endfacet
  facet normal 0.3681245526846654 -0.9297764858882565 0
    outer loop
      vertex -0.7664027248171309 -35.871311305561164 0
      vertex -0.5562305898749054 -35.788098270668726 0
      vertex -0.7664027248171309 -35.871311305561164 3
    endloop
  endfacet
  facet normal 0.248689887164873 -0.9685831611286264 0
    outer loop
      vertex -0.5562305898749054 -35.788098270668726 0
      vertex -0.33728636625430425 -35.73188294868836 0
      vertex -0.5562305898749054 -35.788098270668726 3
    endloop
  endfacet
  facet normal 0.12533323356429854 -0.9921147013144787 0
    outer loop
      vertex -0.33728636625430425 -35.73188294868836 0
      vertex -0.1130229351527639 -35.70355188882911 0
      vertex -0.33728636625430425 -35.73188294868836 3
    endloop
  endfacet
  facet normal 0 -1 0
    outer loop
      vertex -0.1130229351527639 -35.70355188882911 0
      vertex 0.1130229351527639 -35.70355188882911 0
      vertex -0.1130229351527639 -35.70355188882911 3
    endloop
  endfacet
  facet normal 0.5877852522924741 0.8090169943749466 0
    outer loop
      vertex -1.1473631815476413 -38.886923836996424 3
      vertex -0.9644882309621942 -39.01979026590363 3
      vertex -1.1473631815476413 -38.886923836996424 0
    endloop
  endfacet
  facet normal 0.4817536741017056 0.8763066800438688 0
    outer loop
      vertex -0.9644882309621942 -39.01979026590363 3
      vertex -0.7664027248171305 -39.128688694438836 3
      vertex -0.9644882309621942 -39.01979026590363 0
    endloop
  endfacet
  facet normal 0.36812455268466604 0.9297764858882561 0
    outer loop
      vertex -0.7664027248171305 -39.128688694438836 3
      vertex -0.5562305898749054 -39.211901729331274 3
      vertex -0.7664027248171305 -39.128688694438836 0
    endloop
  endfacet
  facet normal 0.2486898871648735 0.9685831611286264 0
    outer loop
      vertex -0.5562305898749054 -39.211901729331274 3
      vertex -0.3372863662543047 -39.26811705131164 3
      vertex -0.5562305898749054 -39.211901729331274 0
    endloop
  endfacet
  facet normal 0.1253332335642988 0.9921147013144785 0
    outer loop
      vertex -0.3372863662543047 -39.26811705131164 3
      vertex -0.11302293515276478 -39.29644811117089 3
      vertex -0.3372863662543047 -39.26811705131164 0
    endloop
  endfacet
  facet normal 0 1 0
    outer loop
      vertex -0.11302293515276478 -39.29644811117089 3
      vertex 0.11302293515276478 -39.29644811117089 3
      vertex -0.11302293515276478 -39.29644811117089 0
    endloop
  endfacet
  facet normal 0.9048270524660214 0.42577929156506855 0
    outer loop
      vertex -1.5773520240789543 -38.36715661338309 0
      vertex -1.6735976745988526 -38.16262419483242 3
      vertex -1.5773520240789543 -38.36715661338309 3
    endloop
  endfacet
  facet normal 0.8443279255020167 0.5358267949789942 0
    outer loop
      vertex -1.4562305898749055 -38.55801345412645 0
      vertex -1.5773520240789543 -38.36715661338309 3
      vertex -1.4562305898749055 -38.55801345412645 3
    endloop
  endfacet
  facet normal 0.9510565162951522 0.30901699437495156 0
    outer loop
      vertex -1.6735976745988526 -38.16262419483242 0
      vertex -1.743449690031536 -37.94764179689674 3
      vertex -1.6735976745988526 -38.16262419483242 3
    endloop
  endfacet
  facet normal 0.9822872507286893 0.18738131458572205 0
    outer loop
      vertex -1.743449690031536 -37.94764179689674 0
      vertex -1.78580646236606 -37.725599820415745 3
      vertex -1.743449690031536 -37.94764179689674 3
    endloop
  endfacet
  facet normal 0.9980267284282716 0.06279051952931425 0
    outer loop
      vertex -1.78580646236606 -37.725599820415745 0
      vertex -1.8 -37.5 3
      vertex -1.78580646236606 -37.725599820415745 3
    endloop
  endfacet
  facet normal 0.7705132427757857 0.637423989748694 0
    outer loop
      vertex -1.312143529358541 -38.73218479067164 0
      vertex -1.4562305898749055 -38.55801345412645 3
      vertex -1.312143529358541 -38.73218479067164 3
    endloop
  endfacet
  facet normal 0.6845471059286972 0.7289686274214036 0
    outer loop
      vertex -1.312143529358541 -38.73218479067164 3
      vertex -1.1473631815476413 -38.886923836996424 3
      vertex -1.312143529358541 -38.73218479067164 0
    endloop
  endfacet
  facet normal 0.9980267284282716 -0.06279051952931425 0
    outer loop
      vertex -1.8 -37.5 0
      vertex -1.78580646236606 -37.274400179584255 3
      vertex -1.8 -37.5 3
    endloop
  endfacet
  facet normal 0.9822872507286893 -0.18738131458572205 0
    outer loop
      vertex -1.78580646236606 -37.274400179584255 0
      vertex -1.743449690031536 -37.05235820310326 3
      vertex -1.78580646236606 -37.274400179584255 3
    endloop
  endfacet
  facet normal 0.9510565162951522 -0.30901699437495156 0
    outer loop
      vertex -1.6735976745988526 -36.83737580516758 3
      vertex -1.743449690031536 -37.05235820310326 3
      vertex -1.743449690031536 -37.05235820310326 0
    endloop
  endfacet
  facet normal 0.9048270524660214 -0.42577929156506855 0
    outer loop
      vertex -1.6735976745988526 -36.83737580516758 0
      vertex -1.5773520240789543 -36.63284338661691 3
      vertex -1.6735976745988526 -36.83737580516758 3
    endloop
  endfacet
  facet normal 0.8443279255020167 -0.5358267949789942 0
    outer loop
      vertex -1.5773520240789543 -36.63284338661691 0
      vertex -1.4562305898749055 -36.44198654587355 3
      vertex -1.5773520240789543 -36.63284338661691 3
    endloop
  endfacet
  facet normal 0.7705132427757857 -0.637423989748694 0
    outer loop
      vertex -1.4562305898749055 -36.44198654587355 0
      vertex -1.312143529358541 -36.26781520932836 3
      vertex -1.4562305898749055 -36.44198654587355 3
    endloop
  endfacet
  facet normal 0.6845471059286972 -0.7289686274214036 0
    outer loop
      vertex -1.1473631815476413 -36.113076163003576 3
      vertex -1.312143529358541 -36.26781520932836 3
      vertex -1.1473631815476413 -36.113076163003576 0
    endloop
  endfacet
  facet normal 0.5877852522924741 -0.8090169943749466 0
    outer loop
      vertex -0.9644882309621942 -35.98020973409637 3
      vertex -1.1473631815476413 -36.113076163003576 3
      vertex -0.9644882309621942 -35.98020973409637 0
    endloop
  endfacet
  facet normal 0.4817536741017065 -0.8763066800438685 0
    outer loop
      vertex -0.7664027248171309 -35.871311305561164 3
      vertex -0.9644882309621942 -35.98020973409637 3
      vertex -0.7664027248171309 -35.871311305561164 0
    endloop
  endfacet
  facet normal 0.3681245526846654 -0.9297764858882565 0
    outer loop
      vertex -0.5562305898749054 -35.788098270668726 3
      vertex -0.7664027248171309 -35.871311305561164 3
      vertex -0.5562305898749054 -35.788098270668726 0
    endloop
  endfacet
  facet normal 0.248689887164873 -0.9685831611286264 0
    outer loop
      vertex -0.33728636625430425 -35.73188294868836 3
      vertex -0.5562305898749054 -35.788098270668726 3
      vertex -0.33728636625430425 -35.73188294868836 0
    endloop
  endfacet
  facet normal 0.12533323356429854 -0.9921147013144787 0
    outer loop
      vertex -0.1130229351527639 -35.70355188882911 3
      vertex -0.33728636625430425 -35.73188294868836 3
      vertex -0.1130229351527639 -35.70355188882911 0
    endloop
  endfacet
  facet normal 0 1 0
    outer loop
      vertex -0.11302293515276478 -39.29644811117089 0
      vertex 0.11302293515276478 -39.29644811117089 3
      vertex 0.11302293515276478 -39.29644811117089 0
    endloop
  endfacet
  facet normal -0.1253332335642988 0.9921147013144785 0
    outer loop
      vertex 0.3372863662543047 -39.26811705131164 0
      vertex 0.11302293515276478 -39.29644811117089 0
      vertex 0.3372863662543047 -39.26811705131164 3
    endloop
  endfacet
  facet normal -0.2486898871648735 0.9685831611286264 0
    outer loop
      vertex 0.5562305898749054 -39.211901729331274 0
      vertex 0.3372863662543047 -39.26811705131164 0
      vertex 0.5562305898749054 -39.211901729331274 3
    endloop
  endfacet
  facet normal -0.36812455268466604 0.9297764858882561 0
    outer loop
      vertex 0.7664027248171305 -39.128688694438836 0
      vertex 0.5562305898749054 -39.211901729331274 0
      vertex 0.7664027248171305 -39.128688694438836 3
    endloop
  endfacet
  facet normal -0.4817536741017075 0.8763066800438679 0
    outer loop
      vertex 0.9644882309621932 -39.01979026590363 0
      vertex 0.7664027248171305 -39.128688694438836 0
      vertex 0.9644882309621932 -39.01979026590363 3
    endloop
  endfacet
  facet normal -0.5877852522924707 0.8090169943749491 0
    outer loop
      vertex 1.147363181547642 -38.886923836996424 0
      vertex 0.9644882309621932 -39.01979026590363 0
      vertex 1.147363181547642 -38.886923836996424 3
    endloop
  endfacet
  facet normal -0.6845471059286986 0.7289686274214022 0
    outer loop
      vertex 1.312143529358541 -38.73218479067164 0
      vertex 1.147363181547642 -38.886923836996424 0
      vertex 1.312143529358541 -38.73218479067164 3
    endloop
  endfacet
  facet normal -0.7705132427757857 0.637423989748694 0
    outer loop
      vertex 1.312143529358541 -38.73218479067164 0
      vertex 1.312143529358541 -38.73218479067164 3
      vertex 1.4562305898749055 -38.55801345412645 0
    endloop
  endfacet
  facet normal -0.8443279255020167 0.5358267949789942 0
    outer loop
      vertex 1.5773520240789543 -38.36715661338309 0
      vertex 1.4562305898749055 -38.55801345412645 0
      vertex 1.4562305898749055 -38.55801345412645 3
    endloop
  endfacet
  facet normal -0.9048270524660218 0.4257792915650678 0
    outer loop
      vertex 1.6735976745988523 -38.16262419483242 0
      vertex 1.5773520240789543 -38.36715661338309 0
      vertex 1.5773520240789543 -38.36715661338309 3
    endloop
  endfacet
  facet normal -0.9510565162951516 0.30901699437495334 0
    outer loop
      vertex 1.7434496900315362 -37.94764179689674 0
      vertex 1.6735976745988523 -38.16262419483242 0
      vertex 1.6735976745988523 -38.16262419483242 3
    endloop
  endfacet
  facet normal -0.9822872507286895 0.1873813145857211 0
    outer loop
      vertex 1.78580646236606 -37.725599820415745 0
      vertex 1.7434496900315362 -37.94764179689674 0
      vertex 1.7434496900315362 -37.94764179689674 3
    endloop
  endfacet
  facet normal -0.9980267284282716 0.06279051952931425 0
    outer loop
      vertex 1.8 -37.5 0
      vertex 1.78580646236606 -37.725599820415745 0
      vertex 1.78580646236606 -37.725599820415745 3
    endloop
  endfacet
  facet normal -0.6845471059286982 -0.7289686274214027 0
    outer loop
      vertex 1.1473631815476415 -36.113076163003576 0
      vertex 1.3121435293585408 -36.26781520932836 0
      vertex 1.1473631815476415 -36.113076163003576 3
    endloop
  endfacet
  facet normal -0.9980267284282716 -0.06279051952931425 0
    outer loop
      vertex 1.78580646236606 -37.274400179584255 0
      vertex 1.8 -37.5 0
      vertex 1.8 -37.5 3
    endloop
  endfacet
  facet normal -0.9822872507286893 -0.18738131458572205 0
    outer loop
      vertex 1.743449690031536 -37.05235820310326 0
      vertex 1.78580646236606 -37.274400179584255 0
      vertex 1.78580646236606 -37.274400179584255 3
    endloop
  endfacet
  facet normal -0.9510565162951522 -0.30901699437495156 0
    outer loop
      vertex 1.6735976745988526 -36.83737580516758 0
      vertex 1.743449690031536 -37.05235820310326 0
      vertex 1.743449690031536 -37.05235820310326 3
    endloop
  endfacet
  facet normal -0.8443279255020163 -0.5358267949789949 0
    outer loop
      vertex 1.4562305898749055 -36.44198654587355 0
      vertex 1.5773520240789545 -36.63284338661691 0
      vertex 1.5773520240789545 -36.63284338661691 3
    endloop
  endfacet
  facet normal -0.7705132427757853 -0.6374239897486946 0
    outer loop
      vertex 1.3121435293585408 -36.26781520932836 0
      vertex 1.4562305898749055 -36.44198654587355 0
      vertex 1.4562305898749055 -36.44198654587355 3
    endloop
  endfacet
  facet normal -0.9048270524660218 -0.4257792915650678 0
    outer loop
      vertex 1.5773520240789545 -36.63284338661691 0
      vertex 1.6735976745988526 -36.83737580516758 0
      vertex 1.6735976745988526 -36.83737580516758 3
    endloop
  endfacet
  facet normal -0.12533323356429854 -0.9921147013144787 0
    outer loop
      vertex 0.1130229351527639 -35.70355188882911 0
      vertex 0.33728636625430425 -35.73188294868836 0
      vertex 0.1130229351527639 -35.70355188882911 3
    endloop
  endfacet
  facet normal -0.248689887164873 -0.9685831611286264 0
    outer loop
      vertex 0.33728636625430425 -35.73188294868836 0
      vertex 0.5562305898749054 -35.788098270668726 0
      vertex 0.33728636625430425 -35.73188294868836 3
    endloop
  endfacet
  facet normal -0.3681245526846654 -0.9297764858882565 0
    outer loop
      vertex 0.5562305898749054 -35.788098270668726 0
      vertex 0.7664027248171309 -35.871311305561164 0
      vertex 0.5562305898749054 -35.788098270668726 3
    endloop
  endfacet
  facet normal -0.48175367410170666 -0.8763066800438682 0
    outer loop
      vertex 0.7664027248171309 -35.871311305561164 0
      vertex 0.964488230962194 -35.98020973409637 0
      vertex 0.7664027248171309 -35.871311305561164 3
    endloop
  endfacet
  facet normal -0.5877852522924736 -0.8090169943749472 0
    outer loop
      vertex 0.964488230962194 -35.98020973409637 0
      vertex 1.1473631815476415 -36.113076163003576 0
      vertex 0.964488230962194 -35.98020973409637 3
    endloop
  endfacet
  facet normal -0.1253332335642988 0.9921147013144785 0
    outer loop
      vertex 0.11302293515276478 -39.29644811117089 3
      vertex 0.3372863662543047 -39.26811705131164 3
      vertex 0.11302293515276478 -39.29644811117089 0
    endloop
  endfacet
  facet normal -0.2486898871648735 0.9685831611286264 0
    outer loop
      vertex 0.3372863662543047 -39.26811705131164 3
      vertex 0.5562305898749054 -39.211901729331274 3
      vertex 0.3372863662543047 -39.26811705131164 0
    endloop
  endfacet
  facet normal -0.36812455268466604 0.9297764858882561 0
    outer loop
      vertex 0.5562305898749054 -39.211901729331274 3
      vertex 0.7664027248171305 -39.128688694438836 3
      vertex 0.5562305898749054 -39.211901729331274 0
    endloop
  endfacet
  facet normal -0.4817536741017075 0.8763066800438679 0
    outer loop
      vertex 0.7664027248171305 -39.128688694438836 3
      vertex 0.9644882309621932 -39.01979026590363 3
      vertex 0.7664027248171305 -39.128688694438836 0
    endloop
  endfacet
  facet normal -0.5877852522924707 0.8090169943749491 0
    outer loop
      vertex 0.9644882309621932 -39.01979026590363 3
      vertex 1.147363181547642 -38.886923836996424 3
      vertex 0.9644882309621932 -39.01979026590363 0
    endloop
  endfacet
  facet normal -0.6845471059286986 0.7289686274214022 0
    outer loop
      vertex 1.147363181547642 -38.886923836996424 3
      vertex 1.312143529358541 -38.73218479067164 3
      vertex 1.147363181547642 -38.886923836996424 0
    endloop
  endfacet
  facet normal -0.7705132427757857 0.637423989748694 0
    outer loop
      vertex 1.4562305898749055 -38.55801345412645 0
      vertex 1.312143529358541 -38.73218479067164 3
      vertex 1.4562305898749055 -38.55801345412645 3
    endloop
  endfacet
  facet normal -0.8443279255020167 0.5358267949789942 0
    outer loop
      vertex 1.5773520240789543 -38.36715661338309 0
      vertex 1.4562305898749055 -38.55801345412645 3
      vertex 1.5773520240789543 -38.36715661338309 3
    endloop
  endfacet
  facet normal -0.9048270524660218 0.4257792915650678 0
    outer loop
      vertex 1.6735976745988523 -38.16262419483242 0
      vertex 1.5773520240789543 -38.36715661338309 3
      vertex 1.6735976745988523 -38.16262419483242 3
    endloop
  endfacet
  facet normal -0.9510565162951516 0.30901699437495334 0
    outer loop
      vertex 1.6735976745988523 -38.16262419483242 3
      vertex 1.7434496900315362 -37.94764179689674 3
      vertex 1.7434496900315362 -37.94764179689674 0
    endloop
  endfacet
  facet normal -0.9822872507286895 0.1873813145857211 0
    outer loop
      vertex 1.78580646236606 -37.725599820415745 0
      vertex 1.7434496900315362 -37.94764179689674 3
      vertex 1.78580646236606 -37.725599820415745 3
    endloop
  endfacet
  facet normal -0.9980267284282716 0.06279051952931425 0
    outer loop
      vertex 1.8 -37.5 0
      vertex 1.78580646236606 -37.725599820415745 3
      vertex 1.8 -37.5 3
    endloop
  endfacet
  facet normal -0.6845471059286982 -0.7289686274214027 0
    outer loop
      vertex 1.3121435293585408 -36.26781520932836 3
      vertex 1.1473631815476415 -36.113076163003576 3
      vertex 1.3121435293585408 -36.26781520932836 0
    endloop
  endfacet
  facet normal -0.7705132427757853 -0.6374239897486946 0
    outer loop
      vertex 1.3121435293585408 -36.26781520932836 0
      vertex 1.4562305898749055 -36.44198654587355 3
      vertex 1.3121435293585408 -36.26781520932836 3
    endloop
  endfacet
  facet normal -0.9980267284282716 -0.06279051952931425 0
    outer loop
      vertex 1.78580646236606 -37.274400179584255 0
      vertex 1.8 -37.5 3
      vertex 1.78580646236606 -37.274400179584255 3
    endloop
  endfacet
  facet normal -0.9510565162951522 -0.30901699437495156 0
    outer loop
      vertex 1.6735976745988526 -36.83737580516758 0
      vertex 1.743449690031536 -37.05235820310326 3
      vertex 1.6735976745988526 -36.83737580516758 3
    endloop
  endfacet
  facet normal -0.9822872507286893 -0.18738131458572205 0
    outer loop
      vertex 1.743449690031536 -37.05235820310326 0
      vertex 1.78580646236606 -37.274400179584255 3
      vertex 1.743449690031536 -37.05235820310326 3
    endloop
  endfacet
  facet normal -0.8443279255020163 -0.5358267949789949 0
    outer loop
      vertex 1.4562305898749055 -36.44198654587355 0
      vertex 1.5773520240789545 -36.63284338661691 3
      vertex 1.4562305898749055 -36.44198654587355 3
    endloop
  endfacet
  facet normal -0.9048270524660218 -0.4257792915650678 0
    outer loop
      vertex 1.5773520240789545 -36.63284338661691 0
      vertex 1.6735976745988526 -36.83737580516758 3
      vertex 1.5773520240789545 -36.63284338661691 3
    endloop
  endfacet
  facet normal 0 -1 0
    outer loop
      vertex 0.1130229351527639 -35.70355188882911 0
      vertex 0.1130229351527639 -35.70355188882911 3
      vertex -0.1130229351527639 -35.70355188882911 3
    endloop
  endfacet
  facet normal -0.12533323356429854 -0.9921147013144787 0
    outer loop
      vertex 0.33728636625430425 -35.73188294868836 3
      vertex 0.1130229351527639 -35.70355188882911 3
      vertex 0.33728636625430425 -35.73188294868836 0
    endloop
  endfacet
  facet normal -0.248689887164873 -0.9685831611286264 0
    outer loop
      vertex 0.5562305898749054 -35.788098270668726 3
      vertex 0.33728636625430425 -35.73188294868836 3
      vertex 0.5562305898749054 -35.788098270668726 0
    endloop
  endfacet
  facet normal -0.3681245526846654 -0.9297764858882565 0
    outer loop
      vertex 0.7664027248171309 -35.871311305561164 3
      vertex 0.5562305898749054 -35.788098270668726 3
      vertex 0.7664027248171309 -35.871311305561164 0
    endloop
  endfacet
  facet normal -0.48175367410170666 -0.8763066800438682 0
    outer loop
      vertex 0.964488230962194 -35.98020973409637 3
      vertex 0.7664027248171309 -35.871311305561164 3
      vertex 0.964488230962194 -35.98020973409637 0
    endloop
  endfacet
  facet normal -0.5877852522924736 -0.8090169943749472 0
    outer loop
      vertex 1.1473631815476415 -36.113076163003576 3
      vertex 0.964488230962194 -35.98020973409637 3
      vertex 1.1473631815476415 -36.113076163003576 0
    endloop
  endfacet
  facet normal 0.5877852522924749 0.8090169943749461 0
    outer loop
      vertex 14.035511769037806 -39.01979026590363 0
      vertex 13.852636818452359 -38.886923836996424 0
      vertex 14.035511769037806 -39.01979026590363 3
    endloop
  endfacet
  facet normal 0.48175367410170444 0.8763066800438697 0
    outer loop
      vertex 14.23359727518287 -39.128688694438836 0
      vertex 14.035511769037806 -39.01979026590363 0
      vertex 14.23359727518287 -39.128688694438836 3
    endloop
  endfacet
  facet normal 0.3681245526846669 0.9297764858882558 0
    outer loop
      vertex 14.443769410125094 -39.211901729331274 0
      vertex 14.23359727518287 -39.128688694438836 0
      vertex 14.443769410125094 -39.211901729331274 3
    endloop
  endfacet
  facet normal 0.24868988716487248 0.9685831611286266 0
    outer loop
      vertex 14.662713633745696 -39.26811705131164 0
      vertex 14.443769410125094 -39.211901729331274 0
      vertex 14.662713633745696 -39.26811705131164 3
    endloop
  endfacet
  facet normal 0.9048270524660234 0.42577929156506455 0
    outer loop
      vertex 13.422647975921045 -38.36715661338309 0
      vertex 13.326402325401148 -38.16262419483242 0
      vertex 13.326402325401148 -38.16262419483242 3
    endloop
  endfacet
  facet normal 0.951056516295152 0.30901699437495245 0
    outer loop
      vertex 13.326402325401148 -38.16262419483242 0
      vertex 13.256550309968464 -37.94764179689674 0
      vertex 13.256550309968464 -37.94764179689674 3
    endloop
  endfacet
  facet normal 0.9822872507286885 0.18738131458572582 0
    outer loop
      vertex 13.256550309968464 -37.94764179689674 0
      vertex 13.214193537633939 -37.725599820415745 0
      vertex 13.214193537633939 -37.725599820415745 3
    endloop
  endfacet
  facet normal 0.9980267284282716 0.06279051952931326 0
    outer loop
      vertex 13.214193537633939 -37.725599820415745 0
      vertex 13.2 -37.5 0
      vertex 13.2 -37.5 3
    endloop
  endfacet
  facet normal 0.7705132427757861 0.6374239897486934 0
    outer loop
      vertex 13.687856470641458 -38.73218479067164 0
      vertex 13.543769410125094 -38.55801345412645 0
      vertex 13.543769410125094 -38.55801345412645 3
    endloop
  endfacet
  facet normal 0.8443279255020157 0.5358267949789955 0
    outer loop
      vertex 13.543769410125094 -38.55801345412645 0
      vertex 13.422647975921045 -38.36715661338309 0
      vertex 13.422647975921045 -38.36715661338309 3
    endloop
  endfacet
  facet normal 0.6845471059286956 0.728968627421405 0
    outer loop
      vertex 13.852636818452359 -38.886923836996424 0
      vertex 13.687856470641458 -38.73218479067164 0
      vertex 13.852636818452359 -38.886923836996424 3
    endloop
  endfacet
  facet normal 0.9980267284282716 -0.06279051952931326 0
    outer loop
      vertex 13.2 -37.5 0
      vertex 13.214193537633939 -37.274400179584255 0
      vertex 13.214193537633939 -37.274400179584255 3
    endloop
  endfacet
  facet normal 0.9822872507286885 -0.18738131458572582 0
    outer loop
      vertex 13.214193537633939 -37.274400179584255 0
      vertex 13.256550309968464 -37.05235820310326 0
      vertex 13.256550309968464 -37.05235820310326 3
    endloop
  endfacet
  facet normal 0.951056516295152 -0.30901699437495245 0
    outer loop
      vertex 13.256550309968464 -37.05235820310326 0
      vertex 13.326402325401148 -36.83737580516758 0
      vertex 13.326402325401148 -36.83737580516758 3
    endloop
  endfacet
  facet normal 0.9048270524660234 -0.42577929156506455 0
    outer loop
      vertex 13.326402325401148 -36.83737580516758 0
      vertex 13.422647975921045 -36.63284338661691 0
      vertex 13.422647975921045 -36.63284338661691 3
    endloop
  endfacet
  facet normal 0.8443279255020157 -0.5358267949789955 0
    outer loop
      vertex 13.422647975921045 -36.63284338661691 0
      vertex 13.543769410125094 -36.44198654587355 0
      vertex 13.543769410125094 -36.44198654587355 3
    endloop
  endfacet
  facet normal 0.7705132427757861 -0.6374239897486934 0
    outer loop
      vertex 13.543769410125094 -36.44198654587355 0
      vertex 13.687856470641458 -36.26781520932836 0
      vertex 13.687856470641458 -36.26781520932836 3
    endloop
  endfacet
  facet normal 0.6845471059286956 -0.728968627421405 0
    outer loop
      vertex 13.687856470641458 -36.26781520932836 0
      vertex 13.852636818452359 -36.113076163003576 0
      vertex 13.687856470641458 -36.26781520932836 3
    endloop
  endfacet
  facet normal 0.5877852522924749 -0.8090169943749461 0
    outer loop
      vertex 13.852636818452359 -36.113076163003576 0
      vertex 14.035511769037806 -35.98020973409637 0
      vertex 13.852636818452359 -36.113076163003576 3
    endloop
  endfacet
  facet normal 0.48175367410170444 -0.8763066800438697 0
    outer loop
      vertex 14.035511769037806 -35.98020973409637 0
      vertex 14.23359727518287 -35.871311305561164 0
      vertex 14.035511769037806 -35.98020973409637 3
    endloop
  endfacet
  facet normal 0.3681245526846669 -0.9297764858882558 0
    outer loop
      vertex 14.23359727518287 -35.871311305561164 0
      vertex 14.443769410125094 -35.788098270668726 0
      vertex 14.23359727518287 -35.871311305561164 3
    endloop
  endfacet
  facet normal 0.24868988716487248 -0.9685831611286266 0
    outer loop
      vertex 14.443769410125094 -35.788098270668726 0
      vertex 14.662713633745696 -35.73188294868836 0
      vertex 14.443769410125094 -35.788098270668726 3
    endloop
  endfacet
  facet normal 0.1253332335642983 -0.9921147013144787 0
    outer loop
      vertex 14.662713633745696 -35.73188294868836 0
      vertex 14.886977064847237 -35.70355188882911 0
      vertex 14.662713633745696 -35.73188294868836 3
    endloop
  endfacet
  facet normal 0.1253332335642993 0.9921147013144785 0
    outer loop
      vertex 14.886977064847235 -39.29644811117089 0
      vertex 14.662713633745696 -39.26811705131164 0
      vertex 14.886977064847235 -39.29644811117089 3
    endloop
  endfacet
  facet normal 0 1 0
    outer loop
      vertex 15.113022935152765 -39.29644811117089 0
      vertex 14.886977064847235 -39.29644811117089 0
      vertex 15.113022935152765 -39.29644811117089 3
    endloop
  endfacet
  facet normal -0.1253332335642993 0.9921147013144785 0
    outer loop
      vertex 15.337286366254304 -39.26811705131164 0
      vertex 15.113022935152765 -39.29644811117089 0
      vertex 15.337286366254304 -39.26811705131164 3
    endloop
  endfacet
  facet normal -0.24868988716487248 0.9685831611286266 0
    outer loop
      vertex 15.556230589874906 -39.211901729331274 0
      vertex 15.337286366254304 -39.26811705131164 0
      vertex 15.556230589874906 -39.211901729331274 3
    endloop
  endfacet
  facet normal -0.3681245526846669 0.9297764858882558 0
    outer loop
      vertex 15.76640272481713 -39.128688694438836 0
      vertex 15.556230589874906 -39.211901729331274 0
      vertex 15.76640272481713 -39.128688694438836 3
    endloop
  endfacet
  facet normal -0.4817536741017078 0.8763066800438678 0
    outer loop
      vertex 15.964488230962193 -39.01979026590363 0
      vertex 15.76640272481713 -39.128688694438836 0
      vertex 15.964488230962193 -39.01979026590363 3
    endloop
  endfacet
  facet normal -0.5877852522924674 0.8090169943749516 0
    outer loop
      vertex 16.147363181547643 -38.886923836996424 0
      vertex 15.964488230962193 -39.01979026590363 0
      vertex 16.147363181547643 -38.886923836996424 3
    endloop
  endfacet
  facet normal -0.6845471059287035 0.7289686274213977 0
    outer loop
      vertex 16.31214352935854 -38.73218479067164 0
      vertex 16.147363181547643 -38.886923836996424 0
      vertex 16.31214352935854 -38.73218479067164 3
    endloop
  endfacet
  facet normal -0.7705132427757823 0.637423989748698 0
    outer loop
      vertex 16.31214352935854 -38.73218479067164 0
      vertex 16.31214352935854 -38.73218479067164 3
      vertex 16.456230589874906 -38.55801345412645 0
    endloop
  endfacet
  facet normal -0.8443279255020157 0.5358267949789955 0
    outer loop
      vertex 16.577352024078955 -38.36715661338309 0
      vertex 16.456230589874906 -38.55801345412645 0
      vertex 16.456230589874906 -38.55801345412645 3
    endloop
  endfacet
  facet normal -0.6845471059287035 -0.7289686274213977 0
    outer loop
      vertex 16.147363181547643 -36.113076163003576 0
      vertex 16.31214352935854 -36.26781520932836 0
      vertex 16.147363181547643 -36.113076163003576 3
    endloop
  endfacet
  facet normal -0.8443279255020157 -0.5358267949789955 0
    outer loop
      vertex 16.456230589874906 -36.44198654587355 0
      vertex 16.577352024078955 -36.63284338661691 0
      vertex 16.577352024078955 -36.63284338661691 3
    endloop
  endfacet
  facet normal -0.7705132427757823 -0.637423989748698 0
    outer loop
      vertex 16.31214352935854 -36.26781520932836 0
      vertex 16.456230589874906 -36.44198654587355 0
      vertex 16.456230589874906 -36.44198654587355 3
    endloop
  endfacet
  facet normal 0 -1 0
    outer loop
      vertex 14.886977064847237 -35.70355188882911 0
      vertex 15.113022935152763 -35.70355188882911 0
      vertex 14.886977064847237 -35.70355188882911 3
    endloop
  endfacet
  facet normal -0.1253332335642983 -0.9921147013144787 0
    outer loop
      vertex 15.113022935152763 -35.70355188882911 0
      vertex 15.337286366254304 -35.73188294868836 0
      vertex 15.113022935152763 -35.70355188882911 3
    endloop
  endfacet
  facet normal -0.24868988716487248 -0.9685831611286266 0
    outer loop
      vertex 15.337286366254304 -35.73188294868836 0
      vertex 15.556230589874906 -35.788098270668726 0
      vertex 15.337286366254304 -35.73188294868836 3
    endloop
  endfacet
  facet normal -0.3681245526846669 -0.9297764858882558 0
    outer loop
      vertex 15.556230589874906 -35.788098270668726 0
      vertex 15.76640272481713 -35.871311305561164 0
      vertex 15.556230589874906 -35.788098270668726 3
    endloop
  endfacet
  facet normal -0.48175367410170444 -0.8763066800438697 0
    outer loop
      vertex 15.76640272481713 -35.871311305561164 0
      vertex 15.964488230962194 -35.98020973409637 0
      vertex 15.76640272481713 -35.871311305561164 3
    endloop
  endfacet
  facet normal -0.5877852522924711 -0.8090169943749488 0
    outer loop
      vertex 15.964488230962194 -35.98020973409637 0
      vertex 16.147363181547643 -36.113076163003576 0
      vertex 15.964488230962194 -35.98020973409637 3
    endloop
  endfacet
  facet normal -0.9048270524660234 0.42577929156506455 0
    outer loop
      vertex 16.673597674598852 -38.16262419483242 0
      vertex 16.577352024078955 -38.36715661338309 0
      vertex 16.577352024078955 -38.36715661338309 3
    endloop
  endfacet
  facet normal -0.951056516295152 0.30901699437495245 0
    outer loop
      vertex 16.743449690031536 -37.94764179689674 0
      vertex 16.673597674598852 -38.16262419483242 0
      vertex 16.673597674598852 -38.16262419483242 3
    endloop
  endfacet
  facet normal -0.9822872507286885 0.18738131458572582 0
    outer loop
      vertex 16.78580646236606 -37.725599820415745 0
      vertex 16.743449690031536 -37.94764179689674 0
      vertex 16.743449690031536 -37.94764179689674 3
    endloop
  endfacet
  facet normal -0.9980267284282716 0.06279051952931326 0
    outer loop
      vertex 16.8 -37.5 0
      vertex 16.78580646236606 -37.725599820415745 0
      vertex 16.78580646236606 -37.725599820415745 3
    endloop
  endfacet
  facet normal -0.9980267284282716 -0.06279051952931326 0
    outer loop
      vertex 16.78580646236606 -37.274400179584255 0
      vertex 16.8 -37.5 0
      vertex 16.8 -37.5 3
    endloop
  endfacet
  facet normal -0.9822872507286885 -0.18738131458572582 0
    outer loop
      vertex 16.743449690031536 -37.05235820310326 0
      vertex 16.78580646236606 -37.274400179584255 0
      vertex 16.78580646236606 -37.274400179584255 3
    endloop
  endfacet
  facet normal -0.951056516295152 -0.30901699437495245 0
    outer loop
      vertex 16.673597674598852 -36.83737580516758 0
      vertex 16.743449690031536 -37.05235820310326 0
      vertex 16.743449690031536 -37.05235820310326 3
    endloop
  endfacet
  facet normal -0.9048270524660234 -0.42577929156506455 0
    outer loop
      vertex 16.577352024078955 -36.63284338661691 0
      vertex 16.673597674598852 -36.83737580516758 0
      vertex 16.673597674598852 -36.83737580516758 3
    endloop
  endfacet
  facet normal 0.5877852522924749 0.8090169943749461 0
    outer loop
      vertex 13.852636818452359 -38.886923836996424 3
      vertex 14.035511769037806 -39.01979026590363 3
      vertex 13.852636818452359 -38.886923836996424 0
    endloop
  endfacet
  facet normal 0.48175367410170444 0.8763066800438697 0
    outer loop
      vertex 14.035511769037806 -39.01979026590363 3
      vertex 14.23359727518287 -39.128688694438836 3
      vertex 14.035511769037806 -39.01979026590363 0
    endloop
  endfacet
  facet normal 0.3681245526846669 0.9297764858882558 0
    outer loop
      vertex 14.23359727518287 -39.128688694438836 3
      vertex 14.443769410125094 -39.211901729331274 3
      vertex 14.23359727518287 -39.128688694438836 0
    endloop
  endfacet
  facet normal 0.24868988716487248 0.9685831611286266 0
    outer loop
      vertex 14.443769410125094 -39.211901729331274 3
      vertex 14.662713633745696 -39.26811705131164 3
      vertex 14.443769410125094 -39.211901729331274 0
    endloop
  endfacet
  facet normal 0.1253332335642993 0.9921147013144785 0
    outer loop
      vertex 14.662713633745696 -39.26811705131164 3
      vertex 14.886977064847235 -39.29644811117089 3
      vertex 14.662713633745696 -39.26811705131164 0
    endloop
  endfacet
  facet normal 0.951056516295152 0.30901699437495245 0
    outer loop
      vertex 13.326402325401148 -38.16262419483242 0
      vertex 13.256550309968464 -37.94764179689674 3
      vertex 13.326402325401148 -38.16262419483242 3
    endloop
  endfacet
  facet normal 0.9822872507286885 0.18738131458572582 0
    outer loop
      vertex 13.256550309968464 -37.94764179689674 0
      vertex 13.214193537633939 -37.725599820415745 3
      vertex 13.256550309968464 -37.94764179689674 3
    endloop
  endfacet
  facet normal 0.9980267284282716 0.06279051952931326 0
    outer loop
      vertex 13.214193537633939 -37.725599820415745 0
      vertex 13.2 -37.5 3
      vertex 13.214193537633939 -37.725599820415745 3
    endloop
  endfacet
  facet normal 0.9048270524660234 0.42577929156506455 0
    outer loop
      vertex 13.422647975921045 -38.36715661338309 0
      vertex 13.326402325401148 -38.16262419483242 3
      vertex 13.422647975921045 -38.36715661338309 3
    endloop
  endfacet
  facet normal 0.8443279255020157 0.5358267949789955 0
    outer loop
      vertex 13.543769410125094 -38.55801345412645 0
      vertex 13.422647975921045 -38.36715661338309 3
      vertex 13.543769410125094 -38.55801345412645 3
    endloop
  endfacet
  facet normal 0.7705132427757861 0.6374239897486934 0
    outer loop
      vertex 13.687856470641458 -38.73218479067164 0
      vertex 13.543769410125094 -38.55801345412645 3
      vertex 13.687856470641458 -38.73218479067164 3
    endloop
  endfacet
  facet normal 0.6845471059286956 0.728968627421405 0
    outer loop
      vertex 13.687856470641458 -38.73218479067164 3
      vertex 13.852636818452359 -38.886923836996424 3
      vertex 13.687856470641458 -38.73218479067164 0
    endloop
  endfacet
  facet normal 0.9980267284282716 -0.06279051952931326 0
    outer loop
      vertex 13.2 -37.5 0
      vertex 13.214193537633939 -37.274400179584255 3
      vertex 13.2 -37.5 3
    endloop
  endfacet
  facet normal 0.9822872507286885 -0.18738131458572582 0
    outer loop
      vertex 13.214193537633939 -37.274400179584255 0
      vertex 13.256550309968464 -37.05235820310326 3
      vertex 13.214193537633939 -37.274400179584255 3
    endloop
  endfacet
  facet normal 0.951056516295152 -0.30901699437495245 0
    outer loop
      vertex 13.256550309968464 -37.05235820310326 0
      vertex 13.326402325401148 -36.83737580516758 3
      vertex 13.256550309968464 -37.05235820310326 3
    endloop
  endfacet
  facet normal 0.9048270524660234 -0.42577929156506455 0
    outer loop
      vertex 13.326402325401148 -36.83737580516758 0
      vertex 13.422647975921045 -36.63284338661691 3
      vertex 13.326402325401148 -36.83737580516758 3
    endloop
  endfacet
  facet normal 0.8443279255020157 -0.5358267949789955 0
    outer loop
      vertex 13.422647975921045 -36.63284338661691 0
      vertex 13.543769410125094 -36.44198654587355 3
      vertex 13.422647975921045 -36.63284338661691 3
    endloop
  endfacet
  facet normal 0.7705132427757861 -0.6374239897486934 0
    outer loop
      vertex 13.543769410125094 -36.44198654587355 0
      vertex 13.687856470641458 -36.26781520932836 3
      vertex 13.543769410125094 -36.44198654587355 3
    endloop
  endfacet
  facet normal 0.6845471059286956 -0.728968627421405 0
    outer loop
      vertex 13.852636818452359 -36.113076163003576 3
      vertex 13.687856470641458 -36.26781520932836 3
      vertex 13.852636818452359 -36.113076163003576 0
    endloop
  endfacet
  facet normal 0.5877852522924749 -0.8090169943749461 0
    outer loop
      vertex 14.035511769037806 -35.98020973409637 3
      vertex 13.852636818452359 -36.113076163003576 3
      vertex 14.035511769037806 -35.98020973409637 0
    endloop
  endfacet
  facet normal 0.48175367410170444 -0.8763066800438697 0
    outer loop
      vertex 14.23359727518287 -35.871311305561164 3
      vertex 14.035511769037806 -35.98020973409637 3
      vertex 14.23359727518287 -35.871311305561164 0
    endloop
  endfacet
  facet normal 0.3681245526846669 -0.9297764858882558 0
    outer loop
      vertex 14.443769410125094 -35.788098270668726 3
      vertex 14.23359727518287 -35.871311305561164 3
      vertex 14.443769410125094 -35.788098270668726 0
    endloop
  endfacet
  facet normal 0.24868988716487248 -0.9685831611286266 0
    outer loop
      vertex 14.662713633745696 -35.73188294868836 3
      vertex 14.443769410125094 -35.788098270668726 3
      vertex 14.662713633745696 -35.73188294868836 0
    endloop
  endfacet
  facet normal 0 1 0
    outer loop
      vertex 14.886977064847235 -39.29644811117089 3
      vertex 15.113022935152765 -39.29644811117089 3
      vertex 14.886977064847235 -39.29644811117089 0
    endloop
  endfacet
  facet normal -0.1253332335642993 0.9921147013144785 0
    outer loop
      vertex 15.113022935152765 -39.29644811117089 3
      vertex 15.337286366254304 -39.26811705131164 3
      vertex 15.113022935152765 -39.29644811117089 0
    endloop
  endfacet
  facet normal -0.24868988716487248 0.9685831611286266 0
    outer loop
      vertex 15.337286366254304 -39.26811705131164 3
      vertex 15.556230589874906 -39.211901729331274 3
      vertex 15.337286366254304 -39.26811705131164 0
    endloop
  endfacet
  facet normal -0.3681245526846669 0.9297764858882558 0
    outer loop
      vertex 15.556230589874906 -39.211901729331274 3
      vertex 15.76640272481713 -39.128688694438836 3
      vertex 15.556230589874906 -39.211901729331274 0
    endloop
  endfacet
  facet normal -0.4817536741017078 0.8763066800438678 0
    outer loop
      vertex 15.76640272481713 -39.128688694438836 3
      vertex 15.964488230962193 -39.01979026590363 3
      vertex 15.76640272481713 -39.128688694438836 0
    endloop
  endfacet
  facet normal -0.5877852522924674 0.8090169943749516 0
    outer loop
      vertex 15.964488230962193 -39.01979026590363 3
      vertex 16.147363181547643 -38.886923836996424 3
      vertex 15.964488230962193 -39.01979026590363 0
    endloop
  endfacet
  facet normal -0.6845471059287035 0.7289686274213977 0
    outer loop
      vertex 16.147363181547643 -38.886923836996424 3
      vertex 16.31214352935854 -38.73218479067164 3
      vertex 16.147363181547643 -38.886923836996424 0
    endloop
  endfacet
  facet normal -0.7705132427757823 0.637423989748698 0
    outer loop
      vertex 16.456230589874906 -38.55801345412645 0
      vertex 16.31214352935854 -38.73218479067164 3
      vertex 16.456230589874906 -38.55801345412645 3
    endloop
  endfacet
  facet normal -0.8443279255020157 0.5358267949789955 0
    outer loop
      vertex 16.577352024078955 -38.36715661338309 0
      vertex 16.456230589874906 -38.55801345412645 3
      vertex 16.577352024078955 -38.36715661338309 3
    endloop
  endfacet
  facet normal -0.7705132427757823 -0.637423989748698 0
    outer loop
      vertex 16.31214352935854 -36.26781520932836 0
      vertex 16.456230589874906 -36.44198654587355 3
      vertex 16.31214352935854 -36.26781520932836 3
    endloop
  endfacet
  facet normal -0.6845471059287035 -0.7289686274213977 0
    outer loop
      vertex 16.31214352935854 -36.26781520932836 3
      vertex 16.147363181547643 -36.113076163003576 3
      vertex 16.31214352935854 -36.26781520932836 0
    endloop
  endfacet
  facet normal -0.8443279255020157 -0.5358267949789955 0
    outer loop
      vertex 16.456230589874906 -36.44198654587355 0
      vertex 16.577352024078955 -36.63284338661691 3
      vertex 16.456230589874906 -36.44198654587355 3
    endloop
  endfacet
  facet normal 0.1253332335642983 -0.9921147013144787 0
    outer loop
      vertex 14.886977064847237 -35.70355188882911 3
      vertex 14.662713633745696 -35.73188294868836 3
      vertex 14.886977064847237 -35.70355188882911 0
    endloop
  endfacet
  facet normal 0 -1 0
    outer loop
      vertex 15.113022935152763 -35.70355188882911 3
      vertex 14.886977064847237 -35.70355188882911 3
      vertex 15.113022935152763 -35.70355188882911 0
    endloop
  endfacet
  facet normal -0.1253332335642983 -0.9921147013144787 0
    outer loop
      vertex 15.337286366254304 -35.73188294868836 3
      vertex 15.113022935152763 -35.70355188882911 3
      vertex 15.337286366254304 -35.73188294868836 0
    endloop
  endfacet
  facet normal -0.24868988716487248 -0.9685831611286266 0
    outer loop
      vertex 15.556230589874906 -35.788098270668726 3
      vertex 15.337286366254304 -35.73188294868836 3
      vertex 15.556230589874906 -35.788098270668726 0
    endloop
  endfacet
  facet normal -0.3681245526846669 -0.9297764858882558 0
    outer loop
      vertex 15.76640272481713 -35.871311305561164 3
      vertex 15.556230589874906 -35.788098270668726 3
      vertex 15.76640272481713 -35.871311305561164 0
    endloop
  endfacet
  facet normal -0.48175367410170444 -0.8763066800438697 0
    outer loop
      vertex 15.964488230962194 -35.98020973409637 3
      vertex 15.76640272481713 -35.871311305561164 3
      vertex 15.964488230962194 -35.98020973409637 0
    endloop
  endfacet
  facet normal -0.5877852522924711 -0.8090169943749488 0
    outer loop
      vertex 16.147363181547643 -36.113076163003576 3
      vertex 15.964488230962194 -35.98020973409637 3
      vertex 16.147363181547643 -36.113076163003576 0
    endloop
  endfacet
  facet normal -0.9048270524660234 0.42577929156506455 0
    outer loop
      vertex 16.673597674598852 -38.16262419483242 0
      vertex 16.577352024078955 -38.36715661338309 3
      vertex 16.673597674598852 -38.16262419483242 3
    endloop
  endfacet
  facet normal -0.951056516295152 0.30901699437495245 0
    outer loop
      vertex 16.743449690031536 -37.94764179689674 0
      vertex 16.673597674598852 -38.16262419483242 3
      vertex 16.743449690031536 -37.94764179689674 3
    endloop
  endfacet
  facet normal -0.9822872507286885 0.18738131458572582 0
    outer loop
      vertex 16.78580646236606 -37.725599820415745 0
      vertex 16.743449690031536 -37.94764179689674 3
      vertex 16.78580646236606 -37.725599820415745 3
    endloop
  endfacet
  facet normal -0.9980267284282716 0.06279051952931326 0
    outer loop
      vertex 16.8 -37.5 0
      vertex 16.78580646236606 -37.725599820415745 3
      vertex 16.8 -37.5 3
    endloop
  endfacet
  facet normal -0.9980267284282716 -0.06279051952931326 0
    outer loop
      vertex 16.78580646236606 -37.274400179584255 0
      vertex 16.8 -37.5 3
      vertex 16.78580646236606 -37.274400179584255 3
    endloop
  endfacet
  facet normal -0.951056516295152 -0.30901699437495245 0
    outer loop
      vertex 16.673597674598852 -36.83737580516758 0
      vertex 16.743449690031536 -37.05235820310326 3
      vertex 16.673597674598852 -36.83737580516758 3
    endloop
  endfacet
  facet normal -0.9822872507286885 -0.18738131458572582 0
    outer loop
      vertex 16.743449690031536 -37.05235820310326 0
      vertex 16.78580646236606 -37.274400179584255 3
      vertex 16.743449690031536 -37.05235820310326 3
    endloop
  endfacet
  facet normal -0.9048270524660234 -0.42577929156506455 0
    outer loop
      vertex 16.577352024078955 -36.63284338661691 0
      vertex 16.673597674598852 -36.83737580516758 3
      vertex 16.577352024078955 -36.63284338661691 3
    endloop
  endfacet
endsolid OpenSCAD_Model
