solid OpenSCAD_Model
  facet normal 0 0 -1
    outer loop
      vertex -28.14484313710706 -27.922735529643443 0
      vertex -28.545084971874736 -27.438926261462367 0
      vertex -28.32974470492998 -27.6682403546252 0
    endloop
  endfacet
  facet normal 0 0 -1
    outer loop
      vertex -28.88153340021932 -26.908768370508575 0
      vertex -29.342915805643155 -25.743449435824274 0
      vertex -29.460573506572388 -25.12666616782152 0
    endloop
  endfacet
  facet normal 0 0 -1
    outer loop
      vertex -27.687119948743447 -28.352566213878948 0
      vertex -26.779704264884536 -28.851422207553068 0
      vertex -27.179133974894985 -28.721639627510076 0
    endloop
  endfacet
  facet normal 0 0 -1
    outer loop
      vertex -26.045084971874736 -29.255282581475768 0
      vertex -24.81395259764657 -29.49013364214136 0
      vertex -25.436906572928624 -29.411436253643444 0
    endloop
  endfacet
  facet normal 0 0 -1
    outer loop
      vertex -29.464309473310873 -20.42415377002865 0
      vertex -29.46469503370657 -19.9388436300379 0
      vertex -25.97685995292213 -16.0917366277995 0
    endloop
  endfacet
  facet normal 0 0 -1
    outer loop
      vertex -29.46469503370657 -19.9388436300379 0
      vertex -26.007809991057112 -15.735146830116722 0
      vertex -25.97685995292213 -16.0917366277995 0
    endloop
  endfacet
  facet normal 0 0 -1
    outer loop
      vertex -24.669956142156096 -15.964286911644711 0
      vertex -24.665439463598428 -15.540027149875911 0
      vertex -24.173597674598852 -15.66262419483242 0
    endloop
  endfacet
  facet normal 0 0 -1
    outer loop
      vertex -24.669956142156096 -15.964286911644711 0
      vertex -24.077352024078955 -15.867156613383088 0
      vertex -24.003359251152876 -15.983750566974505 0
    endloop
  endfacet
  facet normal 0 0 -1
    outer loop
      vertex -24.669956142156096 -15.964286911644711 0
      vertex -24.173597674598852 -15.66262419483242 0
      vertex -24.077352024078955 -15.867156613383088 0
    endloop
  endfacet
  facet normal 0 0 -1
    outer loop
      vertex -24.665439463598428 -15.540027149875911 0
      vertex -24.243449690031536 -15.447641796896738 0
      vertex -24.173597674598852 -15.66262419483242 0
    endloop
  endfacet
  facet normal 0 0 -1
    outer loop
      vertex -24.665439463598428 -15.540027149875911 0
      vertex -24.28580646236606 -15.225599820415747 0
      vertex -24.243449690031536 -15.447641796896738 0
    endloop
  endfacet
  facet normal 0 0 -1
    outer loop
      vertex -24.665439463598428 -15.540027149875911 0
      vertex -24.3 -15 0
      vertex -24.28580646236606 -15.225599820415747 0
    endloop
  endfacet
  facet normal 0 0 -1
    outer loop
      vertex -16.836445559725117 -16.1930139760168 0
      vertex -21.053585970485905 -16.069879637197936 0
      vertex -21.043769410125094 -16.058013454126453 0
    endloop
  endfacet
  facet normal 0 0 -1
    outer loop
      vertex -16.836445559725117 -16.1930139760168 0
      vertex -21.043769410125094 -16.058013454126453 0
      vertex -20.922647975921045 -15.867156613383088 0
    endloop
  endfacet
  facet normal 0 0 -1
    outer loop
      vertex -16.836445559725117 -16.1930139760168 0
      vertex -20.922647975921045 -15.867156613383088 0
      vertex -20.826402325401148 -15.662624194832421 0
    endloop
  endfacet
  facet normal 0 0 -1
    outer loop
      vertex -16.946351799881096 -15.509866357858641 0
      vertex -20.826402325401148 -15.662624194832421 0
      vertex -20.756550309968464 -15.447641796896738 0
    endloop
  endfacet
  facet normal 0 0 -1
    outer loop
      vertex -16.946351799881096 -15.509866357858641 0
      vertex -20.756550309968464 -15.447641796896738 0
      vertex -20.71419353763394 -15.225599820415747 0
    endloop
  endfacet
  facet normal 0 0 -1
    outer loop
      vertex -16.946351799881096 -15.509866357858641 0
      vertex -20.71419353763394 -15.225599820415747 0
      vertex -20.7 -15 0
    endloop
  endfacet
  facet normal 0 0 -1
    outer loop
      vertex -16.946351799881096 -15.509866357858641 0
      vertex -20.7 -15 0
      vertex -20.71419353763394 -14.774400179584251 0
    endloop
  endfacet
  facet normal 0 0 -1
    outer loop
      vertex -16.946351799881096 -15.509866357858641 0
      vertex -20.756550309968464 -14.552358203103262 0
      vertex -20.826402325401148 -14.33737580516758 0
    endloop
  endfacet
  facet normal 0 0 -1
    outer loop
      vertex -16.946351799881096 -15.509866357858641 0
      vertex -20.71419353763394 -14.774400179584251 0
      vertex -20.756550309968464 -14.552358203103262 0
    endloop
  endfacet
  facet normal 0 0 -1
    outer loop
      vertex -16.836445559725117 -16.1930139760168 0
      vertex -20.826402325401148 -15.662624194832421 0
      vertex -16.946351799881096 -15.509866357858641 0
    endloop
  endfacet
  facet normal -0.7705132427757906 -0.637423989748688 0
    outer loop
      vertex -28.14484313710706 -27.922735529643443 0
      vertex -28.545084971874736 -27.438926261462367 15
      vertex -28.545084971874736 -27.438926261462367 0
    endloop
  endfacet
  facet normal -0.5877852522924736 -0.8090169943749471 0
    outer loop
      vertex -27.687119948743447 -28.352566213878948 0
      vertex -27.179133974894985 -28.721639627510076 0
      vertex -27.179133974894985 -28.721639627510076 15
    endloop
  endfacet
  facet normal -0.9822872507286892 -0.18738131458572183 0
    outer loop
      vertex -29.342915805643155 -25.743449435824274 0
      vertex -29.342915805643155 -25.743449435824274 15
      vertex -29.460573506572388 -25.12666616782152 0
    endloop
  endfacet
  facet normal -0.2486898871648561 -0.968583161128631 0
    outer loop
      vertex -26.045084971874736 -29.255282581475768 0
      vertex -25.436906572928624 -29.411436253643444 0
      vertex -25.436906572928624 -29.411436253643444 15
    endloop
  endfacet
  facet normal 0 0 -1
    outer loop
      vertex -26.007809991057112 -15.735146830116722 0
      vertex -25.347996710142557 -9.065699440830574 0
      vertex -24.665439463598428 -15.540027149875911 0
    endloop
  endfacet
  facet normal 0 0 -1
    outer loop
      vertex -24.665439463598428 -15.540027149875911 0
      vertex -25.347996710142557 -9.065699440830574 0
      vertex -24.3 -15 0
    endloop
  endfacet
  facet normal 0 0 -1
    outer loop
      vertex -24.3 -15 0
      vertex -25.12930523171858 -9.410302069950538 0
      vertex -24.28580646236606 -14.774400179584253 0
    endloop
  endfacet
  facet normal 0 0 -1
    outer loop
      vertex -24.28580646236606 -14.774400179584253 0
      vertex -25.12930523171858 -9.410302069950538 0
      vertex -24.243449690031536 -14.552358203103262 0
    endloop
  endfacet
  facet normal 0 0 -1
    outer loop
      vertex -26.007809991057112 -15.735146830116722 0
      vertex -25.521773579136816 -8.696404796225202 0
      vertex -25.347996710142557 -9.065699440830574 0
    endloop
  endfacet
  facet normal 0 0 -1
    outer loop
      vertex -24.3 -15 0
      vertex -25.347996710142557 -9.065699440830574 0
      vertex -25.12930523171858 -9.410302069950538 0
    endloop
  endfacet
  facet normal 0 0 -1
    outer loop
      vertex -24.243449690031536 -14.552358203103262 0
      vertex -24.869148039119587 -9.724778094268238 0
      vertex -24.173597674598852 -14.33737580516758 0
    endloop
  endfacet
  facet normal 0 0 -1
    outer loop
      vertex -24.173597674598852 -14.33737580516758 0
      vertex -24.57162796668324 -10.004168039021316 0
      vertex -24.077352024078955 -14.132843386616912 0
    endloop
  endfacet
  facet normal 0 0 -1
    outer loop
      vertex -24.077352024078955 -14.132843386616912 0
      vertex -24.57162796668324 -10.004168039021316 0
      vertex -23.956230589874906 -13.941986545873549 0
    endloop
  endfacet
  facet normal 0 0 -1
    outer loop
      vertex -23.81214352935854 -13.767815209328361 0
      vertex -23.956230589874906 -13.941986545873549 0
      vertex -24.24143708368174 -10.244065757881549 0
    endloop
  endfacet
  facet normal 0 0 -1
    outer loop
      vertex -24.243449690031536 -14.552358203103262 0
      vertex -25.12930523171858 -9.410302069950538 0
      vertex -24.869148039119587 -9.724778094268238 0
    endloop
  endfacet
  facet normal 0 0 -1
    outer loop
      vertex -24.173597674598852 -14.33737580516758 0
      vertex -24.869148039119587 -9.724778094268238 0
      vertex -24.57162796668324 -10.004168039021316 0
    endloop
  endfacet
  facet normal 0 0 -1
    outer loop
      vertex -23.956230589874906 -13.941986545873549 0
      vertex -24.57162796668324 -10.004168039021316 0
      vertex -24.24143708368174 -10.244065757881549 0
    endloop
  endfacet
  facet normal 0 0 -1
    outer loop
      vertex -23.81214352935854 -13.767815209328361 0
      vertex -24.24143708368174 -10.244065757881549 0
      vertex -23.64736318154764 -13.61307616300358 0
    endloop
  endfacet
  facet normal 0 0 -1
    outer loop
      vertex -23.64736318154764 -13.61307616300358 0
      vertex -23.883782697586486 -10.440687920514563 0
      vertex -23.464488230962193 -13.480209734096373 0
    endloop
  endfacet
  facet normal 0 0 -1
    outer loop
      vertex -23.464488230962193 -13.480209734096373 0
      vertex -23.50430523171858 -10.59093367795925 0
      vertex -23.26640272481713 -13.371311305561164 0
    endloop
  endfacet
  facet normal 0 0 -1
    outer loop
      vertex -23.26640272481713 -13.371311305561164 0
      vertex -23.50430523171858 -10.59093367795925 0
      vertex -23.056230589874904 -13.288098270668723 0
    endloop
  endfacet
  facet normal 0 0 -1
    outer loop
      vertex -23.64736318154764 -13.61307616300358 0
      vertex -24.24143708368174 -10.244065757881549 0
      vertex -23.883782697586486 -10.440687920514563 0
    endloop
  endfacet
  facet normal 0 0 -1
    outer loop
      vertex -23.464488230962193 -13.480209734096373 0
      vertex -23.883782697586486 -10.440687920514563 0
      vertex -23.50430523171858 -10.59093367795925 0
    endloop
  endfacet
  facet normal 0 0 -1
    outer loop
      vertex -23.056230589874904 -13.288098270668723 0
      vertex -23.50430523171858 -10.59093367795925 0
      vertex -23.108989272403605 -10.692433564868239 0
    endloop
  endfacet
  facet normal 0 0 -1
    outer loop
      vertex -23.056230589874904 -13.288098270668723 0
      vertex -23.108989272403605 -10.692433564868239 0
      vertex -22.837286366254304 -13.23188294868836 0
    endloop
  endfacet
  facet normal 0 0 -1
    outer loop
      vertex -22.837286366254304 -13.23188294868836 0
      vertex -22.70406918847027 -10.743586867391883 0
      vertex -22.613022935152763 -13.20355188882911 0
    endloop
  endfacet
  facet normal 0 0 -1
    outer loop
      vertex -22.613022935152763 -13.20355188882911 0
      vertex -22.70406918847027 -10.743586867391883 0
      vertex -22.386977064847237 -13.20355188882911 0
    endloop
  endfacet
  facet normal 0 0 -1
    outer loop
      vertex -22.386977064847237 -13.20355188882911 0
      vertex -22.29593081152973 -10.743586867391883 0
      vertex -22.162713633745696 -13.23188294868836 0
    endloop
  endfacet
  facet normal 0 0 -1
    outer loop
      vertex -22.837286366254304 -13.23188294868836 0
      vertex -23.108989272403605 -10.692433564868239 0
      vertex -22.70406918847027 -10.743586867391883 0
    endloop
  endfacet
  facet normal 0 0 -1
    outer loop
      vertex -22.386977064847237 -13.20355188882911 0
      vertex -22.70406918847027 -10.743586867391883 0
      vertex -22.29593081152973 -10.743586867391883 0
    endloop
  endfacet
  facet normal 0 0 -1
    outer loop
      vertex -26.007809991057112 -15.735146830116722 0
      vertex -25.647895273668052 -8.308242133285779 0
      vertex -25.521773579136816 -8.696404796225202 0
    endloop
  endfacet
  facet normal 0 0 -1
    outer loop
      vertex -26.007809991057112 -15.735146830116722 0
      vertex -25.724372779272052 -7.907333009083988 0
      vertex -25.647895273668052 -8.308242133285779 0
    endloop
  endfacet
  facet normal 0 0 -1
    outer loop
      vertex -29.5 -20.5 0
      vertex -29.5 24.5 0
      vertex -29.46469503370657 -19.9388436300379 0
    endloop
  endfacet
  facet normal 0 0 -1
    outer loop
      vertex -29.46469503370657 -19.9388436300379 0
      vertex -29.5 24.5 0
      vertex -26.007809991057112 -15.735146830116722 0
    endloop
  endfacet
  facet normal 0 0 -1
    outer loop
      vertex -25.347996710142557 -5.934300559169425 0
      vertex -24.243449690031536 -0.4476417968967387 0
      vertex -25.12930523171858 -5.5896979300494625 0
    endloop
  endfacet
  facet normal 0 0 -1
    outer loop
      vertex -24.869148039119587 -5.275221905731762 0
      vertex -25.12930523171858 -5.5896979300494625 0
      vertex -24.173597674598852 -0.6626241948324202 0
    endloop
  endfacet
  facet normal 0 0 -1
    outer loop
      vertex -24.869148039119587 -5.275221905731762 0
      vertex -24.077352024078955 -0.8671566133830877 0
      vertex -24.57162796668324 -4.995831960978684 0
    endloop
  endfacet
  facet normal 0 0 -1
    outer loop
      vertex -25.724372779272052 -7.092666990916012 0
      vertex -25.724372779272052 7.092666990916012 0
      vertex -25.647895273668052 -6.691757866714221 0
    endloop
  endfacet
  facet normal 0 0 -1
    outer loop
      vertex -25.647895273668052 -6.691757866714221 0
      vertex -25.647895273668052 6.691757866714221 0
      vertex -25.521773579136816 -6.303595203774797 0
    endloop
  endfacet
  facet normal 0 0 -1
    outer loop
      vertex -25.521773579136816 -6.303595203774797 0
      vertex -25.521773579136816 6.303595203774797 0
      vertex -25.347996710142557 -5.934300559169425 0
    endloop
  endfacet
  facet normal 0 0 -1
    outer loop
      vertex -24.57162796668324 -4.995831960978684 0
      vertex -23.81214352935854 -1.2321847906716394 0
      vertex -24.24143708368174 -4.755934242118451 0
    endloop
  endfacet
  facet normal 0 0 -1
    outer loop
      vertex -25.347996710142557 -5.934300559169425 0
      vertex -24.28580646236606 -0.22559982041574733 0
      vertex -24.243449690031536 -0.4476417968967387 0
    endloop
  endfacet
  facet normal 0 0 -1
    outer loop
      vertex -25.12930523171858 -5.5896979300494625 0
      vertex -24.243449690031536 -0.4476417968967387 0
      vertex -24.173597674598852 -0.6626241948324202 0
    endloop
  endfacet
  facet normal 0 0 -1
    outer loop
      vertex -24.57162796668324 -4.995831960978684 0
      vertex -24.077352024078955 -0.8671566133830877 0
      vertex -23.956230589874906 -1.0580134541264516 0
    endloop
  endfacet
  facet normal 0 0 -1
    outer loop
      vertex -24.57162796668324 -4.995831960978684 0
      vertex -23.956230589874906 -1.0580134541264516 0
      vertex -23.81214352935854 -1.2321847906716394 0
    endloop
  endfacet
  facet normal 0 0 -1
    outer loop
      vertex -24.869148039119587 -5.275221905731762 0
      vertex -24.173597674598852 -0.6626241948324202 0
      vertex -24.077352024078955 -0.8671566133830877 0
    endloop
  endfacet
  facet normal 0 0 -1
    outer loop
      vertex -24.24143708368174 -4.755934242118451 0
      vertex -23.64736318154764 -1.386923836996421 0
      vertex -23.883782697586486 -4.559312079485437 0
    endloop
  endfacet
  facet normal 0 0 -1
    outer loop
      vertex -23.883782697586486 -4.559312079485437 0
      vertex -23.464488230962193 -1.5197902659036269 0
      vertex -23.50430523171858 -4.409066322040751 0
    endloop
  endfacet
  facet normal 0 0 -1
    outer loop
      vertex -23.50430523171858 -4.409066322040751 0
      vertex -23.056230589874904 -1.7119017293312764 0
      vertex -23.108989272403605 -4.307566435131761 0
    endloop
  endfacet
  facet normal 0 0 -1
    outer loop
      vertex -24.24143708368174 -4.755934242118451 0
      vertex -23.81214352935854 -1.2321847906716394 0
      vertex -23.64736318154764 -1.386923836996421 0
    endloop
  endfacet
  facet normal 0 0 -1
    outer loop
      vertex -23.883782697586486 -4.559312079485437 0
      vertex -23.64736318154764 -1.386923836996421 0
      vertex -23.464488230962193 -1.5197902659036269 0
    endloop
  endfacet
  facet normal 0 0 -1
    outer loop
      vertex -23.50430523171858 -4.409066322040751 0
      vertex -23.464488230962193 -1.5197902659036269 0
      vertex -23.26640272481713 -1.6286886944388352 0
    endloop
  endfacet
  facet normal 0 0 -1
    outer loop
      vertex -23.50430523171858 -4.409066322040751 0
      vertex -23.26640272481713 -1.6286886944388352 0
      vertex -23.056230589874904 -1.7119017293312764 0
    endloop
  endfacet
  facet normal 0 0 -1
    outer loop
      vertex -23.108989272403605 -4.307566435131761 0
      vertex -22.837286366254304 -1.7681170513116395 0
      vertex -22.704069188470267 -4.256413132608118 0
    endloop
  endfacet
  facet normal 0 0 -1
    outer loop
      vertex -22.704069188470267 -4.256413132608118 0
      vertex -22.386977064847237 -1.7964481111708888 0
      vertex -22.295930811529733 -4.256413132608118 0
    endloop
  endfacet
  facet normal 0 0 -1
    outer loop
      vertex -23.108989272403605 -4.307566435131761 0
      vertex -23.056230589874904 -1.7119017293312764 0
      vertex -22.837286366254304 -1.7681170513116395 0
    endloop
  endfacet
  facet normal 0 0 -1
    outer loop
      vertex -22.704069188470267 -4.256413132608118 0
      vertex -22.837286366254304 -1.7681170513116395 0
      vertex -22.613022935152763 -1.7964481111708888 0
    endloop
  endfacet
  facet normal 0 0 -1
    outer loop
      vertex -22.704069188470267 -4.256413132608118 0
      vertex -22.613022935152763 -1.7964481111708888 0
      vertex -22.386977064847237 -1.7964481111708888 0
    endloop
  endfacet
  facet normal 0 0 -1
    outer loop
      vertex -22.295930811529733 -4.256413132608118 0
      vertex -22.386977064847237 -1.7964481111708888 0
      vertex -22.162713633745696 -1.7681170513116395 0
    endloop
  endfacet
  facet normal 0 0 -1
    outer loop
      vertex -20.826402325401148 -14.33737580516758 0
      vertex -20.922647975921045 -14.132843386616912 0
      vertex -20.75856291631826 -10.24406575788155 0
    endloop
  endfacet
  facet normal 0 0 -1
    outer loop
      vertex -21.73359727518287 -13.371311305561164 0
      vertex -21.943769410125096 -13.288098270668723 0
      vertex -21.891010727596395 -10.692433564868239 0
    endloop
  endfacet
  facet normal 0 0 -1
    outer loop
      vertex -22.162713633745696 -13.23188294868836 0
      vertex -21.891010727596395 -10.692433564868239 0
      vertex -21.943769410125096 -13.288098270668723 0
    endloop
  endfacet
  facet normal 0 0 -1
    outer loop
      vertex -21.73359727518287 -13.371311305561164 0
      vertex -21.49569476828142 -10.59093367795925 0
      vertex -21.535511769037807 -13.480209734096373 0
    endloop
  endfacet
  facet normal 0 0 -1
    outer loop
      vertex -21.535511769037807 -13.480209734096373 0
      vertex -21.116217302413514 -10.440687920514563 0
      vertex -21.352636818452357 -13.61307616300358 0
    endloop
  endfacet
  facet normal 0 0 -1
    outer loop
      vertex -21.18785647064146 -13.76781520932836 0
      vertex -21.352636818452357 -13.61307616300358 0
      vertex -21.116217302413514 -10.440687920514563 0
    endloop
  endfacet
  facet normal 0 0 -1
    outer loop
      vertex -22.162713633745696 -13.23188294868836 0
      vertex -22.29593081152973 -10.743586867391883 0
      vertex -21.891010727596395 -10.692433564868239 0
    endloop
  endfacet
  facet normal 0 0 -1
    outer loop
      vertex -21.73359727518287 -13.371311305561164 0
      vertex -21.891010727596395 -10.692433564868239 0
      vertex -21.49569476828142 -10.59093367795925 0
    endloop
  endfacet
  facet normal 0 0 -1
    outer loop
      vertex -21.535511769037807 -13.480209734096373 0
      vertex -21.49569476828142 -10.59093367795925 0
      vertex -21.116217302413514 -10.440687920514563 0
    endloop
  endfacet
  facet normal 0 0 -1
    outer loop
      vertex -21.18785647064146 -13.76781520932836 0
      vertex -20.75856291631826 -10.24406575788155 0
      vertex -21.043769410125094 -13.941986545873549 0
    endloop
  endfacet
  facet normal 0 0 -1
    outer loop
      vertex -21.043769410125094 -13.941986545873549 0
      vertex -20.75856291631826 -10.24406575788155 0
      vertex -20.922647975921045 -14.132843386616912 0
    endloop
  endfacet
  facet normal 0 0 -1
    outer loop
      vertex -21.18785647064146 -13.76781520932836 0
      vertex -21.116217302413514 -10.440687920514563 0
      vertex -20.75856291631826 -10.24406575788155 0
    endloop
  endfacet
  facet normal 0 0 -1
    outer loop
      vertex -16.946351799881096 -15.509866357858641 0
      vertex -20.826402325401148 -14.33737580516758 0
      vertex -20.75856291631826 -10.24406575788155 0
    endloop
  endfacet
  facet normal 0 0 -1
    outer loop
      vertex -16.946351799881096 -15.509866357858641 0
      vertex -20.75856291631826 -10.24406575788155 0
      vertex -20.42837203331676 -10.004168039021314 0
    endloop
  endfacet
  facet normal 0 0 -1
    outer loop
      vertex -16.946351799881096 -15.509866357858641 0
      vertex -20.42837203331676 -10.004168039021314 0
      vertex -20.130851960880413 -9.724778094268238 0
    endloop
  endfacet
  facet normal 0 0 -1
    outer loop
      vertex -16.946351799881096 -15.509866357858641 0
      vertex -20.130851960880413 -9.724778094268238 0
      vertex -19.87069476828142 -9.410302069950538 0
    endloop
  endfacet
  facet normal 0 0 -1
    outer loop
      vertex -16.946351799881096 -15.509866357858641 0
      vertex -19.87069476828142 -9.410302069950538 0
      vertex -19.652003289857443 -9.065699440830574 0
    endloop
  endfacet
  facet normal 0 0 -1
    outer loop
      vertex -16.946351799881096 -15.509866357858641 0
      vertex -19.652003289857443 -9.065699440830574 0
      vertex -19.478226420863184 -8.696404796225204 0
    endloop
  endfacet
  facet normal 0 0 -1
    outer loop
      vertex -16.946351799881096 -15.509866357858641 0
      vertex -19.478226420863184 -8.696404796225204 0
      vertex -19.352104726331948 -8.308242133285777 0
    endloop
  endfacet
  facet normal 0 0 -1
    outer loop
      vertex -16.946351799881096 -15.509866357858641 0
      vertex -19.352104726331948 -8.308242133285777 0
      vertex -19.275627220727948 -7.907333009083988 0
    endloop
  endfacet
  facet normal 0 0 -1
    outer loop
      vertex -16.946351799881096 -15.509866357858641 0
      vertex -19.275627220727948 -7.907333009083988 0
      vertex -19.25 -7.5 0
    endloop
  endfacet
  facet normal 0 0 -1
    outer loop
      vertex -16.946351799881096 -15.509866357858641 0
      vertex -19.25 -7.5 0
      vertex -19.275627220727948 -7.092666990916011 0
    endloop
  endfacet
  facet normal 0 0 -1
    outer loop
      vertex -21.352636818452357 -1.3869238369964203 0
      vertex -20.42837203331676 -4.995831960978686 0
      vertex -20.75856291631826 -4.755934242118451 0
    endloop
  endfacet
  facet normal 0 0 -1
    outer loop
      vertex -20.42837203331676 -4.995831960978686 0
      vertex -20.922647975921045 -0.8671566133830877 0
      vertex -20.130851960880413 -5.275221905731762 0
    endloop
  endfacet
  facet normal 0 0 -1
    outer loop
      vertex -16.946351799881096 -15.509866357858641 0
      vertex -19.275627220727948 -7.092666990916011 0
      vertex -20.130851960880413 5.275221905731762 0
    endloop
  endfacet
  facet normal 0 0 -1
    outer loop
      vertex -19.652003289857443 -5.934300559169425 0
      vertex -20.71419353763394 -0.22559982041574733 0
      vertex -19.478226420863184 -6.303595203774797 0
    endloop
  endfacet
  facet normal 0 0 -1
    outer loop
      vertex -19.352104726331948 -6.691757866714222 0
      vertex -19.478226420863184 -6.303595203774797 0
      vertex -20.71419353763394 0.22559982041574766 0
    endloop
  endfacet
  facet normal 0 0 -1
    outer loop
      vertex -19.87069476828142 -5.5896979300494625 0
      vertex -20.756550309968464 -0.447641796896738 0
      vertex -19.652003289857443 -5.934300559169425 0
    endloop
  endfacet
  facet normal 0 0 -1
    outer loop
      vertex -20.130851960880413 -5.275221905731762 0
      vertex -20.826402325401148 -0.6626241948324211 0
      vertex -19.87069476828142 -5.5896979300494625 0
    endloop
  endfacet
  facet normal 0 0 -1
    outer loop
      vertex -22.295930811529733 -4.256413132608118 0
      vertex -22.162713633745696 -1.7681170513116395 0
      vertex -21.891010727596395 -4.307566435131761 0
    endloop
  endfacet
  facet normal 0 0 -1
    outer loop
      vertex -21.891010727596395 -4.307566435131761 0
      vertex -21.73359727518287 -1.6286886944388352 0
      vertex -21.49569476828142 -4.409066322040751 0
    endloop
  endfacet
  facet normal 0 0 -1
    outer loop
      vertex -21.49569476828142 -4.409066322040751 0
      vertex -21.535511769037807 -1.5197902659036275 0
      vertex -21.116217302413514 -4.559312079485437 0
    endloop
  endfacet
  facet normal 0 0 -1
    outer loop
      vertex -21.891010727596395 -4.307566435131761 0
      vertex -22.162713633745696 -1.7681170513116395 0
      vertex -21.943769410125096 -1.7119017293312764 0
    endloop
  endfacet
  facet normal 0 0 -1
    outer loop
      vertex -21.891010727596395 -4.307566435131761 0
      vertex -21.943769410125096 -1.7119017293312764 0
      vertex -21.73359727518287 -1.6286886944388352 0
    endloop
  endfacet
  facet normal 0 0 -1
    outer loop
      vertex -21.49569476828142 -4.409066322040751 0
      vertex -21.73359727518287 -1.6286886944388352 0
      vertex -21.535511769037807 -1.5197902659036275 0
    endloop
  endfacet
  facet normal 0 0 -1
    outer loop
      vertex -21.352636818452357 -1.3869238369964203 0
      vertex -21.116217302413514 -4.559312079485437 0
      vertex -21.535511769037807 -1.5197902659036275 0
    endloop
  endfacet
  facet normal 0 0 -1
    outer loop
      vertex -21.352636818452357 -1.3869238369964203 0
      vertex -20.75856291631826 -4.755934242118451 0
      vertex -21.116217302413514 -4.559312079485437 0
    endloop
  endfacet
  facet normal 0 0 -1
    outer loop
      vertex -20.42837203331676 -4.995831960978686 0
      vertex -21.352636818452357 -1.3869238369964203 0
      vertex -21.18785647064146 -1.2321847906716394 0
    endloop
  endfacet
  facet normal 0 0 -1
    outer loop
      vertex -20.42837203331676 -4.995831960978686 0
      vertex -21.18785647064146 -1.2321847906716394 0
      vertex -21.043769410125094 -1.0580134541264516 0
    endloop
  endfacet
  facet normal 0 0 -1
    outer loop
      vertex -20.42837203331676 -4.995831960978686 0
      vertex -21.043769410125094 -1.0580134541264516 0
      vertex -20.922647975921045 -0.8671566133830877 0
    endloop
  endfacet
  facet normal 0 0 -1
    outer loop
      vertex -20.130851960880413 -5.275221905731762 0
      vertex -20.922647975921045 -0.8671566133830877 0
      vertex -20.826402325401148 -0.6626241948324211 0
    endloop
  endfacet
  facet normal 0 0 -1
    outer loop
      vertex -19.87069476828142 -5.5896979300494625 0
      vertex -20.826402325401148 -0.6626241948324211 0
      vertex -20.756550309968464 -0.447641796896738 0
    endloop
  endfacet
  facet normal 0 0 -1
    outer loop
      vertex -19.652003289857443 -5.934300559169425 0
      vertex -20.756550309968464 -0.447641796896738 0
      vertex -20.71419353763394 -0.22559982041574733 0
    endloop
  endfacet
  facet normal 0 0 -1
    outer loop
      vertex -19.478226420863184 -6.303595203774797 0
      vertex -20.71419353763394 -0.22559982041574733 0
      vertex -20.7 0 0
    endloop
  endfacet
  facet normal 0 0 -1
    outer loop
      vertex -19.478226420863184 -6.303595203774797 0
      vertex -20.7 0 0
      vertex -20.71419353763394 0.22559982041574766 0
    endloop
  endfacet
  facet normal 0 0 -1
    outer loop
      vertex -20.130851960880413 5.275221905731762 0
      vertex -19.275627220727948 -7.092666990916011 0
      vertex -19.352104726331948 -6.691757866714222 0
    endloop
  endfacet
  facet normal 0 0 -1
    outer loop
      vertex -20.130851960880413 5.275221905731762 0
      vertex -19.352104726331948 -6.691757866714222 0
      vertex -20.71419353763394 0.22559982041574766 0
    endloop
  endfacet
  facet normal 0 0 -1
    outer loop
      vertex -16.946351799881096 -15.509866357858641 0
      vertex -20.130851960880413 5.275221905731762 0
      vertex -19.87069476828142 5.5896979300494625 0
    endloop
  endfacet
  facet normal 0 0 -1
    outer loop
      vertex -16.946351799881096 -15.509866357858641 0
      vertex -19.87069476828142 5.5896979300494625 0
      vertex -19.652003289857443 5.934300559169425 0
    endloop
  endfacet
  facet normal 0 0 -1
    outer loop
      vertex -16.946351799881096 -15.509866357858641 0
      vertex -19.652003289857443 5.934300559169425 0
      vertex -19.478226420863184 6.303595203774796 0
    endloop
  endfacet
  facet normal 0 0 -1
    outer loop
      vertex -16.946351799881096 -15.509866357858641 0
      vertex -19.478226420863184 6.303595203774796 0
      vertex -19.352104726331948 6.691757866714223 0
    endloop
  endfacet
  facet normal 0 0 -1
    outer loop
      vertex -16.946351799881096 -15.509866357858641 0
      vertex -15.5 24.5 0
      vertex -15.5 -15.509866357858641 0
    endloop
  endfacet
  facet normal -1 0 0
    outer loop
      vertex -29.5 -20.5 0
      vertex -29.5 -20.5 15
      vertex -29.5 24.5 0
    endloop
  endfacet
  facet normal -0.7705132427757906 -0.637423989748688 0
    outer loop
      vertex -28.14484313710706 -27.922735529643443 0
      vertex -28.14484313710706 -27.922735529643443 15
      vertex -28.545084971874736 -27.438926261462367 15
    endloop
  endfacet
  facet normal -0.5877852522924736 -0.8090169943749471 0
    outer loop
      vertex -27.687119948743447 -28.352566213878948 0
      vertex -27.179133974894985 -28.721639627510076 15
      vertex -27.687119948743447 -28.352566213878948 15
    endloop
  endfacet
  facet normal -0.2486898871648561 -0.968583161128631 0
    outer loop
      vertex -26.045084971874736 -29.255282581475768 0
      vertex -25.436906572928624 -29.411436253643444 15
      vertex -26.045084971874736 -29.255282581475768 15
    endloop
  endfacet
  facet normal -0.9822872507286892 -0.18738131458572183 0
    outer loop
      vertex -29.460573506572388 -25.12666616782152 0
      vertex -29.342915805643155 -25.743449435824274 15
      vertex -29.460573506572388 -25.12666616782152 15
    endloop
  endfacet
  facet normal 0 0 1
    outer loop
      vertex -28.14484313710706 -27.922735529643443 15
      vertex -28.32974470492998 -27.6682403546252 15
      vertex -28.545084971874736 -27.438926261462367 15
    endloop
  endfacet
  facet normal 0 0 1
    outer loop
      vertex -28.14484313710706 -27.922735529643443 15
      vertex -27.421516896313836 -28.52112303643741 15
      vertex -28.32974470492998 -27.6682403546252 15
    endloop
  endfacet
  facet normal 0 0 1
    outer loop
      vertex -28.32974470492998 -27.6682403546252 15
      vertex -26.045084971874736 -29.255282581475768 15
      vertex -28.98597948497961 -26.50197772816304 15
    endloop
  endfacet
  facet normal 0 0 1
    outer loop
      vertex -28.32974470492998 -27.6682403546252 15
      vertex -28.98597948497961 -26.50197772816304 15
      vertex -28.88153340021932 -26.908768370508575 15
    endloop
  endfacet
  facet normal 0 0 1
    outer loop
      vertex -28.88153340021932 -26.908768370508575 15
      vertex -28.98597948497961 -26.50197772816304 15
      vertex -29.342915805643155 -25.743449435824274 15
    endloop
  endfacet
  facet normal 0 0 1
    outer loop
      vertex -28.98597948497961 -26.50197772816304 15
      vertex -26.172870818411518 -27.040525790302446 15
      vertex -28.365338356408756 -25.65563786889778 15
    endloop
  endfacet
  facet normal 0 0 1
    outer loop
      vertex -27.179133974894985 -28.721639627510076 15
      vertex -26.045084971874736 -29.255282581475768 15
      vertex -27.421516896313836 -28.52112303643741 15
    endloop
  endfacet
  facet normal 0 0 1
    outer loop
      vertex -27.687119948743447 -28.352566213878948 15
      vertex -27.179133974894985 -28.721639627510076 15
      vertex -27.421516896313836 -28.52112303643741 15
    endloop
  endfacet
  facet normal 0 0 1
    outer loop
      vertex -28.32974470492998 -27.6682403546252 15
      vertex -27.421516896313836 -28.52112303643741 15
      vertex -26.045084971874736 -29.255282581475768 15
    endloop
  endfacet
  facet normal 0 0 1
    outer loop
      vertex -26.045084971874736 -29.255282581475768 15
      vertex -25.409243904870067 -29.112350290917046 15
      vertex -26.172870818411518 -27.040525790302446 15
    endloop
  endfacet
  facet normal 0 0 1
    outer loop
      vertex -28.98597948497961 -26.50197772816304 15
      vertex -26.045084971874736 -29.255282581475768 15
      vertex -26.172870818411518 -27.040525790302446 15
    endloop
  endfacet
  facet normal 0 0 1
    outer loop
      vertex -29.342915805643155 -25.743449435824274 15
      vertex -29.5 -24.5 15
      vertex -29.460573506572388 -25.12666616782152 15
    endloop
  endfacet
  facet normal 0 0 1
    outer loop
      vertex -28.98597948497961 -26.50197772816304 15
      vertex -28.365338356408756 -25.65563786889778 15
      vertex -29.5 -24.5 15
    endloop
  endfacet
  facet normal 0 0 1
    outer loop
      vertex -29.5 -24.5 15
      vertex -28.365338356408756 -25.65563786889778 15
      vertex -25.647895273668052 -23.308242133285777 15
    endloop
  endfacet
  facet normal 0 0 1
    outer loop
      vertex -29.5 -24.5 15
      vertex -25.724372779272052 -22.092666990916012 15
      vertex -29.5 -20.5 15
    endloop
  endfacet
  facet normal 0 0 1
    outer loop
      vertex -28.365338356408756 -25.65563786889778 15
      vertex -25.57267440821242 -23.539748152550644 15
      vertex -25.647895273668052 -23.308242133285777 15
    endloop
  endfacet
  facet normal 0 0 1
    outer loop
      vertex -29.5 -24.5 15
      vertex -25.647895273668052 -23.308242133285777 15
      vertex -25.724372779272052 -22.907333009083988 15
    endloop
  endfacet
  facet normal 0 0 1
    outer loop
      vertex -29.5 -24.5 15
      vertex -25.724372779272052 -22.907333009083988 15
      vertex -25.75 -22.5 15
    endloop
  endfacet
  facet normal 0 0 1
    outer loop
      vertex -29.5 -24.5 15
      vertex -25.75 -22.5 15
      vertex -25.724372779272052 -22.092666990916012 15
    endloop
  endfacet
  facet normal 0 0 1
    outer loop
      vertex -26.045084971874736 -29.255282581475768 15
      vertex -25.436906572928624 -29.411436253643444 15
      vertex -25.736083594239254 -29.31422774675933 15
    endloop
  endfacet
  facet normal 0 0 1
    outer loop
      vertex -26.045084971874736 -29.255282581475768 15
      vertex -25.736083594239254 -29.31422774675933 15
      vertex -25.409243904870067 -29.112350290917046 15
    endloop
  endfacet
  facet normal 0 0 1
    outer loop
      vertex -25.736083594239254 -29.31422774675933 15
      vertex -24.81395259764657 -29.49013364214136 15
      vertex -25.409243904870067 -29.112350290917046 15
    endloop
  endfacet
  facet normal 0 0 1
    outer loop
      vertex -26.172870818411518 -27.040525790302446 15
      vertex -18.247723713905334 -27.426028562404724 15
      vertex -28.365338356408756 -25.65563786889778 15
    endloop
  endfacet
  facet normal 0 0 1
    outer loop
      vertex -29.5 -20.5 15
      vertex -25.724372779272052 -22.092666990916012 15
      vertex -25.647895273668052 -21.691757866714223 15
    endloop
  endfacet
  facet normal 0 0 1
    outer loop
      vertex -29.5 -20.5 15
      vertex -25.647895273668052 -21.691757866714223 15
      vertex -25.521773579136816 -21.303595203774798 15
    endloop
  endfacet
  facet normal 0 0 1
    outer loop
      vertex -29.5 -20.5 15
      vertex -25.521773579136816 -21.303595203774798 15
      vertex -25.347996710142557 -20.934300559169426 15
    endloop
  endfacet
  facet normal 0 0 1
    outer loop
      vertex -29.5 -20.5 15
      vertex -25.347996710142557 -20.934300559169426 15
      vertex -25.12930523171858 -20.58969793004946 15
    endloop
  endfacet
  facet normal 0 0 1
    outer loop
      vertex -29.5 -20.5 15
      vertex -25.12930523171858 -20.58969793004946 15
      vertex -24.869148039119587 -20.27522190573176 15
    endloop
  endfacet
  facet normal 0 0 1
    outer loop
      vertex -29.5 -20.5 15
      vertex -24.869148039119587 -20.27522190573176 15
      vertex -24.57162796668324 -19.995831960978684 15
    endloop
  endfacet
  facet normal 0 0 1
    outer loop
      vertex -29.5 -20.5 15
      vertex -24.57162796668324 -19.995831960978684 15
      vertex -24.24143708368174 -19.75593424211845 15
    endloop
  endfacet
  facet normal 0 0 1
    outer loop
      vertex -29.5 -20.5 15
      vertex -24.24143708368174 -19.75593424211845 15
      vertex -23.883782697586486 -19.559312079485437 15
    endloop
  endfacet
  facet normal 0 0 1
    outer loop
      vertex -29.5 -20.5 15
      vertex -23.956230589874906 -16.058013454126453 15
      vertex -24.077352024078955 -15.867156613383088 15
    endloop
  endfacet
  facet normal 0 0 1
    outer loop
      vertex -29.5 -20.5 15
      vertex -24.077352024078955 -15.867156613383088 15
      vertex -24.173597674598852 -15.66262419483242 15
    endloop
  endfacet
  facet normal 0 0 1
    outer loop
      vertex -29.5 -20.5 15
      vertex -24.173597674598852 -15.66262419483242 15
      vertex -24.243449690031536 -15.447641796896738 15
    endloop
  endfacet
  facet normal 0 0 1
    outer loop
      vertex -29.5 -20.5 15
      vertex -24.243449690031536 -15.447641796896738 15
      vertex -24.28580646236606 -15.225599820415747 15
    endloop
  endfacet
  facet normal 0 0 1
    outer loop
      vertex -29.5 -20.5 15
      vertex -24.28580646236606 -15.225599820415747 15
      vertex -24.3 -15 15
    endloop
  endfacet
  facet normal 0 0 1
    outer loop
      vertex -29.5 -20.5 15
      vertex -24.3 -15 15
      vertex -24.28580646236606 -14.774400179584253 15
    endloop
  endfacet
  facet normal 0 0 1
    outer loop
      vertex -29.5 -20.5 15
      vertex -24.28580646236606 -14.774400179584253 15
      vertex -24.243449690031536 -14.552358203103262 15
    endloop
  endfacet
  facet normal 0 0 1
    outer loop
      vertex -29.5 -20.5 15
      vertex -24.243449690031536 -14.552358203103262 15
      vertex -25.12930523171858 -9.410302069950538 15
    endloop
  endfacet
  facet normal 0 0 1
    outer loop
      vertex -29.5 -20.5 15
      vertex -23.883782697586486 -19.559312079485437 15
      vertex -23.50430523171858 -19.40906632204075 15
    endloop
  endfacet
  facet normal 0 0 1
    outer loop
      vertex -29.5 -20.5 15
      vertex -23.50430523171858 -19.40906632204075 15
      vertex -23.108989272403605 -19.30756643513176 15
    endloop
  endfacet
  facet normal 0 0 1
    outer loop
      vertex -29.5 -20.5 15
      vertex -23.108989272403605 -19.30756643513176 15
      vertex -17.517989739318935 -17.43703591238372 15
    endloop
  endfacet
  facet normal 0 0 1
    outer loop
      vertex -29.5 -20.5 15
      vertex -23.81214352935854 -16.23218479067164 15
      vertex -23.956230589874906 -16.058013454126453 15
    endloop
  endfacet
  facet normal 0 0 1
    outer loop
      vertex -29.5 -20.5 15
      vertex -23.64736318154764 -16.38692383699642 15
      vertex -23.81214352935854 -16.23218479067164 15
    endloop
  endfacet
  facet normal 0 0 1
    outer loop
      vertex -29.5 -20.5 15
      vertex -23.464488230962193 -16.519790265903627 15
      vertex -23.64736318154764 -16.38692383699642 15
    endloop
  endfacet
  facet normal 0 0 1
    outer loop
      vertex -29.5 -20.5 15
      vertex -23.26640272481713 -16.628688694438836 15
      vertex -23.464488230962193 -16.519790265903627 15
    endloop
  endfacet
  facet normal 0 0 1
    outer loop
      vertex -29.5 -20.5 15
      vertex -22.837286366254304 -16.76811705131164 15
      vertex -23.056230589874904 -16.711901729331277 15
    endloop
  endfacet
  facet normal 0 0 1
    outer loop
      vertex -29.5 -20.5 15
      vertex -22.613022935152763 -16.79644811117089 15
      vertex -22.837286366254304 -16.76811705131164 15
    endloop
  endfacet
  facet normal 0 0 1
    outer loop
      vertex -29.5 -20.5 15
      vertex -23.056230589874904 -16.711901729331277 15
      vertex -23.26640272481713 -16.628688694438836 15
    endloop
  endfacet
  facet normal 0 0 1
    outer loop
      vertex -29.5 -20.5 15
      vertex -22.386977064847237 -16.79644811117089 15
      vertex -22.613022935152763 -16.79644811117089 15
    endloop
  endfacet
  facet normal 0 0 1
    outer loop
      vertex -29.5 -20.5 15
      vertex -22.162713633745696 -16.76811705131164 15
      vertex -22.386977064847237 -16.79644811117089 15
    endloop
  endfacet
  facet normal 0 0 1
    outer loop
      vertex -29.5 -20.5 15
      vertex -21.943769410125096 -16.711901729331277 15
      vertex -22.162713633745696 -16.76811705131164 15
    endloop
  endfacet
  facet normal 0 0 1
    outer loop
      vertex -29.5 -20.5 15
      vertex -21.73359727518287 -16.628688694438836 15
      vertex -21.943769410125096 -16.711901729331277 15
    endloop
  endfacet
  facet normal 0 0 1
    outer loop
      vertex -29.5 -20.5 15
      vertex -17.517989739318935 -17.43703591238372 15
      vertex -21.73359727518287 -16.628688694438836 15
    endloop
  endfacet
  facet normal 0 0 1
    outer loop
      vertex -17.517989739318935 -17.43703591238372 15
      vertex -23.108989272403605 -19.30756643513176 15
      vertex -22.704069188470267 -19.256413132608117 15
    endloop
  endfacet
  facet normal 0 0 1
    outer loop
      vertex -17.517989739318935 -17.43703591238372 15
      vertex -22.704069188470267 -19.256413132608117 15
      vertex -22.295930811529733 -19.256413132608117 15
    endloop
  endfacet
  facet normal 0 0 1
    outer loop
      vertex -17.517989739318935 -17.43703591238372 15
      vertex -22.295930811529733 -19.256413132608117 15
      vertex -21.891010727596395 -19.30756643513176 15
    endloop
  endfacet
  facet normal 0 0 1
    outer loop
      vertex -17.517989739318935 -17.43703591238372 15
      vertex -21.891010727596395 -19.30756643513176 15
      vertex -21.49569476828142 -19.40906632204075 15
    endloop
  endfacet
  facet normal 0 0 1
    outer loop
      vertex -17.517989739318935 -17.43703591238372 15
      vertex -21.49569476828142 -19.40906632204075 15
      vertex -21.116217302413514 -19.559312079485437 15
    endloop
  endfacet
  facet normal 0 0 1
    outer loop
      vertex -17.517989739318935 -17.43703591238372 15
      vertex -21.116217302413514 -19.559312079485437 15
      vertex -20.75856291631826 -19.75593424211845 15
    endloop
  endfacet
  facet normal 0 0 1
    outer loop
      vertex -17.517989739318935 -17.43703591238372 15
      vertex -20.75856291631826 -19.75593424211845 15
      vertex -20.666692511924072 -19.822681997975877 15
    endloop
  endfacet
  facet normal 0 0 1
    outer loop
      vertex -17.517989739318935 -17.43703591238372 15
      vertex -21.535511769037807 -16.519790265903627 15
      vertex -21.73359727518287 -16.628688694438836 15
    endloop
  endfacet
  facet normal 0 0 1
    outer loop
      vertex -17.517989739318935 -17.43703591238372 15
      vertex -21.352636818452357 -16.38692383699642 15
      vertex -21.535511769037807 -16.519790265903627 15
    endloop
  endfacet
  facet normal 0 0 1
    outer loop
      vertex -17.517989739318935 -17.43703591238372 15
      vertex -21.18785647064146 -16.23218479067164 15
      vertex -21.352636818452357 -16.38692383699642 15
    endloop
  endfacet
  facet normal 0 0 1
    outer loop
      vertex -17.517989739318935 -17.43703591238372 15
      vertex -21.043769410125094 -16.058013454126453 15
      vertex -21.18785647064146 -16.23218479067164 15
    endloop
  endfacet
  facet normal 0 0 1
    outer loop
      vertex -17.517989739318935 -17.43703591238372 15
      vertex -20.922647975921045 -15.867156613383088 15
      vertex -21.043769410125094 -16.058013454126453 15
    endloop
  endfacet
  facet normal 0 0 1
    outer loop
      vertex -17.517989739318935 -17.43703591238372 15
      vertex -20.826402325401148 -15.662624194832421 15
      vertex -20.922647975921045 -15.867156613383088 15
    endloop
  endfacet
  facet normal 0 0 1
    outer loop
      vertex -17.517989739318935 -17.43703591238372 15
      vertex -20.756550309968464 -15.447641796896738 15
      vertex -20.826402325401148 -15.662624194832421 15
    endloop
  endfacet
  facet normal 0 0 1
    outer loop
      vertex -17.517989739318935 -17.43703591238372 15
      vertex -20.71419353763394 -15.225599820415747 15
      vertex -20.756550309968464 -15.447641796896738 15
    endloop
  endfacet
  facet normal 0 0 1
    outer loop
      vertex -17.517989739318935 -17.43703591238372 15
      vertex -20.7 -15 15
      vertex -20.71419353763394 -15.225599820415747 15
    endloop
  endfacet
  facet normal 1 0 0
    outer loop
      vertex -15.5 -15.509866357858641 0
      vertex -15.5 24.5 15
      vertex -15.5 -15.509866357858641 15
    endloop
  endfacet
  facet normal 0 0 1
    outer loop
      vertex -29.5 -20.5 15
      vertex -25.12930523171858 -9.410302069950538 15
      vertex -25.347996710142557 -9.065699440830574 15
    endloop
  endfacet
  facet normal 0 0 1
    outer loop
      vertex -29.5 -20.5 15
      vertex -25.347996710142557 -9.065699440830574 15
      vertex -25.521773579136816 -8.696404796225202 15
    endloop
  endfacet
  facet normal 0 0 1
    outer loop
      vertex -29.5 -20.5 15
      vertex -25.521773579136816 -8.696404796225202 15
      vertex -25.647895273668052 -8.308242133285779 15
    endloop
  endfacet
  facet normal 0 0 1
    outer loop
      vertex -29.5 -20.5 15
      vertex -25.647895273668052 -8.308242133285779 15
      vertex -25.724372779272052 -7.907333009083988 15
    endloop
  endfacet
  facet normal 0 0 1
    outer loop
      vertex -29.5 -20.5 15
      vertex -25.724372779272052 -7.907333009083988 15
      vertex -25.75 -7.5 15
    endloop
  endfacet
  facet normal 0 0 1
    outer loop
      vertex -29.5 -20.5 15
      vertex -25.75 -7.5 15
      vertex -25.724372779272052 -7.092666990916012 15
    endloop
  endfacet
  facet normal 0 0 1
    outer loop
      vertex -24.243449690031536 -14.552358203103262 15
      vertex -24.173597674598852 -14.33737580516758 15
      vertex -25.12930523171858 -9.410302069950538 15
    endloop
  endfacet
  facet normal 0 0 1
    outer loop
      vertex -24.173597674598852 -14.33737580516758 15
      vertex -24.077352024078955 -14.132843386616912 15
      vertex -24.869148039119587 -9.724778094268238 15
    endloop
  endfacet
  facet normal 0 0 1
    outer loop
      vertex -24.077352024078955 -14.132843386616912 15
      vertex -23.956230589874906 -13.941986545873549 15
      vertex -24.57162796668324 -10.004168039021316 15
    endloop
  endfacet
  facet normal 0 0 1
    outer loop
      vertex -23.956230589874906 -13.941986545873549 15
      vertex -23.81214352935854 -13.767815209328361 15
      vertex -24.57162796668324 -10.004168039021316 15
    endloop
  endfacet
  facet normal 0 0 1
    outer loop
      vertex -24.173597674598852 -14.33737580516758 15
      vertex -24.869148039119587 -9.724778094268238 15
      vertex -25.12930523171858 -9.410302069950538 15
    endloop
  endfacet
  facet normal 0 0 1
    outer loop
      vertex -24.077352024078955 -14.132843386616912 15
      vertex -24.57162796668324 -10.004168039021316 15
      vertex -24.869148039119587 -9.724778094268238 15
    endloop
  endfacet
  facet normal 0 0 1
    outer loop
      vertex -23.81214352935854 -13.767815209328361 15
      vertex -24.24143708368174 -10.244065757881549 15
      vertex -24.57162796668324 -10.004168039021316 15
    endloop
  endfacet
  facet normal 0 0 1
    outer loop
      vertex -23.81214352935854 -13.767815209328361 15
      vertex -23.64736318154764 -13.61307616300358 15
      vertex -24.24143708368174 -10.244065757881549 15
    endloop
  endfacet
  facet normal 0 0 1
    outer loop
      vertex -23.64736318154764 -13.61307616300358 15
      vertex -23.464488230962193 -13.480209734096373 15
      vertex -23.883782697586486 -10.440687920514563 15
    endloop
  endfacet
  facet normal 0 0 1
    outer loop
      vertex -23.464488230962193 -13.480209734096373 15
      vertex -23.26640272481713 -13.371311305561164 15
      vertex -23.50430523171858 -10.59093367795925 15
    endloop
  endfacet
  facet normal 0 0 1
    outer loop
      vertex -23.26640272481713 -13.371311305561164 15
      vertex -23.056230589874904 -13.288098270668723 15
      vertex -23.50430523171858 -10.59093367795925 15
    endloop
  endfacet
  facet normal 0 0 1
    outer loop
      vertex -23.64736318154764 -13.61307616300358 15
      vertex -23.883782697586486 -10.440687920514563 15
      vertex -24.24143708368174 -10.244065757881549 15
    endloop
  endfacet
  facet normal 0 0 1
    outer loop
      vertex -23.464488230962193 -13.480209734096373 15
      vertex -23.50430523171858 -10.59093367795925 15
      vertex -23.883782697586486 -10.440687920514563 15
    endloop
  endfacet
  facet normal 0 0 1
    outer loop
      vertex -23.056230589874904 -13.288098270668723 15
      vertex -23.108989272403605 -10.692433564868239 15
      vertex -23.50430523171858 -10.59093367795925 15
    endloop
  endfacet
  facet normal 0 0 1
    outer loop
      vertex -23.056230589874904 -13.288098270668723 15
      vertex -22.837286366254304 -13.23188294868836 15
      vertex -23.108989272403605 -10.692433564868239 15
    endloop
  endfacet
  facet normal 0 0 1
    outer loop
      vertex -22.837286366254304 -13.23188294868836 15
      vertex -22.613022935152763 -13.20355188882911 15
      vertex -22.70406918847027 -10.743586867391883 15
    endloop
  endfacet
  facet normal 0 0 1
    outer loop
      vertex -22.613022935152763 -13.20355188882911 15
      vertex -22.386977064847237 -13.20355188882911 15
      vertex -22.70406918847027 -10.743586867391883 15
    endloop
  endfacet
  facet normal 0 0 1
    outer loop
      vertex -22.386977064847237 -13.20355188882911 15
      vertex -22.162713633745696 -13.23188294868836 15
      vertex -22.29593081152973 -10.743586867391883 15
    endloop
  endfacet
  facet normal 0 0 1
    outer loop
      vertex -22.837286366254304 -13.23188294868836 15
      vertex -22.70406918847027 -10.743586867391883 15
      vertex -23.108989272403605 -10.692433564868239 15
    endloop
  endfacet
  facet normal 0 0 1
    outer loop
      vertex -22.386977064847237 -13.20355188882911 15
      vertex -22.29593081152973 -10.743586867391883 15
      vertex -22.70406918847027 -10.743586867391883 15
    endloop
  endfacet
  facet normal 0 0 1
    outer loop
      vertex -29.5 -20.5 15
      vertex -25.724372779272052 -7.092666990916012 15
      vertex -25.75 7.5 15
    endloop
  endfacet
  facet normal 0 0 1
    outer loop
      vertex -25.521773579136816 -6.303595203774797 15
      vertex -25.347996710142557 -5.934300559169425 15
      vertex -24.28580646236606 -0.22559982041574733 15
    endloop
  endfacet
  facet normal 0 0 1
    outer loop
      vertex -25.347996710142557 -5.934300559169425 15
      vertex -25.12930523171858 -5.5896979300494625 15
      vertex -24.243449690031536 -0.4476417968967387 15
    endloop
  endfacet
  facet normal 0 0 1
    outer loop
      vertex -25.12930523171858 -5.5896979300494625 15
      vertex -24.869148039119587 -5.275221905731762 15
      vertex -24.173597674598852 -0.6626241948324202 15
    endloop
  endfacet
  facet normal 0 0 1
    outer loop
      vertex -24.869148039119587 -5.275221905731762 15
      vertex -24.57162796668324 -4.995831960978684 15
      vertex -24.077352024078955 -0.8671566133830877 15
    endloop
  endfacet
  facet normal 0 0 1
    outer loop
      vertex -25.724372779272052 -7.092666990916012 15
      vertex -25.647895273668052 -6.691757866714221 15
      vertex -25.647895273668052 6.691757866714221 15
    endloop
  endfacet
  facet normal 0 0 1
    outer loop
      vertex -25.647895273668052 -6.691757866714221 15
      vertex -25.521773579136816 -6.303595203774797 15
      vertex -25.521773579136816 6.303595203774797 15
    endloop
  endfacet
  facet normal 0 0 1
    outer loop
      vertex -24.57162796668324 -4.995831960978684 15
      vertex -24.24143708368174 -4.755934242118451 15
      vertex -23.81214352935854 -1.2321847906716394 15
    endloop
  endfacet
  facet normal 0 0 1
    outer loop
      vertex -25.521773579136816 -6.303595203774797 15
      vertex -24.28580646236606 -0.22559982041574733 15
      vertex -24.3 0 15
    endloop
  endfacet
  facet normal 0 0 1
    outer loop
      vertex -25.347996710142557 -5.934300559169425 15
      vertex -24.243449690031536 -0.4476417968967387 15
      vertex -24.28580646236606 -0.22559982041574733 15
    endloop
  endfacet
  facet normal 0 0 1
    outer loop
      vertex -25.12930523171858 -5.5896979300494625 15
      vertex -24.173597674598852 -0.6626241948324202 15
      vertex -24.243449690031536 -0.4476417968967387 15
    endloop
  endfacet
  facet normal 0 0 1
    outer loop
      vertex -24.57162796668324 -4.995831960978684 15
      vertex -23.956230589874906 -1.0580134541264516 15
      vertex -24.077352024078955 -0.8671566133830877 15
    endloop
  endfacet
  facet normal 0 0 1
    outer loop
      vertex -24.57162796668324 -4.995831960978684 15
      vertex -23.81214352935854 -1.2321847906716394 15
      vertex -23.956230589874906 -1.0580134541264516 15
    endloop
  endfacet
  facet normal 0 0 1
    outer loop
      vertex -24.869148039119587 -5.275221905731762 15
      vertex -24.077352024078955 -0.8671566133830877 15
      vertex -24.173597674598852 -0.6626241948324202 15
    endloop
  endfacet
  facet normal 0 0 1
    outer loop
      vertex -24.24143708368174 -4.755934242118451 15
      vertex -23.883782697586486 -4.559312079485437 15
      vertex -23.64736318154764 -1.386923836996421 15
    endloop
  endfacet
  facet normal 0 0 1
    outer loop
      vertex -23.883782697586486 -4.559312079485437 15
      vertex -23.50430523171858 -4.409066322040751 15
      vertex -23.464488230962193 -1.5197902659036269 15
    endloop
  endfacet
  facet normal 0 0 1
    outer loop
      vertex -23.50430523171858 -4.409066322040751 15
      vertex -23.108989272403605 -4.307566435131761 15
      vertex -23.056230589874904 -1.7119017293312764 15
    endloop
  endfacet
  facet normal 0 0 1
    outer loop
      vertex -24.24143708368174 -4.755934242118451 15
      vertex -23.64736318154764 -1.386923836996421 15
      vertex -23.81214352935854 -1.2321847906716394 15
    endloop
  endfacet
  facet normal 0 0 1
    outer loop
      vertex -23.883782697586486 -4.559312079485437 15
      vertex -23.464488230962193 -1.5197902659036269 15
      vertex -23.64736318154764 -1.386923836996421 15
    endloop
  endfacet
  facet normal 0 0 1
    outer loop
      vertex -23.50430523171858 -4.409066322040751 15
      vertex -23.26640272481713 -1.6286886944388352 15
      vertex -23.464488230962193 -1.5197902659036269 15
    endloop
  endfacet
  facet normal 0 0 1
    outer loop
      vertex -23.50430523171858 -4.409066322040751 15
      vertex -23.056230589874904 -1.7119017293312764 15
      vertex -23.26640272481713 -1.6286886944388352 15
    endloop
  endfacet
  facet normal 0 0 1
    outer loop
      vertex -23.108989272403605 -4.307566435131761 15
      vertex -22.704069188470267 -4.256413132608118 15
      vertex -22.837286366254304 -1.7681170513116395 15
    endloop
  endfacet
  facet normal 0 0 1
    outer loop
      vertex -22.386977064847237 -1.7964481111708888 15
      vertex -22.704069188470267 -4.256413132608118 15
      vertex -22.295930811529733 -4.256413132608118 15
    endloop
  endfacet
  facet normal 0 0 1
    outer loop
      vertex -23.108989272403605 -4.307566435131761 15
      vertex -22.837286366254304 -1.7681170513116395 15
      vertex -23.056230589874904 -1.7119017293312764 15
    endloop
  endfacet
  facet normal 0 0 1
    outer loop
      vertex -22.837286366254304 -1.7681170513116395 15
      vertex -22.704069188470267 -4.256413132608118 15
      vertex -22.613022935152763 -1.7964481111708888 15
    endloop
  endfacet
  facet normal 0 0 1
    outer loop
      vertex -22.613022935152763 -1.7964481111708888 15
      vertex -22.704069188470267 -4.256413132608118 15
      vertex -22.386977064847237 -1.7964481111708888 15
    endloop
  endfacet
  facet normal 0 0 1
    outer loop
      vertex -22.386977064847237 -1.7964481111708888 15
      vertex -22.295930811529733 -4.256413132608118 15
      vertex -22.162713633745696 -1.7681170513116395 15
    endloop
  endfacet
  facet normal 0 0 1
    outer loop
      vertex -19.87069476828142 -9.410302069950538 15
      vertex -20.71419353763394 -14.774400179584251 15
      vertex -20.7 -15 15
    endloop
  endfacet
  facet normal 0 0 1
    outer loop
      vertex -20.756550309968464 -14.552358203103262 15
      vertex -20.71419353763394 -14.774400179584251 15
      vertex -19.87069476828142 -9.410302069950538 15
    endloop
  endfacet
  facet normal 0 0 1
    outer loop
      vertex -21.943769410125096 -13.288098270668723 15
      vertex -21.73359727518287 -13.371311305561164 15
      vertex -21.891010727596395 -10.692433564868239 15
    endloop
  endfacet
  facet normal 0 0 1
    outer loop
      vertex -21.943769410125096 -13.288098270668723 15
      vertex -21.891010727596395 -10.692433564868239 15
      vertex -22.162713633745696 -13.23188294868836 15
    endloop
  endfacet
  facet normal 0 0 1
    outer loop
      vertex -21.73359727518287 -13.371311305561164 15
      vertex -21.535511769037807 -13.480209734096373 15
      vertex -21.49569476828142 -10.59093367795925 15
    endloop
  endfacet
  facet normal 0 0 1
    outer loop
      vertex -21.352636818452357 -13.61307616300358 15
      vertex -21.116217302413514 -10.440687920514563 15
      vertex -21.535511769037807 -13.480209734096373 15
    endloop
  endfacet
  facet normal 0 0 1
    outer loop
      vertex -21.352636818452357 -13.61307616300358 15
      vertex -21.18785647064146 -13.76781520932836 15
      vertex -21.116217302413514 -10.440687920514563 15
    endloop
  endfacet
  facet normal 0 0 1
    outer loop
      vertex -22.162713633745696 -13.23188294868836 15
      vertex -21.891010727596395 -10.692433564868239 15
      vertex -22.29593081152973 -10.743586867391883 15
    endloop
  endfacet
  facet normal 0 0 1
    outer loop
      vertex -21.73359727518287 -13.371311305561164 15
      vertex -21.49569476828142 -10.59093367795925 15
      vertex -21.891010727596395 -10.692433564868239 15
    endloop
  endfacet
  facet normal 0 0 1
    outer loop
      vertex -21.535511769037807 -13.480209734096373 15
      vertex -21.116217302413514 -10.440687920514563 15
      vertex -21.49569476828142 -10.59093367795925 15
    endloop
  endfacet
  facet normal 0 0 1
    outer loop
      vertex -21.18785647064146 -13.76781520932836 15
      vertex -21.043769410125094 -13.941986545873549 15
      vertex -20.75856291631826 -10.24406575788155 15
    endloop
  endfacet
  facet normal 0 0 1
    outer loop
      vertex -21.043769410125094 -13.941986545873549 15
      vertex -20.922647975921045 -14.132843386616912 15
      vertex -20.42837203331676 -10.004168039021314 15
    endloop
  endfacet
  facet normal 0 0 1
    outer loop
      vertex -20.826402325401148 -14.33737580516758 15
      vertex -20.42837203331676 -10.004168039021314 15
      vertex -20.922647975921045 -14.132843386616912 15
    endloop
  endfacet
  facet normal 0 0 1
    outer loop
      vertex -20.756550309968464 -14.552358203103262 15
      vertex -20.130851960880413 -9.724778094268238 15
      vertex -20.826402325401148 -14.33737580516758 15
    endloop
  endfacet
  facet normal 0 0 1
    outer loop
      vertex -21.18785647064146 -13.76781520932836 15
      vertex -20.75856291631826 -10.24406575788155 15
      vertex -21.116217302413514 -10.440687920514563 15
    endloop
  endfacet
  facet normal 0 0 1
    outer loop
      vertex -21.043769410125094 -13.941986545873549 15
      vertex -20.42837203331676 -10.004168039021314 15
      vertex -20.75856291631826 -10.24406575788155 15
    endloop
  endfacet
  facet normal 0 0 1
    outer loop
      vertex -20.826402325401148 -14.33737580516758 15
      vertex -20.130851960880413 -9.724778094268238 15
      vertex -20.42837203331676 -10.004168039021314 15
    endloop
  endfacet
  facet normal 0 0 1
    outer loop
      vertex -17.517989739318935 -17.43703591238372 15
      vertex -19.87069476828142 -9.410302069950538 15
      vertex -20.7 -15 15
    endloop
  endfacet
  facet normal 0 0 1
    outer loop
      vertex -20.756550309968464 -14.552358203103262 15
      vertex -19.87069476828142 -9.410302069950538 15
      vertex -20.130851960880413 -9.724778094268238 15
    endloop
  endfacet
  facet normal 0 0 1
    outer loop
      vertex -17.517989739318935 -17.43703591238372 15
      vertex -19.652003289857443 -9.065699440830574 15
      vertex -19.87069476828142 -9.410302069950538 15
    endloop
  endfacet
  facet normal 0 0 1
    outer loop
      vertex -17.517989739318935 -17.43703591238372 15
      vertex -19.478226420863184 -8.696404796225204 15
      vertex -19.652003289857443 -9.065699440830574 15
    endloop
  endfacet
  facet normal 0 0 1
    outer loop
      vertex -17.517989739318935 -17.43703591238372 15
      vertex -19.352104726331948 -8.308242133285777 15
      vertex -19.478226420863184 -8.696404796225204 15
    endloop
  endfacet
  facet normal 0 0 1
    outer loop
      vertex -17.517989739318935 -17.43703591238372 15
      vertex -19.275627220727948 -7.907333009083988 15
      vertex -19.352104726331948 -8.308242133285777 15
    endloop
  endfacet
  facet normal 0 0 1
    outer loop
      vertex -17.517989739318935 -17.43703591238372 15
      vertex -19.25 -7.5 15
      vertex -19.275627220727948 -7.907333009083988 15
    endloop
  endfacet
  facet normal 0 0 1
    outer loop
      vertex -20.42837203331676 -4.995831960978686 15
      vertex -20.130851960880413 -5.275221905731762 15
      vertex -20.922647975921045 -0.8671566133830877 15
    endloop
  endfacet
  facet normal 0 0 1
    outer loop
      vertex -19.652003289857443 -5.934300559169425 15
      vertex -19.478226420863184 -6.303595203774797 15
      vertex -20.71419353763394 -0.22559982041574733 15
    endloop
  endfacet
  facet normal 0 0 1
    outer loop
      vertex -19.87069476828142 -5.5896979300494625 15
      vertex -19.652003289857443 -5.934300559169425 15
      vertex -20.756550309968464 -0.447641796896738 15
    endloop
  endfacet
  facet normal 0 0 1
    outer loop
      vertex -19.87069476828142 -5.5896979300494625 15
      vertex -20.826402325401148 -0.6626241948324211 15
      vertex -20.130851960880413 -5.275221905731762 15
    endloop
  endfacet
  facet normal 0 0 1
    outer loop
      vertex -22.295930811529733 -4.256413132608118 15
      vertex -21.891010727596395 -4.307566435131761 15
      vertex -22.162713633745696 -1.7681170513116395 15
    endloop
  endfacet
  facet normal 0 0 1
    outer loop
      vertex -22.162713633745696 -1.7681170513116395 15
      vertex -21.891010727596395 -4.307566435131761 15
      vertex -21.49569476828142 -4.409066322040751 15
    endloop
  endfacet
  facet normal 0 0 1
    outer loop
      vertex -21.116217302413514 -4.559312079485437 15
      vertex -22.162713633745696 -1.7681170513116395 15
      vertex -21.49569476828142 -4.409066322040751 15
    endloop
  endfacet
  facet normal 0 0 1
    outer loop
      vertex -21.116217302413514 -4.559312079485437 15
      vertex -21.943769410125096 -1.7119017293312764 15
      vertex -22.162713633745696 -1.7681170513116395 15
    endloop
  endfacet
  facet normal 0 0 1
    outer loop
      vertex -21.116217302413514 -4.559312079485437 15
      vertex -21.73359727518287 -1.6286886944388352 15
      vertex -21.943769410125096 -1.7119017293312764 15
    endloop
  endfacet
  facet normal 0 0 1
    outer loop
      vertex -21.116217302413514 -4.559312079485437 15
      vertex -21.535511769037807 -1.5197902659036275 15
      vertex -21.73359727518287 -1.6286886944388352 15
    endloop
  endfacet
  facet normal 0 0 1
    outer loop
      vertex -21.116217302413514 -4.559312079485437 15
      vertex -21.352636818452357 -1.3869238369964203 15
      vertex -21.535511769037807 -1.5197902659036275 15
    endloop
  endfacet
  facet normal 0 0 1
    outer loop
      vertex -20.75856291631826 -4.755934242118451 15
      vertex -21.352636818452357 -1.3869238369964203 15
      vertex -21.116217302413514 -4.559312079485437 15
    endloop
  endfacet
  facet normal 0 0 1
    outer loop
      vertex -20.75856291631826 -4.755934242118451 15
      vertex -20.42837203331676 -4.995831960978686 15
      vertex -21.18785647064146 -1.2321847906716394 15
    endloop
  endfacet
  facet normal 0 0 1
    outer loop
      vertex -20.75856291631826 -4.755934242118451 15
      vertex -21.18785647064146 -1.2321847906716394 15
      vertex -21.352636818452357 -1.3869238369964203 15
    endloop
  endfacet
  facet normal 0 0 1
    outer loop
      vertex -20.42837203331676 -4.995831960978686 15
      vertex -21.043769410125094 -1.0580134541264516 15
      vertex -21.18785647064146 -1.2321847906716394 15
    endloop
  endfacet
  facet normal 0 0 1
    outer loop
      vertex -20.42837203331676 -4.995831960978686 15
      vertex -20.922647975921045 -0.8671566133830877 15
      vertex -21.043769410125094 -1.0580134541264516 15
    endloop
  endfacet
  facet normal 0 0 1
    outer loop
      vertex -20.130851960880413 -5.275221905731762 15
      vertex -20.826402325401148 -0.6626241948324211 15
      vertex -20.922647975921045 -0.8671566133830877 15
    endloop
  endfacet
  facet normal 0 0 1
    outer loop
      vertex -19.87069476828142 -5.5896979300494625 15
      vertex -20.756550309968464 -0.447641796896738 15
      vertex -20.826402325401148 -0.6626241948324211 15
    endloop
  endfacet
  facet normal 0 0 1
    outer loop
      vertex -19.652003289857443 -5.934300559169425 15
      vertex -20.71419353763394 -0.22559982041574733 15
      vertex -20.756550309968464 -0.447641796896738 15
    endloop
  endfacet
  facet normal 0 0 1
    outer loop
      vertex -19.478226420863184 -6.303595203774797 15
      vertex -20.7 0 15
      vertex -20.71419353763394 -0.22559982041574733 15
    endloop
  endfacet
  facet normal 0 0 1
    outer loop
      vertex -19.352104726331948 -6.691757866714222 15
      vertex -19.478226420863184 6.303595203774796 15
      vertex -19.478226420863184 -6.303595203774797 15
    endloop
  endfacet
  facet normal 0 0 1
    outer loop
      vertex -19.352104726331948 -6.691757866714222 15
      vertex -19.275627220727948 -7.092666990916011 15
      vertex -19.275627220727948 7.092666990916012 15
    endloop
  endfacet
  facet normal 0 0 1
    outer loop
      vertex -17.517989739318935 -17.43703591238372 15
      vertex -15.5 -18.020265479896135 15
      vertex -15.657084194356845 25.743449435824274 15
    endloop
  endfacet
  facet normal 0 0 1
    outer loop
      vertex -15.5 -18.020265479896135 15
      vertex -15.5 -15.509866357858641 15
      vertex -15.657084194356845 25.743449435824274 15
    endloop
  endfacet
  facet normal 0 0 -1
    outer loop
      vertex -26.007809991057112 -15.735146830116722 0
      vertex -29.5 24.5 0
      vertex -25.724372779272052 -7.907333009083988 0
    endloop
  endfacet
  facet normal 0 0 -1
    outer loop
      vertex -29.5 24.5 0
      vertex -25.75 -7.5 0
      vertex -25.724372779272052 -7.907333009083988 0
    endloop
  endfacet
  facet normal 0 0 -1
    outer loop
      vertex -29.5 24.5 0
      vertex -25.724372779272052 -7.092666990916012 0
      vertex -25.75 -7.5 0
    endloop
  endfacet
  facet normal 0 0 -1
    outer loop
      vertex -25.347996710142557 -5.934300559169425 0
      vertex -25.521773579136816 6.303595203774797 0
      vertex -24.28580646236606 -0.22559982041574733 0
    endloop
  endfacet
  facet normal 0 0 -1
    outer loop
      vertex -25.521773579136816 -6.303595203774797 0
      vertex -25.647895273668052 6.691757866714221 0
      vertex -25.521773579136816 6.303595203774797 0
    endloop
  endfacet
  facet normal 0 0 -1
    outer loop
      vertex -25.724372779272052 -7.092666990916012 0
      vertex -25.75 7.5 0
      vertex -25.724372779272052 7.092666990916012 0
    endloop
  endfacet
  facet normal 0 0 -1
    outer loop
      vertex -25.647895273668052 -6.691757866714221 0
      vertex -25.724372779272052 7.092666990916012 0
      vertex -25.647895273668052 6.691757866714221 0
    endloop
  endfacet
  facet normal 0 0 -1
    outer loop
      vertex -24.28580646236606 -0.22559982041574733 0
      vertex -25.521773579136816 6.303595203774797 0
      vertex -24.3 0 0
    endloop
  endfacet
  facet normal 0 0 -1
    outer loop
      vertex -24.3 0 0
      vertex -25.347996710142557 5.934300559169425 0
      vertex -24.28580646236606 0.22559982041574733 0
    endloop
  endfacet
  facet normal 0 0 -1
    outer loop
      vertex -24.28580646236606 0.22559982041574733 0
      vertex -25.347996710142557 5.934300559169425 0
      vertex -24.243449690031536 0.4476417968967387 0
    endloop
  endfacet
  facet normal 0 0 -1
    outer loop
      vertex -24.243449690031536 0.4476417968967387 0
      vertex -25.12930523171858 5.5896979300494625 0
      vertex -24.173597674598852 0.6626241948324202 0
    endloop
  endfacet
  facet normal 0 0 -1
    outer loop
      vertex -24.173597674598852 0.6626241948324202 0
      vertex -24.869148039119587 5.275221905731762 0
      vertex -24.077352024078955 0.8671566133830877 0
    endloop
  endfacet
  facet normal 0 0 -1
    outer loop
      vertex -24.077352024078955 0.8671566133830877 0
      vertex -24.57162796668324 4.995831960978684 0
      vertex -23.956230589874906 1.0580134541264516 0
    endloop
  endfacet
  facet normal 0 0 -1
    outer loop
      vertex -23.81214352935854 1.2321847906716394 0
      vertex -23.956230589874906 1.0580134541264516 0
      vertex -24.57162796668324 4.995831960978684 0
    endloop
  endfacet
  facet normal 0 0 -1
    outer loop
      vertex -23.81214352935854 1.2321847906716394 0
      vertex -24.57162796668324 4.995831960978684 0
      vertex -24.24143708368174 4.755934242118451 0
    endloop
  endfacet
  facet normal 0 0 -1
    outer loop
      vertex -23.81214352935854 1.2321847906716394 0
      vertex -24.24143708368174 4.755934242118451 0
      vertex -23.64736318154764 1.386923836996421 0
    endloop
  endfacet
  facet normal 0 0 -1
    outer loop
      vertex -23.64736318154764 1.386923836996421 0
      vertex -23.883782697586486 4.559312079485436 0
      vertex -23.464488230962193 1.5197902659036269 0
    endloop
  endfacet
  facet normal 0 0 -1
    outer loop
      vertex -23.464488230962193 1.5197902659036269 0
      vertex -23.50430523171858 4.409066322040751 0
      vertex -23.26640272481713 1.628688694438835 0
    endloop
  endfacet
  facet normal 0 0 -1
    outer loop
      vertex -23.26640272481713 1.628688694438835 0
      vertex -23.50430523171858 4.409066322040751 0
      vertex -23.056230589874904 1.7119017293312764 0
    endloop
  endfacet
  facet normal 0 0 -1
    outer loop
      vertex -23.64736318154764 1.386923836996421 0
      vertex -24.24143708368174 4.755934242118451 0
      vertex -23.883782697586486 4.559312079485436 0
    endloop
  endfacet
  facet normal 0 0 -1
    outer loop
      vertex -23.464488230962193 1.5197902659036269 0
      vertex -23.883782697586486 4.559312079485436 0
      vertex -23.50430523171858 4.409066322040751 0
    endloop
  endfacet
  facet normal 0 0 -1
    outer loop
      vertex -23.108989272403605 4.307566435131762 0
      vertex -23.056230589874904 1.7119017293312764 0
      vertex -23.50430523171858 4.409066322040751 0
    endloop
  endfacet
  facet normal 0 0 -1
    outer loop
      vertex -23.108989272403605 4.307566435131762 0
      vertex -22.837286366254304 1.7681170513116398 0
      vertex -23.056230589874904 1.7119017293312764 0
    endloop
  endfacet
  facet normal 0 0 -1
    outer loop
      vertex -23.108989272403605 4.307566435131762 0
      vertex -22.613022935152763 1.7964481111708888 0
      vertex -22.837286366254304 1.7681170513116398 0
    endloop
  endfacet
  facet normal 0 0 -1
    outer loop
      vertex -23.108989272403605 4.307566435131762 0
      vertex -22.386977064847237 1.7964481111708888 0
      vertex -22.613022935152763 1.7964481111708888 0
    endloop
  endfacet
  facet normal 0 0 -1
    outer loop
      vertex -22.386977064847237 1.7964481111708888 0
      vertex -22.29593081152973 4.256413132608118 0
      vertex -22.162713633745696 1.7681170513116398 0
    endloop
  endfacet
  facet normal 0 0 -1
    outer loop
      vertex -22.386977064847237 1.7964481111708888 0
      vertex -23.108989272403605 4.307566435131762 0
      vertex -22.70406918847027 4.256413132608118 0
    endloop
  endfacet
  facet normal 0 0 -1
    outer loop
      vertex -22.386977064847237 1.7964481111708888 0
      vertex -22.70406918847027 4.256413132608118 0
      vertex -22.29593081152973 4.256413132608118 0
    endloop
  endfacet
  facet normal 0 0 -1
    outer loop
      vertex -24.3 0 0
      vertex -25.521773579136816 6.303595203774797 0
      vertex -25.347996710142557 5.934300559169425 0
    endloop
  endfacet
  facet normal 0 0 -1
    outer loop
      vertex -24.243449690031536 0.4476417968967387 0
      vertex -25.347996710142557 5.934300559169425 0
      vertex -25.12930523171858 5.5896979300494625 0
    endloop
  endfacet
  facet normal 0 0 -1
    outer loop
      vertex -24.173597674598852 0.6626241948324202 0
      vertex -25.12930523171858 5.5896979300494625 0
      vertex -24.869148039119587 5.275221905731762 0
    endloop
  endfacet
  facet normal 0 0 -1
    outer loop
      vertex -24.077352024078955 0.8671566133830877 0
      vertex -24.869148039119587 5.275221905731762 0
      vertex -24.57162796668324 4.995831960978684 0
    endloop
  endfacet
  facet normal 0 0 -1
    outer loop
      vertex -29.5 24.5 0
      vertex -25.75 7.5 0
      vertex -25.724372779272052 -7.092666990916012 0
    endloop
  endfacet
  facet normal 0 0 -1
    outer loop
      vertex -29.5 24.5 0
      vertex -25.724372779272052 7.907333009083988 0
      vertex -25.75 7.5 0
    endloop
  endfacet
  facet normal 0 0 -1
    outer loop
      vertex -29.5 24.5 0
      vertex -25.647895273668052 8.308242133285779 0
      vertex -25.724372779272052 7.907333009083988 0
    endloop
  endfacet
  facet normal 0 0 -1
    outer loop
      vertex -29.5 24.5 0
      vertex -25.521773579136816 8.696404796225202 0
      vertex -25.647895273668052 8.308242133285779 0
    endloop
  endfacet
  facet normal 0 0 -1
    outer loop
      vertex -29.5 24.5 0
      vertex -25.347996710142557 9.065699440830574 0
      vertex -25.521773579136816 8.696404796225202 0
    endloop
  endfacet
  facet normal 0 0 -1
    outer loop
      vertex -29.5 24.5 0
      vertex -25.12930523171858 9.410302069950538 0
      vertex -25.347996710142557 9.065699440830574 0
    endloop
  endfacet
  facet normal 0 0 -1
    outer loop
      vertex -29.5 24.5 0
      vertex -24.869148039119587 9.724778094268238 0
      vertex -25.12930523171858 9.410302069950538 0
    endloop
  endfacet
  facet normal 0 0 -1
    outer loop
      vertex -24.869148039119587 9.724778094268238 0
      vertex -24.077352024078955 14.132843386616912 0
      vertex -24.57162796668324 10.004168039021316 0
    endloop
  endfacet
  facet normal 0 0 -1
    outer loop
      vertex -24.57162796668324 10.004168039021316 0
      vertex -23.81214352935854 13.767815209328361 0
      vertex -24.24143708368174 10.244065757881549 0
    endloop
  endfacet
  facet normal 0 0 -1
    outer loop
      vertex -24.869148039119587 9.724778094268238 0
      vertex -24.173597674598852 14.33737580516758 0
      vertex -24.077352024078955 14.132843386616912 0
    endloop
  endfacet
  facet normal 0 0 -1
    outer loop
      vertex -24.57162796668324 10.004168039021316 0
      vertex -24.077352024078955 14.132843386616912 0
      vertex -23.956230589874906 13.941986545873549 0
    endloop
  endfacet
  facet normal 0 0 -1
    outer loop
      vertex -24.57162796668324 10.004168039021316 0
      vertex -23.956230589874906 13.941986545873549 0
      vertex -23.81214352935854 13.767815209328361 0
    endloop
  endfacet
  facet normal 0 0 -1
    outer loop
      vertex -24.24143708368174 10.244065757881549 0
      vertex -23.64736318154764 13.61307616300358 0
      vertex -23.883782697586486 10.440687920514563 0
    endloop
  endfacet
  facet normal 0 0 -1
    outer loop
      vertex -23.883782697586486 10.440687920514563 0
      vertex -23.464488230962193 13.480209734096373 0
      vertex -23.50430523171858 10.59093367795925 0
    endloop
  endfacet
  facet normal 0 0 -1
    outer loop
      vertex -23.50430523171858 10.59093367795925 0
      vertex -23.056230589874904 13.288098270668723 0
      vertex -23.108989272403605 10.692433564868239 0
    endloop
  endfacet
  facet normal 0 0 -1
    outer loop
      vertex -24.24143708368174 10.244065757881549 0
      vertex -23.81214352935854 13.767815209328361 0
      vertex -23.64736318154764 13.61307616300358 0
    endloop
  endfacet
  facet normal 0 0 -1
    outer loop
      vertex -23.883782697586486 10.440687920514563 0
      vertex -23.64736318154764 13.61307616300358 0
      vertex -23.464488230962193 13.480209734096373 0
    endloop
  endfacet
  facet normal 0 0 -1
    outer loop
      vertex -23.50430523171858 10.59093367795925 0
      vertex -23.26640272481713 13.371311305561164 0
      vertex -23.056230589874904 13.288098270668723 0
    endloop
  endfacet
  facet normal 0 0 -1
    outer loop
      vertex -23.50430523171858 10.59093367795925 0
      vertex -23.464488230962193 13.480209734096373 0
      vertex -23.26640272481713 13.371311305561164 0
    endloop
  endfacet
  facet normal 0 0 -1
    outer loop
      vertex -23.108989272403605 10.692433564868239 0
      vertex -22.837286366254304 13.23188294868836 0
      vertex -22.704069188470267 10.743586867391883 0
    endloop
  endfacet
  facet normal 0 0 -1
    outer loop
      vertex -22.704069188470267 10.743586867391883 0
      vertex -22.386977064847237 13.20355188882911 0
      vertex -22.295930811529733 10.743586867391883 0
    endloop
  endfacet
  facet normal 0 0 -1
    outer loop
      vertex -23.108989272403605 10.692433564868239 0
      vertex -23.056230589874904 13.288098270668723 0
      vertex -22.837286366254304 13.23188294868836 0
    endloop
  endfacet
  facet normal 0 0 -1
    outer loop
      vertex -22.704069188470267 10.743586867391883 0
      vertex -22.837286366254304 13.23188294868836 0
      vertex -22.613022935152763 13.20355188882911 0
    endloop
  endfacet
  facet normal 0 0 -1
    outer loop
      vertex -22.704069188470267 10.743586867391883 0
      vertex -22.613022935152763 13.20355188882911 0
      vertex -22.386977064847237 13.20355188882911 0
    endloop
  endfacet
  facet normal 0 0 -1
    outer loop
      vertex -22.295930811529733 10.743586867391883 0
      vertex -22.386977064847237 13.20355188882911 0
      vertex -22.162713633745696 13.23188294868836 0
    endloop
  endfacet
  facet normal 0 0 -1
    outer loop
      vertex -22.162713633745696 1.7681170513116398 0
      vertex -21.891010727596395 4.307566435131762 0
      vertex -21.943769410125096 1.7119017293312764 0
    endloop
  endfacet
  facet normal 0 0 -1
    outer loop
      vertex -21.943769410125096 1.7119017293312764 0
      vertex -21.49569476828142 4.409066322040751 0
      vertex -21.73359727518287 1.628688694438835 0
    endloop
  endfacet
  facet normal 0 0 -1
    outer loop
      vertex -21.535511769037807 1.519790265903627 0
      vertex -21.73359727518287 1.628688694438835 0
      vertex -21.49569476828142 4.409066322040751 0
    endloop
  endfacet
  facet normal 0 0 -1
    outer loop
      vertex -21.535511769037807 1.519790265903627 0
      vertex -21.116217302413514 4.559312079485436 0
      vertex -21.352636818452357 1.3869238369964205 0
    endloop
  endfacet
  facet normal 0 0 -1
    outer loop
      vertex -22.162713633745696 1.7681170513116398 0
      vertex -22.29593081152973 4.256413132608118 0
      vertex -21.891010727596395 4.307566435131762 0
    endloop
  endfacet
  facet normal 0 0 -1
    outer loop
      vertex -21.943769410125096 1.7119017293312764 0
      vertex -21.891010727596395 4.307566435131762 0
      vertex -21.49569476828142 4.409066322040751 0
    endloop
  endfacet
  facet normal 0 0 -1
    outer loop
      vertex -21.535511769037807 1.519790265903627 0
      vertex -21.49569476828142 4.409066322040751 0
      vertex -21.116217302413514 4.559312079485436 0
    endloop
  endfacet
  facet normal 0 0 -1
    outer loop
      vertex -21.352636818452357 1.3869238369964205 0
      vertex -20.75856291631826 4.7559342421184505 0
      vertex -21.18785647064146 1.2321847906716397 0
    endloop
  endfacet
  facet normal 0 0 -1
    outer loop
      vertex -21.043769410125094 1.0580134541264516 0
      vertex -21.18785647064146 1.2321847906716397 0
      vertex -20.42837203331676 4.995831960978686 0
    endloop
  endfacet
  facet normal 0 0 -1
    outer loop
      vertex -21.043769410125094 1.0580134541264516 0
      vertex -20.42837203331676 4.995831960978686 0
      vertex -20.922647975921045 0.8671566133830876 0
    endloop
  endfacet
  facet normal 0 0 -1
    outer loop
      vertex -20.130851960880413 5.275221905731762 0
      vertex -20.71419353763394 0.22559982041574766 0
      vertex -20.756550309968464 0.44764179689673866 0
    endloop
  endfacet
  facet normal 0 0 -1
    outer loop
      vertex -20.130851960880413 5.275221905731762 0
      vertex -20.756550309968464 0.44764179689673866 0
      vertex -20.826402325401148 0.6626241948324204 0
    endloop
  endfacet
  facet normal 0 0 -1
    outer loop
      vertex -20.130851960880413 5.275221905731762 0
      vertex -20.826402325401148 0.6626241948324204 0
      vertex -20.922647975921045 0.8671566133830876 0
    endloop
  endfacet
  facet normal 0 0 -1
    outer loop
      vertex -21.352636818452357 1.3869238369964205 0
      vertex -21.116217302413514 4.559312079485436 0
      vertex -20.75856291631826 4.7559342421184505 0
    endloop
  endfacet
  facet normal 0 0 -1
    outer loop
      vertex -21.18785647064146 1.2321847906716397 0
      vertex -20.75856291631826 4.7559342421184505 0
      vertex -20.42837203331676 4.995831960978686 0
    endloop
  endfacet
  facet normal 0 0 -1
    outer loop
      vertex -20.130851960880413 5.275221905731762 0
      vertex -20.922647975921045 0.8671566133830876 0
      vertex -20.42837203331676 4.995831960978686 0
    endloop
  endfacet
  facet normal 0 0 -1
    outer loop
      vertex -16.946351799881096 -15.509866357858641 0
      vertex -19.352104726331948 6.691757866714223 0
      vertex -15.657084194356845 25.743449435824274 0
    endloop
  endfacet
  facet normal 0 0 -1
    outer loop
      vertex -22.295930811529733 10.743586867391883 0
      vertex -22.162713633745696 13.23188294868836 0
      vertex -21.891010727596395 10.692433564868239 0
    endloop
  endfacet
  facet normal 0 0 -1
    outer loop
      vertex -21.891010727596395 10.692433564868239 0
      vertex -21.73359727518287 13.371311305561164 0
      vertex -21.49569476828142 10.59093367795925 0
    endloop
  endfacet
  facet normal 0 0 -1
    outer loop
      vertex -21.49569476828142 10.59093367795925 0
      vertex -21.352636818452357 13.61307616300358 0
      vertex -21.116217302413514 10.440687920514563 0
    endloop
  endfacet
  facet normal 0 0 -1
    outer loop
      vertex -21.891010727596395 10.692433564868239 0
      vertex -22.162713633745696 13.23188294868836 0
      vertex -21.943769410125096 13.288098270668723 0
    endloop
  endfacet
  facet normal 0 0 -1
    outer loop
      vertex -21.891010727596395 10.692433564868239 0
      vertex -21.943769410125096 13.288098270668723 0
      vertex -21.73359727518287 13.371311305561164 0
    endloop
  endfacet
  facet normal 0 0 -1
    outer loop
      vertex -21.535511769037807 13.480209734096373 0
      vertex -21.49569476828142 10.59093367795925 0
      vertex -21.73359727518287 13.371311305561164 0
    endloop
  endfacet
  facet normal 0 0 -1
    outer loop
      vertex -21.49569476828142 10.59093367795925 0
      vertex -21.535511769037807 13.480209734096373 0
      vertex -21.352636818452357 13.61307616300358 0
    endloop
  endfacet
  facet normal 0 0 -1
    outer loop
      vertex -21.116217302413514 10.440687920514563 0
      vertex -21.352636818452357 13.61307616300358 0
      vertex -20.75856291631826 10.244065757881549 0
    endloop
  endfacet
  facet normal 0 0 -1
    outer loop
      vertex -21.18785647064146 13.767815209328361 0
      vertex -20.42837203331676 10.004168039021314 0
      vertex -20.75856291631826 10.244065757881549 0
    endloop
  endfacet
  facet normal 0 0 -1
    outer loop
      vertex -20.42837203331676 10.004168039021314 0
      vertex -20.922647975921045 14.132843386616912 0
      vertex -20.130851960880413 9.724778094268238 0
    endloop
  endfacet
  facet normal 0 0 -1
    outer loop
      vertex -21.18785647064146 13.767815209328361 0
      vertex -20.75856291631826 10.244065757881549 0
      vertex -21.352636818452357 13.61307616300358 0
    endloop
  endfacet
  facet normal 0 0 -1
    outer loop
      vertex -21.18785647064146 13.767815209328361 0
      vertex -21.043769410125094 13.941986545873549 0
      vertex -20.42837203331676 10.004168039021314 0
    endloop
  endfacet
  facet normal 0 0 -1
    outer loop
      vertex -20.42837203331676 10.004168039021314 0
      vertex -21.043769410125094 13.941986545873549 0
      vertex -20.922647975921045 14.132843386616912 0
    endloop
  endfacet
  facet normal 0 0 -1
    outer loop
      vertex -20.130851960880413 9.724778094268238 0
      vertex -20.922647975921045 14.132843386616912 0
      vertex -20.826402325401148 14.337375805167579 0
    endloop
  endfacet
  facet normal 0 0 -1
    outer loop
      vertex -19.87069476828142 9.410302069950538 0
      vertex -20.826402325401148 14.337375805167579 0
      vertex -20.756550309968464 14.552358203103262 0
    endloop
  endfacet
  facet normal 0 0 -1
    outer loop
      vertex -19.87069476828142 9.410302069950538 0
      vertex -20.130851960880413 9.724778094268238 0
      vertex -20.826402325401148 14.337375805167579 0
    endloop
  endfacet
  facet normal 0 0 -1
    outer loop
      vertex -15.657084194356845 25.743449435824274 0
      vertex -19.352104726331948 6.691757866714223 0
      vertex -19.275627220727948 7.092666990916012 0
    endloop
  endfacet
  facet normal 0 0 -1
    outer loop
      vertex -15.657084194356845 25.743449435824274 0
      vertex -19.275627220727948 7.092666990916012 0
      vertex -19.25 7.5 0
    endloop
  endfacet
  facet normal 0 0 -1
    outer loop
      vertex -15.657084194356845 25.743449435824274 0
      vertex -19.25 7.5 0
      vertex -19.275627220727948 7.907333009083989 0
    endloop
  endfacet
  facet normal 0 0 -1
    outer loop
      vertex -15.657084194356845 25.743449435824274 0
      vertex -19.275627220727948 7.907333009083989 0
      vertex -19.352104726331948 8.308242133285779 0
    endloop
  endfacet
  facet normal 0 0 -1
    outer loop
      vertex -15.657084194356845 25.743449435824274 0
      vertex -19.352104726331948 8.308242133285779 0
      vertex -19.478226420863184 8.696404796225202 0
    endloop
  endfacet
  facet normal 0 0 -1
    outer loop
      vertex -15.657084194356845 25.743449435824274 0
      vertex -19.478226420863184 8.696404796225202 0
      vertex -19.652003289857443 9.065699440830574 0
    endloop
  endfacet
  facet normal 0 0 -1
    outer loop
      vertex -15.657084194356845 25.743449435824274 0
      vertex -19.652003289857443 9.065699440830574 0
      vertex -19.87069476828142 9.410302069950538 0
    endloop
  endfacet
  facet normal 0 0 -1
    outer loop
      vertex -16.946351799881096 -15.509866357858641 0
      vertex -15.657084194356845 25.743449435824274 0
      vertex -15.5 24.5 0
    endloop
  endfacet
  facet normal 1 0 0
    outer loop
      vertex -15.5 -15.509866357858641 0
      vertex -15.5 24.5 0
      vertex -15.5 24.5 15
    endloop
  endfacet
  facet normal 0 0 -1
    outer loop
      vertex -29.5 24.5 0
      vertex -24.173597674598852 14.33737580516758 0
      vertex -24.869148039119587 9.724778094268238 0
    endloop
  endfacet
  facet normal 0 0 -1
    outer loop
      vertex -29.5 24.5 0
      vertex -24.243449690031536 14.552358203103262 0
      vertex -24.173597674598852 14.33737580516758 0
    endloop
  endfacet
  facet normal 0 0 -1
    outer loop
      vertex -29.5 24.5 0
      vertex -24.28580646236606 14.774400179584253 0
      vertex -24.243449690031536 14.552358203103262 0
    endloop
  endfacet
  facet normal 0 0 -1
    outer loop
      vertex -29.5 24.5 0
      vertex -25.521773579136816 21.303595203774798 0
      vertex -24.28580646236606 14.774400179584253 0
    endloop
  endfacet
  facet normal 0 0 -1
    outer loop
      vertex -24.28580646236606 14.774400179584253 0
      vertex -25.521773579136816 21.303595203774798 0
      vertex -24.3 15 0
    endloop
  endfacet
  facet normal 0 0 -1
    outer loop
      vertex -24.3 15 0
      vertex -25.347996710142557 20.934300559169426 0
      vertex -24.28580646236606 15.225599820415747 0
    endloop
  endfacet
  facet normal 0 0 -1
    outer loop
      vertex -24.28580646236606 15.225599820415747 0
      vertex -25.347996710142557 20.934300559169426 0
      vertex -24.243449690031536 15.447641796896738 0
    endloop
  endfacet
  facet normal 0 0 -1
    outer loop
      vertex -24.243449690031536 15.447641796896738 0
      vertex -25.12930523171858 20.58969793004946 0
      vertex -24.173597674598852 15.66262419483242 0
    endloop
  endfacet
  facet normal 0 0 -1
    outer loop
      vertex -24.173597674598852 15.66262419483242 0
      vertex -24.869148039119587 20.27522190573176 0
      vertex -24.077352024078955 15.867156613383088 0
    endloop
  endfacet
  facet normal 0 0 -1
    outer loop
      vertex -24.077352024078955 15.867156613383088 0
      vertex -24.57162796668324 19.995831960978684 0
      vertex -23.956230589874906 16.058013454126453 0
    endloop
  endfacet
  facet normal 0 0 -1
    outer loop
      vertex -23.81214352935854 16.23218479067164 0
      vertex -23.956230589874906 16.058013454126453 0
      vertex -24.57162796668324 19.995831960978684 0
    endloop
  endfacet
  facet normal 0 0 -1
    outer loop
      vertex -23.81214352935854 16.23218479067164 0
      vertex -24.24143708368174 19.75593424211845 0
      vertex -23.64736318154764 16.38692383699642 0
    endloop
  endfacet
  facet normal 0 0 -1
    outer loop
      vertex -23.64736318154764 16.38692383699642 0
      vertex -23.883782697586486 19.559312079485437 0
      vertex -23.464488230962193 16.519790265903627 0
    endloop
  endfacet
  facet normal 0 0 -1
    outer loop
      vertex -23.464488230962193 16.519790265903627 0
      vertex -23.50430523171858 19.40906632204075 0
      vertex -23.26640272481713 16.628688694438836 0
    endloop
  endfacet
  facet normal 0 0 -1
    outer loop
      vertex -23.26640272481713 16.628688694438836 0
      vertex -23.50430523171858 19.40906632204075 0
      vertex -23.056230589874904 16.711901729331277 0
    endloop
  endfacet
  facet normal 0 0 -1
    outer loop
      vertex -23.056230589874904 16.711901729331277 0
      vertex -23.108989272403605 19.30756643513176 0
      vertex -22.837286366254304 16.76811705131164 0
    endloop
  endfacet
  facet normal 0 0 -1
    outer loop
      vertex -22.837286366254304 16.76811705131164 0
      vertex -22.70406918847027 19.256413132608117 0
      vertex -22.613022935152763 16.79644811117089 0
    endloop
  endfacet
  facet normal 0 0 -1
    outer loop
      vertex -22.29593081152973 19.256413132608117 0
      vertex -22.386977064847237 16.79644811117089 0
      vertex -22.613022935152763 16.79644811117089 0
    endloop
  endfacet
  facet normal 0 0 -1
    outer loop
      vertex -22.29593081152973 19.256413132608117 0
      vertex -22.162713633745696 16.76811705131164 0
      vertex -22.386977064847237 16.79644811117089 0
    endloop
  endfacet
  facet normal 0 0 -1
    outer loop
      vertex -24.3 15 0
      vertex -25.521773579136816 21.303595203774798 0
      vertex -25.347996710142557 20.934300559169426 0
    endloop
  endfacet
  facet normal 0 0 -1
    outer loop
      vertex -24.243449690031536 15.447641796896738 0
      vertex -25.347996710142557 20.934300559169426 0
      vertex -25.12930523171858 20.58969793004946 0
    endloop
  endfacet
  facet normal 0 0 -1
    outer loop
      vertex -24.173597674598852 15.66262419483242 0
      vertex -25.12930523171858 20.58969793004946 0
      vertex -24.869148039119587 20.27522190573176 0
    endloop
  endfacet
  facet normal 0 0 -1
    outer loop
      vertex -24.077352024078955 15.867156613383088 0
      vertex -24.869148039119587 20.27522190573176 0
      vertex -24.57162796668324 19.995831960978684 0
    endloop
  endfacet
  facet normal 0 0 -1
    outer loop
      vertex -23.81214352935854 16.23218479067164 0
      vertex -24.57162796668324 19.995831960978684 0
      vertex -24.24143708368174 19.75593424211845 0
    endloop
  endfacet
  facet normal 0 0 -1
    outer loop
      vertex -23.64736318154764 16.38692383699642 0
      vertex -24.24143708368174 19.75593424211845 0
      vertex -23.883782697586486 19.559312079485437 0
    endloop
  endfacet
  facet normal 0 0 -1
    outer loop
      vertex -23.464488230962193 16.519790265903627 0
      vertex -23.883782697586486 19.559312079485437 0
      vertex -23.50430523171858 19.40906632204075 0
    endloop
  endfacet
  facet normal 0 0 -1
    outer loop
      vertex -23.056230589874904 16.711901729331277 0
      vertex -23.50430523171858 19.40906632204075 0
      vertex -23.108989272403605 19.30756643513176 0
    endloop
  endfacet
  facet normal 0 0 -1
    outer loop
      vertex -22.837286366254304 16.76811705131164 0
      vertex -23.108989272403605 19.30756643513176 0
      vertex -22.70406918847027 19.256413132608117 0
    endloop
  endfacet
  facet normal 0 0 -1
    outer loop
      vertex -22.29593081152973 19.256413132608117 0
      vertex -22.613022935152763 16.79644811117089 0
      vertex -22.70406918847027 19.256413132608117 0
    endloop
  endfacet
  facet normal 0 0 -1
    outer loop
      vertex -29.5 24.5 0
      vertex -29.460573506572388 25.12666616782152 0
      vertex -29.342915805643155 25.743449435824274 0
    endloop
  endfacet
  facet normal 0 0 -1
    outer loop
      vertex -29.5 24.5 0
      vertex -29.342915805643155 25.743449435824274 0
      vertex -29.148882429441258 26.34062276342339 0
    endloop
  endfacet
  facet normal 0 0 -1
    outer loop
      vertex -29.5 24.5 0
      vertex -25.647895273668052 21.691757866714223 0
      vertex -25.521773579136816 21.303595203774798 0
    endloop
  endfacet
  facet normal 0 0 -1
    outer loop
      vertex -29.5 24.5 0
      vertex -25.75 22.5 0
      vertex -25.724372779272052 22.092666990916012 0
    endloop
  endfacet
  facet normal 0 0 -1
    outer loop
      vertex -29.5 24.5 0
      vertex -25.724372779272052 22.092666990916012 0
      vertex -25.647895273668052 21.691757866714223 0
    endloop
  endfacet
  facet normal 0 0 -1
    outer loop
      vertex -29.5 24.5 0
      vertex -25.724372779272052 22.907333009083988 0
      vertex -25.75 22.5 0
    endloop
  endfacet
  facet normal 0 0 -1
    outer loop
      vertex -29.5 24.5 0
      vertex -25.647895273668052 23.308242133285777 0
      vertex -25.724372779272052 22.907333009083988 0
    endloop
  endfacet
  facet normal 0 0 -1
    outer loop
      vertex -29.5 24.5 0
      vertex -25.521773579136816 23.696404796225202 0
      vertex -25.647895273668052 23.308242133285777 0
    endloop
  endfacet
  facet normal 0 0 -1
    outer loop
      vertex -29.5 24.5 0
      vertex -25.347996710142557 24.065699440830574 0
      vertex -25.521773579136816 23.696404796225202 0
    endloop
  endfacet
  facet normal 0 0 -1
    outer loop
      vertex -29.5 24.5 0
      vertex -25.12930523171858 24.41030206995054 0
      vertex -25.347996710142557 24.065699440830574 0
    endloop
  endfacet
  facet normal 0 0 -1
    outer loop
      vertex -29.5 24.5 0
      vertex -24.869148039119587 24.72477809426824 0
      vertex -25.12930523171858 24.41030206995054 0
    endloop
  endfacet
  facet normal 0 0 -1
    outer loop
      vertex -29.5 24.5 0
      vertex -24.57162796668324 25.004168039021316 0
      vertex -24.869148039119587 24.72477809426824 0
    endloop
  endfacet
  facet normal 0 0 -1
    outer loop
      vertex -29.5 24.5 0
      vertex -24.24143708368174 25.24406575788155 0
      vertex -24.57162796668324 25.004168039021316 0
    endloop
  endfacet
  facet normal 0 0 -1
    outer loop
      vertex -29.5 24.5 0
      vertex -29.148882429441258 26.34062276342339 0
      vertex -27.687119948743447 28.352566213878948 0
    endloop
  endfacet
  facet normal 0 0 -1
    outer loop
      vertex -29.148882429441258 26.34062276342339 0
      vertex -28.88153340021932 26.908768370508575 0
      vertex -28.545084971874736 27.438926261462367 0
    endloop
  endfacet
  facet normal 0 0 -1
    outer loop
      vertex -29.148882429441258 26.34062276342339 0
      vertex -28.545084971874736 27.438926261462367 0
      vertex -27.687119948743447 28.352566213878948 0
    endloop
  endfacet
  facet normal 0 0 -1
    outer loop
      vertex -28.545084971874736 27.438926261462367 0
      vertex -28.14484313710706 27.922735529643443 0
      vertex -27.687119948743447 28.352566213878948 0
    endloop
  endfacet
  facet normal 0 0 -1
    outer loop
      vertex -29.5 24.5 0
      vertex -27.687119948743447 28.352566213878948 0
      vertex -24.186047402353434 29.49013364214136 0
    endloop
  endfacet
  facet normal 0 0 -1
    outer loop
      vertex -29.5 24.5 0
      vertex -24.186047402353434 29.49013364214136 0
      vertex -24.24143708368174 25.24406575788155 0
    endloop
  endfacet
  facet normal 0 0 -1
    outer loop
      vertex -27.687119948743447 28.352566213878948 0
      vertex -27.179133974894985 28.721639627510076 0
      vertex -26.628896457825363 29.0241352623301 0
    endloop
  endfacet
  facet normal 0 0 -1
    outer loop
      vertex -27.687119948743447 28.352566213878948 0
      vertex -26.628896457825363 29.0241352623301 0
      vertex -26.045084971874736 29.255282581475768 0
    endloop
  endfacet
  facet normal 0 0 -1
    outer loop
      vertex -27.687119948743447 28.352566213878948 0
      vertex -26.045084971874736 29.255282581475768 0
      vertex -24.186047402353434 29.49013364214136 0
    endloop
  endfacet
  facet normal 0 0 -1
    outer loop
      vertex -24.186047402353434 29.49013364214136 0
      vertex -23.883782697586486 25.440687920514563 0
      vertex -24.24143708368174 25.24406575788155 0
    endloop
  endfacet
  facet normal 0 0 -1
    outer loop
      vertex -26.045084971874736 29.255282581475768 0
      vertex -25.436906572928624 29.411436253643444 0
      vertex -24.813952597646566 29.49013364214136 0
    endloop
  endfacet
  facet normal 0 0 -1
    outer loop
      vertex -26.045084971874736 29.255282581475768 0
      vertex -24.813952597646566 29.49013364214136 0
      vertex -24.186047402353434 29.49013364214136 0
    endloop
  endfacet
  facet normal 0 0 -1
    outer loop
      vertex -24.186047402353434 29.49013364214136 0
      vertex -23.50430523171858 25.59093367795925 0
      vertex -23.883782697586486 25.440687920514563 0
    endloop
  endfacet
  facet normal 0 0 -1
    outer loop
      vertex -24.186047402353434 29.49013364214136 0
      vertex -23.108989272403605 25.69243356486824 0
      vertex -23.50430523171858 25.59093367795925 0
    endloop
  endfacet
  facet normal 0 0 -1
    outer loop
      vertex -24.186047402353434 29.49013364214136 0
      vertex -22.704069188470267 25.743586867391883 0
      vertex -23.108989272403605 25.69243356486824 0
    endloop
  endfacet
  facet normal 0 0 -1
    outer loop
      vertex -24.186047402353434 29.49013364214136 0
      vertex -22.295930811529733 25.743586867391883 0
      vertex -22.704069188470267 25.743586867391883 0
    endloop
  endfacet
  facet normal 0 0 -1
    outer loop
      vertex -24.186047402353434 29.49013364214136 0
      vertex -21.891010727596395 25.69243356486824 0
      vertex -22.295930811529733 25.743586867391883 0
    endloop
  endfacet
  facet normal 0 0 -1
    outer loop
      vertex -21.352636818452357 16.38692383699642 0
      vertex -21.535511769037807 16.519790265903627 0
      vertex -21.116217302413514 19.559312079485437 0
    endloop
  endfacet
  facet normal 0 0 -1
    outer loop
      vertex -22.162713633745696 16.76811705131164 0
      vertex -21.891010727596395 19.30756643513176 0
      vertex -21.943769410125096 16.711901729331277 0
    endloop
  endfacet
  facet normal 0 0 -1
    outer loop
      vertex -21.943769410125096 16.711901729331277 0
      vertex -21.49569476828142 19.40906632204075 0
      vertex -21.73359727518287 16.628688694438836 0
    endloop
  endfacet
  facet normal 0 0 -1
    outer loop
      vertex -21.73359727518287 16.628688694438836 0
      vertex -21.49569476828142 19.40906632204075 0
      vertex -21.535511769037807 16.519790265903627 0
    endloop
  endfacet
  facet normal 0 0 -1
    outer loop
      vertex -21.352636818452357 16.38692383699642 0
      vertex -20.75856291631826 19.75593424211845 0
      vertex -21.18785647064146 16.23218479067164 0
    endloop
  endfacet
  facet normal 0 0 -1
    outer loop
      vertex -21.043769410125094 16.058013454126453 0
      vertex -21.18785647064146 16.23218479067164 0
      vertex -20.42837203331676 19.995831960978684 0
    endloop
  endfacet
  facet normal 0 0 -1
    outer loop
      vertex -21.043769410125094 16.058013454126453 0
      vertex -20.42837203331676 19.995831960978684 0
      vertex -20.922647975921045 15.867156613383088 0
    endloop
  endfacet
  facet normal 0 0 -1
    outer loop
      vertex -20.71419353763394 14.774400179584253 0
      vertex -20.7 15 0
      vertex -19.478226420863184 21.303595203774794 0
    endloop
  endfacet
  facet normal 0 0 -1
    outer loop
      vertex -20.130851960880413 20.27522190573176 0
      vertex -20.826402325401148 15.66262419483242 0
      vertex -20.922647975921045 15.867156613383088 0
    endloop
  endfacet
  facet normal 0 0 -1
    outer loop
      vertex -20.756550309968464 15.447641796896738 0
      vertex -20.826402325401148 15.66262419483242 0
      vertex -19.87069476828142 20.58969793004946 0
    endloop
  endfacet
  facet normal 0 0 -1
    outer loop
      vertex -20.7 15 0
      vertex -20.71419353763394 15.225599820415749 0
      vertex -19.652003289857443 20.934300559169426 0
    endloop
  endfacet
  facet normal 0 0 -1
    outer loop
      vertex -20.71419353763394 15.225599820415749 0
      vertex -20.756550309968464 15.447641796896738 0
      vertex -19.652003289857443 20.934300559169426 0
    endloop
  endfacet
  facet normal 0 0 -1
    outer loop
      vertex -15.657084194356845 25.743449435824274 0
      vertex -19.87069476828142 9.410302069950538 0
      vertex -20.756550309968464 14.552358203103262 0
    endloop
  endfacet
  facet normal 0 0 -1
    outer loop
      vertex -15.657084194356845 25.743449435824274 0
      vertex -20.756550309968464 14.552358203103262 0
      vertex -20.71419353763394 14.774400179584253 0
    endloop
  endfacet
  facet normal 0 0 -1
    outer loop
      vertex -22.162713633745696 16.76811705131164 0
      vertex -22.29593081152973 19.256413132608117 0
      vertex -21.891010727596395 19.30756643513176 0
    endloop
  endfacet
  facet normal 0 0 -1
    outer loop
      vertex -21.943769410125096 16.711901729331277 0
      vertex -21.891010727596395 19.30756643513176 0
      vertex -21.49569476828142 19.40906632204075 0
    endloop
  endfacet
  facet normal 0 0 -1
    outer loop
      vertex -21.535511769037807 16.519790265903627 0
      vertex -21.49569476828142 19.40906632204075 0
      vertex -21.116217302413514 19.559312079485437 0
    endloop
  endfacet
  facet normal 0 0 -1
    outer loop
      vertex -21.352636818452357 16.38692383699642 0
      vertex -21.116217302413514 19.559312079485437 0
      vertex -20.75856291631826 19.75593424211845 0
    endloop
  endfacet
  facet normal 0 0 -1
    outer loop
      vertex -21.18785647064146 16.23218479067164 0
      vertex -20.75856291631826 19.75593424211845 0
      vertex -20.42837203331676 19.995831960978684 0
    endloop
  endfacet
  facet normal 0 0 -1
    outer loop
      vertex -20.130851960880413 20.27522190573176 0
      vertex -20.922647975921045 15.867156613383088 0
      vertex -20.42837203331676 19.995831960978684 0
    endloop
  endfacet
  facet normal 0 0 -1
    outer loop
      vertex -20.130851960880413 20.27522190573176 0
      vertex -19.87069476828142 20.58969793004946 0
      vertex -20.826402325401148 15.66262419483242 0
    endloop
  endfacet
  facet normal 0 0 -1
    outer loop
      vertex -20.756550309968464 15.447641796896738 0
      vertex -19.87069476828142 20.58969793004946 0
      vertex -19.652003289857443 20.934300559169426 0
    endloop
  endfacet
  facet normal 0 0 -1
    outer loop
      vertex -20.7 15 0
      vertex -19.652003289857443 20.934300559169426 0
      vertex -19.478226420863184 21.303595203774794 0
    endloop
  endfacet
  facet normal 0 0 -1
    outer loop
      vertex -15.657084194356845 25.743449435824274 0
      vertex -20.71419353763394 14.774400179584253 0
      vertex -19.478226420863184 21.303595203774794 0
    endloop
  endfacet
  facet normal 0 0 -1
    outer loop
      vertex -15.657084194356845 25.743449435824274 0
      vertex -21.49569476828142 25.59093367795925 0
      vertex -21.891010727596395 25.69243356486824 0
    endloop
  endfacet
  facet normal 0 0 -1
    outer loop
      vertex -15.657084194356845 25.743449435824274 0
      vertex -21.116217302413514 25.440687920514563 0
      vertex -21.49569476828142 25.59093367795925 0
    endloop
  endfacet
  facet normal 0 0 -1
    outer loop
      vertex -15.657084194356845 25.743449435824274 0
      vertex -20.42837203331676 25.004168039021316 0
      vertex -20.75856291631826 25.24406575788155 0
    endloop
  endfacet
  facet normal 0 0 -1
    outer loop
      vertex -15.657084194356845 25.743449435824274 0
      vertex -20.75856291631826 25.24406575788155 0
      vertex -21.116217302413514 25.440687920514563 0
    endloop
  endfacet
  facet normal 0 0 -1
    outer loop
      vertex -15.657084194356845 25.743449435824274 0
      vertex -20.130851960880413 24.72477809426824 0
      vertex -20.42837203331676 25.004168039021316 0
    endloop
  endfacet
  facet normal 0 0 -1
    outer loop
      vertex -15.657084194356845 25.743449435824274 0
      vertex -19.87069476828142 24.41030206995054 0
      vertex -20.130851960880413 24.72477809426824 0
    endloop
  endfacet
  facet normal 0 0 -1
    outer loop
      vertex -24.186047402353434 29.49013364214136 0
      vertex -15.657084194356845 25.743449435824274 0
      vertex -21.891010727596395 25.69243356486824 0
    endloop
  endfacet
  facet normal 0 0 -1
    outer loop
      vertex -24.186047402353434 29.49013364214136 0
      vertex -20.186047402353434 29.49013364214136 0
      vertex -18.371103542174637 29.0241352623301 0
    endloop
  endfacet
  facet normal 0 0 -1
    outer loop
      vertex -24.186047402353434 29.49013364214136 0
      vertex -18.371103542174637 29.0241352623301 0
      vertex -15.657084194356845 25.743449435824274 0
    endloop
  endfacet
  facet normal 0 0 -1
    outer loop
      vertex -20.186047402353434 29.49013364214136 0
      vertex -19.563093427071376 29.411436253643444 0
      vertex -18.371103542174637 29.0241352623301 0
    endloop
  endfacet
  facet normal 0 0 -1
    outer loop
      vertex -19.563093427071376 29.411436253643444 0
      vertex -18.954915028125264 29.255282581475768 0
      vertex -18.371103542174637 29.0241352623301 0
    endloop
  endfacet
  facet normal 0 0 -1
    outer loop
      vertex -15.657084194356845 25.743449435824274 0
      vertex -19.478226420863184 21.303595203774794 0
      vertex -19.352104726331948 21.691757866714223 0
    endloop
  endfacet
  facet normal 0 0 -1
    outer loop
      vertex -15.657084194356845 25.743449435824274 0
      vertex -19.352104726331948 21.691757866714223 0
      vertex -19.275627220727948 22.092666990916012 0
    endloop
  endfacet
  facet normal 0 0 -1
    outer loop
      vertex -15.657084194356845 25.743449435824274 0
      vertex -19.275627220727948 22.092666990916012 0
      vertex -19.25 22.5 0
    endloop
  endfacet
  facet normal 0 0 -1
    outer loop
      vertex -15.657084194356845 25.743449435824274 0
      vertex -19.25 22.5 0
      vertex -19.275627220727948 22.907333009083988 0
    endloop
  endfacet
  facet normal 0 0 -1
    outer loop
      vertex -15.657084194356845 25.743449435824274 0
      vertex -19.275627220727948 22.907333009083988 0
      vertex -19.352104726331948 23.308242133285777 0
    endloop
  endfacet
  facet normal 0 0 -1
    outer loop
      vertex -15.657084194356845 25.743449435824274 0
      vertex -19.352104726331948 23.308242133285777 0
      vertex -19.478226420863184 23.696404796225202 0
    endloop
  endfacet
  facet normal 0 0 -1
    outer loop
      vertex -15.657084194356845 25.743449435824274 0
      vertex -19.478226420863184 23.696404796225202 0
      vertex -19.652003289857443 24.065699440830574 0
    endloop
  endfacet
  facet normal 0 0 -1
    outer loop
      vertex -15.657084194356845 25.743449435824274 0
      vertex -19.652003289857443 24.065699440830574 0
      vertex -19.87069476828142 24.41030206995054 0
    endloop
  endfacet
  facet normal 0 0 -1
    outer loop
      vertex -15.5 24.5 0
      vertex -15.657084194356845 25.743449435824274 0
      vertex -15.53942649342761 25.126666167821522 0
    endloop
  endfacet
  facet normal 0 0 -1
    outer loop
      vertex -15.657084194356845 25.743449435824274 0
      vertex -18.371103542174637 29.0241352623301 0
      vertex -16.454915028125264 27.438926261462367 0
    endloop
  endfacet
  facet normal 0 0 -1
    outer loop
      vertex -18.371103542174637 29.0241352623301 0
      vertex -17.82086602510502 28.721639627510076 0
      vertex -17.31288005125655 28.352566213878944 0
    endloop
  endfacet
  facet normal 0 0 -1
    outer loop
      vertex -18.371103542174637 29.0241352623301 0
      vertex -17.31288005125655 28.352566213878944 0
      vertex -16.454915028125264 27.438926261462367 0
    endloop
  endfacet
  facet normal 0 0 -1
    outer loop
      vertex -17.31288005125655 28.352566213878944 0
      vertex -16.85515686289294 27.922735529643443 0
      vertex -16.454915028125264 27.438926261462367 0
    endloop
  endfacet
  facet normal 0 0 -1
    outer loop
      vertex -15.657084194356845 25.743449435824274 0
      vertex -16.454915028125264 27.438926261462367 0
      vertex -15.851117570558744 26.34062276342339 0
    endloop
  endfacet
  facet normal 0 0 -1
    outer loop
      vertex -15.851117570558744 26.34062276342339 0
      vertex -16.454915028125264 27.438926261462367 0
      vertex -16.11846659978068 26.908768370508575 0
    endloop
  endfacet
  facet normal -0.9980267284282713 0.06279051952931591 0
    outer loop
      vertex -29.5 24.5 0
      vertex -29.5 24.5 15
      vertex -29.460573506572388 25.12666616782152 0
    endloop
  endfacet
  facet normal -0.9822872507286892 0.18738131458572183 0
    outer loop
      vertex -29.460573506572388 25.12666616782152 0
      vertex -29.342915805643155 25.743449435824274 15
      vertex -29.342915805643155 25.743449435824274 0
    endloop
  endfacet
  facet normal -0.951056516295154 0.3090169943749457 0
    outer loop
      vertex -29.342915805643155 25.743449435824274 0
      vertex -29.148882429441258 26.34062276342339 15
      vertex -29.148882429441258 26.34062276342339 0
    endloop
  endfacet
  facet normal -0.9048270524660186 0.42577929156507444 0
    outer loop
      vertex -29.148882429441258 26.34062276342339 0
      vertex -28.88153340021932 26.908768370508575 15
      vertex -28.88153340021932 26.908768370508575 0
    endloop
  endfacet
  facet normal -0.8443279255020155 0.5358267949789962 0
    outer loop
      vertex -28.88153340021932 26.908768370508575 0
      vertex -28.88153340021932 26.908768370508575 15
      vertex -28.545084971874736 27.438926261462367 0
    endloop
  endfacet
  facet normal -0.7705132427757906 0.637423989748688 0
    outer loop
      vertex -28.545084971874736 27.438926261462367 0
      vertex -28.14484313710706 27.922735529643443 15
      vertex -28.14484313710706 27.922735529643443 0
    endloop
  endfacet
  facet normal -0.6845471059286876 0.7289686274214126 0
    outer loop
      vertex -28.14484313710706 27.922735529643443 0
      vertex -27.687119948743447 28.352566213878948 15
      vertex -27.687119948743447 28.352566213878948 0
    endloop
  endfacet
  facet normal -0.5877852522924736 0.8090169943749471 0
    outer loop
      vertex -27.687119948743447 28.352566213878948 0
      vertex -27.687119948743447 28.352566213878948 15
      vertex -27.179133974894985 28.721639627510076 0
    endloop
  endfacet
  facet normal -0.4817536741017145 0.876306680043864 0
    outer loop
      vertex -27.179133974894985 28.721639627510076 0
      vertex -26.628896457825363 29.0241352623301 15
      vertex -26.628896457825363 29.0241352623301 0
    endloop
  endfacet
  facet normal -0.3681245526846774 0.9297764858882516 0
    outer loop
      vertex -26.628896457825363 29.0241352623301 0
      vertex -26.045084971874736 29.255282581475768 15
      vertex -26.045084971874736 29.255282581475768 0
    endloop
  endfacet
  facet normal -0.2486898871648561 0.968583161128631 0
    outer loop
      vertex -26.045084971874736 29.255282581475768 0
      vertex -25.436906572928624 29.411436253643444 15
      vertex -25.436906572928624 29.411436253643444 0
    endloop
  endfacet
  facet normal -0.1253332335643043 0.9921147013144777 0
    outer loop
      vertex -25.436906572928624 29.411436253643444 0
      vertex -25.436906572928624 29.411436253643444 15
      vertex -24.813952597646566 29.49013364214136 0
    endloop
  endfacet
  facet normal 0 1 0
    outer loop
      vertex -24.813952597646566 29.49013364214136 0
      vertex -24.813952597646566 29.49013364214136 15
      vertex -24.186047402353434 29.49013364214136 0
    endloop
  endfacet
  facet normal 0 1 0
    outer loop
      vertex -24.186047402353434 29.49013364214136 0
      vertex -20.186047402353434 29.49013364214136 15
      vertex -20.186047402353434 29.49013364214136 0
    endloop
  endfacet
  facet normal 0.1253332335643043 0.9921147013144777 0
    outer loop
      vertex -20.186047402353434 29.49013364214136 0
      vertex -20.186047402353434 29.49013364214136 15
      vertex -19.563093427071376 29.411436253643444 0
    endloop
  endfacet
  facet normal 0.2486898871648561 0.968583161128631 0
    outer loop
      vertex -19.563093427071376 29.411436253643444 0
      vertex -18.954915028125264 29.255282581475768 15
      vertex -18.954915028125264 29.255282581475768 0
    endloop
  endfacet
  facet normal 0.3681245526846774 0.9297764858882516 0
    outer loop
      vertex -18.954915028125264 29.255282581475768 0
      vertex -18.954915028125264 29.255282581475768 15
      vertex -18.371103542174637 29.0241352623301 0
    endloop
  endfacet
  facet normal 0.9980267284282716 0.06279051952931275 0
    outer loop
      vertex -15.5 24.5 0
      vertex -15.53942649342761 25.126666167821522 0
      vertex -15.5 24.5 15
    endloop
  endfacet
  facet normal 0.9822872507286884 0.18738131458572557 0
    outer loop
      vertex -15.53942649342761 25.126666167821522 0
      vertex -15.657084194356845 25.743449435824274 0
      vertex -15.657084194356845 25.743449435824274 15
    endloop
  endfacet
  facet normal 0.4817536741017169 0.8763066800438627 0
    outer loop
      vertex -18.371103542174637 29.0241352623301 0
      vertex -17.82086602510502 28.721639627510076 15
      vertex -17.82086602510502 28.721639627510076 0
    endloop
  endfacet
  facet normal 0.5877852522924719 0.8090169943749483 0
    outer loop
      vertex -17.82086602510502 28.721639627510076 0
      vertex -17.31288005125655 28.352566213878944 15
      vertex -17.31288005125655 28.352566213878944 0
    endloop
  endfacet
  facet normal 0.6845471059286874 0.7289686274214127 0
    outer loop
      vertex -17.31288005125655 28.352566213878944 0
      vertex -16.85515686289294 27.922735529643443 15
      vertex -16.85515686289294 27.922735529643443 0
    endloop
  endfacet
  facet normal 0.7705132427757906 0.637423989748688 0
    outer loop
      vertex -16.85515686289294 27.922735529643443 0
      vertex -16.85515686289294 27.922735529643443 15
      vertex -16.454915028125264 27.438926261462367 0
    endloop
  endfacet
  facet normal 0.9510565162951533 0.3090169943749483 0
    outer loop
      vertex -15.657084194356845 25.743449435824274 0
      vertex -15.851117570558744 26.34062276342339 0
      vertex -15.851117570558744 26.34062276342339 15
    endloop
  endfacet
  facet normal 0.9048270524660198 0.4257792915650722 0
    outer loop
      vertex -15.851117570558744 26.34062276342339 0
      vertex -16.11846659978068 26.908768370508575 0
      vertex -16.11846659978068 26.908768370508575 15
    endloop
  endfacet
  facet normal 0.8443279255020155 0.5358267949789962 0
    outer loop
      vertex -16.454915028125264 27.438926261462367 0
      vertex -16.11846659978068 26.908768370508575 15
      vertex -16.11846659978068 26.908768370508575 0
    endloop
  endfacet
  facet normal -1 0 0
    outer loop
      vertex -29.5 -20.5 15
      vertex -29.5 24.5 15
      vertex -29.5 24.5 0
    endloop
  endfacet
  facet normal 0 0 1
    outer loop
      vertex -29.5 -20.5 15
      vertex -25.75 7.5 15
      vertex -29.5 24.5 15
    endloop
  endfacet
  facet normal 0 0 1
    outer loop
      vertex -25.521773579136816 -6.303595203774797 15
      vertex -24.3 0 15
      vertex -25.521773579136816 6.303595203774797 15
    endloop
  endfacet
  facet normal 0 0 1
    outer loop
      vertex -25.724372779272052 -7.092666990916012 15
      vertex -25.647895273668052 6.691757866714221 15
      vertex -25.724372779272052 7.092666990916012 15
    endloop
  endfacet
  facet normal 0 0 1
    outer loop
      vertex -25.647895273668052 -6.691757866714221 15
      vertex -25.521773579136816 6.303595203774797 15
      vertex -25.647895273668052 6.691757866714221 15
    endloop
  endfacet
  facet normal 0 0 1
    outer loop
      vertex -25.724372779272052 -7.092666990916012 15
      vertex -25.724372779272052 7.092666990916012 15
      vertex -25.75 7.5 15
    endloop
  endfacet
  facet normal 0 0 1
    outer loop
      vertex -24.3 0 15
      vertex -24.28580646236606 0.22559982041574733 15
      vertex -25.521773579136816 6.303595203774797 15
    endloop
  endfacet
  facet normal 0 0 1
    outer loop
      vertex -24.28580646236606 0.22559982041574733 15
      vertex -24.243449690031536 0.4476417968967387 15
      vertex -25.347996710142557 5.934300559169425 15
    endloop
  endfacet
  facet normal 0 0 1
    outer loop
      vertex -24.243449690031536 0.4476417968967387 15
      vertex -24.173597674598852 0.6626241948324202 15
      vertex -25.12930523171858 5.5896979300494625 15
    endloop
  endfacet
  facet normal 0 0 1
    outer loop
      vertex -24.173597674598852 0.6626241948324202 15
      vertex -24.077352024078955 0.8671566133830877 15
      vertex -24.869148039119587 5.275221905731762 15
    endloop
  endfacet
  facet normal 0 0 1
    outer loop
      vertex -24.077352024078955 0.8671566133830877 15
      vertex -23.956230589874906 1.0580134541264516 15
      vertex -24.57162796668324 4.995831960978684 15
    endloop
  endfacet
  facet normal 0 0 1
    outer loop
      vertex -23.956230589874906 1.0580134541264516 15
      vertex -23.81214352935854 1.2321847906716394 15
      vertex -24.57162796668324 4.995831960978684 15
    endloop
  endfacet
  facet normal 0 0 1
    outer loop
      vertex -23.81214352935854 1.2321847906716394 15
      vertex -24.24143708368174 4.755934242118451 15
      vertex -24.57162796668324 4.995831960978684 15
    endloop
  endfacet
  facet normal 0 0 1
    outer loop
      vertex -23.81214352935854 1.2321847906716394 15
      vertex -23.64736318154764 1.386923836996421 15
      vertex -24.24143708368174 4.755934242118451 15
    endloop
  endfacet
  facet normal 0 0 1
    outer loop
      vertex -23.64736318154764 1.386923836996421 15
      vertex -23.464488230962193 1.5197902659036269 15
      vertex -23.883782697586486 4.559312079485436 15
    endloop
  endfacet
  facet normal 0 0 1
    outer loop
      vertex -23.883782697586486 4.559312079485436 15
      vertex -23.464488230962193 1.5197902659036269 15
      vertex -23.26640272481713 1.628688694438835 15
    endloop
  endfacet
  facet normal 0 0 1
    outer loop
      vertex -23.883782697586486 4.559312079485436 15
      vertex -23.26640272481713 1.628688694438835 15
      vertex -23.056230589874904 1.7119017293312764 15
    endloop
  endfacet
  facet normal 0 0 1
    outer loop
      vertex -22.837286366254304 1.7681170513116398 15
      vertex -23.883782697586486 4.559312079485436 15
      vertex -23.056230589874904 1.7119017293312764 15
    endloop
  endfacet
  facet normal 0 0 1
    outer loop
      vertex -23.64736318154764 1.386923836996421 15
      vertex -23.883782697586486 4.559312079485436 15
      vertex -24.24143708368174 4.755934242118451 15
    endloop
  endfacet
  facet normal 0 0 1
    outer loop
      vertex -22.837286366254304 1.7681170513116398 15
      vertex -23.50430523171858 4.409066322040751 15
      vertex -23.883782697586486 4.559312079485436 15
    endloop
  endfacet
  facet normal 0 0 1
    outer loop
      vertex -22.837286366254304 1.7681170513116398 15
      vertex -23.108989272403605 4.307566435131762 15
      vertex -23.50430523171858 4.409066322040751 15
    endloop
  endfacet
  facet normal 0 0 1
    outer loop
      vertex -22.837286366254304 1.7681170513116398 15
      vertex -22.613022935152763 1.7964481111708888 15
      vertex -22.70406918847027 4.256413132608118 15
    endloop
  endfacet
  facet normal 0 0 1
    outer loop
      vertex -22.29593081152973 4.256413132608118 15
      vertex -22.613022935152763 1.7964481111708888 15
      vertex -22.386977064847237 1.7964481111708888 15
    endloop
  endfacet
  facet normal 0 0 1
    outer loop
      vertex -22.29593081152973 4.256413132608118 15
      vertex -22.386977064847237 1.7964481111708888 15
      vertex -22.162713633745696 1.7681170513116398 15
    endloop
  endfacet
  facet normal 0 0 1
    outer loop
      vertex -22.837286366254304 1.7681170513116398 15
      vertex -22.70406918847027 4.256413132608118 15
      vertex -23.108989272403605 4.307566435131762 15
    endloop
  endfacet
  facet normal 0 0 1
    outer loop
      vertex -22.70406918847027 4.256413132608118 15
      vertex -22.613022935152763 1.7964481111708888 15
      vertex -22.29593081152973 4.256413132608118 15
    endloop
  endfacet
  facet normal 0 0 1
    outer loop
      vertex -24.243449690031536 0.4476417968967387 15
      vertex -25.12930523171858 5.5896979300494625 15
      vertex -25.347996710142557 5.934300559169425 15
    endloop
  endfacet
  facet normal 0 0 1
    outer loop
      vertex -24.28580646236606 0.22559982041574733 15
      vertex -25.347996710142557 5.934300559169425 15
      vertex -25.521773579136816 6.303595203774797 15
    endloop
  endfacet
  facet normal 0 0 1
    outer loop
      vertex -24.173597674598852 0.6626241948324202 15
      vertex -24.869148039119587 5.275221905731762 15
      vertex -25.12930523171858 5.5896979300494625 15
    endloop
  endfacet
  facet normal 0 0 1
    outer loop
      vertex -24.077352024078955 0.8671566133830877 15
      vertex -24.57162796668324 4.995831960978684 15
      vertex -24.869148039119587 5.275221905731762 15
    endloop
  endfacet
  facet normal 0 0 1
    outer loop
      vertex -29.5 24.5 15
      vertex -25.75 7.5 15
      vertex -25.724372779272052 7.907333009083988 15
    endloop
  endfacet
  facet normal 0 0 1
    outer loop
      vertex -29.5 24.5 15
      vertex -25.724372779272052 7.907333009083988 15
      vertex -25.647895273668052 8.308242133285779 15
    endloop
  endfacet
  facet normal 0 0 1
    outer loop
      vertex -29.5 24.5 15
      vertex -25.647895273668052 8.308242133285779 15
      vertex -25.521773579136816 8.696404796225202 15
    endloop
  endfacet
  facet normal 0 0 1
    outer loop
      vertex -29.5 24.5 15
      vertex -25.521773579136816 8.696404796225202 15
      vertex -25.347996710142557 9.065699440830574 15
    endloop
  endfacet
  facet normal 0 0 1
    outer loop
      vertex -29.5 24.5 15
      vertex -25.347996710142557 9.065699440830574 15
      vertex -25.12930523171858 9.410302069950538 15
    endloop
  endfacet
  facet normal 0 0 1
    outer loop
      vertex -29.5 24.5 15
      vertex -25.12930523171858 9.410302069950538 15
      vertex -24.869148039119587 9.724778094268238 15
    endloop
  endfacet
  facet normal 0 0 1
    outer loop
      vertex -29.5 24.5 15
      vertex -24.869148039119587 9.724778094268238 15
      vertex -24.57162796668324 10.004168039021316 15
    endloop
  endfacet
  facet normal 0 0 1
    outer loop
      vertex -22.704069188470267 10.743586867391883 15
      vertex -23.81214352935854 13.767815209328361 15
      vertex -23.956230589874906 13.941986545873549 15
    endloop
  endfacet
  facet normal 0 0 1
    outer loop
      vertex -22.704069188470267 10.743586867391883 15
      vertex -23.64736318154764 13.61307616300358 15
      vertex -23.81214352935854 13.767815209328361 15
    endloop
  endfacet
  facet normal 0 0 1
    outer loop
      vertex -22.704069188470267 10.743586867391883 15
      vertex -23.464488230962193 13.480209734096373 15
      vertex -23.64736318154764 13.61307616300358 15
    endloop
  endfacet
  facet normal 0 0 1
    outer loop
      vertex -22.704069188470267 10.743586867391883 15
      vertex -23.26640272481713 13.371311305561164 15
      vertex -23.464488230962193 13.480209734096373 15
    endloop
  endfacet
  facet normal 0 0 1
    outer loop
      vertex -22.704069188470267 10.743586867391883 15
      vertex -22.295930811529733 10.743586867391883 15
      vertex -22.386977064847237 13.20355188882911 15
    endloop
  endfacet
  facet normal 0 0 1
    outer loop
      vertex -22.704069188470267 10.743586867391883 15
      vertex -22.837286366254304 13.23188294868836 15
      vertex -23.056230589874904 13.288098270668723 15
    endloop
  endfacet
  facet normal 0 0 1
    outer loop
      vertex -22.704069188470267 10.743586867391883 15
      vertex -22.613022935152763 13.20355188882911 15
      vertex -22.837286366254304 13.23188294868836 15
    endloop
  endfacet
  facet normal 0 0 1
    outer loop
      vertex -22.704069188470267 10.743586867391883 15
      vertex -23.056230589874904 13.288098270668723 15
      vertex -23.26640272481713 13.371311305561164 15
    endloop
  endfacet
  facet normal 0 0 1
    outer loop
      vertex -22.704069188470267 10.743586867391883 15
      vertex -22.386977064847237 13.20355188882911 15
      vertex -22.613022935152763 13.20355188882911 15
    endloop
  endfacet
  facet normal 0 0 1
    outer loop
      vertex -22.295930811529733 10.743586867391883 15
      vertex -22.162713633745696 13.23188294868836 15
      vertex -22.386977064847237 13.20355188882911 15
    endloop
  endfacet
  facet normal 0 0 1
    outer loop
      vertex -22.704069188470267 10.743586867391883 15
      vertex -23.956230589874906 13.941986545873549 15
      vertex -24.077352024078955 14.132843386616912 15
    endloop
  endfacet
  facet normal 0 0 1
    outer loop
      vertex -22.162713633745696 1.7681170513116398 15
      vertex -21.943769410125096 1.7119017293312764 15
      vertex -21.891010727596395 4.307566435131762 15
    endloop
  endfacet
  facet normal 0 0 1
    outer loop
      vertex -21.73359727518287 1.628688694438835 15
      vertex -21.49569476828142 4.409066322040751 15
      vertex -21.943769410125096 1.7119017293312764 15
    endloop
  endfacet
  facet normal 0 0 1
    outer loop
      vertex -21.73359727518287 1.628688694438835 15
      vertex -21.535511769037807 1.519790265903627 15
      vertex -21.49569476828142 4.409066322040751 15
    endloop
  endfacet
  facet normal 0 0 1
    outer loop
      vertex -21.535511769037807 1.519790265903627 15
      vertex -21.352636818452357 1.3869238369964205 15
      vertex -21.116217302413514 4.559312079485436 15
    endloop
  endfacet
  facet normal 0 0 1
    outer loop
      vertex -22.29593081152973 4.256413132608118 15
      vertex -22.162713633745696 1.7681170513116398 15
      vertex -21.891010727596395 4.307566435131762 15
    endloop
  endfacet
  facet normal 0 0 1
    outer loop
      vertex -21.943769410125096 1.7119017293312764 15
      vertex -21.49569476828142 4.409066322040751 15
      vertex -21.891010727596395 4.307566435131762 15
    endloop
  endfacet
  facet normal 0 0 1
    outer loop
      vertex -21.535511769037807 1.519790265903627 15
      vertex -21.116217302413514 4.559312079485436 15
      vertex -21.49569476828142 4.409066322040751 15
    endloop
  endfacet
  facet normal 0 0 1
    outer loop
      vertex -21.18785647064146 1.2321847906716397 15
      vertex -20.75856291631826 4.7559342421184505 15
      vertex -21.352636818452357 1.3869238369964205 15
    endloop
  endfacet
  facet normal 0 0 1
    outer loop
      vertex -21.18785647064146 1.2321847906716397 15
      vertex -21.043769410125094 1.0580134541264516 15
      vertex -20.42837203331676 4.995831960978686 15
    endloop
  endfacet
  facet normal 0 0 1
    outer loop
      vertex -21.043769410125094 1.0580134541264516 15
      vertex -20.922647975921045 0.8671566133830876 15
      vertex -20.42837203331676 4.995831960978686 15
    endloop
  endfacet
  facet normal 0 0 1
    outer loop
      vertex -20.826402325401148 0.6626241948324204 15
      vertex -20.130851960880413 5.275221905731762 15
      vertex -20.922647975921045 0.8671566133830876 15
    endloop
  endfacet
  facet normal 0 0 1
    outer loop
      vertex -20.756550309968464 0.44764179689673866 15
      vertex -19.87069476828142 5.5896979300494625 15
      vertex -20.826402325401148 0.6626241948324204 15
    endloop
  endfacet
  facet normal 0 0 1
    outer loop
      vertex -20.7 0 15
      vertex -19.478226420863184 6.303595203774796 15
      vertex -20.71419353763394 0.22559982041574766 15
    endloop
  endfacet
  facet normal 0 0 1
    outer loop
      vertex -20.756550309968464 0.44764179689673866 15
      vertex -20.71419353763394 0.22559982041574766 15
      vertex -19.652003289857443 5.934300559169425 15
    endloop
  endfacet
  facet normal 0 0 1
    outer loop
      vertex -21.352636818452357 1.3869238369964205 15
      vertex -20.75856291631826 4.7559342421184505 15
      vertex -21.116217302413514 4.559312079485436 15
    endloop
  endfacet
  facet normal 0 0 1
    outer loop
      vertex -21.18785647064146 1.2321847906716397 15
      vertex -20.42837203331676 4.995831960978686 15
      vertex -20.75856291631826 4.7559342421184505 15
    endloop
  endfacet
  facet normal 0 0 1
    outer loop
      vertex -19.478226420863184 -6.303595203774797 15
      vertex -19.478226420863184 6.303595203774796 15
      vertex -20.7 0 15
    endloop
  endfacet
  facet normal 0 0 1
    outer loop
      vertex -19.352104726331948 -6.691757866714222 15
      vertex -19.352104726331948 6.691757866714223 15
      vertex -19.478226420863184 6.303595203774796 15
    endloop
  endfacet
  facet normal 0 0 1
    outer loop
      vertex -19.352104726331948 -6.691757866714222 15
      vertex -19.275627220727948 7.092666990916012 15
      vertex -19.352104726331948 6.691757866714223 15
    endloop
  endfacet
  facet normal 0 0 1
    outer loop
      vertex -20.922647975921045 0.8671566133830876 15
      vertex -20.130851960880413 5.275221905731762 15
      vertex -20.42837203331676 4.995831960978686 15
    endloop
  endfacet
  facet normal 0 0 1
    outer loop
      vertex -20.826402325401148 0.6626241948324204 15
      vertex -19.87069476828142 5.5896979300494625 15
      vertex -20.130851960880413 5.275221905731762 15
    endloop
  endfacet
  facet normal 0 0 1
    outer loop
      vertex -20.756550309968464 0.44764179689673866 15
      vertex -19.652003289857443 5.934300559169425 15
      vertex -19.87069476828142 5.5896979300494625 15
    endloop
  endfacet
  facet normal 0 0 1
    outer loop
      vertex -20.71419353763394 0.22559982041574766 15
      vertex -19.478226420863184 6.303595203774796 15
      vertex -19.652003289857443 5.934300559169425 15
    endloop
  endfacet
  facet normal 0 0 1
    outer loop
      vertex -17.517989739318935 -17.43703591238372 15
      vertex -15.657084194356845 25.743449435824274 15
      vertex -19.25 -7.5 15
    endloop
  endfacet
  facet normal 0 0 1
    outer loop
      vertex -15.657084194356845 25.743449435824274 15
      vertex -19.275627220727948 -7.092666990916011 15
      vertex -19.25 -7.5 15
    endloop
  endfacet
  facet normal 0 0 1
    outer loop
      vertex -19.87069476828142 9.410302069950538 15
      vertex -19.652003289857443 9.065699440830574 15
      vertex -20.756550309968464 14.552358203103262 15
    endloop
  endfacet
  facet normal 0 0 1
    outer loop
      vertex -19.478226420863184 8.696404796225202 15
      vertex -20.756550309968464 14.552358203103262 15
      vertex -19.652003289857443 9.065699440830574 15
    endloop
  endfacet
  facet normal 0 0 1
    outer loop
      vertex -22.295930811529733 10.743586867391883 15
      vertex -21.891010727596395 10.692433564868239 15
      vertex -22.162713633745696 13.23188294868836 15
    endloop
  endfacet
  facet normal 0 0 1
    outer loop
      vertex -21.891010727596395 10.692433564868239 15
      vertex -21.49569476828142 10.59093367795925 15
      vertex -21.73359727518287 13.371311305561164 15
    endloop
  endfacet
  facet normal 0 0 1
    outer loop
      vertex -21.49569476828142 10.59093367795925 15
      vertex -21.116217302413514 10.440687920514563 15
      vertex -21.535511769037807 13.480209734096373 15
    endloop
  endfacet
  facet normal 0 0 1
    outer loop
      vertex -21.891010727596395 10.692433564868239 15
      vertex -21.943769410125096 13.288098270668723 15
      vertex -22.162713633745696 13.23188294868836 15
    endloop
  endfacet
  facet normal 0 0 1
    outer loop
      vertex -21.891010727596395 10.692433564868239 15
      vertex -21.73359727518287 13.371311305561164 15
      vertex -21.943769410125096 13.288098270668723 15
    endloop
  endfacet
  facet normal 0 0 1
    outer loop
      vertex -21.49569476828142 10.59093367795925 15
      vertex -21.535511769037807 13.480209734096373 15
      vertex -21.73359727518287 13.371311305561164 15
    endloop
  endfacet
  facet normal 0 0 1
    outer loop
      vertex -21.116217302413514 10.440687920514563 15
      vertex -21.352636818452357 13.61307616300358 15
      vertex -21.535511769037807 13.480209734096373 15
    endloop
  endfacet
  facet normal 0 0 1
    outer loop
      vertex -21.116217302413514 10.440687920514563 15
      vertex -21.18785647064146 13.767815209328361 15
      vertex -21.352636818452357 13.61307616300358 15
    endloop
  endfacet
  facet normal 0 0 1
    outer loop
      vertex -21.116217302413514 10.440687920514563 15
      vertex -20.75856291631826 10.244065757881549 15
      vertex -21.18785647064146 13.767815209328361 15
    endloop
  endfacet
  facet normal 0 0 1
    outer loop
      vertex -20.75856291631826 10.244065757881549 15
      vertex -20.42837203331676 10.004168039021314 15
      vertex -21.043769410125094 13.941986545873549 15
    endloop
  endfacet
  facet normal 0 0 1
    outer loop
      vertex -20.130851960880413 9.724778094268238 15
      vertex -20.826402325401148 14.337375805167579 15
      vertex -20.42837203331676 10.004168039021314 15
    endloop
  endfacet
  facet normal 0 0 1
    outer loop
      vertex -20.75856291631826 10.244065757881549 15
      vertex -21.043769410125094 13.941986545873549 15
      vertex -21.18785647064146 13.767815209328361 15
    endloop
  endfacet
  facet normal 0 0 1
    outer loop
      vertex -20.42837203331676 10.004168039021314 15
      vertex -20.922647975921045 14.132843386616912 15
      vertex -21.043769410125094 13.941986545873549 15
    endloop
  endfacet
  facet normal 0 0 1
    outer loop
      vertex -20.42837203331676 10.004168039021314 15
      vertex -20.826402325401148 14.337375805167579 15
      vertex -20.922647975921045 14.132843386616912 15
    endloop
  endfacet
  facet normal 0 0 1
    outer loop
      vertex -20.130851960880413 9.724778094268238 15
      vertex -20.756550309968464 14.552358203103262 15
      vertex -20.826402325401148 14.337375805167579 15
    endloop
  endfacet
  facet normal 0 0 1
    outer loop
      vertex -20.130851960880413 9.724778094268238 15
      vertex -19.87069476828142 9.410302069950538 15
      vertex -20.756550309968464 14.552358203103262 15
    endloop
  endfacet
  facet normal 0 0 1
    outer loop
      vertex -15.657084194356845 25.743449435824274 15
      vertex -19.275627220727948 7.092666990916012 15
      vertex -19.275627220727948 -7.092666990916011 15
    endloop
  endfacet
  facet normal 0 0 1
    outer loop
      vertex -15.657084194356845 25.743449435824274 15
      vertex -19.25 7.5 15
      vertex -19.275627220727948 7.092666990916012 15
    endloop
  endfacet
  facet normal 0 0 1
    outer loop
      vertex -15.657084194356845 25.743449435824274 15
      vertex -19.275627220727948 7.907333009083989 15
      vertex -19.25 7.5 15
    endloop
  endfacet
  facet normal 0 0 1
    outer loop
      vertex -15.657084194356845 25.743449435824274 15
      vertex -19.352104726331948 8.308242133285779 15
      vertex -19.275627220727948 7.907333009083989 15
    endloop
  endfacet
  facet normal 0 0 1
    outer loop
      vertex -15.657084194356845 25.743449435824274 15
      vertex -19.478226420863184 8.696404796225202 15
      vertex -19.352104726331948 8.308242133285779 15
    endloop
  endfacet
  facet normal 0 0 1
    outer loop
      vertex -15.5 -15.509866357858641 15
      vertex -15.5 24.5 15
      vertex -15.657084194356845 25.743449435824274 15
    endloop
  endfacet
  facet normal -0.9980267284282713 0.06279051952931591 0
    outer loop
      vertex -29.460573506572388 25.12666616782152 0
      vertex -29.5 24.5 15
      vertex -29.460573506572388 25.12666616782152 15
    endloop
  endfacet
  facet normal -0.9822872507286892 0.18738131458572183 0
    outer loop
      vertex -29.460573506572388 25.12666616782152 0
      vertex -29.460573506572388 25.12666616782152 15
      vertex -29.342915805643155 25.743449435824274 15
    endloop
  endfacet
  facet normal -0.951056516295154 0.3090169943749457 0
    outer loop
      vertex -29.342915805643155 25.743449435824274 0
      vertex -29.342915805643155 25.743449435824274 15
      vertex -29.148882429441258 26.34062276342339 15
    endloop
  endfacet
  facet normal -0.9048270524660186 0.42577929156507444 0
    outer loop
      vertex -29.148882429441258 26.34062276342339 0
      vertex -29.148882429441258 26.34062276342339 15
      vertex -28.88153340021932 26.908768370508575 15
    endloop
  endfacet
  facet normal -0.8443279255020155 0.5358267949789962 0
    outer loop
      vertex -28.545084971874736 27.438926261462367 0
      vertex -28.88153340021932 26.908768370508575 15
      vertex -28.545084971874736 27.438926261462367 15
    endloop
  endfacet
  facet normal -0.7705132427757906 0.637423989748688 0
    outer loop
      vertex -28.545084971874736 27.438926261462367 0
      vertex -28.545084971874736 27.438926261462367 15
      vertex -28.14484313710706 27.922735529643443 15
    endloop
  endfacet
  facet normal -0.6845471059286876 0.7289686274214126 0
    outer loop
      vertex -28.14484313710706 27.922735529643443 0
      vertex -28.14484313710706 27.922735529643443 15
      vertex -27.687119948743447 28.352566213878948 15
    endloop
  endfacet
  facet normal -0.5877852522924736 0.8090169943749471 0
    outer loop
      vertex -27.179133974894985 28.721639627510076 0
      vertex -27.687119948743447 28.352566213878948 15
      vertex -27.179133974894985 28.721639627510076 15
    endloop
  endfacet
  facet normal -0.4817536741017145 0.876306680043864 0
    outer loop
      vertex -27.179133974894985 28.721639627510076 0
      vertex -27.179133974894985 28.721639627510076 15
      vertex -26.628896457825363 29.0241352623301 15
    endloop
  endfacet
  facet normal -0.3681245526846774 0.9297764858882516 0
    outer loop
      vertex -26.628896457825363 29.0241352623301 0
      vertex -26.628896457825363 29.0241352623301 15
      vertex -26.045084971874736 29.255282581475768 15
    endloop
  endfacet
  facet normal -0.2486898871648561 0.968583161128631 0
    outer loop
      vertex -26.045084971874736 29.255282581475768 0
      vertex -26.045084971874736 29.255282581475768 15
      vertex -25.436906572928624 29.411436253643444 15
    endloop
  endfacet
  facet normal -0.1253332335643043 0.9921147013144777 0
    outer loop
      vertex -24.813952597646566 29.49013364214136 0
      vertex -25.436906572928624 29.411436253643444 15
      vertex -24.813952597646566 29.49013364214136 15
    endloop
  endfacet
  facet normal 0 1 0
    outer loop
      vertex -24.186047402353434 29.49013364214136 0
      vertex -24.813952597646566 29.49013364214136 15
      vertex -20.186047402353434 29.49013364214136 15
    endloop
  endfacet
  facet normal 0.1253332335643043 0.9921147013144777 0
    outer loop
      vertex -19.563093427071376 29.411436253643444 0
      vertex -20.186047402353434 29.49013364214136 15
      vertex -19.563093427071376 29.411436253643444 15
    endloop
  endfacet
  facet normal 0.2486898871648561 0.968583161128631 0
    outer loop
      vertex -19.563093427071376 29.411436253643444 0
      vertex -19.563093427071376 29.411436253643444 15
      vertex -18.954915028125264 29.255282581475768 15
    endloop
  endfacet
  facet normal 0.3681245526846774 0.9297764858882516 0
    outer loop
      vertex -18.371103542174637 29.0241352623301 0
      vertex -18.954915028125264 29.255282581475768 15
      vertex -18.371103542174637 29.0241352623301 15
    endloop
  endfacet
  facet normal 0.9980267284282716 0.06279051952931275 0
    outer loop
      vertex -15.53942649342761 25.126666167821522 0
      vertex -15.53942649342761 25.126666167821522 15
      vertex -15.5 24.5 15
    endloop
  endfacet
  facet normal 0.9822872507286884 0.18738131458572557 0
    outer loop
      vertex -15.53942649342761 25.126666167821522 0
      vertex -15.657084194356845 25.743449435824274 15
      vertex -15.53942649342761 25.126666167821522 15
    endloop
  endfacet
  facet normal 0.4817536741017169 0.8763066800438627 0
    outer loop
      vertex -18.371103542174637 29.0241352623301 0
      vertex -18.371103542174637 29.0241352623301 15
      vertex -17.82086602510502 28.721639627510076 15
    endloop
  endfacet
  facet normal 0.5877852522924719 0.8090169943749483 0
    outer loop
      vertex -17.82086602510502 28.721639627510076 0
      vertex -17.82086602510502 28.721639627510076 15
      vertex -17.31288005125655 28.352566213878944 15
    endloop
  endfacet
  facet normal 0.6845471059286874 0.7289686274214127 0
    outer loop
      vertex -17.31288005125655 28.352566213878944 0
      vertex -17.31288005125655 28.352566213878944 15
      vertex -16.85515686289294 27.922735529643443 15
    endloop
  endfacet
  facet normal 0.9510565162951533 0.3090169943749483 0
    outer loop
      vertex -15.657084194356845 25.743449435824274 0
      vertex -15.851117570558744 26.34062276342339 15
      vertex -15.657084194356845 25.743449435824274 15
    endloop
  endfacet
  facet normal 0.9048270524660198 0.4257792915650722 0
    outer loop
      vertex -15.851117570558744 26.34062276342339 0
      vertex -16.11846659978068 26.908768370508575 15
      vertex -15.851117570558744 26.34062276342339 15
    endloop
  endfacet
  facet normal 0.7705132427757906 0.637423989748688 0
    outer loop
      vertex -16.454915028125264 27.438926261462367 0
      vertex -16.85515686289294 27.922735529643443 15
      vertex -16.454915028125264 27.438926261462367 15
    endloop
  endfacet
  facet normal 0.8443279255020155 0.5358267949789962 0
    outer loop
      vertex -16.454915028125264 27.438926261462367 0
      vertex -16.454915028125264 27.438926261462367 15
      vertex -16.11846659978068 26.908768370508575 15
    endloop
  endfacet
  facet normal 0 0 1
    outer loop
      vertex -29.5 24.5 15
      vertex -24.57162796668324 10.004168039021316 15
      vertex -24.24143708368174 10.244065757881549 15
    endloop
  endfacet
  facet normal 0 0 1
    outer loop
      vertex -29.5 24.5 15
      vertex -24.24143708368174 10.244065757881549 15
      vertex -23.883782697586486 10.440687920514563 15
    endloop
  endfacet
  facet normal 0 0 1
    outer loop
      vertex -29.5 24.5 15
      vertex -24.077352024078955 14.132843386616912 15
      vertex -24.173597674598852 14.33737580516758 15
    endloop
  endfacet
  facet normal 0 0 1
    outer loop
      vertex -29.5 24.5 15
      vertex -24.173597674598852 14.33737580516758 15
      vertex -24.243449690031536 14.552358203103262 15
    endloop
  endfacet
  facet normal 0 0 1
    outer loop
      vertex -29.5 24.5 15
      vertex -24.243449690031536 14.552358203103262 15
      vertex -24.28580646236606 14.774400179584253 15
    endloop
  endfacet
  facet normal 0 0 1
    outer loop
      vertex -29.5 24.5 15
      vertex -24.28580646236606 14.774400179584253 15
      vertex -24.3 15 15
    endloop
  endfacet
  facet normal 0 0 1
    outer loop
      vertex -29.5 24.5 15
      vertex -24.3 15 15
      vertex -24.28580646236606 15.225599820415747 15
    endloop
  endfacet
  facet normal 0 0 1
    outer loop
      vertex -29.5 24.5 15
      vertex -24.28580646236606 15.225599820415747 15
      vertex -24.243449690031536 15.447641796896738 15
    endloop
  endfacet
  facet normal 0 0 1
    outer loop
      vertex -29.5 24.5 15
      vertex -24.243449690031536 15.447641796896738 15
      vertex -25.347996710142557 20.934300559169426 15
    endloop
  endfacet
  facet normal 0 0 1
    outer loop
      vertex -29.5 24.5 15
      vertex -23.883782697586486 10.440687920514563 15
      vertex -23.50430523171858 10.59093367795925 15
    endloop
  endfacet
  facet normal 0 0 1
    outer loop
      vertex -29.5 24.5 15
      vertex -23.50430523171858 10.59093367795925 15
      vertex -23.108989272403605 10.692433564868239 15
    endloop
  endfacet
  facet normal 0 0 1
    outer loop
      vertex -29.5 24.5 15
      vertex -23.108989272403605 10.692433564868239 15
      vertex -22.704069188470267 10.743586867391883 15
    endloop
  endfacet
  facet normal 0 0 1
    outer loop
      vertex -29.5 24.5 15
      vertex -22.704069188470267 10.743586867391883 15
      vertex -24.077352024078955 14.132843386616912 15
    endloop
  endfacet
  facet normal 0 0 1
    outer loop
      vertex -24.243449690031536 15.447641796896738 15
      vertex -24.173597674598852 15.66262419483242 15
      vertex -25.12930523171858 20.58969793004946 15
    endloop
  endfacet
  facet normal 0 0 1
    outer loop
      vertex -24.173597674598852 15.66262419483242 15
      vertex -24.077352024078955 15.867156613383088 15
      vertex -24.869148039119587 20.27522190573176 15
    endloop
  endfacet
  facet normal 0 0 1
    outer loop
      vertex -24.077352024078955 15.867156613383088 15
      vertex -23.956230589874906 16.058013454126453 15
      vertex -24.57162796668324 19.995831960978684 15
    endloop
  endfacet
  facet normal 0 0 1
    outer loop
      vertex -23.956230589874906 16.058013454126453 15
      vertex -23.81214352935854 16.23218479067164 15
      vertex -24.57162796668324 19.995831960978684 15
    endloop
  endfacet
  facet normal 0 0 1
    outer loop
      vertex -23.81214352935854 16.23218479067164 15
      vertex -23.64736318154764 16.38692383699642 15
      vertex -24.24143708368174 19.75593424211845 15
    endloop
  endfacet
  facet normal 0 0 1
    outer loop
      vertex -23.64736318154764 16.38692383699642 15
      vertex -23.464488230962193 16.519790265903627 15
      vertex -23.883782697586486 19.559312079485437 15
    endloop
  endfacet
  facet normal 0 0 1
    outer loop
      vertex -23.464488230962193 16.519790265903627 15
      vertex -23.26640272481713 16.628688694438836 15
      vertex -23.50430523171858 19.40906632204075 15
    endloop
  endfacet
  facet normal 0 0 1
    outer loop
      vertex -23.26640272481713 16.628688694438836 15
      vertex -23.056230589874904 16.711901729331277 15
      vertex -23.50430523171858 19.40906632204075 15
    endloop
  endfacet
  facet normal 0 0 1
    outer loop
      vertex -23.056230589874904 16.711901729331277 15
      vertex -22.837286366254304 16.76811705131164 15
      vertex -23.108989272403605 19.30756643513176 15
    endloop
  endfacet
  facet normal 0 0 1
    outer loop
      vertex -22.837286366254304 16.76811705131164 15
      vertex -22.613022935152763 16.79644811117089 15
      vertex -22.70406918847027 19.256413132608117 15
    endloop
  endfacet
  facet normal 0 0 1
    outer loop
      vertex -22.70406918847027 19.256413132608117 15
      vertex -22.613022935152763 16.79644811117089 15
      vertex -22.386977064847237 16.79644811117089 15
    endloop
  endfacet
  facet normal 0 0 1
    outer loop
      vertex -22.29593081152973 19.256413132608117 15
      vertex -22.386977064847237 16.79644811117089 15
      vertex -22.162713633745696 16.76811705131164 15
    endloop
  endfacet
  facet normal 0 0 1
    outer loop
      vertex -24.243449690031536 15.447641796896738 15
      vertex -25.12930523171858 20.58969793004946 15
      vertex -25.347996710142557 20.934300559169426 15
    endloop
  endfacet
  facet normal 0 0 1
    outer loop
      vertex -24.173597674598852 15.66262419483242 15
      vertex -24.869148039119587 20.27522190573176 15
      vertex -25.12930523171858 20.58969793004946 15
    endloop
  endfacet
  facet normal 0 0 1
    outer loop
      vertex -24.077352024078955 15.867156613383088 15
      vertex -24.57162796668324 19.995831960978684 15
      vertex -24.869148039119587 20.27522190573176 15
    endloop
  endfacet
  facet normal 0 0 1
    outer loop
      vertex -23.81214352935854 16.23218479067164 15
      vertex -24.24143708368174 19.75593424211845 15
      vertex -24.57162796668324 19.995831960978684 15
    endloop
  endfacet
  facet normal 0 0 1
    outer loop
      vertex -23.64736318154764 16.38692383699642 15
      vertex -23.883782697586486 19.559312079485437 15
      vertex -24.24143708368174 19.75593424211845 15
    endloop
  endfacet
  facet normal 0 0 1
    outer loop
      vertex -23.464488230962193 16.519790265903627 15
      vertex -23.50430523171858 19.40906632204075 15
      vertex -23.883782697586486 19.559312079485437 15
    endloop
  endfacet
  facet normal 0 0 1
    outer loop
      vertex -23.056230589874904 16.711901729331277 15
      vertex -23.108989272403605 19.30756643513176 15
      vertex -23.50430523171858 19.40906632204075 15
    endloop
  endfacet
  facet normal 0 0 1
    outer loop
      vertex -22.837286366254304 16.76811705131164 15
      vertex -22.70406918847027 19.256413132608117 15
      vertex -23.108989272403605 19.30756643513176 15
    endloop
  endfacet
  facet normal 0 0 1
    outer loop
      vertex -22.70406918847027 19.256413132608117 15
      vertex -22.386977064847237 16.79644811117089 15
      vertex -22.29593081152973 19.256413132608117 15
    endloop
  endfacet
  facet normal 0 0 1
    outer loop
      vertex -29.5 24.5 15
      vertex -29.342915805643155 25.743449435824274 15
      vertex -29.460573506572388 25.12666616782152 15
    endloop
  endfacet
  facet normal 0 0 1
    outer loop
      vertex -29.5 24.5 15
      vertex -29.148882429441258 26.34062276342339 15
      vertex -29.342915805643155 25.743449435824274 15
    endloop
  endfacet
  facet normal 0 0 1
    outer loop
      vertex -29.5 24.5 15
      vertex -25.347996710142557 20.934300559169426 15
      vertex -25.521773579136816 21.303595203774798 15
    endloop
  endfacet
  facet normal 0 0 1
    outer loop
      vertex -29.5 24.5 15
      vertex -25.521773579136816 21.303595203774798 15
      vertex -25.647895273668052 21.691757866714223 15
    endloop
  endfacet
  facet normal 0 0 1
    outer loop
      vertex -29.5 24.5 15
      vertex -25.724372779272052 22.092666990916012 15
      vertex -25.75 22.5 15
    endloop
  endfacet
  facet normal 0 0 1
    outer loop
      vertex -29.5 24.5 15
      vertex -25.647895273668052 21.691757866714223 15
      vertex -25.724372779272052 22.092666990916012 15
    endloop
  endfacet
  facet normal 0 0 1
    outer loop
      vertex -29.5 24.5 15
      vertex -25.75 22.5 15
      vertex -25.724372779272052 22.907333009083988 15
    endloop
  endfacet
  facet normal 0 0 1
    outer loop
      vertex -29.5 24.5 15
      vertex -25.724372779272052 22.907333009083988 15
      vertex -25.647895273668052 23.308242133285777 15
    endloop
  endfacet
  facet normal 0 0 1
    outer loop
      vertex -29.5 24.5 15
      vertex -25.647895273668052 23.308242133285777 15
      vertex -25.521773579136816 23.696404796225202 15
    endloop
  endfacet
  facet normal 0 0 1
    outer loop
      vertex -29.5 24.5 15
      vertex -25.521773579136816 23.696404796225202 15
      vertex -25.347996710142557 24.065699440830574 15
    endloop
  endfacet
  facet normal 0 0 1
    outer loop
      vertex -29.5 24.5 15
      vertex -25.347996710142557 24.065699440830574 15
      vertex -25.12930523171858 24.41030206995054 15
    endloop
  endfacet
  facet normal 0 0 1
    outer loop
      vertex -29.5 24.5 15
      vertex -25.12930523171858 24.41030206995054 15
      vertex -24.869148039119587 24.72477809426824 15
    endloop
  endfacet
  facet normal 0 0 1
    outer loop
      vertex -29.5 24.5 15
      vertex -24.869148039119587 24.72477809426824 15
      vertex -24.57162796668324 25.004168039021316 15
    endloop
  endfacet
  facet normal 0 0 1
    outer loop
      vertex -29.5 24.5 15
      vertex -28.14484313710706 27.922735529643443 15
      vertex -29.148882429441258 26.34062276342339 15
    endloop
  endfacet
  facet normal 0 0 1
    outer loop
      vertex -29.148882429441258 26.34062276342339 15
      vertex -28.14484313710706 27.922735529643443 15
      vertex -28.88153340021932 26.908768370508575 15
    endloop
  endfacet
  facet normal 0 0 1
    outer loop
      vertex -28.88153340021932 26.908768370508575 15
      vertex -28.14484313710706 27.922735529643443 15
      vertex -28.545084971874736 27.438926261462367 15
    endloop
  endfacet
  facet normal 0 0 1
    outer loop
      vertex -28.14484313710706 27.922735529643443 15
      vertex -27.179133974894985 28.721639627510076 15
      vertex -27.687119948743447 28.352566213878948 15
    endloop
  endfacet
  facet normal 0 0 1
    outer loop
      vertex -29.5 24.5 15
      vertex -24.813952597646566 29.49013364214136 15
      vertex -28.14484313710706 27.922735529643443 15
    endloop
  endfacet
  facet normal 0 0 1
    outer loop
      vertex -29.5 24.5 15
      vertex -24.57162796668324 25.004168039021316 15
      vertex -24.813952597646566 29.49013364214136 15
    endloop
  endfacet
  facet normal 0 0 1
    outer loop
      vertex -28.14484313710706 27.922735529643443 15
      vertex -24.813952597646566 29.49013364214136 15
      vertex -27.179133974894985 28.721639627510076 15
    endloop
  endfacet
  facet normal 0 0 1
    outer loop
      vertex -27.179133974894985 28.721639627510076 15
      vertex -26.045084971874736 29.255282581475768 15
      vertex -26.628896457825363 29.0241352623301 15
    endloop
  endfacet
  facet normal 0 0 1
    outer loop
      vertex -27.179133974894985 28.721639627510076 15
      vertex -24.813952597646566 29.49013364214136 15
      vertex -26.045084971874736 29.255282581475768 15
    endloop
  endfacet
  facet normal 0 0 1
    outer loop
      vertex -24.813952597646566 29.49013364214136 15
      vertex -24.57162796668324 25.004168039021316 15
      vertex -24.24143708368174 25.24406575788155 15
    endloop
  endfacet
  facet normal 0 0 1
    outer loop
      vertex -24.813952597646566 29.49013364214136 15
      vertex -24.24143708368174 25.24406575788155 15
      vertex -23.883782697586486 25.440687920514563 15
    endloop
  endfacet
  facet normal 0 0 1
    outer loop
      vertex -24.813952597646566 29.49013364214136 15
      vertex -23.883782697586486 25.440687920514563 15
      vertex -23.50430523171858 25.59093367795925 15
    endloop
  endfacet
  facet normal 0 0 1
    outer loop
      vertex -26.045084971874736 29.255282581475768 15
      vertex -24.813952597646566 29.49013364214136 15
      vertex -25.436906572928624 29.411436253643444 15
    endloop
  endfacet
  facet normal 0 0 1
    outer loop
      vertex -24.813952597646566 29.49013364214136 15
      vertex -23.50430523171858 25.59093367795925 15
      vertex -23.108989272403605 25.69243356486824 15
    endloop
  endfacet
  facet normal 0 0 1
    outer loop
      vertex -24.813952597646566 29.49013364214136 15
      vertex -23.108989272403605 25.69243356486824 15
      vertex -22.704069188470267 25.743586867391883 15
    endloop
  endfacet
  facet normal 0 0 1
    outer loop
      vertex -24.813952597646566 29.49013364214136 15
      vertex -22.704069188470267 25.743586867391883 15
      vertex -22.295930811529733 25.743586867391883 15
    endloop
  endfacet
  facet normal 0 0 1
    outer loop
      vertex -24.813952597646566 29.49013364214136 15
      vertex -22.295930811529733 25.743586867391883 15
      vertex -21.891010727596395 25.69243356486824 15
    endloop
  endfacet
  facet normal 0 0 1
    outer loop
      vertex -21.535511769037807 16.519790265903627 15
      vertex -21.352636818452357 16.38692383699642 15
      vertex -21.116217302413514 19.559312079485437 15
    endloop
  endfacet
  facet normal 0 0 1
    outer loop
      vertex -21.352636818452357 16.38692383699642 15
      vertex -21.18785647064146 16.23218479067164 15
      vertex -21.116217302413514 19.559312079485437 15
    endloop
  endfacet
  facet normal 0 0 1
    outer loop
      vertex -22.162713633745696 16.76811705131164 15
      vertex -21.943769410125096 16.711901729331277 15
      vertex -21.891010727596395 19.30756643513176 15
    endloop
  endfacet
  facet normal 0 0 1
    outer loop
      vertex -21.943769410125096 16.711901729331277 15
      vertex -21.73359727518287 16.628688694438836 15
      vertex -21.891010727596395 19.30756643513176 15
    endloop
  endfacet
  facet normal 0 0 1
    outer loop
      vertex -21.535511769037807 16.519790265903627 15
      vertex -21.49569476828142 19.40906632204075 15
      vertex -21.73359727518287 16.628688694438836 15
    endloop
  endfacet
  facet normal 0 0 1
    outer loop
      vertex -21.043769410125094 16.058013454126453 15
      vertex -20.75856291631826 19.75593424211845 15
      vertex -21.18785647064146 16.23218479067164 15
    endloop
  endfacet
  facet normal 0 0 1
    outer loop
      vertex -21.043769410125094 16.058013454126453 15
      vertex -20.922647975921045 15.867156613383088 15
      vertex -20.42837203331676 19.995831960978684 15
    endloop
  endfacet
  facet normal 0 0 1
    outer loop
      vertex -20.7 15 15
      vertex -19.87069476828142 20.58969793004946 15
      vertex -20.71419353763394 15.225599820415749 15
    endloop
  endfacet
  facet normal 0 0 1
    outer loop
      vertex -20.826402325401148 15.66262419483242 15
      vertex -20.42837203331676 19.995831960978684 15
      vertex -20.922647975921045 15.867156613383088 15
    endloop
  endfacet
  facet normal 0 0 1
    outer loop
      vertex -20.756550309968464 15.447641796896738 15
      vertex -20.130851960880413 20.27522190573176 15
      vertex -20.826402325401148 15.66262419483242 15
    endloop
  endfacet
  facet normal 0 0 1
    outer loop
      vertex -20.71419353763394 15.225599820415749 15
      vertex -19.87069476828142 20.58969793004946 15
      vertex -20.756550309968464 15.447641796896738 15
    endloop
  endfacet
  facet normal 0 0 1
    outer loop
      vertex -15.657084194356845 25.743449435824274 15
      vertex -20.756550309968464 14.552358203103262 15
      vertex -19.478226420863184 8.696404796225202 15
    endloop
  endfacet
  facet normal 0 0 1
    outer loop
      vertex -15.657084194356845 25.743449435824274 15
      vertex -20.71419353763394 14.774400179584253 15
      vertex -20.756550309968464 14.552358203103262 15
    endloop
  endfacet
  facet normal 0 0 1
    outer loop
      vertex -22.29593081152973 19.256413132608117 15
      vertex -22.162713633745696 16.76811705131164 15
      vertex -21.891010727596395 19.30756643513176 15
    endloop
  endfacet
  facet normal 0 0 1
    outer loop
      vertex -21.73359727518287 16.628688694438836 15
      vertex -21.49569476828142 19.40906632204075 15
      vertex -21.891010727596395 19.30756643513176 15
    endloop
  endfacet
  facet normal 0 0 1
    outer loop
      vertex -21.535511769037807 16.519790265903627 15
      vertex -21.116217302413514 19.559312079485437 15
      vertex -21.49569476828142 19.40906632204075 15
    endloop
  endfacet
  facet normal 0 0 1
    outer loop
      vertex -21.18785647064146 16.23218479067164 15
      vertex -20.75856291631826 19.75593424211845 15
      vertex -21.116217302413514 19.559312079485437 15
    endloop
  endfacet
  facet normal 0 0 1
    outer loop
      vertex -21.043769410125094 16.058013454126453 15
      vertex -20.42837203331676 19.995831960978684 15
      vertex -20.75856291631826 19.75593424211845 15
    endloop
  endfacet
  facet normal 0 0 1
    outer loop
      vertex -20.826402325401148 15.66262419483242 15
      vertex -20.130851960880413 20.27522190573176 15
      vertex -20.42837203331676 19.995831960978684 15
    endloop
  endfacet
  facet normal 0 0 1
    outer loop
      vertex -20.756550309968464 15.447641796896738 15
      vertex -19.87069476828142 20.58969793004946 15
      vertex -20.130851960880413 20.27522190573176 15
    endloop
  endfacet
  facet normal 0 0 1
    outer loop
      vertex -20.7 15 15
      vertex -19.652003289857443 20.934300559169426 15
      vertex -19.87069476828142 20.58969793004946 15
    endloop
  endfacet
  facet normal 0 0 1
    outer loop
      vertex -20.7 15 15
      vertex -19.478226420863184 21.303595203774794 15
      vertex -19.652003289857443 20.934300559169426 15
    endloop
  endfacet
  facet normal 0 0 1
    outer loop
      vertex -20.7 15 15
      vertex -19.352104726331948 21.691757866714223 15
      vertex -19.478226420863184 21.303595203774794 15
    endloop
  endfacet
  facet normal 0 0 1
    outer loop
      vertex -15.657084194356845 25.743449435824274 15
      vertex -20.7 15 15
      vertex -20.71419353763394 14.774400179584253 15
    endloop
  endfacet
  facet normal 0 0 1
    outer loop
      vertex -15.657084194356845 25.743449435824274 15
      vertex -19.352104726331948 21.691757866714223 15
      vertex -20.7 15 15
    endloop
  endfacet
  facet normal 0 0 1
    outer loop
      vertex -15.657084194356845 25.743449435824274 15
      vertex -21.891010727596395 25.69243356486824 15
      vertex -21.49569476828142 25.59093367795925 15
    endloop
  endfacet
  facet normal 0 0 1
    outer loop
      vertex -15.657084194356845 25.743449435824274 15
      vertex -21.49569476828142 25.59093367795925 15
      vertex -21.116217302413514 25.440687920514563 15
    endloop
  endfacet
  facet normal 0 0 1
    outer loop
      vertex -15.657084194356845 25.743449435824274 15
      vertex -20.75856291631826 25.24406575788155 15
      vertex -20.42837203331676 25.004168039021316 15
    endloop
  endfacet
  facet normal 0 0 1
    outer loop
      vertex -15.657084194356845 25.743449435824274 15
      vertex -21.116217302413514 25.440687920514563 15
      vertex -20.75856291631826 25.24406575788155 15
    endloop
  endfacet
  facet normal 0 0 1
    outer loop
      vertex -15.657084194356845 25.743449435824274 15
      vertex -20.42837203331676 25.004168039021316 15
      vertex -20.130851960880413 24.72477809426824 15
    endloop
  endfacet
  facet normal 0 0 1
    outer loop
      vertex -15.657084194356845 25.743449435824274 15
      vertex -20.130851960880413 24.72477809426824 15
      vertex -19.87069476828142 24.41030206995054 15
    endloop
  endfacet
  facet normal 0 0 1
    outer loop
      vertex -24.813952597646566 29.49013364214136 15
      vertex -21.891010727596395 25.69243356486824 15
      vertex -15.657084194356845 25.743449435824274 15
    endloop
  endfacet
  facet normal 0 0 1
    outer loop
      vertex -24.813952597646566 29.49013364214136 15
      vertex -18.371103542174637 29.0241352623301 15
      vertex -20.186047402353434 29.49013364214136 15
    endloop
  endfacet
  facet normal 0 0 1
    outer loop
      vertex -24.813952597646566 29.49013364214136 15
      vertex -15.657084194356845 25.743449435824274 15
      vertex -18.371103542174637 29.0241352623301 15
    endloop
  endfacet
  facet normal 0 0 1
    outer loop
      vertex -20.186047402353434 29.49013364214136 15
      vertex -18.954915028125264 29.255282581475768 15
      vertex -19.563093427071376 29.411436253643444 15
    endloop
  endfacet
  facet normal 0 0 1
    outer loop
      vertex -20.186047402353434 29.49013364214136 15
      vertex -18.371103542174637 29.0241352623301 15
      vertex -18.954915028125264 29.255282581475768 15
    endloop
  endfacet
  facet normal 0 0 1
    outer loop
      vertex -15.657084194356845 25.743449435824274 15
      vertex -19.275627220727948 22.092666990916012 15
      vertex -19.352104726331948 21.691757866714223 15
    endloop
  endfacet
  facet normal 0 0 1
    outer loop
      vertex -15.657084194356845 25.743449435824274 15
      vertex -19.25 22.5 15
      vertex -19.275627220727948 22.092666990916012 15
    endloop
  endfacet
  facet normal 0 0 1
    outer loop
      vertex -15.657084194356845 25.743449435824274 15
      vertex -19.275627220727948 22.907333009083988 15
      vertex -19.25 22.5 15
    endloop
  endfacet
  facet normal 0 0 1
    outer loop
      vertex -15.657084194356845 25.743449435824274 15
      vertex -19.352104726331948 23.308242133285777 15
      vertex -19.275627220727948 22.907333009083988 15
    endloop
  endfacet
  facet normal 0 0 1
    outer loop
      vertex -15.657084194356845 25.743449435824274 15
      vertex -19.478226420863184 23.696404796225202 15
      vertex -19.352104726331948 23.308242133285777 15
    endloop
  endfacet
  facet normal 0 0 1
    outer loop
      vertex -15.657084194356845 25.743449435824274 15
      vertex -19.652003289857443 24.065699440830574 15
      vertex -19.478226420863184 23.696404796225202 15
    endloop
  endfacet
  facet normal 0 0 1
    outer loop
      vertex -15.657084194356845 25.743449435824274 15
      vertex -19.87069476828142 24.41030206995054 15
      vertex -19.652003289857443 24.065699440830574 15
    endloop
  endfacet
  facet normal 0 0 1
    outer loop
      vertex -15.5 24.5 15
      vertex -15.53942649342761 25.126666167821522 15
      vertex -15.657084194356845 25.743449435824274 15
    endloop
  endfacet
  facet normal 0 0 1
    outer loop
      vertex -15.657084194356845 25.743449435824274 15
      vertex -16.454915028125264 27.438926261462367 15
      vertex -18.371103542174637 29.0241352623301 15
    endloop
  endfacet
  facet normal 0 0 1
    outer loop
      vertex -18.371103542174637 29.0241352623301 15
      vertex -17.31288005125655 28.352566213878944 15
      vertex -17.82086602510502 28.721639627510076 15
    endloop
  endfacet
  facet normal 0 0 1
    outer loop
      vertex -18.371103542174637 29.0241352623301 15
      vertex -16.454915028125264 27.438926261462367 15
      vertex -17.31288005125655 28.352566213878944 15
    endloop
  endfacet
  facet normal 0 0 1
    outer loop
      vertex -17.31288005125655 28.352566213878944 15
      vertex -16.454915028125264 27.438926261462367 15
      vertex -16.85515686289294 27.922735529643443 15
    endloop
  endfacet
  facet normal 0 0 1
    outer loop
      vertex -15.657084194356845 25.743449435824274 15
      vertex -15.851117570558744 26.34062276342339 15
      vertex -16.454915028125264 27.438926261462367 15
    endloop
  endfacet
  facet normal 0 0 1
    outer loop
      vertex -15.851117570558744 26.34062276342339 15
      vertex -16.11846659978068 26.908768370508575 15
      vertex -16.454915028125264 27.438926261462367 15
    endloop
  endfacet
  facet normal 0 0 -1
    outer loop
      vertex -28.14484313710706 -27.922735529643443 0
      vertex -28.32974470492998 -27.6682403546252 0
      vertex -26.779704264884536 -28.851422207553068 0
    endloop
  endfacet
  facet normal 0 0 -1
    outer loop
      vertex -28.32974470492998 -27.6682403546252 0
      vertex -28.88153340021932 -26.908768370508575 0
      vertex -26.779704264884536 -28.851422207553068 0
    endloop
  endfacet
  facet normal 0 0 -1
    outer loop
      vertex -28.32974470492998 -27.6682403546252 0
      vertex -28.545084971874736 -27.438926261462367 0
      vertex -28.88153340021932 -26.908768370508575 0
    endloop
  endfacet
  facet normal 0 0 -1
    outer loop
      vertex -28.88153340021932 -26.908768370508575 0
      vertex -29.148882429441258 -26.34062276342339 0
      vertex -29.342915805643155 -25.743449435824274 0
    endloop
  endfacet
  facet normal 0 0 -1
    outer loop
      vertex -28.14484313710706 -27.922735529643443 0
      vertex -26.779704264884536 -28.851422207553068 0
      vertex -27.687119948743447 -28.352566213878948 0
    endloop
  endfacet
  facet normal 0 0 -1
    outer loop
      vertex -28.88153340021932 -26.908768370508575 0
      vertex -24.81395259764657 -29.49013364214136 0
      vertex -26.779704264884536 -28.851422207553068 0
    endloop
  endfacet
  facet normal 0 0 -1
    outer loop
      vertex -27.179133974894985 -28.721639627510076 0
      vertex -26.779704264884536 -28.851422207553068 0
      vertex -26.045084971874736 -29.255282581475768 0
    endloop
  endfacet
  facet normal 0 0 -1
    outer loop
      vertex -27.179133974894985 -28.721639627510076 0
      vertex -26.045084971874736 -29.255282581475768 0
      vertex -26.628896457825363 -29.0241352623301 0
    endloop
  endfacet
  facet normal 0 0 -1
    outer loop
      vertex -26.779704264884536 -28.851422207553068 0
      vertex -24.81395259764657 -29.49013364214136 0
      vertex -26.045084971874736 -29.255282581475768 0
    endloop
  endfacet
  facet normal 0 0 -1
    outer loop
      vertex -28.88153340021932 -26.908768370508575 0
      vertex -29.460573506572388 -25.12666616782152 0
      vertex -29.5 -20.5 0
    endloop
  endfacet
  facet normal 0 0 -1
    outer loop
      vertex -28.88153340021932 -26.908768370508575 0
      vertex -29.5 -20.5 0
      vertex -24.81395259764657 -29.49013364214136 0
    endloop
  endfacet
  facet normal 0 0 -1
    outer loop
      vertex -29.460573506572388 -25.12666616782152 0
      vertex -29.5 -24.5 0
      vertex -29.5 -20.5 0
    endloop
  endfacet
  facet normal 0 0 -1
    outer loop
      vertex -24.81395259764657 -29.49013364214136 0
      vertex -29.5 -20.5 0
      vertex -25.647895273668052 -23.308242133285777 0
    endloop
  endfacet
  facet normal 0 0 -1
    outer loop
      vertex -29.5 -20.5 0
      vertex -25.724372779272052 -22.907333009083988 0
      vertex -25.647895273668052 -23.308242133285777 0
    endloop
  endfacet
  facet normal 0 0 -1
    outer loop
      vertex -24.81395259764657 -29.49013364214136 0
      vertex -25.12930523171858 -24.41030206995054 0
      vertex -24.869148039119587 -24.72477809426824 0
    endloop
  endfacet
  facet normal 0 0 -1
    outer loop
      vertex -24.81395259764657 -29.49013364214136 0
      vertex -25.347996710142557 -24.065699440830574 0
      vertex -25.12930523171858 -24.41030206995054 0
    endloop
  endfacet
  facet normal 0 0 -1
    outer loop
      vertex -24.81395259764657 -29.49013364214136 0
      vertex -23.883782697586486 -25.440687920514563 0
      vertex -23.50430523171858 -25.59093367795925 0
    endloop
  endfacet
  facet normal 0 0 -1
    outer loop
      vertex -24.81395259764657 -29.49013364214136 0
      vertex -24.869148039119587 -24.72477809426824 0
      vertex -24.57162796668324 -25.004168039021316 0
    endloop
  endfacet
  facet normal 0 0 -1
    outer loop
      vertex -24.81395259764657 -29.49013364214136 0
      vertex -24.57162796668324 -25.004168039021316 0
      vertex -24.24143708368174 -25.24406575788155 0
    endloop
  endfacet
  facet normal 0 0 -1
    outer loop
      vertex -24.81395259764657 -29.49013364214136 0
      vertex -24.24143708368174 -25.24406575788155 0
      vertex -23.883782697586486 -25.440687920514563 0
    endloop
  endfacet
  facet normal 0 0 -1
    outer loop
      vertex -24.81395259764657 -29.49013364214136 0
      vertex -23.50430523171858 -25.59093367795925 0
      vertex -23.108989272403605 -25.69243356486824 0
    endloop
  endfacet
  facet normal 0 0 -1
    outer loop
      vertex -24.81395259764657 -29.49013364214136 0
      vertex -23.108989272403605 -25.69243356486824 0
      vertex -22.70406918847027 -25.743586867391883 0
    endloop
  endfacet
  facet normal 0 0 -1
    outer loop
      vertex -24.81395259764657 -29.49013364214136 0
      vertex -22.70406918847027 -25.743586867391883 0
      vertex -22.29593081152973 -25.743586867391883 0
    endloop
  endfacet
  facet normal 0 0 -1
    outer loop
      vertex -24.81395259764657 -29.49013364214136 0
      vertex -22.29593081152973 -25.743586867391883 0
      vertex -21.891010727596395 -25.69243356486824 0
    endloop
  endfacet
  facet normal 0 0 -1
    outer loop
      vertex -24.81395259764657 -29.49013364214136 0
      vertex -21.891010727596395 -25.69243356486824 0
      vertex -21.49569476828142 -25.59093367795925 0
    endloop
  endfacet
  facet normal 0 0 -1
    outer loop
      vertex -24.81395259764657 -29.49013364214136 0
      vertex -21.49569476828142 -25.59093367795925 0
      vertex -21.116217302413514 -25.440687920514563 0
    endloop
  endfacet
  facet normal 0 0 -1
    outer loop
      vertex -24.81395259764657 -29.49013364214136 0
      vertex -21.116217302413514 -25.440687920514563 0
      vertex -20.75856291631826 -25.24406575788155 0
    endloop
  endfacet
  facet normal 0 0 -1
    outer loop
      vertex -24.81395259764657 -29.49013364214136 0
      vertex -25.521773579136816 -23.696404796225202 0
      vertex -25.347996710142557 -24.065699440830574 0
    endloop
  endfacet
  facet normal 0 0 -1
    outer loop
      vertex -24.81395259764657 -29.49013364214136 0
      vertex -25.647895273668052 -23.308242133285777 0
      vertex -25.521773579136816 -23.696404796225202 0
    endloop
  endfacet
  facet normal 0 0 -1
    outer loop
      vertex -29.5 -20.5 0
      vertex -29.46469503370657 -19.9388436300379 0
      vertex -29.464309473310873 -20.42415377002865 0
    endloop
  endfacet
  facet normal 0 0 -1
    outer loop
      vertex -29.5 -20.5 0
      vertex -29.464309473310873 -20.42415377002865 0
      vertex -25.97685995292213 -16.0917366277995 0
    endloop
  endfacet
  facet normal 0 0 -1
    outer loop
      vertex -29.5 -20.5 0
      vertex -25.75 -22.5 0
      vertex -25.724372779272052 -22.907333009083988 0
    endloop
  endfacet
  facet normal 0 0 -1
    outer loop
      vertex -29.5 -20.5 0
      vertex -25.724372779272052 -22.092666990916012 0
      vertex -25.75 -22.5 0
    endloop
  endfacet
  facet normal 0 0 -1
    outer loop
      vertex -29.5 -20.5 0
      vertex -25.647895273668052 -21.691757866714223 0
      vertex -25.724372779272052 -22.092666990916012 0
    endloop
  endfacet
  facet normal 0 0 -1
    outer loop
      vertex -29.5 -20.5 0
      vertex -25.521773579136816 -21.303595203774798 0
      vertex -25.647895273668052 -21.691757866714223 0
    endloop
  endfacet
  facet normal 0 0 -1
    outer loop
      vertex -29.5 -20.5 0
      vertex -25.347996710142557 -20.934300559169426 0
      vertex -25.521773579136816 -21.303595203774798 0
    endloop
  endfacet
  facet normal 0 0 -1
    outer loop
      vertex -29.5 -20.5 0
      vertex -25.12930523171858 -20.58969793004946 0
      vertex -25.347996710142557 -20.934300559169426 0
    endloop
  endfacet
  facet normal 0 0 -1
    outer loop
      vertex -29.5 -20.5 0
      vertex -24.869148039119587 -20.27522190573176 0
      vertex -25.12930523171858 -20.58969793004946 0
    endloop
  endfacet
  facet normal 0 0 -1
    outer loop
      vertex -29.5 -20.5 0
      vertex -24.57162796668324 -19.995831960978684 0
      vertex -24.869148039119587 -20.27522190573176 0
    endloop
  endfacet
  facet normal 0 0 -1
    outer loop
      vertex -29.5 -20.5 0
      vertex -24.24143708368174 -19.75593424211845 0
      vertex -24.57162796668324 -19.995831960978684 0
    endloop
  endfacet
  facet normal 0 0 -1
    outer loop
      vertex -29.5 -20.5 0
      vertex -23.883782697586486 -19.559312079485437 0
      vertex -24.24143708368174 -19.75593424211845 0
    endloop
  endfacet
  facet normal 0 0 -1
    outer loop
      vertex -29.5 -20.5 0
      vertex -25.97685995292213 -16.0917366277995 0
      vertex -24.669956142156096 -15.964286911644711 0
    endloop
  endfacet
  facet normal 0 0 -1
    outer loop
      vertex -29.5 -20.5 0
      vertex -24.669956142156096 -15.964286911644711 0
      vertex -23.956230589874906 -16.058013454126453 0
    endloop
  endfacet
  facet normal 0 0 -1
    outer loop
      vertex -29.5 -20.5 0
      vertex -16.836445559725117 -16.1930139760168 0
      vertex -23.883782697586486 -19.559312079485437 0
    endloop
  endfacet
  facet normal 0 0 -1
    outer loop
      vertex -29.5 -20.5 0
      vertex -23.956230589874906 -16.058013454126453 0
      vertex -23.81214352935854 -16.23218479067164 0
    endloop
  endfacet
  facet normal 0 0 -1
    outer loop
      vertex -29.5 -20.5 0
      vertex -23.81214352935854 -16.23218479067164 0
      vertex -23.64736318154764 -16.38692383699642 0
    endloop
  endfacet
  facet normal 0 0 -1
    outer loop
      vertex -29.5 -20.5 0
      vertex -23.64736318154764 -16.38692383699642 0
      vertex -23.464488230962193 -16.519790265903627 0
    endloop
  endfacet
  facet normal 0 0 -1
    outer loop
      vertex -29.5 -20.5 0
      vertex -23.464488230962193 -16.519790265903627 0
      vertex -23.26640272481713 -16.628688694438836 0
    endloop
  endfacet
  facet normal 0 0 -1
    outer loop
      vertex -29.5 -20.5 0
      vertex -23.056230589874904 -16.711901729331277 0
      vertex -22.837286366254304 -16.76811705131164 0
    endloop
  endfacet
  facet normal 0 0 -1
    outer loop
      vertex -29.5 -20.5 0
      vertex -22.837286366254304 -16.76811705131164 0
      vertex -22.613022935152763 -16.79644811117089 0
    endloop
  endfacet
  facet normal 0 0 -1
    outer loop
      vertex -29.5 -20.5 0
      vertex -23.26640272481713 -16.628688694438836 0
      vertex -23.056230589874904 -16.711901729331277 0
    endloop
  endfacet
  facet normal 0 0 -1
    outer loop
      vertex -29.5 -20.5 0
      vertex -22.613022935152763 -16.79644811117089 0
      vertex -22.386977064847237 -16.79644811117089 0
    endloop
  endfacet
  facet normal 0 0 -1
    outer loop
      vertex -25.97685995292213 -16.0917366277995 0
      vertex -26.007809991057112 -15.735146830116722 0
      vertex -24.665439463598428 -15.540027149875911 0
    endloop
  endfacet
  facet normal 0 0 -1
    outer loop
      vertex -25.97685995292213 -16.0917366277995 0
      vertex -24.665439463598428 -15.540027149875911 0
      vertex -24.669956142156096 -15.964286911644711 0
    endloop
  endfacet
  facet normal 0 0 -1
    outer loop
      vertex -24.669956142156096 -15.964286911644711 0
      vertex -24.003359251152876 -15.983750566974505 0
      vertex -23.956230589874906 -16.058013454126453 0
    endloop
  endfacet
  facet normal 0 0 -1
    outer loop
      vertex -29.5 -20.5 0
      vertex -22.386977064847237 -16.79644811117089 0
      vertex -16.836445559725117 -16.1930139760168 0
    endloop
  endfacet
  facet normal 0 0 -1
    outer loop
      vertex -24.81395259764657 -29.49013364214136 0
      vertex -20.75856291631826 -25.24406575788155 0
      vertex -15.337286366254304 -24.26811705131164 0
    endloop
  endfacet
  facet normal 0 0 -1
    outer loop
      vertex -20.75856291631826 -25.24406575788155 0
      vertex -20.42837203331676 -25.004168039021316 0
      vertex -15.556230589874906 -24.211901729331277 0
    endloop
  endfacet
  facet normal 0 0 -1
    outer loop
      vertex -20.130851960880413 -24.72477809426824 0
      vertex -15.76640272481713 -24.128688694438836 0
      vertex -20.42837203331676 -25.004168039021316 0
    endloop
  endfacet
  facet normal 0 0 -1
    outer loop
      vertex -20.130851960880413 -24.72477809426824 0
      vertex -19.87069476828142 -24.41030206995054 0
      vertex -15.964488230962194 -24.019790265903627 0
    endloop
  endfacet
  facet normal 0 0 -1
    outer loop
      vertex -19.87069476828142 -24.41030206995054 0
      vertex -19.652003289857443 -24.065699440830574 0
      vertex -16.31214352935854 -23.73218479067164 0
    endloop
  endfacet
  facet normal 0 0 -1
    outer loop
      vertex -19.652003289857443 -24.065699440830574 0
      vertex -19.478226420863184 -23.696404796225206 0
      vertex -16.456230589874906 -23.558013454126453 0
    endloop
  endfacet
  facet normal 0 0 -1
    outer loop
      vertex -19.478226420863184 -23.696404796225206 0
      vertex -19.352104726331948 -23.308242133285777 0
      vertex -16.673597674598852 -23.16262419483242 0
    endloop
  endfacet
  facet normal 0 0 -1
    outer loop
      vertex -19.352104726331948 -23.308242133285777 0
      vertex -19.275627220727948 -22.907333009083988 0
      vertex -16.743449690031536 -22.94764179689674 0
    endloop
  endfacet
  facet normal 0 0 -1
    outer loop
      vertex -24.81395259764657 -29.49013364214136 0
      vertex -15.337286366254304 -24.26811705131164 0
      vertex -15.113022935152765 -24.29644811117089 0
    endloop
  endfacet
  facet normal 0 0 -1
    outer loop
      vertex -24.81395259764657 -29.49013364214136 0
      vertex -15.113022935152765 -24.29644811117089 0
      vertex -14.886977064847235 -24.29644811117089 0
    endloop
  endfacet
  facet normal 0 0 -1
    outer loop
      vertex -24.81395259764657 -29.49013364214136 0
      vertex -14.886977064847235 -24.29644811117089 0
      vertex -14.662713633745696 -24.26811705131164 0
    endloop
  endfacet
  facet normal 0 0 -1
    outer loop
      vertex -24.81395259764657 -29.49013364214136 0
      vertex -14.662713633745696 -24.26811705131164 0
      vertex -14.443769410125094 -24.211901729331277 0
    endloop
  endfacet
  facet normal 0 0 -1
    outer loop
      vertex -24.81395259764657 -29.49013364214136 0
      vertex -14.443769410125094 -24.211901729331277 0
      vertex -9.571627966683241 -25.004168039021316 0
    endloop
  endfacet
  facet normal 0 0 -1
    outer loop
      vertex -20.75856291631826 -25.24406575788155 0
      vertex -15.556230589874906 -24.211901729331277 0
      vertex -15.337286366254304 -24.26811705131164 0
    endloop
  endfacet
  facet normal 0 0 -1
    outer loop
      vertex -20.42837203331676 -25.004168039021316 0
      vertex -15.76640272481713 -24.128688694438836 0
      vertex -15.556230589874906 -24.211901729331277 0
    endloop
  endfacet
  facet normal 0 0 -1
    outer loop
      vertex -20.130851960880413 -24.72477809426824 0
      vertex -15.964488230962194 -24.019790265903627 0
      vertex -15.76640272481713 -24.128688694438836 0
    endloop
  endfacet
  facet normal 0 0 -1
    outer loop
      vertex -19.87069476828142 -24.41030206995054 0
      vertex -16.31214352935854 -23.73218479067164 0
      vertex -16.14736318154764 -23.88692383699642 0
    endloop
  endfacet
  facet normal 0 0 -1
    outer loop
      vertex -19.87069476828142 -24.41030206995054 0
      vertex -16.14736318154764 -23.88692383699642 0
      vertex -15.964488230962194 -24.019790265903627 0
    endloop
  endfacet
  facet normal 0 0 -1
    outer loop
      vertex -19.478226420863184 -23.696404796225206 0
      vertex -16.673597674598852 -23.16262419483242 0
      vertex -16.577352024078955 -23.367156613383088 0
    endloop
  endfacet
  facet normal 0 0 -1
    outer loop
      vertex -19.352104726331948 -23.308242133285777 0
      vertex -16.743449690031536 -22.94764179689674 0
      vertex -16.673597674598852 -23.16262419483242 0
    endloop
  endfacet
  facet normal 0 0 -1
    outer loop
      vertex -19.275627220727948 -22.907333009083988 0
      vertex -19.25 -22.5 0
      vertex -16.78580646236606 -22.72559982041575 0
    endloop
  endfacet
  facet normal 0 0 -1
    outer loop
      vertex -19.25 -22.5 0
      vertex -19.275627220727948 -22.092666990916012 0
      vertex -16.78580646236606 -22.27440017958425 0
    endloop
  endfacet
  facet normal 0 0 -1
    outer loop
      vertex -19.275627220727948 -22.907333009083988 0
      vertex -16.78580646236606 -22.72559982041575 0
      vertex -16.743449690031536 -22.94764179689674 0
    endloop
  endfacet
  facet normal 0 0 -1
    outer loop
      vertex -19.25 -22.5 0
      vertex -16.8 -22.5 0
      vertex -16.78580646236606 -22.72559982041575 0
    endloop
  endfacet
  facet normal 0 0 -1
    outer loop
      vertex -19.25 -22.5 0
      vertex -16.78580646236606 -22.27440017958425 0
      vertex -16.8 -22.5 0
    endloop
  endfacet
  facet normal 0 0 -1
    outer loop
      vertex -19.275627220727948 -22.092666990916012 0
      vertex -16.743449690031536 -22.05235820310326 0
      vertex -16.78580646236606 -22.27440017958425 0
    endloop
  endfacet
  facet normal 0 0 -1
    outer loop
      vertex -19.652003289857443 -24.065699440830574 0
      vertex -16.456230589874906 -23.558013454126453 0
      vertex -16.31214352935854 -23.73218479067164 0
    endloop
  endfacet
  facet normal 0 0 -1
    outer loop
      vertex -19.478226420863184 -23.696404796225206 0
      vertex -16.577352024078955 -23.367156613383088 0
      vertex -16.456230589874906 -23.558013454126453 0
    endloop
  endfacet
  facet normal 0 0 -1
    outer loop
      vertex -19.352104726331948 -21.691757866714223 0
      vertex -16.743449690031536 -22.05235820310326 0
      vertex -19.275627220727948 -22.092666990916012 0
    endloop
  endfacet
  facet normal 0 0 -1
    outer loop
      vertex -19.352104726331948 -21.691757866714223 0
      vertex -19.478226420863184 -21.303595203774798 0
      vertex -16.673597674598852 -21.83737580516758 0
    endloop
  endfacet
  facet normal 0 0 -1
    outer loop
      vertex -19.478226420863184 -21.303595203774798 0
      vertex -19.652003289857443 -20.934300559169426 0
      vertex -16.456230589874906 -21.441986545873547 0
    endloop
  endfacet
  facet normal 0 0 -1
    outer loop
      vertex -16.31214352935854 -21.26781520932836 0
      vertex -19.652003289857443 -20.934300559169426 0
      vertex -19.87069476828142 -20.58969793004946 0
    endloop
  endfacet
  facet normal 0 0 -1
    outer loop
      vertex -20.130851960880413 -20.27522190573176 0
      vertex -15.964488230962194 -20.980209734096373 0
      vertex -19.87069476828142 -20.58969793004946 0
    endloop
  endfacet
  facet normal 0 0 -1
    outer loop
      vertex -16.836445559725117 -16.1930139760168 0
      vertex -23.50430523171858 -19.40906632204075 0
      vertex -23.883782697586486 -19.559312079485437 0
    endloop
  endfacet
  facet normal 0 0 -1
    outer loop
      vertex -16.836445559725117 -16.1930139760168 0
      vertex -23.108989272403605 -19.30756643513176 0
      vertex -23.50430523171858 -19.40906632204075 0
    endloop
  endfacet
  facet normal 0 0 -1
    outer loop
      vertex -16.836445559725117 -16.1930139760168 0
      vertex -22.704069188470267 -19.256413132608117 0
      vertex -23.108989272403605 -19.30756643513176 0
    endloop
  endfacet
  facet normal 0 0 -1
    outer loop
      vertex -16.836445559725117 -16.1930139760168 0
      vertex -22.295930811529733 -19.256413132608117 0
      vertex -22.704069188470267 -19.256413132608117 0
    endloop
  endfacet
  facet normal 0 0 -1
    outer loop
      vertex -16.836445559725117 -16.1930139760168 0
      vertex -21.891010727596395 -19.30756643513176 0
      vertex -22.295930811529733 -19.256413132608117 0
    endloop
  endfacet
  facet normal 0 0 -1
    outer loop
      vertex -16.836445559725117 -16.1930139760168 0
      vertex -22.386977064847237 -16.79644811117089 0
      vertex -22.162713633745696 -16.76811705131164 0
    endloop
  endfacet
  facet normal 0 0 -1
    outer loop
      vertex -16.836445559725117 -16.1930139760168 0
      vertex -22.162713633745696 -16.76811705131164 0
      vertex -21.943769410125096 -16.711901729331277 0
    endloop
  endfacet
  facet normal 0 0 -1
    outer loop
      vertex -16.836445559725117 -16.1930139760168 0
      vertex -21.49569476828142 -19.40906632204075 0
      vertex -21.891010727596395 -19.30756643513176 0
    endloop
  endfacet
  facet normal 0 0 -1
    outer loop
      vertex -16.836445559725117 -16.1930139760168 0
      vertex -21.943769410125096 -16.711901729331277 0
      vertex -21.73359727518287 -16.628688694438836 0
    endloop
  endfacet
  facet normal 0 0 -1
    outer loop
      vertex -16.836445559725117 -16.1930139760168 0
      vertex -21.73359727518287 -16.628688694438836 0
      vertex -21.535511769037807 -16.519790265903627 0
    endloop
  endfacet
  facet normal 0 0 -1
    outer loop
      vertex -16.836445559725117 -16.1930139760168 0
      vertex -21.535511769037807 -16.519790265903627 0
      vertex -21.352636818452357 -16.38692383699642 0
    endloop
  endfacet
  facet normal 0 0 -1
    outer loop
      vertex -16.836445559725117 -16.1930139760168 0
      vertex -21.352636818452357 -16.38692383699642 0
      vertex -21.18785647064146 -16.23218479067164 0
    endloop
  endfacet
  facet normal 0 0 -1
    outer loop
      vertex -16.836445559725117 -16.1930139760168 0
      vertex -21.18785647064146 -16.23218479067164 0
      vertex -21.053585970485905 -16.069879637197936 0
    endloop
  endfacet
  facet normal 0 0 -1
    outer loop
      vertex -19.352104726331948 -21.691757866714223 0
      vertex -16.673597674598852 -21.83737580516758 0
      vertex -16.743449690031536 -22.05235820310326 0
    endloop
  endfacet
  facet normal 0 0 -1
    outer loop
      vertex -19.478226420863184 -21.303595203774798 0
      vertex -16.577352024078955 -21.632843386616912 0
      vertex -16.673597674598852 -21.83737580516758 0
    endloop
  endfacet
  facet normal 0 0 -1
    outer loop
      vertex -19.478226420863184 -21.303595203774798 0
      vertex -16.456230589874906 -21.441986545873547 0
      vertex -16.577352024078955 -21.632843386616912 0
    endloop
  endfacet
  facet normal 0 0 -1
    outer loop
      vertex -16.31214352935854 -21.26781520932836 0
      vertex -16.456230589874906 -21.441986545873547 0
      vertex -19.652003289857443 -20.934300559169426 0
    endloop
  endfacet
  facet normal 0 0 -1
    outer loop
      vertex -16.31214352935854 -21.26781520932836 0
      vertex -19.87069476828142 -20.58969793004946 0
      vertex -16.14736318154764 -21.11307616300358 0
    endloop
  endfacet
  facet normal 0 0 -1
    outer loop
      vertex -19.87069476828142 -20.58969793004946 0
      vertex -15.964488230962194 -20.980209734096373 0
      vertex -16.14736318154764 -21.11307616300358 0
    endloop
  endfacet
  facet normal 0 0 -1
    outer loop
      vertex -20.130851960880413 -20.27522190573176 0
      vertex -15.76640272481713 -20.871311305561164 0
      vertex -15.964488230962194 -20.980209734096373 0
    endloop
  endfacet
  facet normal 0 0 -1
    outer loop
      vertex -20.130851960880413 -20.27522190573176 0
      vertex -15.556230589874906 -20.788098270668723 0
      vertex -15.76640272481713 -20.871311305561164 0
    endloop
  endfacet
  facet normal 0 0 -1
    outer loop
      vertex -20.130851960880413 -20.27522190573176 0
      vertex -15.337286366254304 -20.73188294868836 0
      vertex -15.556230589874906 -20.788098270668723 0
    endloop
  endfacet
  facet normal 0 0 -1
    outer loop
      vertex -20.130851960880413 -20.27522190573176 0
      vertex -15.113022935152763 -20.70355188882911 0
      vertex -15.337286366254304 -20.73188294868836 0
    endloop
  endfacet
  facet normal 0 0 -1
    outer loop
      vertex -9.869148039119588 -20.27522190573176 0
      vertex -20.130851960880413 -20.27522190573176 0
      vertex -20.42837203331676 -19.995831960978684 0
    endloop
  endfacet
  facet normal 0 0 -1
    outer loop
      vertex -20.42837203331676 -19.995831960978684 0
      vertex -20.75856291631826 -19.75593424211845 0
      vertex -9.24143708368174 -19.75593424211845 0
    endloop
  endfacet
  facet normal 0 0 -1
    outer loop
      vertex -21.116217302413514 -19.559312079485437 0
      vertex -9.24143708368174 -19.75593424211845 0
      vertex -20.75856291631826 -19.75593424211845 0
    endloop
  endfacet
  facet normal 0 0 -1
    outer loop
      vertex -21.49569476828142 -19.40906632204075 0
      vertex -8.504305231718579 -19.40906632204075 0
      vertex -21.116217302413514 -19.559312079485437 0
    endloop
  endfacet
  facet normal 0 0 -1
    outer loop
      vertex -20.130851960880413 -20.27522190573176 0
      vertex -10.129305231718579 -20.58969793004946 0
      vertex -15.113022935152763 -20.70355188882911 0
    endloop
  endfacet
  facet normal 0 0 -1
    outer loop
      vertex -16.836445559725117 -16.1930139760168 0
      vertex -8.504305231718579 -19.40906632204075 0
      vertex -21.49569476828142 -19.40906632204075 0
    endloop
  endfacet
  facet normal 0 0 -1
    outer loop
      vertex -16.836445559725117 -16.1930139760168 0
      vertex -16.946351799881096 -15.509866357858641 0
      vertex -15.5 -15.509866357858641 0
    endloop
  endfacet
  facet normal -0.6845471059286876 -0.7289686274214126 0
    outer loop
      vertex -28.14484313710706 -27.922735529643443 0
      vertex -27.687119948743447 -28.352566213878948 0
      vertex -27.687119948743447 -28.352566213878948 15
    endloop
  endfacet
  facet normal -0.8443279255020155 -0.5358267949789962 0
    outer loop
      vertex -28.88153340021932 -26.908768370508575 0
      vertex -28.545084971874736 -27.438926261462367 0
      vertex -28.545084971874736 -27.438926261462367 15
    endloop
  endfacet
  facet normal -0.951056516295154 -0.3090169943749457 0
    outer loop
      vertex -29.148882429441258 -26.34062276342339 0
      vertex -29.342915805643155 -25.743449435824274 15
      vertex -29.342915805643155 -25.743449435824274 0
    endloop
  endfacet
  facet normal -0.9048270524660186 -0.42577929156507444 0
    outer loop
      vertex -28.88153340021932 -26.908768370508575 0
      vertex -28.88153340021932 -26.908768370508575 15
      vertex -29.148882429441258 -26.34062276342339 0
    endloop
  endfacet
  facet normal -0.4817536741017145 -0.876306680043864 0
    outer loop
      vertex -27.179133974894985 -28.721639627510076 0
      vertex -26.628896457825363 -29.0241352623301 0
      vertex -26.628896457825363 -29.0241352623301 15
    endloop
  endfacet
  facet normal -0.3681245526846774 -0.9297764858882516 0
    outer loop
      vertex -26.628896457825363 -29.0241352623301 0
      vertex -26.045084971874736 -29.255282581475768 0
      vertex -26.628896457825363 -29.0241352623301 15
    endloop
  endfacet
  facet normal -0.9980267284282713 -0.06279051952931591 0
    outer loop
      vertex -29.460573506572388 -25.12666616782152 0
      vertex -29.460573506572388 -25.12666616782152 15
      vertex -29.5 -24.5 0
    endloop
  endfacet
  facet normal -1 0 0
    outer loop
      vertex -29.5 -24.5 0
      vertex -29.5 -24.5 15
      vertex -29.5 -20.5 0
    endloop
  endfacet
  facet normal -0.12533323356430504 -0.9921147013144779 0
    outer loop
      vertex -25.436906572928624 -29.411436253643444 0
      vertex -24.81395259764657 -29.49013364214136 0
      vertex -25.436906572928624 -29.411436253643444 15
    endloop
  endfacet
  facet normal 0 0 -1
    outer loop
      vertex -24.81395259764657 -29.49013364214136 0
      vertex -8.883782697586486 -25.440687920514563 0
      vertex -8.504305231718579 -25.59093367795925 0
    endloop
  endfacet
  facet normal 0 0 -1
    outer loop
      vertex -24.81395259764657 -29.49013364214136 0
      vertex -9.571627966683241 -25.004168039021316 0
      vertex -9.24143708368174 -25.24406575788155 0
    endloop
  endfacet
  facet normal 0 0 -1
    outer loop
      vertex -24.81395259764657 -29.49013364214136 0
      vertex -9.24143708368174 -25.24406575788155 0
      vertex -8.883782697586486 -25.440687920514563 0
    endloop
  endfacet
  facet normal 0 0 -1
    outer loop
      vertex -24.81395259764657 -29.49013364214136 0
      vertex -8.504305231718579 -25.59093367795925 0
      vertex -8.108989272403605 -25.69243356486824 0
    endloop
  endfacet
  facet normal 0 0 -1
    outer loop
      vertex -24.81395259764657 -29.49013364214136 0
      vertex -8.108989272403605 -25.69243356486824 0
      vertex -7.70406918847027 -25.743586867391883 0
    endloop
  endfacet
  facet normal 0 0 -1
    outer loop
      vertex -24.81395259764657 -29.49013364214136 0
      vertex -7.70406918847027 -25.743586867391883 0
      vertex -7.29593081152973 -25.743586867391883 0
    endloop
  endfacet
  facet normal 0 0 -1
    outer loop
      vertex -14.443769410125094 -24.211901729331277 0
      vertex -14.23359727518287 -24.128688694438836 0
      vertex -9.571627966683241 -25.004168039021316 0
    endloop
  endfacet
  facet normal 0 0 -1
    outer loop
      vertex -14.23359727518287 -24.128688694438836 0
      vertex -14.035511769037807 -24.019790265903627 0
      vertex -9.869148039119588 -24.72477809426824 0
    endloop
  endfacet
  facet normal 0 0 -1
    outer loop
      vertex -14.035511769037807 -24.019790265903627 0
      vertex -13.852636818452359 -23.88692383699642 0
      vertex -10.129305231718579 -24.41030206995054 0
    endloop
  endfacet
  facet normal 0 0 -1
    outer loop
      vertex -13.687856470641458 -23.73218479067164 0
      vertex -10.129305231718579 -24.41030206995054 0
      vertex -13.852636818452359 -23.88692383699642 0
    endloop
  endfacet
  facet normal 0 0 -1
    outer loop
      vertex -14.23359727518287 -24.128688694438836 0
      vertex -9.869148039119588 -24.72477809426824 0
      vertex -9.571627966683241 -25.004168039021316 0
    endloop
  endfacet
  facet normal 0 0 -1
    outer loop
      vertex -14.035511769037807 -24.019790265903627 0
      vertex -10.129305231718579 -24.41030206995054 0
      vertex -9.869148039119588 -24.72477809426824 0
    endloop
  endfacet
  facet normal 0 0 -1
    outer loop
      vertex -13.687856470641458 -23.73218479067164 0
      vertex -10.347996710142557 -24.065699440830574 0
      vertex -10.129305231718579 -24.41030206995054 0
    endloop
  endfacet
  facet normal 0 0 -1
    outer loop
      vertex -13.687856470641458 -23.73218479067164 0
      vertex -13.543769410125094 -23.558013454126453 0
      vertex -10.347996710142557 -24.065699440830574 0
    endloop
  endfacet
  facet normal 0 0 -1
    outer loop
      vertex -13.543769410125094 -23.558013454126453 0
      vertex -13.422647975921045 -23.367156613383088 0
      vertex -10.521773579136816 -23.696404796225202 0
    endloop
  endfacet
  facet normal 0 0 -1
    outer loop
      vertex -13.422647975921045 -23.367156613383088 0
      vertex -13.326402325401148 -23.16262419483242 0
      vertex -10.521773579136816 -23.696404796225202 0
    endloop
  endfacet
  facet normal 0 0 -1
    outer loop
      vertex -13.326402325401148 -23.16262419483242 0
      vertex -13.256550309968464 -22.94764179689674 0
      vertex -10.647895273668052 -23.308242133285777 0
    endloop
  endfacet
  facet normal 0 0 -1
    outer loop
      vertex -13.256550309968464 -22.94764179689674 0
      vertex -13.214193537633939 -22.72559982041575 0
      vertex -10.724372779272052 -22.907333009083988 0
    endloop
  endfacet
  facet normal 0 0 -1
    outer loop
      vertex -13.214193537633939 -22.72559982041575 0
      vertex -13.2 -22.5 0
      vertex -10.75 -22.5 0
    endloop
  endfacet
  facet normal 0 0 -1
    outer loop
      vertex -13.2 -22.5 0
      vertex -13.214193537633939 -22.27440017958425 0
      vertex -10.75 -22.5 0
    endloop
  endfacet
  facet normal 0 0 -1
    outer loop
      vertex -13.214193537633939 -22.27440017958425 0
      vertex -13.256550309968464 -22.05235820310326 0
      vertex -10.724372779272052 -22.092666990916012 0
    endloop
  endfacet
  facet normal 0 0 -1
    outer loop
      vertex -13.256550309968464 -22.94764179689674 0
      vertex -10.724372779272052 -22.907333009083988 0
      vertex -10.647895273668052 -23.308242133285777 0
    endloop
  endfacet
  facet normal 0 0 -1
    outer loop
      vertex -13.543769410125094 -23.558013454126453 0
      vertex -10.521773579136816 -23.696404796225202 0
      vertex -10.347996710142557 -24.065699440830574 0
    endloop
  endfacet
  facet normal 0 0 -1
    outer loop
      vertex -13.326402325401148 -23.16262419483242 0
      vertex -10.647895273668052 -23.308242133285777 0
      vertex -10.521773579136816 -23.696404796225202 0
    endloop
  endfacet
  facet normal 0 0 -1
    outer loop
      vertex -13.214193537633939 -22.72559982041575 0
      vertex -10.75 -22.5 0
      vertex -10.724372779272052 -22.907333009083988 0
    endloop
  endfacet
  facet normal 0 0 -1
    outer loop
      vertex -13.214193537633939 -22.27440017958425 0
      vertex -10.724372779272052 -22.092666990916012 0
      vertex -10.75 -22.5 0
    endloop
  endfacet
  facet normal 0 0 -1
    outer loop
      vertex -24.81395259764657 -29.49013364214136 0
      vertex -7.29593081152973 -25.743586867391883 0
      vertex 5.1308519608804115 -24.72477809426824 0
    endloop
  endfacet
  facet normal 0 0 -1
    outer loop
      vertex -10.129305231718579 -20.58969793004946 0
      vertex -14.886977064847237 -20.70355188882911 0
      vertex -15.113022935152763 -20.70355188882911 0
    endloop
  endfacet
  facet normal 0 0 -1
    outer loop
      vertex -20.130851960880413 -20.27522190573176 0
      vertex -9.869148039119588 -20.27522190573176 0
      vertex -10.129305231718579 -20.58969793004946 0
    endloop
  endfacet
  facet normal 0 0 -1
    outer loop
      vertex -10.129305231718579 -20.58969793004946 0
      vertex -14.23359727518287 -20.871311305561164 0
      vertex -14.443769410125094 -20.788098270668723 0
    endloop
  endfacet
  facet normal 0 0 -1
    outer loop
      vertex -10.129305231718579 -20.58969793004946 0
      vertex -14.662713633745696 -20.73188294868836 0
      vertex -14.886977064847237 -20.70355188882911 0
    endloop
  endfacet
  facet normal 0 0 -1
    outer loop
      vertex -10.129305231718579 -20.58969793004946 0
      vertex -14.443769410125094 -20.788098270668723 0
      vertex -14.662713633745696 -20.73188294868836 0
    endloop
  endfacet
  facet normal 0 0 -1
    outer loop
      vertex -9.869148039119588 -20.27522190573176 0
      vertex -20.42837203331676 -19.995831960978684 0
      vertex -9.571627966683241 -19.995831960978684 0
    endloop
  endfacet
  facet normal 0 0 -1
    outer loop
      vertex -20.42837203331676 -19.995831960978684 0
      vertex -9.24143708368174 -19.75593424211845 0
      vertex -9.571627966683241 -19.995831960978684 0
    endloop
  endfacet
  facet normal 0 0 -1
    outer loop
      vertex -21.116217302413514 -19.559312079485437 0
      vertex -8.883782697586486 -19.559312079485437 0
      vertex -9.24143708368174 -19.75593424211845 0
    endloop
  endfacet
  facet normal 0 0 -1
    outer loop
      vertex -13.326402325401148 -21.83737580516758 0
      vertex -13.422647975921045 -21.632843386616912 0
      vertex -10.647895273668052 -21.691757866714223 0
    endloop
  endfacet
  facet normal 0 0 -1
    outer loop
      vertex -13.543769410125094 -21.441986545873547 0
      vertex -10.521773579136816 -21.303595203774798 0
      vertex -13.422647975921045 -21.632843386616912 0
    endloop
  endfacet
  facet normal 0 0 -1
    outer loop
      vertex -13.68785647064146 -21.26781520932836 0
      vertex -10.347996710142557 -20.934300559169426 0
      vertex -13.543769410125094 -21.441986545873547 0
    endloop
  endfacet
  facet normal 0 0 -1
    outer loop
      vertex -13.326402325401148 -21.83737580516758 0
      vertex -10.647895273668052 -21.691757866714223 0
      vertex -13.256550309968464 -22.05235820310326 0
    endloop
  endfacet
  facet normal 0 0 -1
    outer loop
      vertex -10.129305231718579 -20.58969793004946 0
      vertex -14.035511769037806 -20.980209734096373 0
      vertex -14.23359727518287 -20.871311305561164 0
    endloop
  endfacet
  facet normal 0 0 -1
    outer loop
      vertex -13.852636818452359 -21.11307616300358 0
      vertex -10.347996710142557 -20.934300559169426 0
      vertex -13.68785647064146 -21.26781520932836 0
    endloop
  endfacet
  facet normal 0 0 -1
    outer loop
      vertex -14.035511769037806 -20.980209734096373 0
      vertex -10.129305231718579 -20.58969793004946 0
      vertex -13.852636818452359 -21.11307616300358 0
    endloop
  endfacet
  facet normal 0 0 -1
    outer loop
      vertex -13.256550309968464 -22.05235820310326 0
      vertex -10.647895273668052 -21.691757866714223 0
      vertex -10.724372779272052 -22.092666990916012 0
    endloop
  endfacet
  facet normal 0 0 -1
    outer loop
      vertex -13.422647975921045 -21.632843386616912 0
      vertex -10.521773579136816 -21.303595203774798 0
      vertex -10.647895273668052 -21.691757866714223 0
    endloop
  endfacet
  facet normal 0 0 -1
    outer loop
      vertex -13.543769410125094 -21.441986545873547 0
      vertex -10.347996710142557 -20.934300559169426 0
      vertex -10.521773579136816 -21.303595203774798 0
    endloop
  endfacet
  facet normal 0 0 -1
    outer loop
      vertex -13.852636818452359 -21.11307616300358 0
      vertex -10.129305231718579 -20.58969793004946 0
      vertex -10.347996710142557 -20.934300559169426 0
    endloop
  endfacet
  facet normal 0 0 -1
    outer loop
      vertex -21.116217302413514 -19.559312079485437 0
      vertex -8.504305231718579 -19.40906632204075 0
      vertex -8.883782697586486 -19.559312079485437 0
    endloop
  endfacet
  facet normal 0 0 -1
    outer loop
      vertex -16.836445559725117 -16.1930139760168 0
      vertex -8.108989272403605 -19.30756643513176 0
      vertex -8.504305231718579 -19.40906632204075 0
    endloop
  endfacet
  facet normal 0 0 -1
    outer loop
      vertex -16.836445559725117 -16.1930139760168 0
      vertex -7.704069188470268 -19.256413132608117 0
      vertex -8.108989272403605 -19.30756643513176 0
    endloop
  endfacet
  facet normal 0 0 -1
    outer loop
      vertex -16.836445559725117 -16.1930139760168 0
      vertex -7.295930811529732 -19.256413132608117 0
      vertex -7.704069188470268 -19.256413132608117 0
    endloop
  endfacet
  facet normal 0 0 -1
    outer loop
      vertex -16.836445559725117 -16.1930139760168 0
      vertex -6.891010727596395 -19.30756643513176 0
      vertex -7.295930811529732 -19.256413132608117 0
    endloop
  endfacet
  facet normal 0 0 -1
    outer loop
      vertex -24.81395259764657 -29.49013364214136 0
      vertex 5.1308519608804115 -24.72477809426824 0
      vertex 5.428372033316759 -25.004168039021316 0
    endloop
  endfacet
  facet normal 0 0 -1
    outer loop
      vertex -24.81395259764657 -29.49013364214136 0
      vertex 6.1162173024135145 -25.440687920514563 0
      vertex 6.495694768281421 -25.59093367795925 0
    endloop
  endfacet
  facet normal 0 0 -1
    outer loop
      vertex -24.81395259764657 -29.49013364214136 0
      vertex 6.495694768281421 -25.59093367795925 0
      vertex 6.891010727596394 -25.69243356486824 0
    endloop
  endfacet
  facet normal 0 0 -1
    outer loop
      vertex -24.81395259764657 -29.49013364214136 0
      vertex 5.428372033316759 -25.004168039021316 0
      vertex 5.758562916318261 -25.24406575788155 0
    endloop
  endfacet
  facet normal 0 0 -1
    outer loop
      vertex -24.81395259764657 -29.49013364214136 0
      vertex 5.758562916318261 -25.24406575788155 0
      vertex 6.1162173024135145 -25.440687920514563 0
    endloop
  endfacet
  facet normal 0 0 -1
    outer loop
      vertex -6.495694768281421 -25.59093367795925 0
      vertex -6.1162173024135145 -25.440687920514563 0
      vertex -0.11302293515276478 -24.29644811117089 0
    endloop
  endfacet
  facet normal 0 0 -1
    outer loop
      vertex -6.1162173024135145 -25.440687920514563 0
      vertex -5.758562916318263 -25.24406575788155 0
      vertex -0.3372863662543047 -24.26811705131164 0
    endloop
  endfacet
  facet normal 0 0 -1
    outer loop
      vertex -5.758562916318263 -25.24406575788155 0
      vertex -5.428372033316758 -25.004168039021316 0
      vertex -0.5562305898749054 -24.211901729331277 0
    endloop
  endfacet
  facet normal 0 0 -1
    outer loop
      vertex -5.1308519608804115 -24.72477809426824 0
      vertex -0.7664027248171305 -24.128688694438836 0
      vertex -5.428372033316758 -25.004168039021316 0
    endloop
  endfacet
  facet normal 0 0 -1
    outer loop
      vertex -24.81395259764657 -29.49013364214136 0
      vertex 6.891010727596394 -25.69243356486824 0
      vertex 7.29593081152973 -25.743586867391883 0
    endloop
  endfacet
  facet normal 0 0 -1
    outer loop
      vertex -24.81395259764657 -29.49013364214136 0
      vertex 7.29593081152973 -25.743586867391883 0
      vertex 7.70406918847027 -25.743586867391883 0
    endloop
  endfacet
  facet normal 0 0 -1
    outer loop
      vertex -7.29593081152973 -25.743586867391883 0
      vertex -6.891010727596394 -25.69243356486824 0
      vertex 4.870694768281421 -24.41030206995054 0
    endloop
  endfacet
  facet normal 0 0 -1
    outer loop
      vertex -6.891010727596394 -25.69243356486824 0
      vertex -6.495694768281421 -25.59093367795925 0
      vertex 4.478226420863183 -23.696404796225202 0
    endloop
  endfacet
  facet normal 0 0 -1
    outer loop
      vertex -5.1308519608804115 -24.72477809426824 0
      vertex -4.870694768281421 -24.41030206995054 0
      vertex -0.9644882309621942 -24.019790265903627 0
    endloop
  endfacet
  facet normal 0 0 -1
    outer loop
      vertex -4.870694768281421 -24.41030206995054 0
      vertex -4.6520032898574435 -24.065699440830574 0
      vertex -1.312143529358541 -23.73218479067164 0
    endloop
  endfacet
  facet normal 0 0 -1
    outer loop
      vertex -4.870694768281421 -24.41030206995054 0
      vertex -1.312143529358541 -23.73218479067164 0
      vertex -1.1473631815476413 -23.88692383699642 0
    endloop
  endfacet
  facet normal 0 0 -1
    outer loop
      vertex -4.870694768281421 -24.41030206995054 0
      vertex -1.1473631815476413 -23.88692383699642 0
      vertex -0.9644882309621942 -24.019790265903627 0
    endloop
  endfacet
  facet normal 0 0 -1
    outer loop
      vertex -6.495694768281421 -25.59093367795925 0
      vertex -0.11302293515276478 -24.29644811117089 0
      vertex 0.11302293515276478 -24.29644811117089 0
    endloop
  endfacet
  facet normal 0 0 -1
    outer loop
      vertex -6.1162173024135145 -25.440687920514563 0
      vertex -0.3372863662543047 -24.26811705131164 0
      vertex -0.11302293515276478 -24.29644811117089 0
    endloop
  endfacet
  facet normal 0 0 -1
    outer loop
      vertex -5.758562916318263 -25.24406575788155 0
      vertex -0.5562305898749054 -24.211901729331277 0
      vertex -0.3372863662543047 -24.26811705131164 0
    endloop
  endfacet
  facet normal 0 0 -1
    outer loop
      vertex -5.428372033316758 -25.004168039021316 0
      vertex -0.7664027248171305 -24.128688694438836 0
      vertex -0.5562305898749054 -24.211901729331277 0
    endloop
  endfacet
  facet normal 0 0 -1
    outer loop
      vertex -6.495694768281421 -25.59093367795925 0
      vertex 0.11302293515276478 -24.29644811117089 0
      vertex 0.3372863662543047 -24.26811705131164 0
    endloop
  endfacet
  facet normal 0 0 -1
    outer loop
      vertex -5.1308519608804115 -24.72477809426824 0
      vertex -0.9644882309621942 -24.019790265903627 0
      vertex -0.7664027248171305 -24.128688694438836 0
    endloop
  endfacet
  facet normal 0 0 -1
    outer loop
      vertex -4.6520032898574435 -24.065699440830574 0
      vertex -4.478226420863184 -23.696404796225206 0
      vertex -1.4562305898749055 -23.558013454126453 0
    endloop
  endfacet
  facet normal 0 0 -1
    outer loop
      vertex -4.478226420863184 -23.696404796225206 0
      vertex -4.352104726331948 -23.308242133285777 0
      vertex -1.6735976745988526 -23.16262419483242 0
    endloop
  endfacet
  facet normal 0 0 -1
    outer loop
      vertex -4.352104726331948 -23.308242133285777 0
      vertex -4.275627220727947 -22.907333009083988 0
      vertex -1.743449690031536 -22.94764179689674 0
    endloop
  endfacet
  facet normal 0 0 -1
    outer loop
      vertex -4.275627220727947 -22.907333009083988 0
      vertex -4.25 -22.5 0
      vertex -1.78580646236606 -22.72559982041575 0
    endloop
  endfacet
  facet normal 0 0 -1
    outer loop
      vertex -4.25 -22.5 0
      vertex -4.275627220727947 -22.092666990916012 0
      vertex -1.78580646236606 -22.27440017958425 0
    endloop
  endfacet
  facet normal 0 0 -1
    outer loop
      vertex -4.6520032898574435 -24.065699440830574 0
      vertex -1.4562305898749055 -23.558013454126453 0
      vertex -1.312143529358541 -23.73218479067164 0
    endloop
  endfacet
  facet normal 0 0 -1
    outer loop
      vertex -4.478226420863184 -23.696404796225206 0
      vertex -1.5773520240789543 -23.367156613383088 0
      vertex -1.4562305898749055 -23.558013454126453 0
    endloop
  endfacet
  facet normal 0 0 -1
    outer loop
      vertex -4.478226420863184 -23.696404796225206 0
      vertex -1.6735976745988526 -23.16262419483242 0
      vertex -1.5773520240789543 -23.367156613383088 0
    endloop
  endfacet
  facet normal 0 0 -1
    outer loop
      vertex -4.352104726331948 -23.308242133285777 0
      vertex -1.743449690031536 -22.94764179689674 0
      vertex -1.6735976745988526 -23.16262419483242 0
    endloop
  endfacet
  facet normal 0 0 -1
    outer loop
      vertex -4.275627220727947 -22.907333009083988 0
      vertex -1.78580646236606 -22.72559982041575 0
      vertex -1.743449690031536 -22.94764179689674 0
    endloop
  endfacet
  facet normal 0 0 -1
    outer loop
      vertex -4.25 -22.5 0
      vertex -1.8 -22.5 0
      vertex -1.78580646236606 -22.72559982041575 0
    endloop
  endfacet
  facet normal 0 0 -1
    outer loop
      vertex -4.25 -22.5 0
      vertex -1.78580646236606 -22.27440017958425 0
      vertex -1.8 -22.5 0
    endloop
  endfacet
  facet normal 0 0 -1
    outer loop
      vertex -4.275627220727947 -22.092666990916012 0
      vertex -1.743449690031536 -22.05235820310326 0
      vertex -1.78580646236606 -22.27440017958425 0
    endloop
  endfacet
  facet normal 0 0 -1
    outer loop
      vertex -6.495694768281421 -25.59093367795925 0
      vertex 0.3372863662543047 -24.26811705131164 0
      vertex 4.478226420863183 -23.696404796225202 0
    endloop
  endfacet
  facet normal 0 0 -1
    outer loop
      vertex -16.836445559725117 -16.1930139760168 0
      vertex 6.891010727596395 -19.30756643513176 0
      vertex -6.891010727596395 -19.30756643513176 0
    endloop
  endfacet
  facet normal 0 0 -1
    outer loop
      vertex -4.275627220727947 -22.092666990916012 0
      vertex -4.352104726331949 -21.691757866714223 0
      vertex -1.743449690031536 -22.05235820310326 0
    endloop
  endfacet
  facet normal 0 0 -1
    outer loop
      vertex -4.352104726331949 -21.691757866714223 0
      vertex -4.478226420863184 -21.303595203774798 0
      vertex -1.6735976745988526 -21.83737580516758 0
    endloop
  endfacet
  facet normal 0 0 -1
    outer loop
      vertex -4.478226420863184 -21.303595203774798 0
      vertex -4.6520032898574435 -20.934300559169426 0
      vertex -1.4562305898749055 -21.441986545873547 0
    endloop
  endfacet
  facet normal 0 0 -1
    outer loop
      vertex -1.312143529358541 -21.26781520932836 0
      vertex -4.6520032898574435 -20.934300559169426 0
      vertex -4.870694768281421 -20.58969793004946 0
    endloop
  endfacet
  facet normal 0 0 -1
    outer loop
      vertex -5.130851960880412 -20.27522190573176 0
      vertex -0.9644882309621942 -20.980209734096373 0
      vertex -4.870694768281421 -20.58969793004946 0
    endloop
  endfacet
  facet normal 0 0 -1
    outer loop
      vertex -4.352104726331949 -21.691757866714223 0
      vertex -1.6735976745988526 -21.83737580516758 0
      vertex -1.743449690031536 -22.05235820310326 0
    endloop
  endfacet
  facet normal 0 0 -1
    outer loop
      vertex -4.478226420863184 -21.303595203774798 0
      vertex -1.5773520240789543 -21.632843386616912 0
      vertex -1.6735976745988526 -21.83737580516758 0
    endloop
  endfacet
  facet normal 0 0 -1
    outer loop
      vertex -4.478226420863184 -21.303595203774798 0
      vertex -1.4562305898749055 -21.441986545873547 0
      vertex -1.5773520240789543 -21.632843386616912 0
    endloop
  endfacet
  facet normal 0 0 -1
    outer loop
      vertex -1.312143529358541 -21.26781520932836 0
      vertex -1.4562305898749055 -21.441986545873547 0
      vertex -4.6520032898574435 -20.934300559169426 0
    endloop
  endfacet
  facet normal 0 0 -1
    outer loop
      vertex -1.312143529358541 -21.26781520932836 0
      vertex -4.870694768281421 -20.58969793004946 0
      vertex -1.1473631815476413 -21.11307616300358 0
    endloop
  endfacet
  facet normal 0 0 -1
    outer loop
      vertex -4.870694768281421 -20.58969793004946 0
      vertex -0.9644882309621942 -20.980209734096373 0
      vertex -1.1473631815476413 -21.11307616300358 0
    endloop
  endfacet
  facet normal 0 0 -1
    outer loop
      vertex -5.130851960880412 -20.27522190573176 0
      vertex -0.7664027248171309 -20.871311305561164 0
      vertex -0.9644882309621942 -20.980209734096373 0
    endloop
  endfacet
  facet normal 0 0 -1
    outer loop
      vertex -5.130851960880412 -20.27522190573176 0
      vertex -0.5562305898749054 -20.788098270668723 0
      vertex -0.7664027248171309 -20.871311305561164 0
    endloop
  endfacet
  facet normal 0 0 -1
    outer loop
      vertex -5.130851960880412 -20.27522190573176 0
      vertex -0.33728636625430425 -20.73188294868836 0
      vertex -0.5562305898749054 -20.788098270668723 0
    endloop
  endfacet
  facet normal 0 0 -1
    outer loop
      vertex -5.130851960880412 -20.27522190573176 0
      vertex -0.1130229351527639 -20.70355188882911 0
      vertex -0.33728636625430425 -20.73188294868836 0
    endloop
  endfacet
  facet normal 0 0 -1
    outer loop
      vertex -6.116217302413514 -19.559312079485437 0
      vertex 6.116217302413514 -19.559312079485437 0
      vertex -5.758562916318261 -19.75593424211845 0
    endloop
  endfacet
  facet normal 0 0 -1
    outer loop
      vertex -6.495694768281421 -19.40906632204075 0
      vertex 6.495694768281421 -19.40906632204075 0
      vertex -6.116217302413514 -19.559312079485437 0
    endloop
  endfacet
  facet normal 0 0 -1
    outer loop
      vertex -6.495694768281421 -19.40906632204075 0
      vertex -6.891010727596395 -19.30756643513176 0
      vertex 6.891010727596395 -19.30756643513176 0
    endloop
  endfacet
  facet normal 0 0 -1
    outer loop
      vertex -5.130851960880412 -20.27522190573176 0
      vertex 4.870694768281421 -20.58969793004946 0
      vertex -0.1130229351527639 -20.70355188882911 0
    endloop
  endfacet
  facet normal 0 0 -1
    outer loop
      vertex -5.130851960880412 -20.27522190573176 0
      vertex -5.428372033316759 -19.995831960978684 0
      vertex 5.1308519608804115 -20.27522190573176 0
    endloop
  endfacet
  facet normal 0 0 -1
    outer loop
      vertex -5.758562916318261 -19.75593424211845 0
      vertex 5.758562916318261 -19.75593424211845 0
      vertex -5.428372033316759 -19.995831960978684 0
    endloop
  endfacet
  facet normal 0 0 -1
    outer loop
      vertex -16.836445559725117 -16.1930139760168 0
      vertex -15.5 -15.509866357858641 0
      vertex 24.813952597646566 -15.509866357858641 0
    endloop
  endfacet
  facet normal 0 0 -1
    outer loop
      vertex -16.836445559725117 -16.1930139760168 0
      vertex 7.295930811529732 -19.256413132608117 0
      vertex 6.891010727596395 -19.30756643513176 0
    endloop
  endfacet
  facet normal 0 0 -1
    outer loop
      vertex -16.836445559725117 -16.1930139760168 0
      vertex 7.704069188470268 -19.256413132608117 0
      vertex 7.295930811529732 -19.256413132608117 0
    endloop
  endfacet
  facet normal -0.6845471059286876 -0.7289686274214126 0
    outer loop
      vertex -28.14484313710706 -27.922735529643443 0
      vertex -27.687119948743447 -28.352566213878948 15
      vertex -28.14484313710706 -27.922735529643443 15
    endloop
  endfacet
  facet normal -0.8443279255020155 -0.5358267949789962 0
    outer loop
      vertex -28.88153340021932 -26.908768370508575 0
      vertex -28.545084971874736 -27.438926261462367 15
      vertex -28.88153340021932 -26.908768370508575 15
    endloop
  endfacet
  facet normal -0.9048270524660186 -0.42577929156507444 0
    outer loop
      vertex -29.148882429441258 -26.34062276342339 0
      vertex -28.88153340021932 -26.908768370508575 15
      vertex -29.148882429441258 -26.34062276342339 15
    endloop
  endfacet
  facet normal -0.951056516295154 -0.3090169943749457 0
    outer loop
      vertex -29.148882429441258 -26.34062276342339 0
      vertex -29.148882429441258 -26.34062276342339 15
      vertex -29.342915805643155 -25.743449435824274 15
    endloop
  endfacet
  facet normal -0.4817536741017145 -0.876306680043864 0
    outer loop
      vertex -27.179133974894985 -28.721639627510076 0
      vertex -26.628896457825363 -29.0241352623301 15
      vertex -27.179133974894985 -28.721639627510076 15
    endloop
  endfacet
  facet normal -0.3681245526846774 -0.9297764858882516 0
    outer loop
      vertex -26.045084971874736 -29.255282581475768 0
      vertex -26.045084971874736 -29.255282581475768 15
      vertex -26.628896457825363 -29.0241352623301 15
    endloop
  endfacet
  facet normal -0.9980267284282713 -0.06279051952931591 0
    outer loop
      vertex -29.5 -24.5 0
      vertex -29.460573506572388 -25.12666616782152 15
      vertex -29.5 -24.5 15
    endloop
  endfacet
  facet normal -0.12533323356430504 -0.9921147013144779 0
    outer loop
      vertex -24.81395259764657 -29.49013364214136 0
      vertex -24.81395259764657 -29.49013364214136 15
      vertex -25.436906572928624 -29.411436253643444 15
    endloop
  endfacet
  facet normal -1 0 0
    outer loop
      vertex -29.5 -20.5 0
      vertex -29.5 -24.5 15
      vertex -29.5 -20.5 15
    endloop
  endfacet
  facet normal 0 0 1
    outer loop
      vertex -28.14484313710706 -27.922735529643443 15
      vertex -27.687119948743447 -28.352566213878948 15
      vertex -27.421516896313836 -28.52112303643741 15
    endloop
  endfacet
  facet normal 0 0 1
    outer loop
      vertex -28.32974470492998 -27.6682403546252 15
      vertex -28.88153340021932 -26.908768370508575 15
      vertex -28.545084971874736 -27.438926261462367 15
    endloop
  endfacet
  facet normal 0 0 1
    outer loop
      vertex -28.88153340021932 -26.908768370508575 15
      vertex -29.342915805643155 -25.743449435824274 15
      vertex -29.148882429441258 -26.34062276342339 15
    endloop
  endfacet
  facet normal 0 0 1
    outer loop
      vertex -27.179133974894985 -28.721639627510076 15
      vertex -26.628896457825363 -29.0241352623301 15
      vertex -26.045084971874736 -29.255282581475768 15
    endloop
  endfacet
  facet normal 0 0 1
    outer loop
      vertex -28.98597948497961 -26.50197772816304 15
      vertex -29.5 -24.5 15
      vertex -29.342915805643155 -25.743449435824274 15
    endloop
  endfacet
  facet normal 0 0 1
    outer loop
      vertex -28.365338356408756 -25.65563786889778 15
      vertex -24.869148039119587 -24.72477809426824 15
      vertex -25.12930523171858 -24.41030206995054 15
    endloop
  endfacet
  facet normal 0 0 1
    outer loop
      vertex -28.365338356408756 -25.65563786889778 15
      vertex -24.57162796668324 -25.004168039021316 15
      vertex -24.869148039119587 -24.72477809426824 15
    endloop
  endfacet
  facet normal 0 0 1
    outer loop
      vertex -28.365338356408756 -25.65563786889778 15
      vertex -25.12930523171858 -24.41030206995054 15
      vertex -25.347996710142557 -24.065699440830574 15
    endloop
  endfacet
  facet normal 0 0 1
    outer loop
      vertex -28.365338356408756 -25.65563786889778 15
      vertex -25.347996710142557 -24.065699440830574 15
      vertex -25.521773579136816 -23.696404796225202 15
    endloop
  endfacet
  facet normal 0 0 1
    outer loop
      vertex -28.365338356408756 -25.65563786889778 15
      vertex -25.521773579136816 -23.696404796225202 15
      vertex -25.57267440821242 -23.539748152550644 15
    endloop
  endfacet
  facet normal 0 0 1
    outer loop
      vertex -25.736083594239254 -29.31422774675933 15
      vertex -25.436906572928624 -29.411436253643444 15
      vertex -24.81395259764657 -29.49013364214136 15
    endloop
  endfacet
  facet normal 0 0 1
    outer loop
      vertex -26.172870818411518 -27.040525790302446 15
      vertex -25.409243904870067 -29.112350290917046 15
      vertex -18.247723713905334 -27.426028562404724 15
    endloop
  endfacet
  facet normal 0 0 1
    outer loop
      vertex -25.409243904870067 -29.112350290917046 15
      vertex -24.81395259764657 -29.49013364214136 15
      vertex -18.247723713905334 -27.426028562404724 15
    endloop
  endfacet
  facet normal 0 0 1
    outer loop
      vertex -28.365338356408756 -25.65563786889778 15
      vertex -18.247723713905334 -27.426028562404724 15
      vertex -23.50430523171858 -25.59093367795925 15
    endloop
  endfacet
  facet normal 0 0 1
    outer loop
      vertex -28.365338356408756 -25.65563786889778 15
      vertex -23.883782697586486 -25.440687920514563 15
      vertex -24.24143708368174 -25.24406575788155 15
    endloop
  endfacet
  facet normal 0 0 1
    outer loop
      vertex -28.365338356408756 -25.65563786889778 15
      vertex -24.24143708368174 -25.24406575788155 15
      vertex -24.57162796668324 -25.004168039021316 15
    endloop
  endfacet
  facet normal 0 0 1
    outer loop
      vertex -28.365338356408756 -25.65563786889778 15
      vertex -23.50430523171858 -25.59093367795925 15
      vertex -23.883782697586486 -25.440687920514563 15
    endloop
  endfacet
  facet normal 0 0 1
    outer loop
      vertex -18.247723713905334 -27.426028562404724 15
      vertex -22.70406918847027 -25.743586867391883 15
      vertex -23.108989272403605 -25.69243356486824 15
    endloop
  endfacet
  facet normal 0 0 1
    outer loop
      vertex -18.247723713905334 -27.426028562404724 15
      vertex -23.108989272403605 -25.69243356486824 15
      vertex -23.50430523171858 -25.59093367795925 15
    endloop
  endfacet
  facet normal 0 0 1
    outer loop
      vertex -18.247723713905334 -27.426028562404724 15
      vertex -22.29593081152973 -25.743586867391883 15
      vertex -22.70406918847027 -25.743586867391883 15
    endloop
  endfacet
  facet normal 0 0 1
    outer loop
      vertex -18.247723713905334 -27.426028562404724 15
      vertex -21.891010727596395 -25.69243356486824 15
      vertex -22.29593081152973 -25.743586867391883 15
    endloop
  endfacet
  facet normal 0 0 1
    outer loop
      vertex -18.247723713905334 -27.426028562404724 15
      vertex -21.49569476828142 -25.59093367795925 15
      vertex -21.891010727596395 -25.69243356486824 15
    endloop
  endfacet
  facet normal 0 0 1
    outer loop
      vertex -18.247723713905334 -27.426028562404724 15
      vertex -21.116217302413514 -25.440687920514563 15
      vertex -21.49569476828142 -25.59093367795925 15
    endloop
  endfacet
  facet normal 0 0 1
    outer loop
      vertex -18.247723713905334 -27.426028562404724 15
      vertex -20.75856291631826 -25.24406575788155 15
      vertex -21.116217302413514 -25.440687920514563 15
    endloop
  endfacet
  facet normal 0 0 1
    outer loop
      vertex -18.247723713905334 -27.426028562404724 15
      vertex -20.42837203331676 -25.004168039021316 15
      vertex -20.75856291631826 -25.24406575788155 15
    endloop
  endfacet
  facet normal 0 0 1
    outer loop
      vertex -18.247723713905334 -27.426028562404724 15
      vertex -20.130851960880413 -24.72477809426824 15
      vertex -20.42837203331676 -25.004168039021316 15
    endloop
  endfacet
  facet normal 0 0 1
    outer loop
      vertex -18.247723713905334 -27.426028562404724 15
      vertex -19.87069476828142 -24.41030206995054 15
      vertex -20.130851960880413 -24.72477809426824 15
    endloop
  endfacet
  facet normal 0 0 1
    outer loop
      vertex -18.247723713905334 -27.426028562404724 15
      vertex -19.652003289857443 -24.065699440830574 15
      vertex -19.87069476828142 -24.41030206995054 15
    endloop
  endfacet
  facet normal 0 0 1
    outer loop
      vertex -18.247723713905334 -27.426028562404724 15
      vertex -19.478226420863184 -23.696404796225206 15
      vertex -19.652003289857443 -24.065699440830574 15
    endloop
  endfacet
  facet normal 0 0 1
    outer loop
      vertex -18.247723713905334 -27.426028562404724 15
      vertex -19.352104726331948 -23.308242133285777 15
      vertex -19.478226420863184 -23.696404796225206 15
    endloop
  endfacet
  facet normal 0 0 1
    outer loop
      vertex -18.247723713905334 -27.426028562404724 15
      vertex -19.275627220727948 -22.907333009083988 15
      vertex -19.352104726331948 -23.308242133285777 15
    endloop
  endfacet
  facet normal 0 0 1
    outer loop
      vertex -18.247723713905334 -27.426028562404724 15
      vertex -19.25 -22.5 15
      vertex -19.275627220727948 -22.907333009083988 15
    endloop
  endfacet
  facet normal 0 0 1
    outer loop
      vertex -18.247723713905334 -27.426028562404724 15
      vertex -19.275627220727948 -22.092666990916012 15
      vertex -19.25 -22.5 15
    endloop
  endfacet
  facet normal 0 0 1
    outer loop
      vertex -18.247723713905334 -27.426028562404724 15
      vertex -16.31214352935854 -23.73218479067164 15
      vertex -16.456230589874906 -23.558013454126453 15
    endloop
  endfacet
  facet normal 0 0 1
    outer loop
      vertex -18.247723713905334 -27.426028562404724 15
      vertex -16.14736318154764 -23.88692383699642 15
      vertex -16.31214352935854 -23.73218479067164 15
    endloop
  endfacet
  facet normal 0 0 1
    outer loop
      vertex -18.247723713905334 -27.426028562404724 15
      vertex -15.76640272481713 -24.128688694438836 15
      vertex -15.964488230962194 -24.019790265903627 15
    endloop
  endfacet
  facet normal 0 0 1
    outer loop
      vertex -18.247723713905334 -27.426028562404724 15
      vertex -15.964488230962194 -24.019790265903627 15
      vertex -16.14736318154764 -23.88692383699642 15
    endloop
  endfacet
  facet normal 0 0 1
    outer loop
      vertex -18.247723713905334 -27.426028562404724 15
      vertex -16.456230589874906 -23.558013454126453 15
      vertex -16.577352024078955 -23.367156613383088 15
    endloop
  endfacet
  facet normal 0 0 1
    outer loop
      vertex -18.247723713905334 -27.426028562404724 15
      vertex -16.577352024078955 -23.367156613383088 15
      vertex -16.673597674598852 -23.16262419483242 15
    endloop
  endfacet
  facet normal 0 0 1
    outer loop
      vertex -18.247723713905334 -27.426028562404724 15
      vertex -16.673597674598852 -23.16262419483242 15
      vertex -16.743449690031536 -22.94764179689674 15
    endloop
  endfacet
  facet normal 0 0 1
    outer loop
      vertex -18.247723713905334 -27.426028562404724 15
      vertex -16.743449690031536 -22.94764179689674 15
      vertex -16.78580646236606 -22.72559982041575 15
    endloop
  endfacet
  facet normal 0 0 1
    outer loop
      vertex -18.247723713905334 -27.426028562404724 15
      vertex -16.78580646236606 -22.72559982041575 15
      vertex -16.8 -22.5 15
    endloop
  endfacet
  facet normal 0 0 1
    outer loop
      vertex -18.247723713905334 -27.426028562404724 15
      vertex -16.8 -22.5 15
      vertex -16.78580646236606 -22.27440017958425 15
    endloop
  endfacet
  facet normal 0 0 1
    outer loop
      vertex -18.247723713905334 -27.426028562404724 15
      vertex -17.517989739318935 -17.43703591238372 15
      vertex -19.275627220727948 -22.092666990916012 15
    endloop
  endfacet
  facet normal 0 0 1
    outer loop
      vertex -18.247723713905334 -27.426028562404724 15
      vertex -16.78580646236606 -22.27440017958425 15
      vertex -17.517989739318935 -17.43703591238372 15
    endloop
  endfacet
  facet normal 0 0 1
    outer loop
      vertex -18.247723713905334 -27.426028562404724 15
      vertex -15.556230589874906 -24.211901729331277 15
      vertex -15.76640272481713 -24.128688694438836 15
    endloop
  endfacet
  facet normal 0 0 1
    outer loop
      vertex -18.247723713905334 -27.426028562404724 15
      vertex -15.337286366254304 -24.26811705131164 15
      vertex -15.556230589874906 -24.211901729331277 15
    endloop
  endfacet
  facet normal 0 0 1
    outer loop
      vertex -18.247723713905334 -27.426028562404724 15
      vertex -15.113022935152765 -24.29644811117089 15
      vertex -15.337286366254304 -24.26811705131164 15
    endloop
  endfacet
  facet normal 0 0 1
    outer loop
      vertex -18.247723713905334 -27.426028562404724 15
      vertex -14.886977064847235 -24.29644811117089 15
      vertex -15.113022935152765 -24.29644811117089 15
    endloop
  endfacet
  facet normal 0 0 1
    outer loop
      vertex -18.247723713905334 -27.426028562404724 15
      vertex -14.662713633745696 -24.26811705131164 15
      vertex -14.886977064847235 -24.29644811117089 15
    endloop
  endfacet
  facet normal 0 0 1
    outer loop
      vertex -18.247723713905334 -27.426028562404724 15
      vertex -14.443769410125094 -24.211901729331277 15
      vertex -14.662713633745696 -24.26811705131164 15
    endloop
  endfacet
  facet normal 0 0 1
    outer loop
      vertex -17.517989739318935 -17.43703591238372 15
      vertex -19.352104726331948 -21.691757866714223 15
      vertex -19.275627220727948 -22.092666990916012 15
    endloop
  endfacet
  facet normal 0 0 1
    outer loop
      vertex -17.517989739318935 -17.43703591238372 15
      vertex -20.666692511924072 -19.822681997975877 15
      vertex -20.42837203331676 -19.995831960978684 15
    endloop
  endfacet
  facet normal 0 0 1
    outer loop
      vertex -17.517989739318935 -17.43703591238372 15
      vertex -20.130851960880413 -20.27522190573176 15
      vertex -19.87069476828142 -20.58969793004946 15
    endloop
  endfacet
  facet normal 0 0 1
    outer loop
      vertex -17.517989739318935 -17.43703591238372 15
      vertex -19.87069476828142 -20.58969793004946 15
      vertex -19.652003289857443 -20.934300559169426 15
    endloop
  endfacet
  facet normal 0 0 1
    outer loop
      vertex -17.517989739318935 -17.43703591238372 15
      vertex -19.478226420863184 -21.303595203774798 15
      vertex -19.352104726331948 -21.691757866714223 15
    endloop
  endfacet
  facet normal 0 0 1
    outer loop
      vertex -17.517989739318935 -17.43703591238372 15
      vertex -19.652003289857443 -20.934300559169426 15
      vertex -19.478226420863184 -21.303595203774798 15
    endloop
  endfacet
  facet normal 0 0 1
    outer loop
      vertex -17.517989739318935 -17.43703591238372 15
      vertex -20.42837203331676 -19.995831960978684 15
      vertex -20.130851960880413 -20.27522190573176 15
    endloop
  endfacet
  facet normal 0 0 1
    outer loop
      vertex -17.517989739318935 -17.43703591238372 15
      vertex -16.78580646236606 -22.27440017958425 15
      vertex -16.743449690031536 -22.05235820310326 15
    endloop
  endfacet
  facet normal 0 0 1
    outer loop
      vertex -17.517989739318935 -17.43703591238372 15
      vertex -16.743449690031536 -22.05235820310326 15
      vertex -16.673597674598852 -21.83737580516758 15
    endloop
  endfacet
  facet normal 0 0 1
    outer loop
      vertex -17.517989739318935 -17.43703591238372 15
      vertex -16.673597674598852 -21.83737580516758 15
      vertex -16.577352024078955 -21.632843386616912 15
    endloop
  endfacet
  facet normal 0 0 1
    outer loop
      vertex -17.517989739318935 -17.43703591238372 15
      vertex -16.577352024078955 -21.632843386616912 15
      vertex -16.456230589874906 -21.441986545873547 15
    endloop
  endfacet
  facet normal 0 0 1
    outer loop
      vertex -15.5 -18.020265479896135 15
      vertex -16.456230589874906 -21.441986545873547 15
      vertex -16.31214352935854 -21.26781520932836 15
    endloop
  endfacet
  facet normal 0 0 1
    outer loop
      vertex -15.5 -18.020265479896135 15
      vertex -16.31214352935854 -21.26781520932836 15
      vertex -16.14736318154764 -21.11307616300358 15
    endloop
  endfacet
  facet normal 0 0 1
    outer loop
      vertex -15.5 -18.020265479896135 15
      vertex -16.14736318154764 -21.11307616300358 15
      vertex -15.964488230962194 -20.980209734096373 15
    endloop
  endfacet
  facet normal 0 0 1
    outer loop
      vertex -15.5 -18.020265479896135 15
      vertex -15.964488230962194 -20.980209734096373 15
      vertex -15.76640272481713 -20.871311305561164 15
    endloop
  endfacet
  facet normal 0 0 1
    outer loop
      vertex -17.517989739318935 -17.43703591238372 15
      vertex -16.456230589874906 -21.441986545873547 15
      vertex -15.5 -18.020265479896135 15
    endloop
  endfacet
  facet normal 0 0 1
    outer loop
      vertex -15.5 -18.020265479896135 15
      vertex -15.76640272481713 -20.871311305561164 15
      vertex -15.556230589874906 -20.788098270668723 15
    endloop
  endfacet
  facet normal 0 0 1
    outer loop
      vertex -15.5 -18.020265479896135 15
      vertex -15.556230589874906 -20.788098270668723 15
      vertex -15.337286366254304 -20.73188294868836 15
    endloop
  endfacet
  facet normal 0 0 1
    outer loop
      vertex -15.5 -18.020265479896135 15
      vertex -15.337286366254304 -20.73188294868836 15
      vertex -15.113022935152763 -20.70355188882911 15
    endloop
  endfacet
  facet normal 0 0 1
    outer loop
      vertex -15.5 -18.020265479896135 15
      vertex -14.886977064847237 -20.70355188882911 15
      vertex -14.662713633745696 -20.73188294868836 15
    endloop
  endfacet
  facet normal 0 0 1
    outer loop
      vertex -15.5 -18.020265479896135 15
      vertex -14.662713633745696 -20.73188294868836 15
      vertex -14.443769410125094 -20.788098270668723 15
    endloop
  endfacet
  facet normal 0 0 1
    outer loop
      vertex -15.5 -18.020265479896135 15
      vertex -15.113022935152763 -20.70355188882911 15
      vertex -14.886977064847237 -20.70355188882911 15
    endloop
  endfacet
  facet normal 0 -1 0
    outer loop
      vertex -24.81395259764657 -29.49013364214136 0
      vertex 24.18604740235343 -29.49013364214136 15
      vertex -24.81395259764657 -29.49013364214136 15
    endloop
  endfacet
  facet normal 0 1 0
    outer loop
      vertex -15.5 -15.509866357858641 0
      vertex -15.5 -15.509866357858641 15
      vertex 24.813952597646566 -15.509866357858641 15
    endloop
  endfacet
  facet normal 0 0 1
    outer loop
      vertex -18.247723713905334 -27.426028562404724 15
      vertex -9.24143708368174 -25.24406575788155 15
      vertex -9.571627966683241 -25.004168039021316 15
    endloop
  endfacet
  facet normal 0 0 1
    outer loop
      vertex -18.247723713905334 -27.426028562404724 15
      vertex -8.883782697586486 -25.440687920514563 15
      vertex -9.24143708368174 -25.24406575788155 15
    endloop
  endfacet
  facet normal 0 0 1
    outer loop
      vertex -18.247723713905334 -27.426028562404724 15
      vertex -8.504305231718579 -25.59093367795925 15
      vertex -8.883782697586486 -25.440687920514563 15
    endloop
  endfacet
  facet normal 0 0 1
    outer loop
      vertex -18.247723713905334 -27.426028562404724 15
      vertex -8.108989272403605 -25.69243356486824 15
      vertex -8.504305231718579 -25.59093367795925 15
    endloop
  endfacet
  facet normal 0 0 1
    outer loop
      vertex -18.247723713905334 -27.426028562404724 15
      vertex -7.70406918847027 -25.743586867391883 15
      vertex -8.108989272403605 -25.69243356486824 15
    endloop
  endfacet
  facet normal 0 0 1
    outer loop
      vertex -18.247723713905334 -27.426028562404724 15
      vertex -9.571627966683241 -25.004168039021316 15
      vertex -14.443769410125094 -24.211901729331277 15
    endloop
  endfacet
  facet normal 0 0 1
    outer loop
      vertex -14.443769410125094 -24.211901729331277 15
      vertex -9.571627966683241 -25.004168039021316 15
      vertex -14.23359727518287 -24.128688694438836 15
    endloop
  endfacet
  facet normal 0 0 1
    outer loop
      vertex -14.23359727518287 -24.128688694438836 15
      vertex -9.869148039119588 -24.72477809426824 15
      vertex -14.035511769037807 -24.019790265903627 15
    endloop
  endfacet
  facet normal 0 0 1
    outer loop
      vertex -14.035511769037807 -24.019790265903627 15
      vertex -10.129305231718579 -24.41030206995054 15
      vertex -13.852636818452359 -23.88692383699642 15
    endloop
  endfacet
  facet normal 0 0 1
    outer loop
      vertex -13.852636818452359 -23.88692383699642 15
      vertex -10.129305231718579 -24.41030206995054 15
      vertex -13.687856470641458 -23.73218479067164 15
    endloop
  endfacet
  facet normal 0 0 1
    outer loop
      vertex -14.23359727518287 -24.128688694438836 15
      vertex -9.571627966683241 -25.004168039021316 15
      vertex -9.869148039119588 -24.72477809426824 15
    endloop
  endfacet
  facet normal 0 0 1
    outer loop
      vertex -14.035511769037807 -24.019790265903627 15
      vertex -9.869148039119588 -24.72477809426824 15
      vertex -10.129305231718579 -24.41030206995054 15
    endloop
  endfacet
  facet normal 0 0 1
    outer loop
      vertex -13.687856470641458 -23.73218479067164 15
      vertex -10.129305231718579 -24.41030206995054 15
      vertex -10.347996710142557 -24.065699440830574 15
    endloop
  endfacet
  facet normal 0 0 1
    outer loop
      vertex -13.687856470641458 -23.73218479067164 15
      vertex -10.347996710142557 -24.065699440830574 15
      vertex -13.543769410125094 -23.558013454126453 15
    endloop
  endfacet
  facet normal 0 0 1
    outer loop
      vertex -13.543769410125094 -23.558013454126453 15
      vertex -10.521773579136816 -23.696404796225202 15
      vertex -13.422647975921045 -23.367156613383088 15
    endloop
  endfacet
  facet normal 0 0 1
    outer loop
      vertex -13.422647975921045 -23.367156613383088 15
      vertex -10.521773579136816 -23.696404796225202 15
      vertex -13.326402325401148 -23.16262419483242 15
    endloop
  endfacet
  facet normal 0 0 1
    outer loop
      vertex -13.326402325401148 -23.16262419483242 15
      vertex -10.647895273668052 -23.308242133285777 15
      vertex -13.256550309968464 -22.94764179689674 15
    endloop
  endfacet
  facet normal 0 0 1
    outer loop
      vertex -13.256550309968464 -22.94764179689674 15
      vertex -10.724372779272052 -22.907333009083988 15
      vertex -13.214193537633939 -22.72559982041575 15
    endloop
  endfacet
  facet normal 0 0 1
    outer loop
      vertex -13.214193537633939 -22.72559982041575 15
      vertex -10.75 -22.5 15
      vertex -13.2 -22.5 15
    endloop
  endfacet
  facet normal 0 0 1
    outer loop
      vertex -13.2 -22.5 15
      vertex -10.75 -22.5 15
      vertex -13.214193537633939 -22.27440017958425 15
    endloop
  endfacet
  facet normal 0 0 1
    outer loop
      vertex -13.214193537633939 -22.27440017958425 15
      vertex -10.724372779272052 -22.092666990916012 15
      vertex -13.256550309968464 -22.05235820310326 15
    endloop
  endfacet
  facet normal 0 0 1
    outer loop
      vertex -13.256550309968464 -22.94764179689674 15
      vertex -10.647895273668052 -23.308242133285777 15
      vertex -10.724372779272052 -22.907333009083988 15
    endloop
  endfacet
  facet normal 0 0 1
    outer loop
      vertex -13.543769410125094 -23.558013454126453 15
      vertex -10.347996710142557 -24.065699440830574 15
      vertex -10.521773579136816 -23.696404796225202 15
    endloop
  endfacet
  facet normal 0 0 1
    outer loop
      vertex -13.326402325401148 -23.16262419483242 15
      vertex -10.521773579136816 -23.696404796225202 15
      vertex -10.647895273668052 -23.308242133285777 15
    endloop
  endfacet
  facet normal 0 0 1
    outer loop
      vertex -13.214193537633939 -22.72559982041575 15
      vertex -10.724372779272052 -22.907333009083988 15
      vertex -10.75 -22.5 15
    endloop
  endfacet
  facet normal 0 0 1
    outer loop
      vertex -13.214193537633939 -22.27440017958425 15
      vertex -10.75 -22.5 15
      vertex -10.724372779272052 -22.092666990916012 15
    endloop
  endfacet
  facet normal 0 0 1
    outer loop
      vertex -14.23359727518287 -20.871311305561164 15
      vertex -10.129305231718579 -20.58969793004946 15
      vertex -14.443769410125094 -20.788098270668723 15
    endloop
  endfacet
  facet normal 0 0 1
    outer loop
      vertex -15.5 -18.020265479896135 15
      vertex -14.443769410125094 -20.788098270668723 15
      vertex -10.129305231718579 -20.58969793004946 15
    endloop
  endfacet
  facet normal 0 0 1
    outer loop
      vertex -13.326402325401148 -21.83737580516758 15
      vertex -10.647895273668052 -21.691757866714223 15
      vertex -13.422647975921045 -21.632843386616912 15
    endloop
  endfacet
  facet normal 0 0 1
    outer loop
      vertex -13.543769410125094 -21.441986545873547 15
      vertex -13.422647975921045 -21.632843386616912 15
      vertex -10.521773579136816 -21.303595203774798 15
    endloop
  endfacet
  facet normal 0 0 1
    outer loop
      vertex -13.68785647064146 -21.26781520932836 15
      vertex -13.543769410125094 -21.441986545873547 15
      vertex -10.347996710142557 -20.934300559169426 15
    endloop
  endfacet
  facet normal 0 0 1
    outer loop
      vertex -13.326402325401148 -21.83737580516758 15
      vertex -13.256550309968464 -22.05235820310326 15
      vertex -10.647895273668052 -21.691757866714223 15
    endloop
  endfacet
  facet normal 0 0 1
    outer loop
      vertex -14.23359727518287 -20.871311305561164 15
      vertex -14.035511769037806 -20.980209734096373 15
      vertex -10.129305231718579 -20.58969793004946 15
    endloop
  endfacet
  facet normal 0 0 1
    outer loop
      vertex -13.852636818452359 -21.11307616300358 15
      vertex -13.68785647064146 -21.26781520932836 15
      vertex -10.347996710142557 -20.934300559169426 15
    endloop
  endfacet
  facet normal 0 0 1
    outer loop
      vertex -14.035511769037806 -20.980209734096373 15
      vertex -13.852636818452359 -21.11307616300358 15
      vertex -10.129305231718579 -20.58969793004946 15
    endloop
  endfacet
  facet normal 0 0 1
    outer loop
      vertex -13.256550309968464 -22.05235820310326 15
      vertex -10.724372779272052 -22.092666990916012 15
      vertex -10.647895273668052 -21.691757866714223 15
    endloop
  endfacet
  facet normal 0 0 1
    outer loop
      vertex -13.422647975921045 -21.632843386616912 15
      vertex -10.647895273668052 -21.691757866714223 15
      vertex -10.521773579136816 -21.303595203774798 15
    endloop
  endfacet
  facet normal 0 0 1
    outer loop
      vertex -13.543769410125094 -21.441986545873547 15
      vertex -10.521773579136816 -21.303595203774798 15
      vertex -10.347996710142557 -20.934300559169426 15
    endloop
  endfacet
  facet normal 0 0 1
    outer loop
      vertex -13.852636818452359 -21.11307616300358 15
      vertex -10.347996710142557 -20.934300559169426 15
      vertex -10.129305231718579 -20.58969793004946 15
    endloop
  endfacet
  facet normal 0 0 1
    outer loop
      vertex -15.5 -18.020265479896135 15
      vertex -10.129305231718579 -20.58969793004946 15
      vertex -9.869148039119588 -20.27522190573176 15
    endloop
  endfacet
  facet normal 0 0 1
    outer loop
      vertex -15.5 -18.020265479896135 15
      vertex -9.869148039119588 -20.27522190573176 15
      vertex -9.571627966683241 -19.995831960978684 15
    endloop
  endfacet
  facet normal 0 0 1
    outer loop
      vertex -15.5 -18.020265479896135 15
      vertex -9.571627966683241 -19.995831960978684 15
      vertex -9.24143708368174 -19.75593424211845 15
    endloop
  endfacet
  facet normal 0 0 1
    outer loop
      vertex -15.5 -18.020265479896135 15
      vertex -9.24143708368174 -19.75593424211845 15
      vertex -8.883782697586486 -19.559312079485437 15
    endloop
  endfacet
  facet normal 0 0 1
    outer loop
      vertex -15.5 -18.020265479896135 15
      vertex -8.883782697586486 -19.559312079485437 15
      vertex -8.504305231718579 -19.40906632204075 15
    endloop
  endfacet
  facet normal 0 0 1
    outer loop
      vertex -15.5 -18.020265479896135 15
      vertex -8.504305231718579 -19.40906632204075 15
      vertex -8.108989272403605 -19.30756643513176 15
    endloop
  endfacet
  facet normal 0 0 1
    outer loop
      vertex -15.5 -18.020265479896135 15
      vertex -8.108989272403605 -19.30756643513176 15
      vertex -7.704069188470268 -19.256413132608117 15
    endloop
  endfacet
  facet normal 0 0 1
    outer loop
      vertex -24.81395259764657 -29.49013364214136 15
      vertex 24.18604740235343 -29.49013364214136 15
      vertex -18.247723713905334 -27.426028562404724 15
    endloop
  endfacet
  facet normal 0 0 1
    outer loop
      vertex -6.495694768281421 -25.59093367795925 15
      vertex -0.11302293515276478 -24.29644811117089 15
      vertex -6.1162173024135145 -25.440687920514563 15
    endloop
  endfacet
  facet normal 0 0 1
    outer loop
      vertex -6.1162173024135145 -25.440687920514563 15
      vertex -0.3372863662543047 -24.26811705131164 15
      vertex -5.758562916318263 -25.24406575788155 15
    endloop
  endfacet
  facet normal 0 0 1
    outer loop
      vertex -5.758562916318263 -25.24406575788155 15
      vertex -0.5562305898749054 -24.211901729331277 15
      vertex -5.428372033316758 -25.004168039021316 15
    endloop
  endfacet
  facet normal 0 0 1
    outer loop
      vertex -5.428372033316758 -25.004168039021316 15
      vertex -0.7664027248171305 -24.128688694438836 15
      vertex -5.1308519608804115 -24.72477809426824 15
    endloop
  endfacet
  facet normal 0 0 1
    outer loop
      vertex -18.247723713905334 -27.426028562404724 15
      vertex 24.18604740235343 -29.49013364214136 15
      vertex -7.70406918847027 -25.743586867391883 15
    endloop
  endfacet
  facet normal 0 0 1
    outer loop
      vertex -5.1308519608804115 -24.72477809426824 15
      vertex -0.9644882309621942 -24.019790265903627 15
      vertex -4.870694768281421 -24.41030206995054 15
    endloop
  endfacet
  facet normal 0 0 1
    outer loop
      vertex -4.870694768281421 -24.41030206995054 15
      vertex -1.312143529358541 -23.73218479067164 15
      vertex -4.6520032898574435 -24.065699440830574 15
    endloop
  endfacet
  facet normal 0 0 1
    outer loop
      vertex -7.29593081152973 -25.743586867391883 15
      vertex 7.29593081152973 -25.743586867391883 15
      vertex -6.891010727596394 -25.69243356486824 15
    endloop
  endfacet
  facet normal 0 0 1
    outer loop
      vertex -6.891010727596394 -25.69243356486824 15
      vertex 6.891010727596394 -25.69243356486824 15
      vertex -6.495694768281421 -25.59093367795925 15
    endloop
  endfacet
  facet normal 0 0 1
    outer loop
      vertex -4.870694768281421 -24.41030206995054 15
      vertex -1.1473631815476413 -23.88692383699642 15
      vertex -1.312143529358541 -23.73218479067164 15
    endloop
  endfacet
  facet normal 0 0 1
    outer loop
      vertex -4.870694768281421 -24.41030206995054 15
      vertex -0.9644882309621942 -24.019790265903627 15
      vertex -1.1473631815476413 -23.88692383699642 15
    endloop
  endfacet
  facet normal 0 0 1
    outer loop
      vertex -6.495694768281421 -25.59093367795925 15
      vertex 0.11302293515276478 -24.29644811117089 15
      vertex -0.11302293515276478 -24.29644811117089 15
    endloop
  endfacet
  facet normal 0 0 1
    outer loop
      vertex -6.1162173024135145 -25.440687920514563 15
      vertex -0.11302293515276478 -24.29644811117089 15
      vertex -0.3372863662543047 -24.26811705131164 15
    endloop
  endfacet
  facet normal 0 0 1
    outer loop
      vertex -5.758562916318263 -25.24406575788155 15
      vertex -0.3372863662543047 -24.26811705131164 15
      vertex -0.5562305898749054 -24.211901729331277 15
    endloop
  endfacet
  facet normal 0 0 1
    outer loop
      vertex -5.428372033316758 -25.004168039021316 15
      vertex -0.5562305898749054 -24.211901729331277 15
      vertex -0.7664027248171305 -24.128688694438836 15
    endloop
  endfacet
  facet normal 0 0 1
    outer loop
      vertex -5.1308519608804115 -24.72477809426824 15
      vertex -0.7664027248171305 -24.128688694438836 15
      vertex -0.9644882309621942 -24.019790265903627 15
    endloop
  endfacet
  facet normal 0 0 1
    outer loop
      vertex -4.6520032898574435 -24.065699440830574 15
      vertex -1.4562305898749055 -23.558013454126453 15
      vertex -4.478226420863184 -23.696404796225206 15
    endloop
  endfacet
  facet normal 0 0 1
    outer loop
      vertex -4.478226420863184 -23.696404796225206 15
      vertex -1.6735976745988526 -23.16262419483242 15
      vertex -4.352104726331948 -23.308242133285777 15
    endloop
  endfacet
  facet normal 0 0 1
    outer loop
      vertex -4.352104726331948 -23.308242133285777 15
      vertex -1.743449690031536 -22.94764179689674 15
      vertex -4.275627220727947 -22.907333009083988 15
    endloop
  endfacet
  facet normal 0 0 1
    outer loop
      vertex -4.275627220727947 -22.907333009083988 15
      vertex -1.78580646236606 -22.72559982041575 15
      vertex -4.25 -22.5 15
    endloop
  endfacet
  facet normal 0 0 1
    outer loop
      vertex -4.25 -22.5 15
      vertex -1.78580646236606 -22.27440017958425 15
      vertex -4.275627220727947 -22.092666990916012 15
    endloop
  endfacet
  facet normal 0 0 1
    outer loop
      vertex -4.6520032898574435 -24.065699440830574 15
      vertex -1.312143529358541 -23.73218479067164 15
      vertex -1.4562305898749055 -23.558013454126453 15
    endloop
  endfacet
  facet normal 0 0 1
    outer loop
      vertex -4.478226420863184 -23.696404796225206 15
      vertex -1.4562305898749055 -23.558013454126453 15
      vertex -1.5773520240789543 -23.367156613383088 15
    endloop
  endfacet
  facet normal 0 0 1
    outer loop
      vertex -4.478226420863184 -23.696404796225206 15
      vertex -1.5773520240789543 -23.367156613383088 15
      vertex -1.6735976745988526 -23.16262419483242 15
    endloop
  endfacet
  facet normal 0 0 1
    outer loop
      vertex -4.352104726331948 -23.308242133285777 15
      vertex -1.6735976745988526 -23.16262419483242 15
      vertex -1.743449690031536 -22.94764179689674 15
    endloop
  endfacet
  facet normal 0 0 1
    outer loop
      vertex -4.275627220727947 -22.907333009083988 15
      vertex -1.743449690031536 -22.94764179689674 15
      vertex -1.78580646236606 -22.72559982041575 15
    endloop
  endfacet
  facet normal 0 0 1
    outer loop
      vertex -4.25 -22.5 15
      vertex -1.78580646236606 -22.72559982041575 15
      vertex -1.8 -22.5 15
    endloop
  endfacet
  facet normal 0 0 1
    outer loop
      vertex -4.25 -22.5 15
      vertex -1.8 -22.5 15
      vertex -1.78580646236606 -22.27440017958425 15
    endloop
  endfacet
  facet normal 0 0 1
    outer loop
      vertex -4.275627220727947 -22.092666990916012 15
      vertex -1.78580646236606 -22.27440017958425 15
      vertex -1.743449690031536 -22.05235820310326 15
    endloop
  endfacet
  facet normal 0 0 1
    outer loop
      vertex -6.495694768281421 -25.59093367795925 15
      vertex 6.1162173024135145 -25.440687920514563 15
      vertex 0.11302293515276478 -24.29644811117089 15
    endloop
  endfacet
  facet normal 0 0 1
    outer loop
      vertex -5.130851960880412 -20.27522190573176 15
      vertex -0.7664027248171309 -20.871311305561164 15
      vertex -5.428372033316759 -19.995831960978684 15
    endloop
  endfacet
  facet normal 0 0 1
    outer loop
      vertex -0.1130229351527639 -20.70355188882911 15
      vertex -6.495694768281421 -19.40906632204075 15
      vertex -6.116217302413514 -19.559312079485437 15
    endloop
  endfacet
  facet normal 0 0 1
    outer loop
      vertex -6.116217302413514 -19.559312079485437 15
      vertex -5.758562916318261 -19.75593424211845 15
      vertex -0.33728636625430425 -20.73188294868836 15
    endloop
  endfacet
  facet normal 0 0 1
    outer loop
      vertex -5.428372033316759 -19.995831960978684 15
      vertex -0.5562305898749054 -20.788098270668723 15
      vertex -5.758562916318261 -19.75593424211845 15
    endloop
  endfacet
  facet normal 0 0 1
    outer loop
      vertex -1.6735976745988526 -21.83737580516758 15
      vertex -4.352104726331949 -21.691757866714223 15
      vertex -4.275627220727947 -22.092666990916012 15
    endloop
  endfacet
  facet normal 0 0 1
    outer loop
      vertex -1.6735976745988526 -21.83737580516758 15
      vertex -4.478226420863184 -21.303595203774798 15
      vertex -4.352104726331949 -21.691757866714223 15
    endloop
  endfacet
  facet normal 0 0 1
    outer loop
      vertex -4.478226420863184 -21.303595203774798 15
      vertex -1.4562305898749055 -21.441986545873547 15
      vertex -4.6520032898574435 -20.934300559169426 15
    endloop
  endfacet
  facet normal 0 0 1
    outer loop
      vertex -4.6520032898574435 -20.934300559169426 15
      vertex -1.312143529358541 -21.26781520932836 15
      vertex -4.870694768281421 -20.58969793004946 15
    endloop
  endfacet
  facet normal 0 0 1
    outer loop
      vertex -5.130851960880412 -20.27522190573176 15
      vertex -4.870694768281421 -20.58969793004946 15
      vertex -0.9644882309621942 -20.980209734096373 15
    endloop
  endfacet
  facet normal 0 0 1
    outer loop
      vertex -1.6735976745988526 -21.83737580516758 15
      vertex -4.275627220727947 -22.092666990916012 15
      vertex -1.743449690031536 -22.05235820310326 15
    endloop
  endfacet
  facet normal 0 0 1
    outer loop
      vertex -4.478226420863184 -21.303595203774798 15
      vertex -1.6735976745988526 -21.83737580516758 15
      vertex -1.5773520240789543 -21.632843386616912 15
    endloop
  endfacet
  facet normal 0 0 1
    outer loop
      vertex -4.478226420863184 -21.303595203774798 15
      vertex -1.5773520240789543 -21.632843386616912 15
      vertex -1.4562305898749055 -21.441986545873547 15
    endloop
  endfacet
  facet normal 0 0 1
    outer loop
      vertex -4.6520032898574435 -20.934300559169426 15
      vertex -1.4562305898749055 -21.441986545873547 15
      vertex -1.312143529358541 -21.26781520932836 15
    endloop
  endfacet
  facet normal 0 0 1
    outer loop
      vertex -4.870694768281421 -20.58969793004946 15
      vertex -1.312143529358541 -21.26781520932836 15
      vertex -1.1473631815476413 -21.11307616300358 15
    endloop
  endfacet
  facet normal 0 0 1
    outer loop
      vertex -4.870694768281421 -20.58969793004946 15
      vertex -1.1473631815476413 -21.11307616300358 15
      vertex -0.9644882309621942 -20.980209734096373 15
    endloop
  endfacet
  facet normal 0 0 1
    outer loop
      vertex -5.130851960880412 -20.27522190573176 15
      vertex -0.9644882309621942 -20.980209734096373 15
      vertex -0.7664027248171309 -20.871311305561164 15
    endloop
  endfacet
  facet normal 0 0 1
    outer loop
      vertex -5.428372033316759 -19.995831960978684 15
      vertex -0.7664027248171309 -20.871311305561164 15
      vertex -0.5562305898749054 -20.788098270668723 15
    endloop
  endfacet
  facet normal 0 0 1
    outer loop
      vertex -5.758562916318261 -19.75593424211845 15
      vertex -0.5562305898749054 -20.788098270668723 15
      vertex -0.33728636625430425 -20.73188294868836 15
    endloop
  endfacet
  facet normal 0 0 1
    outer loop
      vertex -0.1130229351527639 -20.70355188882911 15
      vertex -6.116217302413514 -19.559312079485437 15
      vertex -0.33728636625430425 -20.73188294868836 15
    endloop
  endfacet
  facet normal 0 0 1
    outer loop
      vertex -0.1130229351527639 -20.70355188882911 15
      vertex 0.1130229351527639 -20.70355188882911 15
      vertex -6.495694768281421 -19.40906632204075 15
    endloop
  endfacet
  facet normal 0 0 1
    outer loop
      vertex -6.891010727596395 -19.30756643513176 15
      vertex -6.495694768281421 -19.40906632204075 15
      vertex 6.495694768281421 -19.40906632204075 15
    endloop
  endfacet
  facet normal 0 0 1
    outer loop
      vertex -6.495694768281421 -19.40906632204075 15
      vertex 0.1130229351527639 -20.70355188882911 15
      vertex 6.116217302413514 -19.559312079485437 15
    endloop
  endfacet
  facet normal 0 0 1
    outer loop
      vertex -15.5 -18.020265479896135 15
      vertex 26.045084971874736 -15.744717418524232 15
      vertex -15.5 -15.509866357858641 15
    endloop
  endfacet
  facet normal 0 0 -1
    outer loop
      vertex -24.81395259764657 -29.49013364214136 0
      vertex 7.70406918847027 -25.743586867391883 0
      vertex 20.42837203331676 -25.004168039021316 0
    endloop
  endfacet
  facet normal 0 0 -1
    outer loop
      vertex 5.1308519608804115 -24.72477809426824 0
      vertex -7.29593081152973 -25.743586867391883 0
      vertex 4.870694768281421 -24.41030206995054 0
    endloop
  endfacet
  facet normal 0 0 -1
    outer loop
      vertex -6.891010727596394 -25.69243356486824 0
      vertex 4.6520032898574435 -24.065699440830574 0
      vertex 4.870694768281421 -24.41030206995054 0
    endloop
  endfacet
  facet normal 0 0 -1
    outer loop
      vertex -6.891010727596394 -25.69243356486824 0
      vertex 4.478226420863183 -23.696404796225202 0
      vertex 4.6520032898574435 -24.065699440830574 0
    endloop
  endfacet
  facet normal 0 0 -1
    outer loop
      vertex 0.3372863662543047 -24.26811705131164 0
      vertex 0.5562305898749054 -24.211901729331277 0
      vertex 4.478226420863183 -23.696404796225202 0
    endloop
  endfacet
  facet normal 0 0 -1
    outer loop
      vertex 0.5562305898749054 -24.211901729331277 0
      vertex 0.7664027248171305 -24.128688694438836 0
      vertex 4.478226420863183 -23.696404796225202 0
    endloop
  endfacet
  facet normal 0 0 -1
    outer loop
      vertex 0.7664027248171305 -24.128688694438836 0
      vertex 0.9644882309621932 -24.019790265903627 0
      vertex 4.478226420863183 -23.696404796225202 0
    endloop
  endfacet
  facet normal 0 0 -1
    outer loop
      vertex 0.9644882309621932 -24.019790265903627 0
      vertex 1.147363181547642 -23.88692383699642 0
      vertex 4.478226420863183 -23.696404796225202 0
    endloop
  endfacet
  facet normal 0 0 -1
    outer loop
      vertex 1.312143529358541 -23.73218479067164 0
      vertex 4.478226420863183 -23.696404796225202 0
      vertex 1.147363181547642 -23.88692383699642 0
    endloop
  endfacet
  facet normal 0 0 -1
    outer loop
      vertex 1.312143529358541 -23.73218479067164 0
      vertex 1.4562305898749055 -23.558013454126453 0
      vertex 4.478226420863183 -23.696404796225202 0
    endloop
  endfacet
  facet normal 0 0 -1
    outer loop
      vertex 1.4562305898749055 -23.558013454126453 0
      vertex 1.5773520240789543 -23.367156613383088 0
      vertex 4.478226420863183 -23.696404796225202 0
    endloop
  endfacet
  facet normal 0 0 -1
    outer loop
      vertex 1.5773520240789543 -23.367156613383088 0
      vertex 1.6735976745988523 -23.16262419483242 0
      vertex 4.478226420863183 -23.696404796225202 0
    endloop
  endfacet
  facet normal 0 0 -1
    outer loop
      vertex 1.6735976745988523 -23.16262419483242 0
      vertex 1.7434496900315362 -22.94764179689674 0
      vertex 4.352104726331949 -23.308242133285777 0
    endloop
  endfacet
  facet normal 0 0 -1
    outer loop
      vertex 1.7434496900315362 -22.94764179689674 0
      vertex 1.78580646236606 -22.72559982041575 0
      vertex 4.275627220727947 -22.907333009083988 0
    endloop
  endfacet
  facet normal 0 0 -1
    outer loop
      vertex 1.78580646236606 -22.72559982041575 0
      vertex 1.8 -22.5 0
      vertex 4.25 -22.5 0
    endloop
  endfacet
  facet normal 0 0 -1
    outer loop
      vertex 1.8 -22.5 0
      vertex 1.78580646236606 -22.27440017958425 0
      vertex 4.25 -22.5 0
    endloop
  endfacet
  facet normal 0 0 -1
    outer loop
      vertex 1.78580646236606 -22.27440017958425 0
      vertex 1.743449690031536 -22.05235820310326 0
      vertex 4.275627220727947 -22.092666990916012 0
    endloop
  endfacet
  facet normal 0 0 -1
    outer loop
      vertex 1.6735976745988523 -23.16262419483242 0
      vertex 4.352104726331949 -23.308242133285777 0
      vertex 4.478226420863183 -23.696404796225202 0
    endloop
  endfacet
  facet normal 0 0 -1
    outer loop
      vertex 1.7434496900315362 -22.94764179689674 0
      vertex 4.275627220727947 -22.907333009083988 0
      vertex 4.352104726331949 -23.308242133285777 0
    endloop
  endfacet
  facet normal 0 0 -1
    outer loop
      vertex 1.78580646236606 -22.72559982041575 0
      vertex 4.25 -22.5 0
      vertex 4.275627220727947 -22.907333009083988 0
    endloop
  endfacet
  facet normal 0 0 -1
    outer loop
      vertex 1.78580646236606 -22.27440017958425 0
      vertex 4.275627220727947 -22.092666990916012 0
      vertex 4.25 -22.5 0
    endloop
  endfacet
  facet normal 0 0 -1
    outer loop
      vertex -24.81395259764657 -29.49013364214136 0
      vertex 20.42837203331676 -25.004168039021316 0
      vertex 20.75856291631826 -25.24406575788155 0
    endloop
  endfacet
  facet normal 0 0 -1
    outer loop
      vertex -24.81395259764657 -29.49013364214136 0
      vertex 21.49569476828142 -25.59093367795925 0
      vertex 25.436906572928624 -29.411436253643444 0
    endloop
  endfacet
  facet normal 0 0 -1
    outer loop
      vertex -24.81395259764657 -29.49013364214136 0
      vertex 21.116217302413514 -25.440687920514563 0
      vertex 21.49569476828142 -25.59093367795925 0
    endloop
  endfacet
  facet normal 0 0 -1
    outer loop
      vertex -24.81395259764657 -29.49013364214136 0
      vertex 20.75856291631826 -25.24406575788155 0
      vertex 21.116217302413514 -25.440687920514563 0
    endloop
  endfacet
  facet normal 0 0 -1
    outer loop
      vertex 4.870694768281421 -20.58969793004946 0
      vertex 0.1130229351527639 -20.70355188882911 0
      vertex -0.1130229351527639 -20.70355188882911 0
    endloop
  endfacet
  facet normal 0 0 -1
    outer loop
      vertex 4.870694768281421 -20.58969793004946 0
      vertex 0.33728636625430425 -20.73188294868836 0
      vertex 0.1130229351527639 -20.70355188882911 0
    endloop
  endfacet
  facet normal 0 0 -1
    outer loop
      vertex -5.130851960880412 -20.27522190573176 0
      vertex 5.1308519608804115 -20.27522190573176 0
      vertex 4.870694768281421 -20.58969793004946 0
    endloop
  endfacet
  facet normal 0 0 -1
    outer loop
      vertex -5.428372033316759 -19.995831960978684 0
      vertex 5.428372033316759 -19.995831960978684 0
      vertex 5.1308519608804115 -20.27522190573176 0
    endloop
  endfacet
  facet normal 0 0 -1
    outer loop
      vertex 1.6735976745988526 -21.83737580516758 0
      vertex 1.5773520240789545 -21.632843386616912 0
      vertex 4.352104726331949 -21.691757866714223 0
    endloop
  endfacet
  facet normal 0 0 -1
    outer loop
      vertex 1.743449690031536 -22.05235820310326 0
      vertex 1.6735976745988526 -21.83737580516758 0
      vertex 4.352104726331949 -21.691757866714223 0
    endloop
  endfacet
  facet normal 0 0 -1
    outer loop
      vertex 1.4562305898749055 -21.441986545873547 0
      vertex 4.478226420863183 -21.303595203774798 0
      vertex 1.5773520240789545 -21.632843386616912 0
    endloop
  endfacet
  facet normal 0 0 -1
    outer loop
      vertex 1.4562305898749055 -21.441986545873547 0
      vertex 1.3121435293585408 -21.26781520932836 0
      vertex 4.6520032898574435 -20.934300559169426 0
    endloop
  endfacet
  facet normal 0 0 -1
    outer loop
      vertex 4.870694768281421 -20.58969793004946 0
      vertex 0.7664027248171309 -20.871311305561164 0
      vertex 0.5562305898749054 -20.788098270668723 0
    endloop
  endfacet
  facet normal 0 0 -1
    outer loop
      vertex 4.870694768281421 -20.58969793004946 0
      vertex 0.964488230962194 -20.980209734096373 0
      vertex 0.7664027248171309 -20.871311305561164 0
    endloop
  endfacet
  facet normal 0 0 -1
    outer loop
      vertex 4.870694768281421 -20.58969793004946 0
      vertex 0.5562305898749054 -20.788098270668723 0
      vertex 0.33728636625430425 -20.73188294868836 0
    endloop
  endfacet
  facet normal 0 0 -1
    outer loop
      vertex 1.1473631815476415 -21.11307616300358 0
      vertex 4.6520032898574435 -20.934300559169426 0
      vertex 1.3121435293585408 -21.26781520932836 0
    endloop
  endfacet
  facet normal 0 0 -1
    outer loop
      vertex 0.964488230962194 -20.980209734096373 0
      vertex 4.870694768281421 -20.58969793004946 0
      vertex 1.1473631815476415 -21.11307616300358 0
    endloop
  endfacet
  facet normal 0 0 -1
    outer loop
      vertex 1.743449690031536 -22.05235820310326 0
      vertex 4.352104726331949 -21.691757866714223 0
      vertex 4.275627220727947 -22.092666990916012 0
    endloop
  endfacet
  facet normal 0 0 -1
    outer loop
      vertex 1.5773520240789545 -21.632843386616912 0
      vertex 4.478226420863183 -21.303595203774798 0
      vertex 4.352104726331949 -21.691757866714223 0
    endloop
  endfacet
  facet normal 0 0 -1
    outer loop
      vertex 1.4562305898749055 -21.441986545873547 0
      vertex 4.6520032898574435 -20.934300559169426 0
      vertex 4.478226420863183 -21.303595203774798 0
    endloop
  endfacet
  facet normal 0 0 -1
    outer loop
      vertex 1.1473631815476415 -21.11307616300358 0
      vertex 4.870694768281421 -20.58969793004946 0
      vertex 4.6520032898574435 -20.934300559169426 0
    endloop
  endfacet
  facet normal 0 0 -1
    outer loop
      vertex -5.428372033316759 -19.995831960978684 0
      vertex 5.758562916318261 -19.75593424211845 0
      vertex 5.428372033316759 -19.995831960978684 0
    endloop
  endfacet
  facet normal 0 0 -1
    outer loop
      vertex -5.758562916318261 -19.75593424211845 0
      vertex 6.116217302413514 -19.559312079485437 0
      vertex 5.758562916318261 -19.75593424211845 0
    endloop
  endfacet
  facet normal 0 0 -1
    outer loop
      vertex -6.116217302413514 -19.559312079485437 0
      vertex 6.495694768281421 -19.40906632204075 0
      vertex 6.116217302413514 -19.559312079485437 0
    endloop
  endfacet
  facet normal 0 0 -1
    outer loop
      vertex -6.495694768281421 -19.40906632204075 0
      vertex 6.891010727596395 -19.30756643513176 0
      vertex 6.495694768281421 -19.40906632204075 0
    endloop
  endfacet
  facet normal 0 0 -1
    outer loop
      vertex -16.836445559725117 -16.1930139760168 0
      vertex 20.75856291631826 -19.75593424211845 0
      vertex 7.704069188470268 -19.256413132608117 0
    endloop
  endfacet
  facet normal 0 0 -1
    outer loop
      vertex -24.81395259764657 -29.49013364214136 0
      vertex 25.436906572928624 -29.411436253643444 0
      vertex 24.81395259764657 -29.49013364214136 0
    endloop
  endfacet
  facet normal 0 0 -1
    outer loop
      vertex 8.504305231718579 -25.59093367795925 0
      vertex 8.883782697586486 -25.440687920514563 0
      vertex 14.886977064847235 -24.29644811117089 0
    endloop
  endfacet
  facet normal 0 0 -1
    outer loop
      vertex 8.883782697586486 -25.440687920514563 0
      vertex 9.241437083681738 -25.24406575788155 0
      vertex 14.662713633745696 -24.26811705131164 0
    endloop
  endfacet
  facet normal 0 0 -1
    outer loop
      vertex 9.241437083681738 -25.24406575788155 0
      vertex 9.571627966683241 -25.004168039021316 0
      vertex 14.443769410125094 -24.211901729331277 0
    endloop
  endfacet
  facet normal 0 0 -1
    outer loop
      vertex 9.869148039119588 -24.72477809426824 0
      vertex 14.23359727518287 -24.128688694438836 0
      vertex 9.571627966683241 -25.004168039021316 0
    endloop
  endfacet
  facet normal 0 0 -1
    outer loop
      vertex 9.869148039119588 -24.72477809426824 0
      vertex 10.129305231718579 -24.41030206995054 0
      vertex 14.035511769037806 -24.019790265903627 0
    endloop
  endfacet
  facet normal 0 0 -1
    outer loop
      vertex 10.129305231718579 -24.41030206995054 0
      vertex 10.347996710142557 -24.065699440830574 0
      vertex 13.687856470641458 -23.73218479067164 0
    endloop
  endfacet
  facet normal 0 0 -1
    outer loop
      vertex 7.70406918847027 -25.743586867391883 0
      vertex 8.108989272403605 -25.69243356486824 0
      vertex 20.42837203331676 -25.004168039021316 0
    endloop
  endfacet
  facet normal 0 0 -1
    outer loop
      vertex 8.108989272403605 -25.69243356486824 0
      vertex 8.504305231718579 -25.59093367795925 0
      vertex 20.42837203331676 -25.004168039021316 0
    endloop
  endfacet
  facet normal 0 0 -1
    outer loop
      vertex 8.504305231718579 -25.59093367795925 0
      vertex 14.886977064847235 -24.29644811117089 0
      vertex 15.113022935152765 -24.29644811117089 0
    endloop
  endfacet
  facet normal 0 0 -1
    outer loop
      vertex 8.883782697586486 -25.440687920514563 0
      vertex 14.662713633745696 -24.26811705131164 0
      vertex 14.886977064847235 -24.29644811117089 0
    endloop
  endfacet
  facet normal 0 0 -1
    outer loop
      vertex 9.241437083681738 -25.24406575788155 0
      vertex 14.443769410125094 -24.211901729331277 0
      vertex 14.662713633745696 -24.26811705131164 0
    endloop
  endfacet
  facet normal 0 0 -1
    outer loop
      vertex 9.571627966683241 -25.004168039021316 0
      vertex 14.23359727518287 -24.128688694438836 0
      vertex 14.443769410125094 -24.211901729331277 0
    endloop
  endfacet
  facet normal 0 0 -1
    outer loop
      vertex 10.129305231718579 -24.41030206995054 0
      vertex 13.687856470641458 -23.73218479067164 0
      vertex 13.852636818452359 -23.88692383699642 0
    endloop
  endfacet
  facet normal 0 0 -1
    outer loop
      vertex 10.129305231718579 -24.41030206995054 0
      vertex 13.852636818452359 -23.88692383699642 0
      vertex 14.035511769037806 -24.019790265903627 0
    endloop
  endfacet
  facet normal 0 0 -1
    outer loop
      vertex 9.869148039119588 -24.72477809426824 0
      vertex 14.035511769037806 -24.019790265903627 0
      vertex 14.23359727518287 -24.128688694438836 0
    endloop
  endfacet
  facet normal 0 0 -1
    outer loop
      vertex 10.347996710142557 -24.065699440830574 0
      vertex 10.521773579136816 -23.696404796225206 0
      vertex 13.543769410125094 -23.558013454126453 0
    endloop
  endfacet
  facet normal 0 0 -1
    outer loop
      vertex 10.647895273668052 -23.308242133285777 0
      vertex 13.422647975921045 -23.367156613383088 0
      vertex 10.521773579136816 -23.696404796225206 0
    endloop
  endfacet
  facet normal 0 0 -1
    outer loop
      vertex 10.647895273668052 -23.308242133285777 0
      vertex 10.724372779272052 -22.907333009083988 0
      vertex 13.256550309968464 -22.94764179689674 0
    endloop
  endfacet
  facet normal 0 0 -1
    outer loop
      vertex 10.724372779272052 -22.907333009083988 0
      vertex 10.75 -22.5 0
      vertex 13.214193537633939 -22.72559982041575 0
    endloop
  endfacet
  facet normal 0 0 -1
    outer loop
      vertex 10.75 -22.5 0
      vertex 10.724372779272052 -22.092666990916012 0
      vertex 13.214193537633939 -22.27440017958425 0
    endloop
  endfacet
  facet normal 0 0 -1
    outer loop
      vertex 10.647895273668052 -23.308242133285777 0
      vertex 13.256550309968464 -22.94764179689674 0
      vertex 13.326402325401148 -23.16262419483242 0
    endloop
  endfacet
  facet normal 0 0 -1
    outer loop
      vertex 10.347996710142557 -24.065699440830574 0
      vertex 13.543769410125094 -23.558013454126453 0
      vertex 13.687856470641458 -23.73218479067164 0
    endloop
  endfacet
  facet normal 0 0 -1
    outer loop
      vertex 10.521773579136816 -23.696404796225206 0
      vertex 13.422647975921045 -23.367156613383088 0
      vertex 13.543769410125094 -23.558013454126453 0
    endloop
  endfacet
  facet normal 0 0 -1
    outer loop
      vertex 13.422647975921045 -23.367156613383088 0
      vertex 10.647895273668052 -23.308242133285777 0
      vertex 13.326402325401148 -23.16262419483242 0
    endloop
  endfacet
  facet normal 0 0 -1
    outer loop
      vertex 10.724372779272052 -22.907333009083988 0
      vertex 13.214193537633939 -22.72559982041575 0
      vertex 13.256550309968464 -22.94764179689674 0
    endloop
  endfacet
  facet normal 0 0 -1
    outer loop
      vertex 10.75 -22.5 0
      vertex 13.2 -22.5 0
      vertex 13.214193537633939 -22.72559982041575 0
    endloop
  endfacet
  facet normal 0 0 -1
    outer loop
      vertex 10.75 -22.5 0
      vertex 13.214193537633939 -22.27440017958425 0
      vertex 13.2 -22.5 0
    endloop
  endfacet
  facet normal 0 0 -1
    outer loop
      vertex 10.724372779272052 -22.092666990916012 0
      vertex 13.256550309968464 -22.05235820310326 0
      vertex 13.214193537633939 -22.27440017958425 0
    endloop
  endfacet
  facet normal 0 0 -1
    outer loop
      vertex 8.504305231718579 -25.59093367795925 0
      vertex 15.113022935152765 -24.29644811117089 0
      vertex 20.42837203331676 -25.004168039021316 0
    endloop
  endfacet
  facet normal 0 0 -1
    outer loop
      vertex -16.836445559725117 -16.1930139760168 0
      vertex 21.116217302413514 -19.559312079485437 0
      vertex 20.75856291631826 -19.75593424211845 0
    endloop
  endfacet
  facet normal 0 0 -1
    outer loop
      vertex -16.836445559725117 -16.1930139760168 0
      vertex 21.49569476828142 -19.40906632204075 0
      vertex 21.116217302413514 -19.559312079485437 0
    endloop
  endfacet
  facet normal 0 0 -1
    outer loop
      vertex -16.836445559725117 -16.1930139760168 0
      vertex 21.891010727596395 -19.30756643513176 0
      vertex 21.49569476828142 -19.40906632204075 0
    endloop
  endfacet
  facet normal 0 0 -1
    outer loop
      vertex -16.836445559725117 -16.1930139760168 0
      vertex 22.295930811529733 -19.256413132608117 0
      vertex 21.891010727596395 -19.30756643513176 0
    endloop
  endfacet
  facet normal 0 0 -1
    outer loop
      vertex -16.836445559725117 -16.1930139760168 0
      vertex 22.704069188470267 -19.256413132608117 0
      vertex 22.295930811529733 -19.256413132608117 0
    endloop
  endfacet
  facet normal 0 0 -1
    outer loop
      vertex -16.836445559725117 -16.1930139760168 0
      vertex 24.813952597646566 -15.509866357858641 0
      vertex 22.704069188470267 -19.256413132608117 0
    endloop
  endfacet
  facet normal 0 0 -1
    outer loop
      vertex 10.647895273668052 -21.691757866714223 0
      vertex 10.521773579136816 -21.303595203774798 0
      vertex 13.326402325401148 -21.83737580516758 0
    endloop
  endfacet
  facet normal 0 0 -1
    outer loop
      vertex 10.347996710142557 -20.934300559169426 0
      vertex 13.543769410125094 -21.441986545873547 0
      vertex 10.521773579136816 -21.303595203774798 0
    endloop
  endfacet
  facet normal 0 0 -1
    outer loop
      vertex 10.724372779272052 -22.092666990916012 0
      vertex 10.647895273668052 -21.691757866714223 0
      vertex 13.256550309968464 -22.05235820310326 0
    endloop
  endfacet
  facet normal 0 0 -1
    outer loop
      vertex 13.687856470641458 -21.26781520932836 0
      vertex 10.347996710142557 -20.934300559169426 0
      vertex 10.129305231718579 -20.58969793004946 0
    endloop
  endfacet
  facet normal 0 0 -1
    outer loop
      vertex 9.869148039119587 -20.27522190573176 0
      vertex 14.035511769037806 -20.980209734096373 0
      vertex 10.129305231718579 -20.58969793004946 0
    endloop
  endfacet
  facet normal 0 0 -1
    outer loop
      vertex 10.647895273668052 -21.691757866714223 0
      vertex 13.326402325401148 -21.83737580516758 0
      vertex 13.256550309968464 -22.05235820310326 0
    endloop
  endfacet
  facet normal 0 0 -1
    outer loop
      vertex 10.521773579136816 -21.303595203774798 0
      vertex 13.422647975921045 -21.632843386616912 0
      vertex 13.326402325401148 -21.83737580516758 0
    endloop
  endfacet
  facet normal 0 0 -1
    outer loop
      vertex 10.521773579136816 -21.303595203774798 0
      vertex 13.543769410125094 -21.441986545873547 0
      vertex 13.422647975921045 -21.632843386616912 0
    endloop
  endfacet
  facet normal 0 0 -1
    outer loop
      vertex 13.687856470641458 -21.26781520932836 0
      vertex 13.543769410125094 -21.441986545873547 0
      vertex 10.347996710142557 -20.934300559169426 0
    endloop
  endfacet
  facet normal 0 0 -1
    outer loop
      vertex 13.687856470641458 -21.26781520932836 0
      vertex 10.129305231718579 -20.58969793004946 0
      vertex 13.852636818452359 -21.11307616300358 0
    endloop
  endfacet
  facet normal 0 0 -1
    outer loop
      vertex 10.129305231718579 -20.58969793004946 0
      vertex 14.035511769037806 -20.980209734096373 0
      vertex 13.852636818452359 -21.11307616300358 0
    endloop
  endfacet
  facet normal 0 0 -1
    outer loop
      vertex 9.869148039119587 -20.27522190573176 0
      vertex 14.23359727518287 -20.871311305561164 0
      vertex 14.035511769037806 -20.980209734096373 0
    endloop
  endfacet
  facet normal 0 0 -1
    outer loop
      vertex 9.869148039119587 -20.27522190573176 0
      vertex 14.443769410125094 -20.788098270668723 0
      vertex 14.23359727518287 -20.871311305561164 0
    endloop
  endfacet
  facet normal 0 0 -1
    outer loop
      vertex 20.75856291631826 -19.75593424211845 0
      vertex 8.108989272403605 -19.30756643513176 0
      vertex 7.704069188470268 -19.256413132608117 0
    endloop
  endfacet
  facet normal 0 0 -1
    outer loop
      vertex 20.75856291631826 -19.75593424211845 0
      vertex 8.504305231718579 -19.40906632204075 0
      vertex 8.108989272403605 -19.30756643513176 0
    endloop
  endfacet
  facet normal 0 0 -1
    outer loop
      vertex 20.75856291631826 -19.75593424211845 0
      vertex 8.883782697586486 -19.559312079485437 0
      vertex 8.504305231718579 -19.40906632204075 0
    endloop
  endfacet
  facet normal 0 0 -1
    outer loop
      vertex 9.869148039119587 -20.27522190573176 0
      vertex 14.662713633745696 -20.73188294868836 0
      vertex 14.443769410125094 -20.788098270668723 0
    endloop
  endfacet
  facet normal 0 0 -1
    outer loop
      vertex 9.869148039119587 -20.27522190573176 0
      vertex 14.886977064847237 -20.70355188882911 0
      vertex 14.662713633745696 -20.73188294868836 0
    endloop
  endfacet
  facet normal 0 0 -1
    outer loop
      vertex 9.571627966683241 -19.995831960978684 0
      vertex 20.42837203331676 -19.995831960978684 0
      vertex 9.869148039119587 -20.27522190573176 0
    endloop
  endfacet
  facet normal 0 0 -1
    outer loop
      vertex 9.241437083681738 -19.75593424211845 0
      vertex 20.75856291631826 -19.75593424211845 0
      vertex 9.571627966683241 -19.995831960978684 0
    endloop
  endfacet
  facet normal 0 0 -1
    outer loop
      vertex 8.883782697586486 -19.559312079485437 0
      vertex 20.75856291631826 -19.75593424211845 0
      vertex 9.241437083681738 -19.75593424211845 0
    endloop
  endfacet
  facet normal 0 -1 0
    outer loop
      vertex -24.81395259764657 -29.49013364214136 0
      vertex 24.81395259764657 -29.49013364214136 0
      vertex 24.18604740235343 -29.49013364214136 15
    endloop
  endfacet
  facet normal 0 1 0
    outer loop
      vertex -15.5 -15.509866357858641 0
      vertex 24.813952597646566 -15.509866357858641 15
      vertex 24.813952597646566 -15.509866357858641 0
    endloop
  endfacet
  facet normal 0 0 -1
    outer loop
      vertex 15.113022935152765 -24.29644811117089 0
      vertex 15.337286366254304 -24.26811705131164 0
      vertex 20.42837203331676 -25.004168039021316 0
    endloop
  endfacet
  facet normal 0 0 -1
    outer loop
      vertex 15.337286366254304 -24.26811705131164 0
      vertex 15.556230589874906 -24.211901729331277 0
      vertex 20.42837203331676 -25.004168039021316 0
    endloop
  endfacet
  facet normal 0 0 -1
    outer loop
      vertex 15.556230589874906 -24.211901729331277 0
      vertex 15.76640272481713 -24.128688694438836 0
      vertex 20.42837203331676 -25.004168039021316 0
    endloop
  endfacet
  facet normal 0 0 -1
    outer loop
      vertex 15.76640272481713 -24.128688694438836 0
      vertex 15.964488230962193 -24.019790265903627 0
      vertex 20.130851960880413 -24.72477809426824 0
    endloop
  endfacet
  facet normal 0 0 -1
    outer loop
      vertex 15.964488230962193 -24.019790265903627 0
      vertex 16.147363181547643 -23.88692383699642 0
      vertex 19.87069476828142 -24.41030206995054 0
    endloop
  endfacet
  facet normal 0 0 -1
    outer loop
      vertex 16.31214352935854 -23.73218479067164 0
      vertex 19.87069476828142 -24.41030206995054 0
      vertex 16.147363181547643 -23.88692383699642 0
    endloop
  endfacet
  facet normal 0 0 -1
    outer loop
      vertex 16.31214352935854 -23.73218479067164 0
      vertex 16.456230589874906 -23.558013454126453 0
      vertex 19.652003289857443 -24.065699440830574 0
    endloop
  endfacet
  facet normal 0 0 -1
    outer loop
      vertex 16.456230589874906 -23.558013454126453 0
      vertex 16.577352024078955 -23.367156613383088 0
      vertex 19.478226420863184 -23.696404796225202 0
    endloop
  endfacet
  facet normal 0 0 -1
    outer loop
      vertex 16.577352024078955 -23.367156613383088 0
      vertex 16.673597674598852 -23.16262419483242 0
      vertex 19.478226420863184 -23.696404796225202 0
    endloop
  endfacet
  facet normal 0 0 -1
    outer loop
      vertex 16.673597674598852 -23.16262419483242 0
      vertex 16.743449690031536 -22.94764179689674 0
      vertex 19.352104726331948 -23.308242133285777 0
    endloop
  endfacet
  facet normal 0 0 -1
    outer loop
      vertex 16.743449690031536 -22.94764179689674 0
      vertex 16.78580646236606 -22.72559982041575 0
      vertex 19.275627220727948 -22.907333009083988 0
    endloop
  endfacet
  facet normal 0 0 -1
    outer loop
      vertex 16.8 -22.5 0
      vertex 19.275627220727948 -22.907333009083988 0
      vertex 16.78580646236606 -22.72559982041575 0
    endloop
  endfacet
  facet normal 0 0 -1
    outer loop
      vertex 19.25 -22.5 0
      vertex 16.8 -22.5 0
      vertex 16.78580646236606 -22.27440017958425 0
    endloop
  endfacet
  facet normal 0 0 -1
    outer loop
      vertex 16.78580646236606 -22.27440017958425 0
      vertex 16.743449690031536 -22.05235820310326 0
      vertex 19.275627220727948 -22.092666990916012 0
    endloop
  endfacet
  facet normal 0 0 -1
    outer loop
      vertex 19.25 -22.5 0
      vertex 16.78580646236606 -22.27440017958425 0
      vertex 19.275627220727948 -22.092666990916012 0
    endloop
  endfacet
  facet normal 0 0 -1
    outer loop
      vertex 15.76640272481713 -24.128688694438836 0
      vertex 20.130851960880413 -24.72477809426824 0
      vertex 20.42837203331676 -25.004168039021316 0
    endloop
  endfacet
  facet normal 0 0 -1
    outer loop
      vertex 15.964488230962193 -24.019790265903627 0
      vertex 19.87069476828142 -24.41030206995054 0
      vertex 20.130851960880413 -24.72477809426824 0
    endloop
  endfacet
  facet normal 0 0 -1
    outer loop
      vertex 16.31214352935854 -23.73218479067164 0
      vertex 19.652003289857443 -24.065699440830574 0
      vertex 19.87069476828142 -24.41030206995054 0
    endloop
  endfacet
  facet normal 0 0 -1
    outer loop
      vertex 16.456230589874906 -23.558013454126453 0
      vertex 19.478226420863184 -23.696404796225202 0
      vertex 19.652003289857443 -24.065699440830574 0
    endloop
  endfacet
  facet normal 0 0 -1
    outer loop
      vertex 16.673597674598852 -23.16262419483242 0
      vertex 19.352104726331948 -23.308242133285777 0
      vertex 19.478226420863184 -23.696404796225202 0
    endloop
  endfacet
  facet normal 0 0 -1
    outer loop
      vertex 16.743449690031536 -22.94764179689674 0
      vertex 19.275627220727948 -22.907333009083988 0
      vertex 19.352104726331948 -23.308242133285777 0
    endloop
  endfacet
  facet normal 0 0 -1
    outer loop
      vertex 16.8 -22.5 0
      vertex 19.25 -22.5 0
      vertex 19.275627220727948 -22.907333009083988 0
    endloop
  endfacet
  facet normal 0 0 -1
    outer loop
      vertex 9.869148039119587 -20.27522190573176 0
      vertex 19.87069476828142 -20.58969793004946 0
      vertex 14.886977064847237 -20.70355188882911 0
    endloop
  endfacet
  facet normal 0 0 -1
    outer loop
      vertex 16.577352024078955 -21.632843386616912 0
      vertex 16.456230589874906 -21.441986545873547 0
      vertex 19.478226420863184 -21.303595203774798 0
    endloop
  endfacet
  facet normal 0 0 -1
    outer loop
      vertex 16.31214352935854 -21.26781520932836 0
      vertex 19.652003289857443 -20.934300559169426 0
      vertex 16.456230589874906 -21.441986545873547 0
    endloop
  endfacet
  facet normal 0 0 -1
    outer loop
      vertex 19.87069476828142 -20.58969793004946 0
      vertex 15.113022935152763 -20.70355188882911 0
      vertex 14.886977064847237 -20.70355188882911 0
    endloop
  endfacet
  facet normal 0 0 -1
    outer loop
      vertex 19.87069476828142 -20.58969793004946 0
      vertex 15.337286366254304 -20.73188294868836 0
      vertex 15.113022935152763 -20.70355188882911 0
    endloop
  endfacet
  facet normal 0 0 -1
    outer loop
      vertex 9.869148039119587 -20.27522190573176 0
      vertex 20.130851960880413 -20.27522190573176 0
      vertex 19.87069476828142 -20.58969793004946 0
    endloop
  endfacet
  facet normal 0 0 -1
    outer loop
      vertex 19.87069476828142 -20.58969793004946 0
      vertex 15.556230589874906 -20.788098270668723 0
      vertex 15.337286366254304 -20.73188294868836 0
    endloop
  endfacet
  facet normal 0 0 -1
    outer loop
      vertex 19.87069476828142 -20.58969793004946 0
      vertex 15.76640272481713 -20.871311305561164 0
      vertex 15.556230589874906 -20.788098270668723 0
    endloop
  endfacet
  facet normal 0 0 -1
    outer loop
      vertex 19.87069476828142 -20.58969793004946 0
      vertex 15.964488230962194 -20.980209734096373 0
      vertex 15.76640272481713 -20.871311305561164 0
    endloop
  endfacet
  facet normal 0 0 -1
    outer loop
      vertex 16.147363181547643 -21.11307616300358 0
      vertex 19.87069476828142 -20.58969793004946 0
      vertex 16.31214352935854 -21.26781520932836 0
    endloop
  endfacet
  facet normal 0 0 -1
    outer loop
      vertex 15.964488230962194 -20.980209734096373 0
      vertex 19.87069476828142 -20.58969793004946 0
      vertex 16.147363181547643 -21.11307616300358 0
    endloop
  endfacet
  facet normal 0 0 -1
    outer loop
      vertex 16.743449690031536 -22.05235820310326 0
      vertex 16.673597674598852 -21.83737580516758 0
      vertex 19.352104726331948 -21.691757866714223 0
    endloop
  endfacet
  facet normal 0 0 -1
    outer loop
      vertex 16.673597674598852 -21.83737580516758 0
      vertex 16.577352024078955 -21.632843386616912 0
      vertex 19.478226420863184 -21.303595203774798 0
    endloop
  endfacet
  facet normal 0 0 -1
    outer loop
      vertex 20.130851960880413 -20.27522190573176 0
      vertex 9.869148039119587 -20.27522190573176 0
      vertex 20.42837203331676 -19.995831960978684 0
    endloop
  endfacet
  facet normal 0 0 -1
    outer loop
      vertex 9.571627966683241 -19.995831960978684 0
      vertex 20.75856291631826 -19.75593424211845 0
      vertex 20.42837203331676 -19.995831960978684 0
    endloop
  endfacet
  facet normal 0 0 -1
    outer loop
      vertex 16.743449690031536 -22.05235820310326 0
      vertex 19.352104726331948 -21.691757866714223 0
      vertex 19.275627220727948 -22.092666990916012 0
    endloop
  endfacet
  facet normal 0 0 -1
    outer loop
      vertex 16.673597674598852 -21.83737580516758 0
      vertex 19.478226420863184 -21.303595203774798 0
      vertex 19.352104726331948 -21.691757866714223 0
    endloop
  endfacet
  facet normal 0 0 -1
    outer loop
      vertex 16.456230589874906 -21.441986545873547 0
      vertex 19.652003289857443 -20.934300559169426 0
      vertex 19.478226420863184 -21.303595203774798 0
    endloop
  endfacet
  facet normal 0 0 -1
    outer loop
      vertex 16.31214352935854 -21.26781520932836 0
      vertex 19.87069476828142 -20.58969793004946 0
      vertex 19.652003289857443 -20.934300559169426 0
    endloop
  endfacet
  facet normal 0 0 -1
    outer loop
      vertex 25.436906572928624 -29.411436253643444 0
      vertex 21.49569476828142 -25.59093367795925 0
      vertex 21.891010727596395 -25.69243356486824 0
    endloop
  endfacet
  facet normal 0 0 -1
    outer loop
      vertex 25.436906572928624 -29.411436253643444 0
      vertex 21.891010727596395 -25.69243356486824 0
      vertex 22.29593081152973 -25.743586867391883 0
    endloop
  endfacet
  facet normal 0 0 -1
    outer loop
      vertex 25.436906572928624 -29.411436253643444 0
      vertex 22.29593081152973 -25.743586867391883 0
      vertex 22.70406918847027 -25.743586867391883 0
    endloop
  endfacet
  facet normal 0 0 -1
    outer loop
      vertex 25.436906572928624 -29.411436253643444 0
      vertex 22.70406918847027 -25.743586867391883 0
      vertex 23.108989272403605 -25.69243356486824 0
    endloop
  endfacet
  facet normal 0 0 -1
    outer loop
      vertex 25.436906572928624 -29.411436253643444 0
      vertex 23.108989272403605 -25.69243356486824 0
      vertex 23.50430523171858 -25.59093367795925 0
    endloop
  endfacet
  facet normal 0 0 -1
    outer loop
      vertex 25.436906572928624 -29.411436253643444 0
      vertex 23.50430523171858 -25.59093367795925 0
      vertex 23.883782697586486 -25.440687920514563 0
    endloop
  endfacet
  facet normal 0 0 -1
    outer loop
      vertex 25.436906572928624 -29.411436253643444 0
      vertex 23.883782697586486 -25.440687920514563 0
      vertex 24.24143708368174 -25.24406575788155 0
    endloop
  endfacet
  facet normal 0 0 -1
    outer loop
      vertex 25.436906572928624 -29.411436253643444 0
      vertex 24.24143708368174 -25.24406575788155 0
      vertex 24.57162796668324 -25.004168039021316 0
    endloop
  endfacet
  facet normal 0 0 -1
    outer loop
      vertex 25.436906572928624 -29.411436253643444 0
      vertex 24.57162796668324 -25.004168039021316 0
      vertex 24.869148039119587 -24.72477809426824 0
    endloop
  endfacet
  facet normal 0 0 -1
    outer loop
      vertex 25.436906572928624 -29.411436253643444 0
      vertex 24.869148039119587 -24.72477809426824 0
      vertex 25.12930523171858 -24.41030206995054 0
    endloop
  endfacet
  facet normal 0 0 -1
    outer loop
      vertex 25.436906572928624 -29.411436253643444 0
      vertex 25.12930523171858 -24.41030206995054 0
      vertex 25.347996710142557 -24.065699440830574 0
    endloop
  endfacet
  facet normal 0 0 -1
    outer loop
      vertex 25.436906572928624 -29.411436253643444 0
      vertex 25.347996710142557 -24.065699440830574 0
      vertex 25.521773579136816 -23.696404796225206 0
    endloop
  endfacet
  facet normal 0 0 -1
    outer loop
      vertex 25.436906572928624 -29.411436253643444 0
      vertex 25.521773579136816 -23.696404796225206 0
      vertex 25.647895273668052 -23.308242133285777 0
    endloop
  endfacet
  facet normal 0 0 -1
    outer loop
      vertex 25.436906572928624 -29.411436253643444 0
      vertex 26.628896457825363 -29.0241352623301 0
      vertex 26.045084971874736 -29.255282581475768 0
    endloop
  endfacet
  facet normal 0 0 -1
    outer loop
      vertex 25.436906572928624 -29.411436253643444 0
      vertex 27.68711994874345 -28.352566213878944 0
      vertex 26.628896457825363 -29.0241352623301 0
    endloop
  endfacet
  facet normal 0 0 -1
    outer loop
      vertex 26.628896457825363 -29.0241352623301 0
      vertex 27.68711994874345 -28.352566213878944 0
      vertex 27.17913397489498 -28.721639627510076 0
    endloop
  endfacet
  facet normal 0 0 -1
    outer loop
      vertex 25.436906572928624 -29.411436253643444 0
      vertex 29.148882429441258 -26.34062276342339 0
      vertex 27.68711994874345 -28.352566213878944 0
    endloop
  endfacet
  facet normal 0 0 -1
    outer loop
      vertex 27.68711994874345 -28.352566213878944 0
      vertex 28.88153340021932 -26.908768370508575 0
      vertex 28.14484313710706 -27.922735529643443 0
    endloop
  endfacet
  facet normal 0 0 -1
    outer loop
      vertex 28.14484313710706 -27.922735529643443 0
      vertex 28.88153340021932 -26.908768370508575 0
      vertex 28.545084971874736 -27.438926261462367 0
    endloop
  endfacet
  facet normal 0 0 -1
    outer loop
      vertex 27.68711994874345 -28.352566213878944 0
      vertex 29.148882429441258 -26.34062276342339 0
      vertex 28.88153340021932 -26.908768370508575 0
    endloop
  endfacet
  facet normal 0 0 -1
    outer loop
      vertex 25.436906572928624 -29.411436253643444 0
      vertex 25.647895273668052 -23.308242133285777 0
      vertex 29.5 -20.5 0
    endloop
  endfacet
  facet normal 0 0 -1
    outer loop
      vertex 29.5 -20.5 0
      vertex 25.647895273668052 -23.308242133285777 0
      vertex 25.724372779272052 -22.907333009083988 0
    endloop
  endfacet
  facet normal 0 0 -1
    outer loop
      vertex 25.436906572928624 -29.411436253643444 0
      vertex 29.5 -20.5 0
      vertex 29.148882429441258 -26.34062276342339 0
    endloop
  endfacet
  facet normal 0 0 -1
    outer loop
      vertex 29.148882429441258 -26.34062276342339 0
      vertex 29.5 -24.5 0
      vertex 29.342915805643155 -25.74344943582427 0
    endloop
  endfacet
  facet normal 0 0 -1
    outer loop
      vertex 29.342915805643155 -25.74344943582427 0
      vertex 29.5 -24.5 0
      vertex 29.460573506572388 -25.12666616782152 0
    endloop
  endfacet
  facet normal 0 0 -1
    outer loop
      vertex 29.148882429441258 -26.34062276342339 0
      vertex 29.5 -20.5 0
      vertex 29.5 -24.5 0
    endloop
  endfacet
  facet normal 0 0 -1
    outer loop
      vertex 24.813952597646566 -15.509866357858641 0
      vertex 23.108989272403605 -19.30756643513176 0
      vertex 22.704069188470267 -19.256413132608117 0
    endloop
  endfacet
  facet normal 0 0 -1
    outer loop
      vertex 24.813952597646566 -15.509866357858641 0
      vertex 23.50430523171858 -19.40906632204075 0
      vertex 23.108989272403605 -19.30756643513176 0
    endloop
  endfacet
  facet normal 0 0 -1
    outer loop
      vertex 24.813952597646566 -15.509866357858641 0
      vertex 23.883782697586486 -19.559312079485437 0
      vertex 23.50430523171858 -19.40906632204075 0
    endloop
  endfacet
  facet normal 0 0 -1
    outer loop
      vertex 24.813952597646566 -15.509866357858641 0
      vertex 24.24143708368174 -19.75593424211845 0
      vertex 23.883782697586486 -19.559312079485437 0
    endloop
  endfacet
  facet normal 0 0 -1
    outer loop
      vertex 24.813952597646566 -15.509866357858641 0
      vertex 24.57162796668324 -19.995831960978684 0
      vertex 24.24143708368174 -19.75593424211845 0
    endloop
  endfacet
  facet normal 0 0 -1
    outer loop
      vertex 24.813952597646566 -15.509866357858641 0
      vertex 25.436906572928624 -15.588563746356556 0
      vertex 26.045084971874736 -15.744717418524232 0
    endloop
  endfacet
  facet normal 0 0 -1
    outer loop
      vertex 29.5 -20.5 0
      vertex 25.12930523171858 -20.58969793004946 0
      vertex 24.869148039119587 -20.27522190573176 0
    endloop
  endfacet
  facet normal 0 0 -1
    outer loop
      vertex 29.5 -20.5 0
      vertex 25.347996710142557 -20.934300559169426 0
      vertex 25.12930523171858 -20.58969793004946 0
    endloop
  endfacet
  facet normal 0 0 -1
    outer loop
      vertex 29.5 -20.5 0
      vertex 25.724372779272052 -22.907333009083988 0
      vertex 25.75 -22.5 0
    endloop
  endfacet
  facet normal 0 0 -1
    outer loop
      vertex 29.5 -20.5 0
      vertex 25.75 -22.5 0
      vertex 25.724372779272052 -22.092666990916012 0
    endloop
  endfacet
  facet normal 0 0 -1
    outer loop
      vertex 29.5 -20.5 0
      vertex 25.724372779272052 -22.092666990916012 0
      vertex 25.647895273668052 -21.691757866714223 0
    endloop
  endfacet
  facet normal 0 0 -1
    outer loop
      vertex 29.5 -20.5 0
      vertex 25.647895273668052 -21.691757866714223 0
      vertex 25.521773579136816 -21.303595203774798 0
    endloop
  endfacet
  facet normal 0 0 -1
    outer loop
      vertex 29.5 -20.5 0
      vertex 25.521773579136816 -21.303595203774798 0
      vertex 25.347996710142557 -20.934300559169426 0
    endloop
  endfacet
  facet normal 0 0 -1
    outer loop
      vertex 29.5 -20.5 0
      vertex 24.869148039119587 -20.27522190573176 0
      vertex 24.57162796668324 -19.995831960978684 0
    endloop
  endfacet
  facet normal 0 0 -1
    outer loop
      vertex 24.813952597646566 -15.509866357858641 0
      vertex 29.5 -20.5 0
      vertex 24.57162796668324 -19.995831960978684 0
    endloop
  endfacet
  facet normal 0 0 -1
    outer loop
      vertex 29.5 -20.5 0
      vertex 29.342915805643155 -19.256550564175726 0
      vertex 29.460573506572388 -19.873333832178478 0
    endloop
  endfacet
  facet normal 0 0 -1
    outer loop
      vertex 29.5 -20.5 0
      vertex 29.148882429441258 -18.65937723657661 0
      vertex 29.342915805643155 -19.256550564175726 0
    endloop
  endfacet
  facet normal 0 0 -1
    outer loop
      vertex 29.5 -20.5 0
      vertex 28.14484313710706 -17.077264470356557 0
      vertex 29.148882429441258 -18.65937723657661 0
    endloop
  endfacet
  facet normal 0 0 -1
    outer loop
      vertex 24.813952597646566 -15.509866357858641 0
      vertex 28.14484313710706 -17.077264470356557 0
      vertex 29.5 -20.5 0
    endloop
  endfacet
  facet normal 0 0 -1
    outer loop
      vertex 24.813952597646566 -15.509866357858641 0
      vertex 26.045084971874736 -15.744717418524232 0
      vertex 26.628896457825363 -15.975864737669902 0
    endloop
  endfacet
  facet normal 0 0 -1
    outer loop
      vertex 24.813952597646566 -15.509866357858641 0
      vertex 26.628896457825363 -15.975864737669902 0
      vertex 28.14484313710706 -17.077264470356557 0
    endloop
  endfacet
  facet normal 0 0 -1
    outer loop
      vertex 26.628896457825363 -15.975864737669902 0
      vertex 27.179133974894985 -16.278360372489924 0
      vertex 27.687119948743447 -16.647433786121056 0
    endloop
  endfacet
  facet normal 0 0 -1
    outer loop
      vertex 26.628896457825363 -15.975864737669902 0
      vertex 27.687119948743447 -16.647433786121056 0
      vertex 28.14484313710706 -17.077264470356557 0
    endloop
  endfacet
  facet normal 0 0 -1
    outer loop
      vertex 28.545084971874736 -17.561073738537633 0
      vertex 28.88153340021932 -18.091231629491425 0
      vertex 28.14484313710706 -17.077264470356557 0
    endloop
  endfacet
  facet normal 0 0 -1
    outer loop
      vertex 29.148882429441258 -18.65937723657661 0
      vertex 28.14484313710706 -17.077264470356557 0
      vertex 28.88153340021932 -18.091231629491425 0
    endloop
  endfacet
  facet normal 0.12533323356430504 -0.9921147013144779 0
    outer loop
      vertex 24.81395259764657 -29.49013364214136 0
      vertex 25.436906572928624 -29.411436253643444 0
      vertex 24.81395259764657 -29.49013364214136 15
    endloop
  endfacet
  facet normal 0.2486898871648561 -0.968583161128631 0
    outer loop
      vertex 25.436906572928624 -29.411436253643444 0
      vertex 26.045084971874736 -29.255282581475768 0
      vertex 26.045084971874736 -29.255282581475768 15
    endloop
  endfacet
  facet normal 0.3681245526846774 -0.9297764858882516 0
    outer loop
      vertex 26.045084971874736 -29.255282581475768 0
      vertex 26.628896457825363 -29.0241352623301 0
      vertex 26.045084971874736 -29.255282581475768 15
    endloop
  endfacet
  facet normal 0.4817536741017169 -0.8763066800438627 0
    outer loop
      vertex 26.628896457825363 -29.0241352623301 0
      vertex 27.17913397489498 -28.721639627510076 0
      vertex 26.628896457825363 -29.0241352623301 15
    endloop
  endfacet
  facet normal 0.5877852522924719 -0.8090169943749483 0
    outer loop
      vertex 27.17913397489498 -28.721639627510076 0
      vertex 27.68711994874345 -28.352566213878944 0
      vertex 27.68711994874345 -28.352566213878944 15
    endloop
  endfacet
  facet normal 0.6845471059286874 -0.7289686274214127 0
    outer loop
      vertex 27.68711994874345 -28.352566213878944 0
      vertex 28.14484313710706 -27.922735529643443 0
      vertex 28.14484313710706 -27.922735529643443 15
    endloop
  endfacet
  facet normal 0.7705132427757906 -0.637423989748688 0
    outer loop
      vertex 28.14484313710706 -27.922735529643443 0
      vertex 28.545084971874736 -27.438926261462367 0
      vertex 28.545084971874736 -27.438926261462367 15
    endloop
  endfacet
  facet normal 0.8443279255020155 -0.5358267949789962 0
    outer loop
      vertex 28.545084971874736 -27.438926261462367 0
      vertex 28.88153340021932 -26.908768370508575 0
      vertex 28.545084971874736 -27.438926261462367 15
    endloop
  endfacet
  facet normal 0.9048270524660186 -0.42577929156507444 0
    outer loop
      vertex 28.88153340021932 -26.908768370508575 0
      vertex 29.148882429441258 -26.34062276342339 0
      vertex 28.88153340021932 -26.908768370508575 15
    endloop
  endfacet
  facet normal 0.9510565162951546 -0.30901699437494407 0
    outer loop
      vertex 29.148882429441258 -26.34062276342339 0
      vertex 29.342915805643155 -25.74344943582427 0
      vertex 29.148882429441258 -26.34062276342339 15
    endloop
  endfacet
  facet normal 0.9822872507286889 -0.18738131458572285 0
    outer loop
      vertex 29.342915805643155 -25.74344943582427 0
      vertex 29.460573506572388 -25.12666616782152 0
      vertex 29.460573506572388 -25.12666616782152 15
    endloop
  endfacet
  facet normal 0.9980267284282713 -0.06279051952931591 0
    outer loop
      vertex 29.460573506572388 -25.12666616782152 0
      vertex 29.5 -24.5 0
      vertex 29.5 -24.5 15
    endloop
  endfacet
  facet normal 0.1253332335643043 0.9921147013144777 0
    outer loop
      vertex 24.813952597646566 -15.509866357858641 0
      vertex 25.436906572928624 -15.588563746356556 15
      vertex 25.436906572928624 -15.588563746356556 0
    endloop
  endfacet
  facet normal 0.2486898871648561 0.968583161128631 0
    outer loop
      vertex 25.436906572928624 -15.588563746356556 0
      vertex 25.436906572928624 -15.588563746356556 15
      vertex 26.045084971874736 -15.744717418524232 0
    endloop
  endfacet
  facet normal 1 0 0
    outer loop
      vertex 29.5 -24.5 0
      vertex 29.5 -20.5 0
      vertex 29.5 -20.5 15
    endloop
  endfacet
  facet normal 0.9980267284282713 0.06279051952931557 0
    outer loop
      vertex 29.5 -20.5 0
      vertex 29.460573506572388 -19.873333832178478 0
      vertex 29.460573506572388 -19.873333832178478 15
    endloop
  endfacet
  facet normal 0.9822872507286889 0.18738131458572285 0
    outer loop
      vertex 29.460573506572388 -19.873333832178478 0
      vertex 29.342915805643155 -19.256550564175726 0
      vertex 29.342915805643155 -19.256550564175726 15
    endloop
  endfacet
  facet normal 0.951056516295154 0.3090169943749457 0
    outer loop
      vertex 29.342915805643155 -19.256550564175726 0
      vertex 29.148882429441258 -18.65937723657661 0
      vertex 29.148882429441258 -18.65937723657661 15
    endloop
  endfacet
  facet normal 0.3681245526846774 0.9297764858882516 0
    outer loop
      vertex 26.045084971874736 -15.744717418524232 0
      vertex 26.045084971874736 -15.744717418524232 15
      vertex 26.628896457825363 -15.975864737669902 0
    endloop
  endfacet
  facet normal 0.4817536741017145 0.876306680043864 0
    outer loop
      vertex 26.628896457825363 -15.975864737669902 0
      vertex 27.179133974894985 -16.278360372489924 15
      vertex 27.179133974894985 -16.278360372489924 0
    endloop
  endfacet
  facet normal 0.5877852522924772 0.8090169943749445 0
    outer loop
      vertex 27.179133974894985 -16.278360372489924 0
      vertex 27.179133974894985 -16.278360372489924 15
      vertex 27.687119948743447 -16.647433786121056 0
    endloop
  endfacet
  facet normal 0.6845471059286846 0.7289686274214154 0
    outer loop
      vertex 27.687119948743447 -16.647433786121056 0
      vertex 27.687119948743447 -16.647433786121056 15
      vertex 28.14484313710706 -17.077264470356557 0
    endloop
  endfacet
  facet normal 0.7705132427757906 0.637423989748688 0
    outer loop
      vertex 28.545084971874736 -17.561073738537633 0
      vertex 28.14484313710706 -17.077264470356557 0
      vertex 28.545084971874736 -17.561073738537633 15
    endloop
  endfacet
  facet normal 0.9048270524660186 0.42577929156507444 0
    outer loop
      vertex 29.148882429441258 -18.65937723657661 0
      vertex 28.88153340021932 -18.091231629491425 0
      vertex 28.88153340021932 -18.091231629491425 15
    endloop
  endfacet
  facet normal 0.8443279255020155 0.5358267949789962 0
    outer loop
      vertex 28.545084971874736 -17.561073738537633 0
      vertex 28.545084971874736 -17.561073738537633 15
      vertex 28.88153340021932 -18.091231629491425 0
    endloop
  endfacet
  facet normal 0 0 1
    outer loop
      vertex 24.18604740235343 -29.49013364214136 15
      vertex -7.29593081152973 -25.743586867391883 15
      vertex -7.70406918847027 -25.743586867391883 15
    endloop
  endfacet
  facet normal 0 0 1
    outer loop
      vertex -6.495694768281421 -25.59093367795925 15
      vertex 6.495694768281421 -25.59093367795925 15
      vertex 6.1162173024135145 -25.440687920514563 15
    endloop
  endfacet
  facet normal 0 0 1
    outer loop
      vertex -6.495694768281421 -25.59093367795925 15
      vertex 6.891010727596394 -25.69243356486824 15
      vertex 6.495694768281421 -25.59093367795925 15
    endloop
  endfacet
  facet normal 0 0 1
    outer loop
      vertex -6.891010727596394 -25.69243356486824 15
      vertex 7.29593081152973 -25.743586867391883 15
      vertex 6.891010727596394 -25.69243356486824 15
    endloop
  endfacet
  facet normal 0 0 1
    outer loop
      vertex 0.11302293515276478 -24.29644811117089 15
      vertex 6.1162173024135145 -25.440687920514563 15
      vertex 0.3372863662543047 -24.26811705131164 15
    endloop
  endfacet
  facet normal 0 0 1
    outer loop
      vertex 0.3372863662543047 -24.26811705131164 15
      vertex 5.758562916318261 -25.24406575788155 15
      vertex 0.5562305898749054 -24.211901729331277 15
    endloop
  endfacet
  facet normal 0 0 1
    outer loop
      vertex 0.5562305898749054 -24.211901729331277 15
      vertex 5.428372033316759 -25.004168039021316 15
      vertex 0.7664027248171305 -24.128688694438836 15
    endloop
  endfacet
  facet normal 0 0 1
    outer loop
      vertex 0.7664027248171305 -24.128688694438836 15
      vertex 5.1308519608804115 -24.72477809426824 15
      vertex 0.9644882309621932 -24.019790265903627 15
    endloop
  endfacet
  facet normal 0 0 1
    outer loop
      vertex 0.9644882309621932 -24.019790265903627 15
      vertex 4.870694768281421 -24.41030206995054 15
      vertex 1.147363181547642 -23.88692383699642 15
    endloop
  endfacet
  facet normal 0 0 1
    outer loop
      vertex 1.147363181547642 -23.88692383699642 15
      vertex 4.870694768281421 -24.41030206995054 15
      vertex 1.312143529358541 -23.73218479067164 15
    endloop
  endfacet
  facet normal 0 0 1
    outer loop
      vertex 0.9644882309621932 -24.019790265903627 15
      vertex 5.1308519608804115 -24.72477809426824 15
      vertex 4.870694768281421 -24.41030206995054 15
    endloop
  endfacet
  facet normal 0 0 1
    outer loop
      vertex 1.312143529358541 -23.73218479067164 15
      vertex 4.870694768281421 -24.41030206995054 15
      vertex 4.6520032898574435 -24.065699440830574 15
    endloop
  endfacet
  facet normal 0 0 1
    outer loop
      vertex 1.312143529358541 -23.73218479067164 15
      vertex 4.6520032898574435 -24.065699440830574 15
      vertex 1.4562305898749055 -23.558013454126453 15
    endloop
  endfacet
  facet normal 0 0 1
    outer loop
      vertex 4.478226420863183 -23.696404796225202 15
      vertex 1.5773520240789543 -23.367156613383088 15
      vertex 1.4562305898749055 -23.558013454126453 15
    endloop
  endfacet
  facet normal 0 0 1
    outer loop
      vertex 4.478226420863183 -23.696404796225202 15
      vertex 1.6735976745988523 -23.16262419483242 15
      vertex 1.5773520240789543 -23.367156613383088 15
    endloop
  endfacet
  facet normal 0 0 1
    outer loop
      vertex 1.6735976745988523 -23.16262419483242 15
      vertex 4.275627220727947 -22.907333009083988 15
      vertex 1.7434496900315362 -22.94764179689674 15
    endloop
  endfacet
  facet normal 0 0 1
    outer loop
      vertex 1.7434496900315362 -22.94764179689674 15
      vertex 4.275627220727947 -22.907333009083988 15
      vertex 1.78580646236606 -22.72559982041575 15
    endloop
  endfacet
  facet normal 0 0 1
    outer loop
      vertex 1.78580646236606 -22.72559982041575 15
      vertex 4.25 -22.5 15
      vertex 1.8 -22.5 15
    endloop
  endfacet
  facet normal 0 0 1
    outer loop
      vertex 1.8 -22.5 15
      vertex 4.25 -22.5 15
      vertex 1.78580646236606 -22.27440017958425 15
    endloop
  endfacet
  facet normal 0 0 1
    outer loop
      vertex 1.78580646236606 -22.27440017958425 15
      vertex 4.275627220727947 -22.092666990916012 15
      vertex 1.743449690031536 -22.05235820310326 15
    endloop
  endfacet
  facet normal 0 0 1
    outer loop
      vertex 4.478226420863183 -23.696404796225202 15
      vertex 1.4562305898749055 -23.558013454126453 15
      vertex 4.6520032898574435 -24.065699440830574 15
    endloop
  endfacet
  facet normal 0 0 1
    outer loop
      vertex 1.6735976745988523 -23.16262419483242 15
      vertex 4.352104726331949 -23.308242133285777 15
      vertex 4.275627220727947 -22.907333009083988 15
    endloop
  endfacet
  facet normal 0 0 1
    outer loop
      vertex 1.6735976745988523 -23.16262419483242 15
      vertex 4.478226420863183 -23.696404796225202 15
      vertex 4.352104726331949 -23.308242133285777 15
    endloop
  endfacet
  facet normal 0 0 1
    outer loop
      vertex 1.78580646236606 -22.72559982041575 15
      vertex 4.275627220727947 -22.907333009083988 15
      vertex 4.25 -22.5 15
    endloop
  endfacet
  facet normal 0 0 1
    outer loop
      vertex 1.78580646236606 -22.27440017958425 15
      vertex 4.25 -22.5 15
      vertex 4.275627220727947 -22.092666990916012 15
    endloop
  endfacet
  facet normal 0 0 1
    outer loop
      vertex 0.3372863662543047 -24.26811705131164 15
      vertex 6.1162173024135145 -25.440687920514563 15
      vertex 5.758562916318261 -25.24406575788155 15
    endloop
  endfacet
  facet normal 0 0 1
    outer loop
      vertex 0.5562305898749054 -24.211901729331277 15
      vertex 5.758562916318261 -25.24406575788155 15
      vertex 5.428372033316759 -25.004168039021316 15
    endloop
  endfacet
  facet normal 0 0 1
    outer loop
      vertex 0.7664027248171305 -24.128688694438836 15
      vertex 5.428372033316759 -25.004168039021316 15
      vertex 5.1308519608804115 -24.72477809426824 15
    endloop
  endfacet
  facet normal 0 0 1
    outer loop
      vertex 1.743449690031536 -22.05235820310326 15
      vertex 4.352104726331949 -21.691757866714223 15
      vertex 1.6735976745988526 -21.83737580516758 15
    endloop
  endfacet
  facet normal 0 0 1
    outer loop
      vertex 1.4562305898749055 -21.441986545873547 15
      vertex 1.5773520240789545 -21.632843386616912 15
      vertex 4.478226420863183 -21.303595203774798 15
    endloop
  endfacet
  facet normal 0 0 1
    outer loop
      vertex 1.3121435293585408 -21.26781520932836 15
      vertex 1.4562305898749055 -21.441986545873547 15
      vertex 4.6520032898574435 -20.934300559169426 15
    endloop
  endfacet
  facet normal 0 0 1
    outer loop
      vertex 1.6735976745988526 -21.83737580516758 15
      vertex 4.478226420863183 -21.303595203774798 15
      vertex 1.5773520240789545 -21.632843386616912 15
    endloop
  endfacet
  facet normal 0 0 1
    outer loop
      vertex 0.7664027248171309 -20.871311305561164 15
      vertex 0.964488230962194 -20.980209734096373 15
      vertex 5.1308519608804115 -20.27522190573176 15
    endloop
  endfacet
  facet normal 0 0 1
    outer loop
      vertex 0.7664027248171309 -20.871311305561164 15
      vertex 5.428372033316759 -19.995831960978684 15
      vertex 0.5562305898749054 -20.788098270668723 15
    endloop
  endfacet
  facet normal 0 0 1
    outer loop
      vertex 0.1130229351527639 -20.70355188882911 15
      vertex 0.33728636625430425 -20.73188294868836 15
      vertex 6.116217302413514 -19.559312079485437 15
    endloop
  endfacet
  facet normal 0 0 1
    outer loop
      vertex 0.33728636625430425 -20.73188294868836 15
      vertex 0.5562305898749054 -20.788098270668723 15
      vertex 5.758562916318261 -19.75593424211845 15
    endloop
  endfacet
  facet normal 0 0 1
    outer loop
      vertex 1.3121435293585408 -21.26781520932836 15
      vertex 4.870694768281421 -20.58969793004946 15
      vertex 1.1473631815476415 -21.11307616300358 15
    endloop
  endfacet
  facet normal 0 0 1
    outer loop
      vertex 0.964488230962194 -20.980209734096373 15
      vertex 1.1473631815476415 -21.11307616300358 15
      vertex 4.870694768281421 -20.58969793004946 15
    endloop
  endfacet
  facet normal 0 0 1
    outer loop
      vertex 1.743449690031536 -22.05235820310326 15
      vertex 4.275627220727947 -22.092666990916012 15
      vertex 4.352104726331949 -21.691757866714223 15
    endloop
  endfacet
  facet normal 0 0 1
    outer loop
      vertex 1.6735976745988526 -21.83737580516758 15
      vertex 4.352104726331949 -21.691757866714223 15
      vertex 4.478226420863183 -21.303595203774798 15
    endloop
  endfacet
  facet normal 0 0 1
    outer loop
      vertex 1.4562305898749055 -21.441986545873547 15
      vertex 4.478226420863183 -21.303595203774798 15
      vertex 4.6520032898574435 -20.934300559169426 15
    endloop
  endfacet
  facet normal 0 0 1
    outer loop
      vertex 1.3121435293585408 -21.26781520932836 15
      vertex 4.6520032898574435 -20.934300559169426 15
      vertex 4.870694768281421 -20.58969793004946 15
    endloop
  endfacet
  facet normal 0 0 1
    outer loop
      vertex 0.964488230962194 -20.980209734096373 15
      vertex 4.870694768281421 -20.58969793004946 15
      vertex 5.1308519608804115 -20.27522190573176 15
    endloop
  endfacet
  facet normal 0 0 1
    outer loop
      vertex -6.495694768281421 -19.40906632204075 15
      vertex 6.116217302413514 -19.559312079485437 15
      vertex 6.495694768281421 -19.40906632204075 15
    endloop
  endfacet
  facet normal 0 0 1
    outer loop
      vertex -6.891010727596395 -19.30756643513176 15
      vertex 6.495694768281421 -19.40906632204075 15
      vertex 6.891010727596395 -19.30756643513176 15
    endloop
  endfacet
  facet normal 0 0 1
    outer loop
      vertex -15.5 -18.020265479896135 15
      vertex -7.704069188470268 -19.256413132608117 15
      vertex 26.045084971874736 -15.744717418524232 15
    endloop
  endfacet
  facet normal 0 0 1
    outer loop
      vertex 26.045084971874736 -15.744717418524232 15
      vertex -7.704069188470268 -19.256413132608117 15
      vertex -7.295930811529732 -19.256413132608117 15
    endloop
  endfacet
  facet normal 0 0 1
    outer loop
      vertex 0.7664027248171309 -20.871311305561164 15
      vertex 5.1308519608804115 -20.27522190573176 15
      vertex 5.428372033316759 -19.995831960978684 15
    endloop
  endfacet
  facet normal 0 0 1
    outer loop
      vertex 0.5562305898749054 -20.788098270668723 15
      vertex 5.428372033316759 -19.995831960978684 15
      vertex 5.758562916318261 -19.75593424211845 15
    endloop
  endfacet
  facet normal 0 0 1
    outer loop
      vertex 0.33728636625430425 -20.73188294868836 15
      vertex 5.758562916318261 -19.75593424211845 15
      vertex 6.116217302413514 -19.559312079485437 15
    endloop
  endfacet
  facet normal 0 0 1
    outer loop
      vertex 26.045084971874736 -15.744717418524232 15
      vertex -7.295930811529732 -19.256413132608117 15
      vertex -6.891010727596395 -19.30756643513176 15
    endloop
  endfacet
  facet normal 0 0 1
    outer loop
      vertex 24.18604740235343 -29.49013364214136 15
      vertex 7.29593081152973 -25.743586867391883 15
      vertex -7.29593081152973 -25.743586867391883 15
    endloop
  endfacet
  facet normal 0 0 1
    outer loop
      vertex 24.18604740235343 -29.49013364214136 15
      vertex 7.70406918847027 -25.743586867391883 15
      vertex 7.29593081152973 -25.743586867391883 15
    endloop
  endfacet
  facet normal 0 0 1
    outer loop
      vertex 24.18604740235343 -29.49013364214136 15
      vertex 8.108989272403605 -25.69243356486824 15
      vertex 7.70406918847027 -25.743586867391883 15
    endloop
  endfacet
  facet normal 0 0 1
    outer loop
      vertex 24.18604740235343 -29.49013364214136 15
      vertex 8.504305231718579 -25.59093367795925 15
      vertex 8.108989272403605 -25.69243356486824 15
    endloop
  endfacet
  facet normal 0 0 1
    outer loop
      vertex 24.18604740235343 -29.49013364214136 15
      vertex 8.883782697586486 -25.440687920514563 15
      vertex 8.504305231718579 -25.59093367795925 15
    endloop
  endfacet
  facet normal 0 0 1
    outer loop
      vertex 24.18604740235343 -29.49013364214136 15
      vertex 9.241437083681738 -25.24406575788155 15
      vertex 8.883782697586486 -25.440687920514563 15
    endloop
  endfacet
  facet normal 0 0 1
    outer loop
      vertex 24.18604740235343 -29.49013364214136 15
      vertex 9.571627966683241 -25.004168039021316 15
      vertex 9.241437083681738 -25.24406575788155 15
    endloop
  endfacet
  facet normal 0 0 1
    outer loop
      vertex 24.18604740235343 -29.49013364214136 15
      vertex 9.869148039119588 -24.72477809426824 15
      vertex 9.571627966683241 -25.004168039021316 15
    endloop
  endfacet
  facet normal 0 0 1
    outer loop
      vertex 24.18604740235343 -29.49013364214136 15
      vertex 10.129305231718579 -24.41030206995054 15
      vertex 9.869148039119588 -24.72477809426824 15
    endloop
  endfacet
  facet normal 0 0 1
    outer loop
      vertex 10.75 -22.5 15
      vertex 13.214193537633939 -22.27440017958425 15
      vertex 10.724372779272052 -22.092666990916012 15
    endloop
  endfacet
  facet normal 0 0 1
    outer loop
      vertex 10.75 -22.5 15
      vertex 13.687856470641458 -23.73218479067164 15
      vertex 13.543769410125094 -23.558013454126453 15
    endloop
  endfacet
  facet normal 0 0 1
    outer loop
      vertex 10.75 -22.5 15
      vertex 13.543769410125094 -23.558013454126453 15
      vertex 13.422647975921045 -23.367156613383088 15
    endloop
  endfacet
  facet normal 0 0 1
    outer loop
      vertex 10.75 -22.5 15
      vertex 13.852636818452359 -23.88692383699642 15
      vertex 13.687856470641458 -23.73218479067164 15
    endloop
  endfacet
  facet normal 0 0 1
    outer loop
      vertex 10.75 -22.5 15
      vertex 14.035511769037806 -24.019790265903627 15
      vertex 13.852636818452359 -23.88692383699642 15
    endloop
  endfacet
  facet normal 0 0 1
    outer loop
      vertex 10.75 -22.5 15
      vertex 13.326402325401148 -23.16262419483242 15
      vertex 13.256550309968464 -22.94764179689674 15
    endloop
  endfacet
  facet normal 0 0 1
    outer loop
      vertex 10.75 -22.5 15
      vertex 13.256550309968464 -22.94764179689674 15
      vertex 13.214193537633939 -22.72559982041575 15
    endloop
  endfacet
  facet normal 0 0 1
    outer loop
      vertex 10.75 -22.5 15
      vertex 13.214193537633939 -22.72559982041575 15
      vertex 13.2 -22.5 15
    endloop
  endfacet
  facet normal 0 0 1
    outer loop
      vertex 10.75 -22.5 15
      vertex 13.2 -22.5 15
      vertex 13.214193537633939 -22.27440017958425 15
    endloop
  endfacet
  facet normal 0 0 1
    outer loop
      vertex 10.724372779272052 -22.092666990916012 15
      vertex 13.214193537633939 -22.27440017958425 15
      vertex 13.256550309968464 -22.05235820310326 15
    endloop
  endfacet
  facet normal 0 0 1
    outer loop
      vertex 10.75 -22.5 15
      vertex 13.422647975921045 -23.367156613383088 15
      vertex 13.326402325401148 -23.16262419483242 15
    endloop
  endfacet
  facet normal 0 0 1
    outer loop
      vertex 10.75 -22.5 15
      vertex 14.23359727518287 -24.128688694438836 15
      vertex 14.035511769037806 -24.019790265903627 15
    endloop
  endfacet
  facet normal 0 0 1
    outer loop
      vertex 8.504305231718579 -19.40906632204075 15
      vertex 8.883782697586486 -19.559312079485437 15
      vertex 14.662713633745696 -20.73188294868836 15
    endloop
  endfacet
  facet normal 0 0 1
    outer loop
      vertex 8.883782697586486 -19.559312079485437 15
      vertex 9.241437083681738 -19.75593424211845 15
      vertex 14.662713633745696 -20.73188294868836 15
    endloop
  endfacet
  facet normal 0 0 1
    outer loop
      vertex 26.045084971874736 -15.744717418524232 15
      vertex -6.891010727596395 -19.30756643513176 15
      vertex 6.891010727596395 -19.30756643513176 15
    endloop
  endfacet
  facet normal 0 0 1
    outer loop
      vertex 10.347996710142557 -20.934300559169426 15
      vertex 10.521773579136816 -21.303595203774798 15
      vertex 13.543769410125094 -21.441986545873547 15
    endloop
  endfacet
  facet normal 0 0 1
    outer loop
      vertex 10.724372779272052 -22.092666990916012 15
      vertex 13.256550309968464 -22.05235820310326 15
      vertex 10.647895273668052 -21.691757866714223 15
    endloop
  endfacet
  facet normal 0 0 1
    outer loop
      vertex 10.647895273668052 -21.691757866714223 15
      vertex 13.422647975921045 -21.632843386616912 15
      vertex 10.521773579136816 -21.303595203774798 15
    endloop
  endfacet
  facet normal 0 0 1
    outer loop
      vertex 10.347996710142557 -20.934300559169426 15
      vertex 13.852636818452359 -21.11307616300358 15
      vertex 10.129305231718579 -20.58969793004946 15
    endloop
  endfacet
  facet normal 0 0 1
    outer loop
      vertex 9.869148039119587 -20.27522190573176 15
      vertex 10.129305231718579 -20.58969793004946 15
      vertex 14.035511769037806 -20.980209734096373 15
    endloop
  endfacet
  facet normal 0 0 1
    outer loop
      vertex 9.571627966683241 -19.995831960978684 15
      vertex 9.869148039119587 -20.27522190573176 15
      vertex 14.443769410125094 -20.788098270668723 15
    endloop
  endfacet
  facet normal 0 0 1
    outer loop
      vertex 10.647895273668052 -21.691757866714223 15
      vertex 13.256550309968464 -22.05235820310326 15
      vertex 13.326402325401148 -21.83737580516758 15
    endloop
  endfacet
  facet normal 0 0 1
    outer loop
      vertex 10.647895273668052 -21.691757866714223 15
      vertex 13.326402325401148 -21.83737580516758 15
      vertex 13.422647975921045 -21.632843386616912 15
    endloop
  endfacet
  facet normal 0 0 1
    outer loop
      vertex 10.521773579136816 -21.303595203774798 15
      vertex 13.422647975921045 -21.632843386616912 15
      vertex 13.543769410125094 -21.441986545873547 15
    endloop
  endfacet
  facet normal 0 0 1
    outer loop
      vertex 10.347996710142557 -20.934300559169426 15
      vertex 13.543769410125094 -21.441986545873547 15
      vertex 13.687856470641458 -21.26781520932836 15
    endloop
  endfacet
  facet normal 0 0 1
    outer loop
      vertex 10.347996710142557 -20.934300559169426 15
      vertex 13.687856470641458 -21.26781520932836 15
      vertex 13.852636818452359 -21.11307616300358 15
    endloop
  endfacet
  facet normal 0 0 1
    outer loop
      vertex 10.129305231718579 -20.58969793004946 15
      vertex 13.852636818452359 -21.11307616300358 15
      vertex 14.035511769037806 -20.980209734096373 15
    endloop
  endfacet
  facet normal 0 0 1
    outer loop
      vertex 9.869148039119587 -20.27522190573176 15
      vertex 14.035511769037806 -20.980209734096373 15
      vertex 14.23359727518287 -20.871311305561164 15
    endloop
  endfacet
  facet normal 0 0 1
    outer loop
      vertex 9.869148039119587 -20.27522190573176 15
      vertex 14.23359727518287 -20.871311305561164 15
      vertex 14.443769410125094 -20.788098270668723 15
    endloop
  endfacet
  facet normal 0 0 1
    outer loop
      vertex 9.571627966683241 -19.995831960978684 15
      vertex 14.443769410125094 -20.788098270668723 15
      vertex 14.662713633745696 -20.73188294868836 15
    endloop
  endfacet
  facet normal 0 0 1
    outer loop
      vertex 9.241437083681738 -19.75593424211845 15
      vertex 9.571627966683241 -19.995831960978684 15
      vertex 14.662713633745696 -20.73188294868836 15
    endloop
  endfacet
  facet normal 0 0 1
    outer loop
      vertex -15.5 -15.509866357858641 15
      vertex 26.045084971874736 -15.744717418524232 15
      vertex 24.813952597646566 -15.509866357858641 15
    endloop
  endfacet
  facet normal 0 0 1
    outer loop
      vertex 26.045084971874736 -15.744717418524232 15
      vertex 6.891010727596395 -19.30756643513176 15
      vertex 7.295930811529732 -19.256413132608117 15
    endloop
  endfacet
  facet normal 0 0 1
    outer loop
      vertex 26.045084971874736 -15.744717418524232 15
      vertex 7.295930811529732 -19.256413132608117 15
      vertex 7.704069188470268 -19.256413132608117 15
    endloop
  endfacet
  facet normal 0 0 1
    outer loop
      vertex 26.045084971874736 -15.744717418524232 15
      vertex 7.704069188470268 -19.256413132608117 15
      vertex 8.108989272403605 -19.30756643513176 15
    endloop
  endfacet
  facet normal 0 0 1
    outer loop
      vertex 26.045084971874736 -15.744717418524232 15
      vertex 8.108989272403605 -19.30756643513176 15
      vertex 8.504305231718579 -19.40906632204075 15
    endloop
  endfacet
  facet normal 0 -1 0
    outer loop
      vertex 24.81395259764657 -29.49013364214136 0
      vertex 24.81395259764657 -29.49013364214136 15
      vertex 24.18604740235343 -29.49013364214136 15
    endloop
  endfacet
  facet normal 0.12533323356430504 -0.9921147013144779 0
    outer loop
      vertex 25.436906572928624 -29.411436253643444 0
      vertex 25.436906572928624 -29.411436253643444 15
      vertex 24.81395259764657 -29.49013364214136 15
    endloop
  endfacet
  facet normal 0.2486898871648561 -0.968583161128631 0
    outer loop
      vertex 25.436906572928624 -29.411436253643444 0
      vertex 26.045084971874736 -29.255282581475768 15
      vertex 25.436906572928624 -29.411436253643444 15
    endloop
  endfacet
  facet normal 0.3681245526846774 -0.9297764858882516 0
    outer loop
      vertex 26.628896457825363 -29.0241352623301 0
      vertex 26.628896457825363 -29.0241352623301 15
      vertex 26.045084971874736 -29.255282581475768 15
    endloop
  endfacet
  facet normal 0.4817536741017169 -0.8763066800438627 0
    outer loop
      vertex 27.17913397489498 -28.721639627510076 0
      vertex 27.17913397489498 -28.721639627510076 15
      vertex 26.628896457825363 -29.0241352623301 15
    endloop
  endfacet
  facet normal 0.5877852522924719 -0.8090169943749483 0
    outer loop
      vertex 27.17913397489498 -28.721639627510076 0
      vertex 27.68711994874345 -28.352566213878944 15
      vertex 27.17913397489498 -28.721639627510076 15
    endloop
  endfacet
  facet normal 0.6845471059286874 -0.7289686274214127 0
    outer loop
      vertex 27.68711994874345 -28.352566213878944 0
      vertex 28.14484313710706 -27.922735529643443 15
      vertex 27.68711994874345 -28.352566213878944 15
    endloop
  endfacet
  facet normal 0.7705132427757906 -0.637423989748688 0
    outer loop
      vertex 28.14484313710706 -27.922735529643443 0
      vertex 28.545084971874736 -27.438926261462367 15
      vertex 28.14484313710706 -27.922735529643443 15
    endloop
  endfacet
  facet normal 0.8443279255020155 -0.5358267949789962 0
    outer loop
      vertex 28.88153340021932 -26.908768370508575 0
      vertex 28.88153340021932 -26.908768370508575 15
      vertex 28.545084971874736 -27.438926261462367 15
    endloop
  endfacet
  facet normal 0.9048270524660186 -0.42577929156507444 0
    outer loop
      vertex 29.148882429441258 -26.34062276342339 0
      vertex 29.148882429441258 -26.34062276342339 15
      vertex 28.88153340021932 -26.908768370508575 15
    endloop
  endfacet
  facet normal 0.9510565162951546 -0.30901699437494407 0
    outer loop
      vertex 29.342915805643155 -25.74344943582427 0
      vertex 29.342915805643155 -25.74344943582427 15
      vertex 29.148882429441258 -26.34062276342339 15
    endloop
  endfacet
  facet normal 0.9822872507286889 -0.18738131458572285 0
    outer loop
      vertex 29.342915805643155 -25.74344943582427 0
      vertex 29.460573506572388 -25.12666616782152 15
      vertex 29.342915805643155 -25.74344943582427 15
    endloop
  endfacet
  facet normal 0.9980267284282713 -0.06279051952931591 0
    outer loop
      vertex 29.460573506572388 -25.12666616782152 0
      vertex 29.5 -24.5 15
      vertex 29.460573506572388 -25.12666616782152 15
    endloop
  endfacet
  facet normal 1 0 0
    outer loop
      vertex 29.5 -24.5 0
      vertex 29.5 -20.5 15
      vertex 29.5 -24.5 15
    endloop
  endfacet
  facet normal 0.1253332335643043 0.9921147013144777 0
    outer loop
      vertex 24.813952597646566 -15.509866357858641 0
      vertex 24.813952597646566 -15.509866357858641 15
      vertex 25.436906572928624 -15.588563746356556 15
    endloop
  endfacet
  facet normal 0.9980267284282713 0.06279051952931557 0
    outer loop
      vertex 29.5 -20.5 0
      vertex 29.460573506572388 -19.873333832178478 15
      vertex 29.5 -20.5 15
    endloop
  endfacet
  facet normal 0.9822872507286889 0.18738131458572285 0
    outer loop
      vertex 29.460573506572388 -19.873333832178478 0
      vertex 29.342915805643155 -19.256550564175726 15
      vertex 29.460573506572388 -19.873333832178478 15
    endloop
  endfacet
  facet normal 0.951056516295154 0.3090169943749457 0
    outer loop
      vertex 29.342915805643155 -19.256550564175726 0
      vertex 29.148882429441258 -18.65937723657661 15
      vertex 29.342915805643155 -19.256550564175726 15
    endloop
  endfacet
  facet normal 0.9048270524660186 0.42577929156507444 0
    outer loop
      vertex 29.148882429441258 -18.65937723657661 0
      vertex 28.88153340021932 -18.091231629491425 15
      vertex 29.148882429441258 -18.65937723657661 15
    endloop
  endfacet
  facet normal 0.2486898871648561 0.968583161128631 0
    outer loop
      vertex 26.045084971874736 -15.744717418524232 0
      vertex 25.436906572928624 -15.588563746356556 15
      vertex 26.045084971874736 -15.744717418524232 15
    endloop
  endfacet
  facet normal 0.3681245526846774 0.9297764858882516 0
    outer loop
      vertex 26.628896457825363 -15.975864737669902 0
      vertex 26.045084971874736 -15.744717418524232 15
      vertex 26.628896457825363 -15.975864737669902 15
    endloop
  endfacet
  facet normal 0.4817536741017145 0.876306680043864 0
    outer loop
      vertex 26.628896457825363 -15.975864737669902 0
      vertex 26.628896457825363 -15.975864737669902 15
      vertex 27.179133974894985 -16.278360372489924 15
    endloop
  endfacet
  facet normal 0.5877852522924772 0.8090169943749445 0
    outer loop
      vertex 27.687119948743447 -16.647433786121056 0
      vertex 27.179133974894985 -16.278360372489924 15
      vertex 27.687119948743447 -16.647433786121056 15
    endloop
  endfacet
  facet normal 0.6845471059286846 0.7289686274214154 0
    outer loop
      vertex 28.14484313710706 -17.077264470356557 0
      vertex 27.687119948743447 -16.647433786121056 15
      vertex 28.14484313710706 -17.077264470356557 15
    endloop
  endfacet
  facet normal 0.7705132427757906 0.637423989748688 0
    outer loop
      vertex 28.14484313710706 -17.077264470356557 0
      vertex 28.14484313710706 -17.077264470356557 15
      vertex 28.545084971874736 -17.561073738537633 15
    endloop
  endfacet
  facet normal 0.8443279255020155 0.5358267949789962 0
    outer loop
      vertex 28.88153340021932 -18.091231629491425 0
      vertex 28.545084971874736 -17.561073738537633 15
      vertex 28.88153340021932 -18.091231629491425 15
    endloop
  endfacet
  facet normal 0 0 1
    outer loop
      vertex 24.18604740235343 -29.49013364214136 15
      vertex 10.347996710142557 -24.065699440830574 15
      vertex 10.129305231718579 -24.41030206995054 15
    endloop
  endfacet
  facet normal 0 0 1
    outer loop
      vertex 24.18604740235343 -29.49013364214136 15
      vertex 14.443769410125094 -24.211901729331277 15
      vertex 14.23359727518287 -24.128688694438836 15
    endloop
  endfacet
  facet normal 0 0 1
    outer loop
      vertex 24.18604740235343 -29.49013364214136 15
      vertex 14.662713633745696 -24.26811705131164 15
      vertex 14.443769410125094 -24.211901729331277 15
    endloop
  endfacet
  facet normal 0 0 1
    outer loop
      vertex 24.18604740235343 -29.49013364214136 15
      vertex 14.886977064847235 -24.29644811117089 15
      vertex 14.662713633745696 -24.26811705131164 15
    endloop
  endfacet
  facet normal 0 0 1
    outer loop
      vertex 24.18604740235343 -29.49013364214136 15
      vertex 15.113022935152765 -24.29644811117089 15
      vertex 14.886977064847235 -24.29644811117089 15
    endloop
  endfacet
  facet normal 0 0 1
    outer loop
      vertex 24.18604740235343 -29.49013364214136 15
      vertex 15.337286366254304 -24.26811705131164 15
      vertex 15.113022935152765 -24.29644811117089 15
    endloop
  endfacet
  facet normal 0 0 1
    outer loop
      vertex 24.18604740235343 -29.49013364214136 15
      vertex 10.521773579136816 -23.696404796225206 15
      vertex 10.347996710142557 -24.065699440830574 15
    endloop
  endfacet
  facet normal 0 0 1
    outer loop
      vertex 24.18604740235343 -29.49013364214136 15
      vertex 10.647895273668052 -23.308242133285777 15
      vertex 10.521773579136816 -23.696404796225206 15
    endloop
  endfacet
  facet normal 0 0 1
    outer loop
      vertex 24.18604740235343 -29.49013364214136 15
      vertex 10.724372779272052 -22.907333009083988 15
      vertex 10.647895273668052 -23.308242133285777 15
    endloop
  endfacet
  facet normal 0 0 1
    outer loop
      vertex 24.18604740235343 -29.49013364214136 15
      vertex 10.75 -22.5 15
      vertex 10.724372779272052 -22.907333009083988 15
    endloop
  endfacet
  facet normal 0 0 1
    outer loop
      vertex 24.18604740235343 -29.49013364214136 15
      vertex 14.23359727518287 -24.128688694438836 15
      vertex 10.75 -22.5 15
    endloop
  endfacet
  facet normal 0 0 1
    outer loop
      vertex 15.337286366254304 -24.26811705131164 15
      vertex 20.75856291631826 -25.24406575788155 15
      vertex 15.556230589874906 -24.211901729331277 15
    endloop
  endfacet
  facet normal 0 0 1
    outer loop
      vertex 15.556230589874906 -24.211901729331277 15
      vertex 20.42837203331676 -25.004168039021316 15
      vertex 15.76640272481713 -24.128688694438836 15
    endloop
  endfacet
  facet normal 0 0 1
    outer loop
      vertex 15.76640272481713 -24.128688694438836 15
      vertex 20.130851960880413 -24.72477809426824 15
      vertex 15.964488230962193 -24.019790265903627 15
    endloop
  endfacet
  facet normal 0 0 1
    outer loop
      vertex 15.964488230962193 -24.019790265903627 15
      vertex 19.87069476828142 -24.41030206995054 15
      vertex 16.147363181547643 -23.88692383699642 15
    endloop
  endfacet
  facet normal 0 0 1
    outer loop
      vertex 16.147363181547643 -23.88692383699642 15
      vertex 19.87069476828142 -24.41030206995054 15
      vertex 16.31214352935854 -23.73218479067164 15
    endloop
  endfacet
  facet normal 0 0 1
    outer loop
      vertex 16.31214352935854 -23.73218479067164 15
      vertex 19.652003289857443 -24.065699440830574 15
      vertex 16.456230589874906 -23.558013454126453 15
    endloop
  endfacet
  facet normal 0 0 1
    outer loop
      vertex 16.456230589874906 -23.558013454126453 15
      vertex 19.478226420863184 -23.696404796225202 15
      vertex 16.577352024078955 -23.367156613383088 15
    endloop
  endfacet
  facet normal 0 0 1
    outer loop
      vertex 16.577352024078955 -23.367156613383088 15
      vertex 19.478226420863184 -23.696404796225202 15
      vertex 16.673597674598852 -23.16262419483242 15
    endloop
  endfacet
  facet normal 0 0 1
    outer loop
      vertex 16.673597674598852 -23.16262419483242 15
      vertex 19.352104726331948 -23.308242133285777 15
      vertex 16.743449690031536 -22.94764179689674 15
    endloop
  endfacet
  facet normal 0 0 1
    outer loop
      vertex 16.743449690031536 -22.94764179689674 15
      vertex 19.275627220727948 -22.907333009083988 15
      vertex 16.78580646236606 -22.72559982041575 15
    endloop
  endfacet
  facet normal 0 0 1
    outer loop
      vertex 16.78580646236606 -22.72559982041575 15
      vertex 19.25 -22.5 15
      vertex 16.8 -22.5 15
    endloop
  endfacet
  facet normal 0 0 1
    outer loop
      vertex 16.8 -22.5 15
      vertex 19.25 -22.5 15
      vertex 16.78580646236606 -22.27440017958425 15
    endloop
  endfacet
  facet normal 0 0 1
    outer loop
      vertex 16.78580646236606 -22.27440017958425 15
      vertex 19.275627220727948 -22.092666990916012 15
      vertex 16.743449690031536 -22.05235820310326 15
    endloop
  endfacet
  facet normal 0 0 1
    outer loop
      vertex 16.78580646236606 -22.72559982041575 15
      vertex 19.275627220727948 -22.907333009083988 15
      vertex 19.25 -22.5 15
    endloop
  endfacet
  facet normal 0 0 1
    outer loop
      vertex 16.78580646236606 -22.27440017958425 15
      vertex 19.25 -22.5 15
      vertex 19.275627220727948 -22.092666990916012 15
    endloop
  endfacet
  facet normal 0 0 1
    outer loop
      vertex 24.18604740235343 -29.49013364214136 15
      vertex 20.75856291631826 -25.24406575788155 15
      vertex 15.337286366254304 -24.26811705131164 15
    endloop
  endfacet
  facet normal 0 0 1
    outer loop
      vertex 24.18604740235343 -29.49013364214136 15
      vertex 21.116217302413514 -25.440687920514563 15
      vertex 20.75856291631826 -25.24406575788155 15
    endloop
  endfacet
  facet normal 0 0 1
    outer loop
      vertex 15.76640272481713 -24.128688694438836 15
      vertex 20.42837203331676 -25.004168039021316 15
      vertex 20.130851960880413 -24.72477809426824 15
    endloop
  endfacet
  facet normal 0 0 1
    outer loop
      vertex 15.964488230962193 -24.019790265903627 15
      vertex 20.130851960880413 -24.72477809426824 15
      vertex 19.87069476828142 -24.41030206995054 15
    endloop
  endfacet
  facet normal 0 0 1
    outer loop
      vertex 16.31214352935854 -23.73218479067164 15
      vertex 19.87069476828142 -24.41030206995054 15
      vertex 19.652003289857443 -24.065699440830574 15
    endloop
  endfacet
  facet normal 0 0 1
    outer loop
      vertex 15.556230589874906 -24.211901729331277 15
      vertex 20.75856291631826 -25.24406575788155 15
      vertex 20.42837203331676 -25.004168039021316 15
    endloop
  endfacet
  facet normal 0 0 1
    outer loop
      vertex 16.456230589874906 -23.558013454126453 15
      vertex 19.652003289857443 -24.065699440830574 15
      vertex 19.478226420863184 -23.696404796225202 15
    endloop
  endfacet
  facet normal 0 0 1
    outer loop
      vertex 16.673597674598852 -23.16262419483242 15
      vertex 19.478226420863184 -23.696404796225202 15
      vertex 19.352104726331948 -23.308242133285777 15
    endloop
  endfacet
  facet normal 0 0 1
    outer loop
      vertex 16.743449690031536 -22.94764179689674 15
      vertex 19.352104726331948 -23.308242133285777 15
      vertex 19.275627220727948 -22.907333009083988 15
    endloop
  endfacet
  facet normal 0 0 1
    outer loop
      vertex 26.045084971874736 -15.744717418524232 15
      vertex 8.504305231718579 -19.40906632204075 15
      vertex 14.662713633745696 -20.73188294868836 15
    endloop
  endfacet
  facet normal 0 0 1
    outer loop
      vertex 16.577352024078955 -21.632843386616912 15
      vertex 19.478226420863184 -21.303595203774798 15
      vertex 16.456230589874906 -21.441986545873547 15
    endloop
  endfacet
  facet normal 0 0 1
    outer loop
      vertex 16.31214352935854 -21.26781520932836 15
      vertex 16.456230589874906 -21.441986545873547 15
      vertex 19.652003289857443 -20.934300559169426 15
    endloop
  endfacet
  facet normal 0 0 1
    outer loop
      vertex 16.31214352935854 -21.26781520932836 15
      vertex 19.87069476828142 -20.58969793004946 15
      vertex 16.147363181547643 -21.11307616300358 15
    endloop
  endfacet
  facet normal 0 0 1
    outer loop
      vertex 15.964488230962194 -20.980209734096373 15
      vertex 16.147363181547643 -21.11307616300358 15
      vertex 19.87069476828142 -20.58969793004946 15
    endloop
  endfacet
  facet normal 0 0 1
    outer loop
      vertex 15.76640272481713 -20.871311305561164 15
      vertex 20.42837203331676 -19.995831960978684 15
      vertex 15.556230589874906 -20.788098270668723 15
    endloop
  endfacet
  facet normal 0 0 1
    outer loop
      vertex 15.337286366254304 -20.73188294868836 15
      vertex 15.556230589874906 -20.788098270668723 15
      vertex 20.75856291631826 -19.75593424211845 15
    endloop
  endfacet
  facet normal 0 0 1
    outer loop
      vertex 15.113022935152763 -20.70355188882911 15
      vertex 15.337286366254304 -20.73188294868836 15
      vertex 21.116217302413514 -19.559312079485437 15
    endloop
  endfacet
  facet normal 0 0 1
    outer loop
      vertex 15.76640272481713 -20.871311305561164 15
      vertex 15.964488230962194 -20.980209734096373 15
      vertex 20.130851960880413 -20.27522190573176 15
    endloop
  endfacet
  facet normal 0 0 1
    outer loop
      vertex 16.743449690031536 -22.05235820310326 15
      vertex 19.352104726331948 -21.691757866714223 15
      vertex 16.673597674598852 -21.83737580516758 15
    endloop
  endfacet
  facet normal 0 0 1
    outer loop
      vertex 16.673597674598852 -21.83737580516758 15
      vertex 19.478226420863184 -21.303595203774798 15
      vertex 16.577352024078955 -21.632843386616912 15
    endloop
  endfacet
  facet normal 0 0 1
    outer loop
      vertex 16.743449690031536 -22.05235820310326 15
      vertex 19.275627220727948 -22.092666990916012 15
      vertex 19.352104726331948 -21.691757866714223 15
    endloop
  endfacet
  facet normal 0 0 1
    outer loop
      vertex 16.673597674598852 -21.83737580516758 15
      vertex 19.352104726331948 -21.691757866714223 15
      vertex 19.478226420863184 -21.303595203774798 15
    endloop
  endfacet
  facet normal 0 0 1
    outer loop
      vertex 16.456230589874906 -21.441986545873547 15
      vertex 19.478226420863184 -21.303595203774798 15
      vertex 19.652003289857443 -20.934300559169426 15
    endloop
  endfacet
  facet normal 0 0 1
    outer loop
      vertex 16.31214352935854 -21.26781520932836 15
      vertex 19.652003289857443 -20.934300559169426 15
      vertex 19.87069476828142 -20.58969793004946 15
    endloop
  endfacet
  facet normal 0 0 1
    outer loop
      vertex 15.964488230962194 -20.980209734096373 15
      vertex 19.87069476828142 -20.58969793004946 15
      vertex 20.130851960880413 -20.27522190573176 15
    endloop
  endfacet
  facet normal 0 0 1
    outer loop
      vertex 15.76640272481713 -20.871311305561164 15
      vertex 20.130851960880413 -20.27522190573176 15
      vertex 20.42837203331676 -19.995831960978684 15
    endloop
  endfacet
  facet normal 0 0 1
    outer loop
      vertex 15.556230589874906 -20.788098270668723 15
      vertex 20.42837203331676 -19.995831960978684 15
      vertex 20.75856291631826 -19.75593424211845 15
    endloop
  endfacet
  facet normal 0 0 1
    outer loop
      vertex 15.337286366254304 -20.73188294868836 15
      vertex 20.75856291631826 -19.75593424211845 15
      vertex 21.116217302413514 -19.559312079485437 15
    endloop
  endfacet
  facet normal 0 0 1
    outer loop
      vertex 26.045084971874736 -15.744717418524232 15
      vertex 14.662713633745696 -20.73188294868836 15
      vertex 14.886977064847237 -20.70355188882911 15
    endloop
  endfacet
  facet normal 0 0 1
    outer loop
      vertex 26.045084971874736 -15.744717418524232 15
      vertex 14.886977064847237 -20.70355188882911 15
      vertex 15.113022935152763 -20.70355188882911 15
    endloop
  endfacet
  facet normal 0 0 1
    outer loop
      vertex 26.045084971874736 -15.744717418524232 15
      vertex 15.113022935152763 -20.70355188882911 15
      vertex 21.116217302413514 -19.559312079485437 15
    endloop
  endfacet
  facet normal 0 0 1
    outer loop
      vertex 24.18604740235343 -29.49013364214136 15
      vertex 21.49569476828142 -25.59093367795925 15
      vertex 21.116217302413514 -25.440687920514563 15
    endloop
  endfacet
  facet normal 0 0 1
    outer loop
      vertex 24.18604740235343 -29.49013364214136 15
      vertex 21.891010727596395 -25.69243356486824 15
      vertex 21.49569476828142 -25.59093367795925 15
    endloop
  endfacet
  facet normal 0 0 1
    outer loop
      vertex 24.18604740235343 -29.49013364214136 15
      vertex 22.29593081152973 -25.743586867391883 15
      vertex 21.891010727596395 -25.69243356486824 15
    endloop
  endfacet
  facet normal 0 0 1
    outer loop
      vertex 24.18604740235343 -29.49013364214136 15
      vertex 22.70406918847027 -25.743586867391883 15
      vertex 22.29593081152973 -25.743586867391883 15
    endloop
  endfacet
  facet normal 0 0 1
    outer loop
      vertex 24.18604740235343 -29.49013364214136 15
      vertex 23.108989272403605 -25.69243356486824 15
      vertex 22.70406918847027 -25.743586867391883 15
    endloop
  endfacet
  facet normal 0 0 1
    outer loop
      vertex 24.18604740235343 -29.49013364214136 15
      vertex 23.50430523171858 -25.59093367795925 15
      vertex 23.108989272403605 -25.69243356486824 15
    endloop
  endfacet
  facet normal 0 0 1
    outer loop
      vertex 24.18604740235343 -29.49013364214136 15
      vertex 23.883782697586486 -25.440687920514563 15
      vertex 23.50430523171858 -25.59093367795925 15
    endloop
  endfacet
  facet normal 0 0 1
    outer loop
      vertex 24.18604740235343 -29.49013364214136 15
      vertex 24.81395259764657 -29.49013364214136 15
      vertex 26.045084971874736 -29.255282581475768 15
    endloop
  endfacet
  facet normal 0 0 1
    outer loop
      vertex 24.81395259764657 -29.49013364214136 15
      vertex 25.436906572928624 -29.411436253643444 15
      vertex 26.045084971874736 -29.255282581475768 15
    endloop
  endfacet
  facet normal 0 0 1
    outer loop
      vertex 24.18604740235343 -29.49013364214136 15
      vertex 24.24143708368174 -25.24406575788155 15
      vertex 23.883782697586486 -25.440687920514563 15
    endloop
  endfacet
  facet normal 0 0 1
    outer loop
      vertex 24.18604740235343 -29.49013364214136 15
      vertex 24.57162796668324 -25.004168039021316 15
      vertex 24.24143708368174 -25.24406575788155 15
    endloop
  endfacet
  facet normal 0 0 1
    outer loop
      vertex 24.18604740235343 -29.49013364214136 15
      vertex 26.045084971874736 -29.255282581475768 15
      vertex 27.68711994874345 -28.352566213878944 15
    endloop
  endfacet
  facet normal 0 0 1
    outer loop
      vertex 26.045084971874736 -29.255282581475768 15
      vertex 26.628896457825363 -29.0241352623301 15
      vertex 27.68711994874345 -28.352566213878944 15
    endloop
  endfacet
  facet normal 0 0 1
    outer loop
      vertex 26.628896457825363 -29.0241352623301 15
      vertex 27.17913397489498 -28.721639627510076 15
      vertex 27.68711994874345 -28.352566213878944 15
    endloop
  endfacet
  facet normal 0 0 1
    outer loop
      vertex 24.18604740235343 -29.49013364214136 15
      vertex 27.68711994874345 -28.352566213878944 15
      vertex 29.460573506572388 -25.12666616782152 15
    endloop
  endfacet
  facet normal 0 0 1
    outer loop
      vertex 24.18604740235343 -29.49013364214136 15
      vertex 29.460573506572388 -25.12666616782152 15
      vertex 24.57162796668324 -25.004168039021316 15
    endloop
  endfacet
  facet normal 0 0 1
    outer loop
      vertex 27.68711994874345 -28.352566213878944 15
      vertex 28.14484313710706 -27.922735529643443 15
      vertex 28.88153340021932 -26.908768370508575 15
    endloop
  endfacet
  facet normal 0 0 1
    outer loop
      vertex 28.14484313710706 -27.922735529643443 15
      vertex 28.545084971874736 -27.438926261462367 15
      vertex 28.88153340021932 -26.908768370508575 15
    endloop
  endfacet
  facet normal 0 0 1
    outer loop
      vertex 27.68711994874345 -28.352566213878944 15
      vertex 28.88153340021932 -26.908768370508575 15
      vertex 29.460573506572388 -25.12666616782152 15
    endloop
  endfacet
  facet normal 0 0 1
    outer loop
      vertex 28.88153340021932 -26.908768370508575 15
      vertex 29.148882429441258 -26.34062276342339 15
      vertex 29.460573506572388 -25.12666616782152 15
    endloop
  endfacet
  facet normal 0 0 1
    outer loop
      vertex 29.460573506572388 -25.12666616782152 15
      vertex 24.869148039119587 -24.72477809426824 15
      vertex 24.57162796668324 -25.004168039021316 15
    endloop
  endfacet
  facet normal 0 0 1
    outer loop
      vertex 29.460573506572388 -25.12666616782152 15
      vertex 25.12930523171858 -24.41030206995054 15
      vertex 24.869148039119587 -24.72477809426824 15
    endloop
  endfacet
  facet normal 0 0 1
    outer loop
      vertex 29.460573506572388 -25.12666616782152 15
      vertex 25.347996710142557 -24.065699440830574 15
      vertex 25.12930523171858 -24.41030206995054 15
    endloop
  endfacet
  facet normal 0 0 1
    outer loop
      vertex 29.460573506572388 -25.12666616782152 15
      vertex 25.521773579136816 -23.696404796225206 15
      vertex 25.347996710142557 -24.065699440830574 15
    endloop
  endfacet
  facet normal 0 0 1
    outer loop
      vertex 29.460573506572388 -25.12666616782152 15
      vertex 25.647895273668052 -23.308242133285777 15
      vertex 25.521773579136816 -23.696404796225206 15
    endloop
  endfacet
  facet normal 0 0 1
    outer loop
      vertex 29.460573506572388 -25.12666616782152 15
      vertex 25.724372779272052 -22.907333009083988 15
      vertex 25.647895273668052 -23.308242133285777 15
    endloop
  endfacet
  facet normal 0 0 1
    outer loop
      vertex 29.460573506572388 -25.12666616782152 15
      vertex 25.75 -22.5 15
      vertex 25.724372779272052 -22.907333009083988 15
    endloop
  endfacet
  facet normal 0 0 1
    outer loop
      vertex 29.460573506572388 -25.12666616782152 15
      vertex 25.724372779272052 -22.092666990916012 15
      vertex 25.75 -22.5 15
    endloop
  endfacet
  facet normal 0 0 1
    outer loop
      vertex 29.148882429441258 -26.34062276342339 15
      vertex 29.342915805643155 -25.74344943582427 15
      vertex 29.460573506572388 -25.12666616782152 15
    endloop
  endfacet
  facet normal 0 0 1
    outer loop
      vertex 29.460573506572388 -25.12666616782152 15
      vertex 29.5 -24.5 15
      vertex 29.5 -20.5 15
    endloop
  endfacet
  facet normal 0 0 1
    outer loop
      vertex 26.045084971874736 -15.744717418524232 15
      vertex 25.647895273668052 -21.691757866714223 15
      vertex 25.724372779272052 -22.092666990916012 15
    endloop
  endfacet
  facet normal 0 0 1
    outer loop
      vertex 26.045084971874736 -15.744717418524232 15
      vertex 25.521773579136816 -21.303595203774798 15
      vertex 25.647895273668052 -21.691757866714223 15
    endloop
  endfacet
  facet normal 0 0 1
    outer loop
      vertex 26.045084971874736 -15.744717418524232 15
      vertex 24.24143708368174 -19.75593424211845 15
      vertex 24.57162796668324 -19.995831960978684 15
    endloop
  endfacet
  facet normal 0 0 1
    outer loop
      vertex 26.045084971874736 -15.744717418524232 15
      vertex 24.57162796668324 -19.995831960978684 15
      vertex 24.869148039119587 -20.27522190573176 15
    endloop
  endfacet
  facet normal 0 0 1
    outer loop
      vertex 26.045084971874736 -15.744717418524232 15
      vertex 24.869148039119587 -20.27522190573176 15
      vertex 25.12930523171858 -20.58969793004946 15
    endloop
  endfacet
  facet normal 0 0 1
    outer loop
      vertex 26.045084971874736 -15.744717418524232 15
      vertex 25.12930523171858 -20.58969793004946 15
      vertex 25.347996710142557 -20.934300559169426 15
    endloop
  endfacet
  facet normal 0 0 1
    outer loop
      vertex 26.045084971874736 -15.744717418524232 15
      vertex 25.347996710142557 -20.934300559169426 15
      vertex 25.521773579136816 -21.303595203774798 15
    endloop
  endfacet
  facet normal 0 0 1
    outer loop
      vertex 26.045084971874736 -15.744717418524232 15
      vertex 21.116217302413514 -19.559312079485437 15
      vertex 21.49569476828142 -19.40906632204075 15
    endloop
  endfacet
  facet normal 0 0 1
    outer loop
      vertex 26.045084971874736 -15.744717418524232 15
      vertex 21.49569476828142 -19.40906632204075 15
      vertex 21.891010727596395 -19.30756643513176 15
    endloop
  endfacet
  facet normal 0 0 1
    outer loop
      vertex 26.045084971874736 -15.744717418524232 15
      vertex 21.891010727596395 -19.30756643513176 15
      vertex 22.295930811529733 -19.256413132608117 15
    endloop
  endfacet
  facet normal 0 0 1
    outer loop
      vertex 26.045084971874736 -15.744717418524232 15
      vertex 22.295930811529733 -19.256413132608117 15
      vertex 22.704069188470267 -19.256413132608117 15
    endloop
  endfacet
  facet normal 0 0 1
    outer loop
      vertex 26.045084971874736 -15.744717418524232 15
      vertex 22.704069188470267 -19.256413132608117 15
      vertex 23.108989272403605 -19.30756643513176 15
    endloop
  endfacet
  facet normal 0 0 1
    outer loop
      vertex 26.045084971874736 -15.744717418524232 15
      vertex 23.108989272403605 -19.30756643513176 15
      vertex 23.50430523171858 -19.40906632204075 15
    endloop
  endfacet
  facet normal 0 0 1
    outer loop
      vertex 26.045084971874736 -15.744717418524232 15
      vertex 23.50430523171858 -19.40906632204075 15
      vertex 23.883782697586486 -19.559312079485437 15
    endloop
  endfacet
  facet normal 0 0 1
    outer loop
      vertex 26.045084971874736 -15.744717418524232 15
      vertex 23.883782697586486 -19.559312079485437 15
      vertex 24.24143708368174 -19.75593424211845 15
    endloop
  endfacet
  facet normal 0 0 1
    outer loop
      vertex 24.813952597646566 -15.509866357858641 15
      vertex 26.045084971874736 -15.744717418524232 15
      vertex 25.436906572928624 -15.588563746356556 15
    endloop
  endfacet
  facet normal 0 0 1
    outer loop
      vertex 29.460573506572388 -25.12666616782152 15
      vertex 26.045084971874736 -15.744717418524232 15
      vertex 25.724372779272052 -22.092666990916012 15
    endloop
  endfacet
  facet normal 0 0 1
    outer loop
      vertex 29.460573506572388 -25.12666616782152 15
      vertex 29.5 -20.5 15
      vertex 29.148882429441258 -18.65937723657661 15
    endloop
  endfacet
  facet normal 0 0 1
    outer loop
      vertex 29.460573506572388 -25.12666616782152 15
      vertex 29.148882429441258 -18.65937723657661 15
      vertex 26.045084971874736 -15.744717418524232 15
    endloop
  endfacet
  facet normal 0 0 1
    outer loop
      vertex 29.5 -20.5 15
      vertex 29.460573506572388 -19.873333832178478 15
      vertex 29.148882429441258 -18.65937723657661 15
    endloop
  endfacet
  facet normal 0 0 1
    outer loop
      vertex 29.460573506572388 -19.873333832178478 15
      vertex 29.342915805643155 -19.256550564175726 15
      vertex 29.148882429441258 -18.65937723657661 15
    endloop
  endfacet
  facet normal 0 0 1
    outer loop
      vertex 26.045084971874736 -15.744717418524232 15
      vertex 27.179133974894985 -16.278360372489924 15
      vertex 26.628896457825363 -15.975864737669902 15
    endloop
  endfacet
  facet normal 0 0 1
    outer loop
      vertex 26.045084971874736 -15.744717418524232 15
      vertex 27.687119948743447 -16.647433786121056 15
      vertex 27.179133974894985 -16.278360372489924 15
    endloop
  endfacet
  facet normal 0 0 1
    outer loop
      vertex 26.045084971874736 -15.744717418524232 15
      vertex 28.14484313710706 -17.077264470356557 15
      vertex 27.687119948743447 -16.647433786121056 15
    endloop
  endfacet
  facet normal 0 0 1
    outer loop
      vertex 28.545084971874736 -17.561073738537633 15
      vertex 28.14484313710706 -17.077264470356557 15
      vertex 28.88153340021932 -18.091231629491425 15
    endloop
  endfacet
  facet normal 0 0 1
    outer loop
      vertex 29.148882429441258 -18.65937723657661 15
      vertex 28.14484313710706 -17.077264470356557 15
      vertex 26.045084971874736 -15.744717418524232 15
    endloop
  endfacet
  facet normal 0 0 1
    outer loop
      vertex 29.148882429441258 -18.65937723657661 15
      vertex 28.88153340021932 -18.091231629491425 15
      vertex 28.14484313710706 -17.077264470356557 15
    endloop
  endfacet
  facet normal 0.7705132427757887 0.6374239897486903 0
    outer loop
      vertex -24.869148039119587 -9.724778094268238 0
      vertex -25.12930523171858 -9.410302069950538 0
      vertex -25.12930523171858 -9.410302069950538 15
    endloop
  endfacet
  facet normal 0.5877852522924705 0.8090169943749493 0
    outer loop
      vertex -24.24143708368174 -10.244065757881549 0
      vertex -24.57162796668324 -10.004168039021316 0
      vertex -24.24143708368174 -10.244065757881549 15
    endloop
  endfacet
  facet normal 0.4817536741017159 0.8763066800438633 0
    outer loop
      vertex -23.883782697586486 -10.440687920514563 0
      vertex -24.24143708368174 -10.244065757881549 0
      vertex -23.883782697586486 -10.440687920514563 15
    endloop
  endfacet
  facet normal 0.6845471059286904 0.7289686274214099 0
    outer loop
      vertex -24.57162796668324 -10.004168039021316 0
      vertex -24.869148039119587 -9.724778094268238 0
      vertex -24.57162796668324 -10.004168039021316 15
    endloop
  endfacet
  facet normal 0.9048270524660202 0.425779291565071 0
    outer loop
      vertex -25.347996710142557 -9.065699440830574 0
      vertex -25.521773579136816 -8.696404796225202 0
      vertex -25.521773579136816 -8.696404796225202 15
    endloop
  endfacet
  facet normal 0.9510565162951522 0.3090169943749519 0
    outer loop
      vertex -25.521773579136816 -8.696404796225202 0
      vertex -25.647895273668052 -8.308242133285779 0
      vertex -25.647895273668052 -8.308242133285779 15
    endloop
  endfacet
  facet normal 0.8443279255020152 0.5358267949789962 0
    outer loop
      vertex -25.12930523171858 -9.410302069950538 0
      vertex -25.347996710142557 -9.065699440830574 0
      vertex -25.347996710142557 -9.065699440830574 15
    endloop
  endfacet
  facet normal 0.9822872507286896 0.18738131458572005 0
    outer loop
      vertex -25.647895273668052 -8.308242133285779 0
      vertex -25.724372779272052 -7.907333009083988 0
      vertex -25.724372779272052 -7.907333009083988 15
    endloop
  endfacet
  facet normal 0.9980267284282714 0.06279051952931576 0
    outer loop
      vertex -25.724372779272052 -7.907333009083988 0
      vertex -25.75 -7.5 0
      vertex -25.75 -7.5 15
    endloop
  endfacet
  facet normal 0.36812455268467936 0.9297764858882508 0
    outer loop
      vertex -23.50430523171858 -10.59093367795925 0
      vertex -23.883782697586486 -10.440687920514563 0
      vertex -23.50430523171858 -10.59093367795925 15
    endloop
  endfacet
  facet normal 0.24868988716485535 0.9685831611286311 0
    outer loop
      vertex -23.108989272403605 -10.692433564868239 0
      vertex -23.50430523171858 -10.59093367795925 0
      vertex -23.108989272403605 -10.692433564868239 15
    endloop
  endfacet
  facet normal 0.12533323356430565 0.9921147013144777 0
    outer loop
      vertex -22.70406918847027 -10.743586867391883 0
      vertex -23.108989272403605 -10.692433564868239 0
      vertex -22.70406918847027 -10.743586867391883 15
    endloop
  endfacet
  facet normal 0 1 0
    outer loop
      vertex -22.29593081152973 -10.743586867391883 0
      vertex -22.70406918847027 -10.743586867391883 0
      vertex -22.29593081152973 -10.743586867391883 15
    endloop
  endfacet
  facet normal 0.9980267284282714 -0.06279051952931576 0
    outer loop
      vertex -25.75 -7.5 0
      vertex -25.724372779272052 -7.092666990916012 0
      vertex -25.724372779272052 -7.092666990916012 15
    endloop
  endfacet
  facet normal 0.9822872507286896 -0.18738131458572005 0
    outer loop
      vertex -25.724372779272052 -7.092666990916012 0
      vertex -25.647895273668052 -6.691757866714221 0
      vertex -25.647895273668052 -6.691757866714221 15
    endloop
  endfacet
  facet normal 0.9510565162951524 -0.3090169943749513 0
    outer loop
      vertex -25.647895273668052 -6.691757866714221 0
      vertex -25.521773579136816 -6.303595203774797 0
      vertex -25.521773579136816 -6.303595203774797 15
    endloop
  endfacet
  facet normal 0.9048270524660202 -0.425779291565071 0
    outer loop
      vertex -25.521773579136816 -6.303595203774797 0
      vertex -25.347996710142557 -5.934300559169425 0
      vertex -25.347996710142557 -5.934300559169425 15
    endloop
  endfacet
  facet normal 0.8443279255020146 -0.5358267949789972 0
    outer loop
      vertex -25.347996710142557 -5.934300559169425 0
      vertex -25.12930523171858 -5.5896979300494625 0
      vertex -25.12930523171858 -5.5896979300494625 15
    endloop
  endfacet
  facet normal 0.7705132427757887 -0.6374239897486903 0
    outer loop
      vertex -25.12930523171858 -5.5896979300494625 0
      vertex -24.869148039119587 -5.275221905731762 0
      vertex -24.869148039119587 -5.275221905731762 15
    endloop
  endfacet
  facet normal 0.6845471059286904 -0.7289686274214099 0
    outer loop
      vertex -24.869148039119587 -5.275221905731762 0
      vertex -24.57162796668324 -4.995831960978684 0
      vertex -24.869148039119587 -5.275221905731762 15
    endloop
  endfacet
  facet normal 0.5877852522924705 -0.8090169943749493 0
    outer loop
      vertex -24.57162796668324 -4.995831960978684 0
      vertex -24.24143708368174 -4.755934242118451 0
      vertex -24.57162796668324 -4.995831960978684 15
    endloop
  endfacet
  facet normal 0.4817536741017159 -0.8763066800438633 0
    outer loop
      vertex -24.24143708368174 -4.755934242118451 0
      vertex -23.883782697586486 -4.559312079485437 0
      vertex -24.24143708368174 -4.755934242118451 15
    endloop
  endfacet
  facet normal 0.36812455268467936 -0.9297764858882508 0
    outer loop
      vertex -23.883782697586486 -4.559312079485437 0
      vertex -23.50430523171858 -4.409066322040751 0
      vertex -23.883782697586486 -4.559312079485437 15
    endloop
  endfacet
  facet normal 0.24868988716485535 -0.9685831611286311 0
    outer loop
      vertex -23.50430523171858 -4.409066322040751 0
      vertex -23.108989272403605 -4.307566435131761 0
      vertex -23.50430523171858 -4.409066322040751 15
    endloop
  endfacet
  facet normal 0.1253332335643024 -0.9921147013144781 0
    outer loop
      vertex -23.108989272403605 -4.307566435131761 0
      vertex -22.704069188470267 -4.256413132608118 0
      vertex -23.108989272403605 -4.307566435131761 15
    endloop
  endfacet
  facet normal 0 -1 0
    outer loop
      vertex -22.704069188470267 -4.256413132608118 0
      vertex -22.295930811529733 -4.256413132608118 0
      vertex -22.704069188470267 -4.256413132608118 15
    endloop
  endfacet
  facet normal -0.1253332335643024 -0.9921147013144781 0
    outer loop
      vertex -22.295930811529733 -4.256413132608118 0
      vertex -21.891010727596395 -4.307566435131761 0
      vertex -22.295930811529733 -4.256413132608118 15
    endloop
  endfacet
  facet normal -0.12533323356430565 0.9921147013144777 0
    outer loop
      vertex -21.891010727596395 -10.692433564868239 0
      vertex -22.29593081152973 -10.743586867391883 0
      vertex -21.891010727596395 -10.692433564868239 15
    endloop
  endfacet
  facet normal -0.24868988716485535 0.9685831611286311 0
    outer loop
      vertex -21.49569476828142 -10.59093367795925 0
      vertex -21.891010727596395 -10.692433564868239 0
      vertex -21.49569476828142 -10.59093367795925 15
    endloop
  endfacet
  facet normal -0.36812455268467936 0.9297764858882508 0
    outer loop
      vertex -21.116217302413514 -10.440687920514563 0
      vertex -21.49569476828142 -10.59093367795925 0
      vertex -21.116217302413514 -10.440687920514563 15
    endloop
  endfacet
  facet normal -0.48175367410171255 0.876306680043865 0
    outer loop
      vertex -20.75856291631826 -10.24406575788155 0
      vertex -21.116217302413514 -10.440687920514563 0
      vertex -20.75856291631826 -10.24406575788155 15
    endloop
  endfacet
  facet normal -0.5877852522924762 0.8090169943749452 0
    outer loop
      vertex -20.42837203331676 -10.004168039021314 0
      vertex -20.75856291631826 -10.24406575788155 0
      vertex -20.42837203331676 -10.004168039021314 15
    endloop
  endfacet
  facet normal -0.6845471059286882 0.7289686274214121 0
    outer loop
      vertex -20.130851960880413 -9.724778094268238 0
      vertex -20.42837203331676 -10.004168039021314 0
      vertex -20.130851960880413 -9.724778094268238 15
    endloop
  endfacet
  facet normal -0.7705132427757887 0.6374239897486903 0
    outer loop
      vertex -20.130851960880413 -9.724778094268238 0
      vertex -20.130851960880413 -9.724778094268238 15
      vertex -19.87069476828142 -9.410302069950538 0
    endloop
  endfacet
  facet normal -0.8443279255020152 0.5358267949789962 0
    outer loop
      vertex -19.652003289857443 -9.065699440830574 0
      vertex -19.87069476828142 -9.410302069950538 0
      vertex -19.87069476828142 -9.410302069950538 15
    endloop
  endfacet
  facet normal -0.9048270524660195 0.42577929156507266 0
    outer loop
      vertex -19.478226420863184 -8.696404796225204 0
      vertex -19.652003289857443 -9.065699440830574 0
      vertex -19.652003289857443 -9.065699440830574 15
    endloop
  endfacet
  facet normal -0.9510565162951531 0.30901699437494934 0
    outer loop
      vertex -19.352104726331948 -8.308242133285777 0
      vertex -19.478226420863184 -8.696404796225204 0
      vertex -19.478226420863184 -8.696404796225204 15
    endloop
  endfacet
  facet normal -0.9822872507286894 0.18738131458572085 0
    outer loop
      vertex -19.275627220727948 -7.907333009083988 0
      vertex -19.352104726331948 -8.308242133285777 0
      vertex -19.352104726331948 -8.308242133285777 15
    endloop
  endfacet
  facet normal -0.9980267284282714 0.06279051952931576 0
    outer loop
      vertex -19.25 -7.5 0
      vertex -19.275627220727948 -7.907333009083988 0
      vertex -19.275627220727948 -7.907333009083988 15
    endloop
  endfacet
  facet normal -0.24868988716485535 -0.9685831611286311 0
    outer loop
      vertex -21.891010727596395 -4.307566435131761 0
      vertex -21.49569476828142 -4.409066322040751 0
      vertex -21.891010727596395 -4.307566435131761 15
    endloop
  endfacet
  facet normal -0.36812455268467936 -0.9297764858882508 0
    outer loop
      vertex -21.49569476828142 -4.409066322040751 0
      vertex -21.116217302413514 -4.559312079485437 0
      vertex -21.49569476828142 -4.409066322040751 15
    endloop
  endfacet
  facet normal -0.4817536741017159 -0.8763066800438633 0
    outer loop
      vertex -21.116217302413514 -4.559312079485437 0
      vertex -20.75856291631826 -4.755934242118451 0
      vertex -21.116217302413514 -4.559312079485437 15
    endloop
  endfacet
  facet normal -0.6845471059286882 -0.7289686274214121 0
    outer loop
      vertex -20.42837203331676 -4.995831960978686 0
      vertex -20.130851960880413 -5.275221905731762 0
      vertex -20.42837203331676 -4.995831960978686 15
    endloop
  endfacet
  facet normal -0.5877852522924734 -0.8090169943749472 0
    outer loop
      vertex -20.75856291631826 -4.755934242118451 0
      vertex -20.42837203331676 -4.995831960978686 0
      vertex -20.75856291631826 -4.755934242118451 15
    endloop
  endfacet
  facet normal -0.9510565162951525 -0.3090169943749506 0
    outer loop
      vertex -19.478226420863184 -6.303595203774797 0
      vertex -19.352104726331948 -6.691757866714222 0
      vertex -19.352104726331948 -6.691757866714222 15
    endloop
  endfacet
  facet normal -0.9048270524660202 -0.425779291565071 0
    outer loop
      vertex -19.652003289857443 -5.934300559169425 0
      vertex -19.478226420863184 -6.303595203774797 0
      vertex -19.478226420863184 -6.303595203774797 15
    endloop
  endfacet
  facet normal -0.8443279255020146 -0.5358267949789972 0
    outer loop
      vertex -19.87069476828142 -5.5896979300494625 0
      vertex -19.652003289857443 -5.934300559169425 0
      vertex -19.652003289857443 -5.934300559169425 15
    endloop
  endfacet
  facet normal -0.9980267284282714 -0.06279051952931562 0
    outer loop
      vertex -19.275627220727948 -7.092666990916011 0
      vertex -19.25 -7.5 0
      vertex -19.25 -7.5 15
    endloop
  endfacet
  facet normal -0.9822872507286894 -0.18738131458572085 0
    outer loop
      vertex -19.352104726331948 -6.691757866714222 0
      vertex -19.275627220727948 -7.092666990916011 0
      vertex -19.275627220727948 -7.092666990916011 15
    endloop
  endfacet
  facet normal -0.7705132427757887 -0.6374239897486903 0
    outer loop
      vertex -20.130851960880413 -5.275221905731762 0
      vertex -19.87069476828142 -5.5896979300494625 0
      vertex -19.87069476828142 -5.5896979300494625 15
    endloop
  endfacet
  facet normal 0.8443279255020152 0.5358267949789962 0
    outer loop
      vertex -25.12930523171858 -9.410302069950538 0
      vertex -25.347996710142557 -9.065699440830574 15
      vertex -25.12930523171858 -9.410302069950538 15
    endloop
  endfacet
  facet normal 0.7705132427757887 0.6374239897486903 0
    outer loop
      vertex -24.869148039119587 -9.724778094268238 0
      vertex -25.12930523171858 -9.410302069950538 15
      vertex -24.869148039119587 -9.724778094268238 15
    endloop
  endfacet
  facet normal 0.4817536741017159 0.8763066800438633 0
    outer loop
      vertex -24.24143708368174 -10.244065757881549 15
      vertex -23.883782697586486 -10.440687920514563 15
      vertex -24.24143708368174 -10.244065757881549 0
    endloop
  endfacet
  facet normal 0.6845471059286904 0.7289686274214099 0
    outer loop
      vertex -24.869148039119587 -9.724778094268238 0
      vertex -24.869148039119587 -9.724778094268238 15
      vertex -24.57162796668324 -10.004168039021316 15
    endloop
  endfacet
  facet normal 0.5877852522924705 0.8090169943749493 0
    outer loop
      vertex -24.57162796668324 -10.004168039021316 15
      vertex -24.24143708368174 -10.244065757881549 15
      vertex -24.57162796668324 -10.004168039021316 0
    endloop
  endfacet
  facet normal 0.9048270524660202 0.425779291565071 0
    outer loop
      vertex -25.347996710142557 -9.065699440830574 0
      vertex -25.521773579136816 -8.696404796225202 15
      vertex -25.347996710142557 -9.065699440830574 15
    endloop
  endfacet
  facet normal 0.9510565162951522 0.3090169943749519 0
    outer loop
      vertex -25.521773579136816 -8.696404796225202 0
      vertex -25.647895273668052 -8.308242133285779 15
      vertex -25.521773579136816 -8.696404796225202 15
    endloop
  endfacet
  facet normal 0.9822872507286896 0.18738131458572005 0
    outer loop
      vertex -25.647895273668052 -8.308242133285779 0
      vertex -25.724372779272052 -7.907333009083988 15
      vertex -25.647895273668052 -8.308242133285779 15
    endloop
  endfacet
  facet normal 0.9980267284282714 0.06279051952931576 0
    outer loop
      vertex -25.724372779272052 -7.907333009083988 0
      vertex -25.75 -7.5 15
      vertex -25.724372779272052 -7.907333009083988 15
    endloop
  endfacet
  facet normal 0.36812455268467936 0.9297764858882508 0
    outer loop
      vertex -23.883782697586486 -10.440687920514563 15
      vertex -23.50430523171858 -10.59093367795925 15
      vertex -23.883782697586486 -10.440687920514563 0
    endloop
  endfacet
  facet normal 0.24868988716485535 0.9685831611286311 0
    outer loop
      vertex -23.50430523171858 -10.59093367795925 15
      vertex -23.108989272403605 -10.692433564868239 15
      vertex -23.50430523171858 -10.59093367795925 0
    endloop
  endfacet
  facet normal 0.12533323356430565 0.9921147013144777 0
    outer loop
      vertex -23.108989272403605 -10.692433564868239 15
      vertex -22.70406918847027 -10.743586867391883 15
      vertex -23.108989272403605 -10.692433564868239 0
    endloop
  endfacet
  facet normal 0 1 0
    outer loop
      vertex -22.70406918847027 -10.743586867391883 15
      vertex -22.29593081152973 -10.743586867391883 15
      vertex -22.70406918847027 -10.743586867391883 0
    endloop
  endfacet
  facet normal -0.12533323356430565 0.9921147013144777 0
    outer loop
      vertex -22.29593081152973 -10.743586867391883 15
      vertex -21.891010727596395 -10.692433564868239 15
      vertex -22.29593081152973 -10.743586867391883 0
    endloop
  endfacet
  facet normal 0.9980267284282714 -0.06279051952931576 0
    outer loop
      vertex -25.75 -7.5 0
      vertex -25.724372779272052 -7.092666990916012 15
      vertex -25.75 -7.5 15
    endloop
  endfacet
  facet normal 0.9822872507286896 -0.18738131458572005 0
    outer loop
      vertex -25.724372779272052 -7.092666990916012 0
      vertex -25.647895273668052 -6.691757866714221 15
      vertex -25.724372779272052 -7.092666990916012 15
    endloop
  endfacet
  facet normal 0.9510565162951524 -0.3090169943749513 0
    outer loop
      vertex -25.647895273668052 -6.691757866714221 0
      vertex -25.521773579136816 -6.303595203774797 15
      vertex -25.647895273668052 -6.691757866714221 15
    endloop
  endfacet
  facet normal 0.9048270524660202 -0.425779291565071 0
    outer loop
      vertex -25.521773579136816 -6.303595203774797 0
      vertex -25.347996710142557 -5.934300559169425 15
      vertex -25.521773579136816 -6.303595203774797 15
    endloop
  endfacet
  facet normal 0.8443279255020146 -0.5358267949789972 0
    outer loop
      vertex -25.347996710142557 -5.934300559169425 0
      vertex -25.12930523171858 -5.5896979300494625 15
      vertex -25.347996710142557 -5.934300559169425 15
    endloop
  endfacet
  facet normal 0.7705132427757887 -0.6374239897486903 0
    outer loop
      vertex -25.12930523171858 -5.5896979300494625 0
      vertex -24.869148039119587 -5.275221905731762 15
      vertex -25.12930523171858 -5.5896979300494625 15
    endloop
  endfacet
  facet normal 0.6845471059286904 -0.7289686274214099 0
    outer loop
      vertex -24.57162796668324 -4.995831960978684 15
      vertex -24.869148039119587 -5.275221905731762 15
      vertex -24.57162796668324 -4.995831960978684 0
    endloop
  endfacet
  facet normal 0.5877852522924705 -0.8090169943749493 0
    outer loop
      vertex -24.24143708368174 -4.755934242118451 15
      vertex -24.57162796668324 -4.995831960978684 15
      vertex -24.24143708368174 -4.755934242118451 0
    endloop
  endfacet
  facet normal 0.4817536741017159 -0.8763066800438633 0
    outer loop
      vertex -23.883782697586486 -4.559312079485437 15
      vertex -24.24143708368174 -4.755934242118451 15
      vertex -23.883782697586486 -4.559312079485437 0
    endloop
  endfacet
  facet normal 0.36812455268467936 -0.9297764858882508 0
    outer loop
      vertex -23.50430523171858 -4.409066322040751 15
      vertex -23.883782697586486 -4.559312079485437 15
      vertex -23.50430523171858 -4.409066322040751 0
    endloop
  endfacet
  facet normal 0.24868988716485535 -0.9685831611286311 0
    outer loop
      vertex -23.108989272403605 -4.307566435131761 15
      vertex -23.50430523171858 -4.409066322040751 15
      vertex -23.108989272403605 -4.307566435131761 0
    endloop
  endfacet
  facet normal 0.1253332335643024 -0.9921147013144781 0
    outer loop
      vertex -22.704069188470267 -4.256413132608118 15
      vertex -23.108989272403605 -4.307566435131761 15
      vertex -22.704069188470267 -4.256413132608118 0
    endloop
  endfacet
  facet normal 0 -1 0
    outer loop
      vertex -22.295930811529733 -4.256413132608118 15
      vertex -22.704069188470267 -4.256413132608118 15
      vertex -22.295930811529733 -4.256413132608118 0
    endloop
  endfacet
  facet normal -0.24868988716485535 0.9685831611286311 0
    outer loop
      vertex -21.891010727596395 -10.692433564868239 15
      vertex -21.49569476828142 -10.59093367795925 15
      vertex -21.891010727596395 -10.692433564868239 0
    endloop
  endfacet
  facet normal -0.36812455268467936 0.9297764858882508 0
    outer loop
      vertex -21.49569476828142 -10.59093367795925 15
      vertex -21.116217302413514 -10.440687920514563 15
      vertex -21.49569476828142 -10.59093367795925 0
    endloop
  endfacet
  facet normal -0.48175367410171255 0.876306680043865 0
    outer loop
      vertex -21.116217302413514 -10.440687920514563 15
      vertex -20.75856291631826 -10.24406575788155 15
      vertex -21.116217302413514 -10.440687920514563 0
    endloop
  endfacet
  facet normal -0.5877852522924762 0.8090169943749452 0
    outer loop
      vertex -20.75856291631826 -10.24406575788155 15
      vertex -20.42837203331676 -10.004168039021314 15
      vertex -20.75856291631826 -10.24406575788155 0
    endloop
  endfacet
  facet normal -0.6845471059286882 0.7289686274214121 0
    outer loop
      vertex -20.42837203331676 -10.004168039021314 15
      vertex -20.130851960880413 -9.724778094268238 15
      vertex -20.42837203331676 -10.004168039021314 0
    endloop
  endfacet
  facet normal -0.7705132427757887 0.6374239897486903 0
    outer loop
      vertex -19.87069476828142 -9.410302069950538 0
      vertex -20.130851960880413 -9.724778094268238 15
      vertex -19.87069476828142 -9.410302069950538 15
    endloop
  endfacet
  facet normal -0.8443279255020152 0.5358267949789962 0
    outer loop
      vertex -19.87069476828142 -9.410302069950538 15
      vertex -19.652003289857443 -9.065699440830574 15
      vertex -19.652003289857443 -9.065699440830574 0
    endloop
  endfacet
  facet normal -0.9048270524660195 0.42577929156507266 0
    outer loop
      vertex -19.478226420863184 -8.696404796225204 0
      vertex -19.652003289857443 -9.065699440830574 15
      vertex -19.478226420863184 -8.696404796225204 15
    endloop
  endfacet
  facet normal -0.9510565162951531 0.30901699437494934 0
    outer loop
      vertex -19.352104726331948 -8.308242133285777 0
      vertex -19.478226420863184 -8.696404796225204 15
      vertex -19.352104726331948 -8.308242133285777 15
    endloop
  endfacet
  facet normal -0.9822872507286894 0.18738131458572085 0
    outer loop
      vertex -19.275627220727948 -7.907333009083988 0
      vertex -19.352104726331948 -8.308242133285777 15
      vertex -19.275627220727948 -7.907333009083988 15
    endloop
  endfacet
  facet normal -0.9980267284282714 0.06279051952931576 0
    outer loop
      vertex -19.25 -7.5 0
      vertex -19.275627220727948 -7.907333009083988 15
      vertex -19.25 -7.5 15
    endloop
  endfacet
  facet normal -0.1253332335643024 -0.9921147013144781 0
    outer loop
      vertex -21.891010727596395 -4.307566435131761 15
      vertex -22.295930811529733 -4.256413132608118 15
      vertex -21.891010727596395 -4.307566435131761 0
    endloop
  endfacet
  facet normal -0.24868988716485535 -0.9685831611286311 0
    outer loop
      vertex -21.49569476828142 -4.409066322040751 15
      vertex -21.891010727596395 -4.307566435131761 15
      vertex -21.49569476828142 -4.409066322040751 0
    endloop
  endfacet
  facet normal -0.36812455268467936 -0.9297764858882508 0
    outer loop
      vertex -21.116217302413514 -4.559312079485437 15
      vertex -21.49569476828142 -4.409066322040751 15
      vertex -21.116217302413514 -4.559312079485437 0
    endloop
  endfacet
  facet normal -0.4817536741017159 -0.8763066800438633 0
    outer loop
      vertex -20.75856291631826 -4.755934242118451 15
      vertex -21.116217302413514 -4.559312079485437 15
      vertex -20.75856291631826 -4.755934242118451 0
    endloop
  endfacet
  facet normal -0.5877852522924734 -0.8090169943749472 0
    outer loop
      vertex -20.42837203331676 -4.995831960978686 15
      vertex -20.75856291631826 -4.755934242118451 15
      vertex -20.42837203331676 -4.995831960978686 0
    endloop
  endfacet
  facet normal -0.9048270524660202 -0.425779291565071 0
    outer loop
      vertex -19.652003289857443 -5.934300559169425 0
      vertex -19.478226420863184 -6.303595203774797 15
      vertex -19.652003289857443 -5.934300559169425 15
    endloop
  endfacet
  facet normal -0.9510565162951525 -0.3090169943749506 0
    outer loop
      vertex -19.478226420863184 -6.303595203774797 0
      vertex -19.352104726331948 -6.691757866714222 15
      vertex -19.478226420863184 -6.303595203774797 15
    endloop
  endfacet
  facet normal -0.8443279255020146 -0.5358267949789972 0
    outer loop
      vertex -19.87069476828142 -5.5896979300494625 0
      vertex -19.652003289857443 -5.934300559169425 15
      vertex -19.87069476828142 -5.5896979300494625 15
    endloop
  endfacet
  facet normal -0.9980267284282714 -0.06279051952931562 0
    outer loop
      vertex -19.275627220727948 -7.092666990916011 0
      vertex -19.25 -7.5 15
      vertex -19.275627220727948 -7.092666990916011 15
    endloop
  endfacet
  facet normal -0.9822872507286894 -0.18738131458572085 0
    outer loop
      vertex -19.352104726331948 -6.691757866714222 0
      vertex -19.275627220727948 -7.092666990916011 15
      vertex -19.352104726331948 -6.691757866714222 15
    endloop
  endfacet
  facet normal -0.6845471059286882 -0.7289686274214121 0
    outer loop
      vertex -20.130851960880413 -5.275221905731762 0
      vertex -20.130851960880413 -5.275221905731762 15
      vertex -20.42837203331676 -4.995831960978686 15
    endloop
  endfacet
  facet normal -0.7705132427757887 -0.6374239897486903 0
    outer loop
      vertex -20.130851960880413 -5.275221905731762 0
      vertex -19.87069476828142 -5.5896979300494625 15
      vertex -20.130851960880413 -5.275221905731762 15
    endloop
  endfacet
  facet normal 0.7705132427757887 0.6374239897486903 0
    outer loop
      vertex -24.869148039119587 5.275221905731762 0
      vertex -25.12930523171858 5.5896979300494625 0
      vertex -25.12930523171858 5.5896979300494625 15
    endloop
  endfacet
  facet normal 0.6845471059286904 0.7289686274214099 0
    outer loop
      vertex -24.57162796668324 4.995831960978684 0
      vertex -24.869148039119587 5.275221905731762 0
      vertex -24.57162796668324 4.995831960978684 15
    endloop
  endfacet
  facet normal 0.5877852522924705 0.8090169943749493 0
    outer loop
      vertex -24.24143708368174 4.755934242118451 0
      vertex -24.57162796668324 4.995831960978684 0
      vertex -24.24143708368174 4.755934242118451 15
    endloop
  endfacet
  facet normal 0.4817536741017175 0.8763066800438623 0
    outer loop
      vertex -23.883782697586486 4.559312079485436 0
      vertex -24.24143708368174 4.755934242118451 0
      vertex -23.883782697586486 4.559312079485436 15
    endloop
  endfacet
  facet normal 0.9048270524660202 0.425779291565071 0
    outer loop
      vertex -25.347996710142557 5.934300559169425 0
      vertex -25.521773579136816 6.303595203774797 0
      vertex -25.521773579136816 6.303595203774797 15
    endloop
  endfacet
  facet normal 0.8443279255020146 0.5358267949789972 0
    outer loop
      vertex -25.12930523171858 5.5896979300494625 0
      vertex -25.347996710142557 5.934300559169425 0
      vertex -25.347996710142557 5.934300559169425 15
    endloop
  endfacet
  facet normal 0.9510565162951524 0.3090169943749513 0
    outer loop
      vertex -25.521773579136816 6.303595203774797 0
      vertex -25.647895273668052 6.691757866714221 0
      vertex -25.647895273668052 6.691757866714221 15
    endloop
  endfacet
  facet normal 0.9822872507286896 0.18738131458572005 0
    outer loop
      vertex -25.647895273668052 6.691757866714221 0
      vertex -25.724372779272052 7.092666990916012 0
      vertex -25.724372779272052 7.092666990916012 15
    endloop
  endfacet
  facet normal 0.9980267284282714 0.06279051952931576 0
    outer loop
      vertex -25.724372779272052 7.092666990916012 0
      vertex -25.75 7.5 0
      vertex -25.75 7.5 15
    endloop
  endfacet
  facet normal 0.36812455268467753 0.9297764858882517 0
    outer loop
      vertex -23.50430523171858 4.409066322040751 0
      vertex -23.883782697586486 4.559312079485436 0
      vertex -23.50430523171858 4.409066322040751 15
    endloop
  endfacet
  facet normal 0.24868988716485332 0.9685831611286316 0
    outer loop
      vertex -23.108989272403605 4.307566435131762 0
      vertex -23.50430523171858 4.409066322040751 0
      vertex -23.108989272403605 4.307566435131762 15
    endloop
  endfacet
  facet normal 0.12533323356430565 0.9921147013144777 0
    outer loop
      vertex -22.70406918847027 4.256413132608118 0
      vertex -23.108989272403605 4.307566435131762 0
      vertex -22.70406918847027 4.256413132608118 15
    endloop
  endfacet
  facet normal 0 1 0
    outer loop
      vertex -22.29593081152973 4.256413132608118 0
      vertex -22.70406918847027 4.256413132608118 0
      vertex -22.29593081152973 4.256413132608118 15
    endloop
  endfacet
  facet normal 0.9980267284282714 -0.06279051952931576 0
    outer loop
      vertex -25.75 7.5 0
      vertex -25.724372779272052 7.907333009083988 0
      vertex -25.724372779272052 7.907333009083988 15
    endloop
  endfacet
  facet normal 0.9822872507286896 -0.18738131458572005 0
    outer loop
      vertex -25.724372779272052 7.907333009083988 0
      vertex -25.647895273668052 8.308242133285779 0
      vertex -25.647895273668052 8.308242133285779 15
    endloop
  endfacet
  facet normal 0.9510565162951522 -0.3090169943749519 0
    outer loop
      vertex -25.647895273668052 8.308242133285779 0
      vertex -25.521773579136816 8.696404796225202 0
      vertex -25.521773579136816 8.696404796225202 15
    endloop
  endfacet
  facet normal 0.9048270524660202 -0.425779291565071 0
    outer loop
      vertex -25.521773579136816 8.696404796225202 0
      vertex -25.347996710142557 9.065699440830574 0
      vertex -25.347996710142557 9.065699440830574 15
    endloop
  endfacet
  facet normal 0.8443279255020152 -0.5358267949789962 0
    outer loop
      vertex -25.347996710142557 9.065699440830574 0
      vertex -25.12930523171858 9.410302069950538 0
      vertex -25.12930523171858 9.410302069950538 15
    endloop
  endfacet
  facet normal 0.7705132427757887 -0.6374239897486903 0
    outer loop
      vertex -25.12930523171858 9.410302069950538 0
      vertex -24.869148039119587 9.724778094268238 0
      vertex -24.869148039119587 9.724778094268238 15
    endloop
  endfacet
  facet normal 0.6845471059286904 -0.7289686274214099 0
    outer loop
      vertex -24.869148039119587 9.724778094268238 0
      vertex -24.57162796668324 10.004168039021316 0
      vertex -24.869148039119587 9.724778094268238 15
    endloop
  endfacet
  facet normal 0.5877852522924705 -0.8090169943749493 0
    outer loop
      vertex -24.57162796668324 10.004168039021316 0
      vertex -24.24143708368174 10.244065757881549 0
      vertex -24.57162796668324 10.004168039021316 15
    endloop
  endfacet
  facet normal 0.4817536741017159 -0.8763066800438633 0
    outer loop
      vertex -24.24143708368174 10.244065757881549 0
      vertex -23.883782697586486 10.440687920514563 0
      vertex -24.24143708368174 10.244065757881549 15
    endloop
  endfacet
  facet normal 0.36812455268467936 -0.9297764858882508 0
    outer loop
      vertex -23.883782697586486 10.440687920514563 0
      vertex -23.50430523171858 10.59093367795925 0
      vertex -23.883782697586486 10.440687920514563 15
    endloop
  endfacet
  facet normal 0.24868988716485535 -0.9685831611286311 0
    outer loop
      vertex -23.50430523171858 10.59093367795925 0
      vertex -23.108989272403605 10.692433564868239 0
      vertex -23.50430523171858 10.59093367795925 15
    endloop
  endfacet
  facet normal 0.12533323356430454 -0.9921147013144778 0
    outer loop
      vertex -23.108989272403605 10.692433564868239 0
      vertex -22.704069188470267 10.743586867391883 0
      vertex -23.108989272403605 10.692433564868239 15
    endloop
  endfacet
  facet normal 0 -1 0
    outer loop
      vertex -22.704069188470267 10.743586867391883 0
      vertex -22.295930811529733 10.743586867391883 0
      vertex -22.704069188470267 10.743586867391883 15
    endloop
  endfacet
  facet normal -0.12533323356430454 -0.9921147013144778 0
    outer loop
      vertex -22.295930811529733 10.743586867391883 0
      vertex -21.891010727596395 10.692433564868239 0
      vertex -22.295930811529733 10.743586867391883 15
    endloop
  endfacet
  facet normal -0.12533323356430565 0.9921147013144777 0
    outer loop
      vertex -21.891010727596395 4.307566435131762 0
      vertex -22.29593081152973 4.256413132608118 0
      vertex -21.891010727596395 4.307566435131762 15
    endloop
  endfacet
  facet normal -0.24868988716485332 0.9685831611286316 0
    outer loop
      vertex -21.49569476828142 4.409066322040751 0
      vertex -21.891010727596395 4.307566435131762 0
      vertex -21.49569476828142 4.409066322040751 15
    endloop
  endfacet
  facet normal -0.36812455268467753 0.9297764858882517 0
    outer loop
      vertex -21.116217302413514 4.559312079485436 0
      vertex -21.49569476828142 4.409066322040751 0
      vertex -21.116217302413514 4.559312079485436 15
    endloop
  endfacet
  facet normal -0.4817536741017159 0.8763066800438633 0
    outer loop
      vertex -20.75856291631826 4.7559342421184505 0
      vertex -21.116217302413514 4.559312079485436 0
      vertex -20.75856291631826 4.7559342421184505 15
    endloop
  endfacet
  facet normal -0.5877852522924748 0.8090169943749462 0
    outer loop
      vertex -20.42837203331676 4.995831960978686 0
      vertex -20.75856291631826 4.7559342421184505 0
      vertex -20.42837203331676 4.995831960978686 15
    endloop
  endfacet
  facet normal -0.6845471059286882 0.7289686274214121 0
    outer loop
      vertex -20.130851960880413 5.275221905731762 0
      vertex -20.42837203331676 4.995831960978686 0
      vertex -20.130851960880413 5.275221905731762 15
    endloop
  endfacet
  facet normal -0.7705132427757887 0.6374239897486903 0
    outer loop
      vertex -20.130851960880413 5.275221905731762 0
      vertex -20.130851960880413 5.275221905731762 15
      vertex -19.87069476828142 5.5896979300494625 0
    endloop
  endfacet
  facet normal -0.8443279255020146 0.5358267949789972 0
    outer loop
      vertex -19.652003289857443 5.934300559169425 0
      vertex -19.87069476828142 5.5896979300494625 0
      vertex -19.87069476828142 5.5896979300494625 15
    endloop
  endfacet
  facet normal -0.9048270524660199 0.4257792915650719 0
    outer loop
      vertex -19.478226420863184 6.303595203774796 0
      vertex -19.652003289857443 5.934300559169425 0
      vertex -19.652003289857443 5.934300559169425 15
    endloop
  endfacet
  facet normal -0.9510565162951531 0.30901699437494934 0
    outer loop
      vertex -19.352104726331948 6.691757866714223 0
      vertex -19.478226420863184 6.303595203774796 0
      vertex -19.478226420863184 6.303595203774796 15
    endloop
  endfacet
  facet normal -0.9822872507286894 0.18738131458572085 0
    outer loop
      vertex -19.275627220727948 7.092666990916012 0
      vertex -19.352104726331948 6.691757866714223 0
      vertex -19.352104726331948 6.691757866714223 15
    endloop
  endfacet
  facet normal -0.9980267284282714 0.06279051952931576 0
    outer loop
      vertex -19.25 7.5 0
      vertex -19.275627220727948 7.092666990916012 0
      vertex -19.275627220727948 7.092666990916012 15
    endloop
  endfacet
  facet normal -0.24868988716485535 -0.9685831611286311 0
    outer loop
      vertex -21.891010727596395 10.692433564868239 0
      vertex -21.49569476828142 10.59093367795925 0
      vertex -21.891010727596395 10.692433564868239 15
    endloop
  endfacet
  facet normal -0.36812455268467936 -0.9297764858882508 0
    outer loop
      vertex -21.49569476828142 10.59093367795925 0
      vertex -21.116217302413514 10.440687920514563 0
      vertex -21.49569476828142 10.59093367795925 15
    endloop
  endfacet
  facet normal -0.6845471059286882 -0.7289686274214121 0
    outer loop
      vertex -20.42837203331676 10.004168039021314 0
      vertex -20.130851960880413 9.724778094268238 0
      vertex -20.42837203331676 10.004168039021314 15
    endloop
  endfacet
  facet normal -0.4817536741017159 -0.8763066800438633 0
    outer loop
      vertex -21.116217302413514 10.440687920514563 0
      vertex -20.75856291631826 10.244065757881549 0
      vertex -21.116217302413514 10.440687920514563 15
    endloop
  endfacet
  facet normal -0.5877852522924734 -0.8090169943749472 0
    outer loop
      vertex -20.75856291631826 10.244065757881549 0
      vertex -20.42837203331676 10.004168039021314 0
      vertex -20.75856291631826 10.244065757881549 15
    endloop
  endfacet
  facet normal -0.9510565162951522 -0.3090169943749519 0
    outer loop
      vertex -19.478226420863184 8.696404796225202 0
      vertex -19.352104726331948 8.308242133285779 0
      vertex -19.352104726331948 8.308242133285779 15
    endloop
  endfacet
  facet normal -0.8443279255020152 -0.5358267949789962 0
    outer loop
      vertex -19.87069476828142 9.410302069950538 0
      vertex -19.652003289857443 9.065699440830574 0
      vertex -19.652003289857443 9.065699440830574 15
    endloop
  endfacet
  facet normal -0.9048270524660202 -0.425779291565071 0
    outer loop
      vertex -19.652003289857443 9.065699440830574 0
      vertex -19.478226420863184 8.696404796225202 0
      vertex -19.478226420863184 8.696404796225202 15
    endloop
  endfacet
  facet normal -0.9980267284282714 -0.06279051952931562 0
    outer loop
      vertex -19.275627220727948 7.907333009083989 0
      vertex -19.25 7.5 0
      vertex -19.25 7.5 15
    endloop
  endfacet
  facet normal -0.9822872507286895 -0.18738131458572047 0
    outer loop
      vertex -19.352104726331948 8.308242133285779 0
      vertex -19.275627220727948 7.907333009083989 0
      vertex -19.275627220727948 7.907333009083989 15
    endloop
  endfacet
  facet normal -0.7705132427757887 -0.6374239897486903 0
    outer loop
      vertex -20.130851960880413 9.724778094268238 0
      vertex -19.87069476828142 9.410302069950538 0
      vertex -19.87069476828142 9.410302069950538 15
    endloop
  endfacet
  facet normal 0.7705132427757887 0.6374239897486903 0
    outer loop
      vertex -24.869148039119587 5.275221905731762 0
      vertex -25.12930523171858 5.5896979300494625 15
      vertex -24.869148039119587 5.275221905731762 15
    endloop
  endfacet
  facet normal 0.5877852522924705 0.8090169943749493 0
    outer loop
      vertex -24.57162796668324 4.995831960978684 15
      vertex -24.24143708368174 4.755934242118451 15
      vertex -24.57162796668324 4.995831960978684 0
    endloop
  endfacet
  facet normal 0.6845471059286904 0.7289686274214099 0
    outer loop
      vertex -24.869148039119587 5.275221905731762 15
      vertex -24.57162796668324 4.995831960978684 15
      vertex -24.869148039119587 5.275221905731762 0
    endloop
  endfacet
  facet normal 0.4817536741017175 0.8763066800438623 0
    outer loop
      vertex -24.24143708368174 4.755934242118451 15
      vertex -23.883782697586486 4.559312079485436 15
      vertex -24.24143708368174 4.755934242118451 0
    endloop
  endfacet
  facet normal 0.9048270524660202 0.425779291565071 0
    outer loop
      vertex -25.347996710142557 5.934300559169425 0
      vertex -25.521773579136816 6.303595203774797 15
      vertex -25.347996710142557 5.934300559169425 15
    endloop
  endfacet
  facet normal 0.9510565162951524 0.3090169943749513 0
    outer loop
      vertex -25.521773579136816 6.303595203774797 0
      vertex -25.647895273668052 6.691757866714221 15
      vertex -25.521773579136816 6.303595203774797 15
    endloop
  endfacet
  facet normal 0.8443279255020146 0.5358267949789972 0
    outer loop
      vertex -25.12930523171858 5.5896979300494625 0
      vertex -25.347996710142557 5.934300559169425 15
      vertex -25.12930523171858 5.5896979300494625 15
    endloop
  endfacet
  facet normal 0.9822872507286896 0.18738131458572005 0
    outer loop
      vertex -25.647895273668052 6.691757866714221 0
      vertex -25.724372779272052 7.092666990916012 15
      vertex -25.647895273668052 6.691757866714221 15
    endloop
  endfacet
  facet normal 0.9980267284282714 0.06279051952931576 0
    outer loop
      vertex -25.724372779272052 7.092666990916012 0
      vertex -25.75 7.5 15
      vertex -25.724372779272052 7.092666990916012 15
    endloop
  endfacet
  facet normal 0.36812455268467753 0.9297764858882517 0
    outer loop
      vertex -23.883782697586486 4.559312079485436 15
      vertex -23.50430523171858 4.409066322040751 15
      vertex -23.883782697586486 4.559312079485436 0
    endloop
  endfacet
  facet normal 0.24868988716485332 0.9685831611286316 0
    outer loop
      vertex -23.50430523171858 4.409066322040751 15
      vertex -23.108989272403605 4.307566435131762 15
      vertex -23.50430523171858 4.409066322040751 0
    endloop
  endfacet
  facet normal 0.12533323356430565 0.9921147013144777 0
    outer loop
      vertex -23.108989272403605 4.307566435131762 15
      vertex -22.70406918847027 4.256413132608118 15
      vertex -23.108989272403605 4.307566435131762 0
    endloop
  endfacet
  facet normal 0 1 0
    outer loop
      vertex -22.70406918847027 4.256413132608118 15
      vertex -22.29593081152973 4.256413132608118 15
      vertex -22.70406918847027 4.256413132608118 0
    endloop
  endfacet
  facet normal -0.12533323356430565 0.9921147013144777 0
    outer loop
      vertex -22.29593081152973 4.256413132608118 15
      vertex -21.891010727596395 4.307566435131762 15
      vertex -22.29593081152973 4.256413132608118 0
    endloop
  endfacet
  facet normal 0.9980267284282714 -0.06279051952931576 0
    outer loop
      vertex -25.75 7.5 0
      vertex -25.724372779272052 7.907333009083988 15
      vertex -25.75 7.5 15
    endloop
  endfacet
  facet normal 0.9822872507286896 -0.18738131458572005 0
    outer loop
      vertex -25.724372779272052 7.907333009083988 0
      vertex -25.647895273668052 8.308242133285779 15
      vertex -25.724372779272052 7.907333009083988 15
    endloop
  endfacet
  facet normal 0.9510565162951522 -0.3090169943749519 0
    outer loop
      vertex -25.647895273668052 8.308242133285779 0
      vertex -25.521773579136816 8.696404796225202 15
      vertex -25.647895273668052 8.308242133285779 15
    endloop
  endfacet
  facet normal 0.9048270524660202 -0.425779291565071 0
    outer loop
      vertex -25.521773579136816 8.696404796225202 0
      vertex -25.347996710142557 9.065699440830574 15
      vertex -25.521773579136816 8.696404796225202 15
    endloop
  endfacet
  facet normal 0.8443279255020152 -0.5358267949789962 0
    outer loop
      vertex -25.12930523171858 9.410302069950538 15
      vertex -25.347996710142557 9.065699440830574 15
      vertex -25.347996710142557 9.065699440830574 0
    endloop
  endfacet
  facet normal 0.7705132427757887 -0.6374239897486903 0
    outer loop
      vertex -25.12930523171858 9.410302069950538 0
      vertex -24.869148039119587 9.724778094268238 15
      vertex -25.12930523171858 9.410302069950538 15
    endloop
  endfacet
  facet normal 0.6845471059286904 -0.7289686274214099 0
    outer loop
      vertex -24.57162796668324 10.004168039021316 15
      vertex -24.869148039119587 9.724778094268238 15
      vertex -24.57162796668324 10.004168039021316 0
    endloop
  endfacet
  facet normal 0.5877852522924705 -0.8090169943749493 0
    outer loop
      vertex -24.24143708368174 10.244065757881549 15
      vertex -24.57162796668324 10.004168039021316 15
      vertex -24.24143708368174 10.244065757881549 0
    endloop
  endfacet
  facet normal 0.4817536741017159 -0.8763066800438633 0
    outer loop
      vertex -23.883782697586486 10.440687920514563 15
      vertex -24.24143708368174 10.244065757881549 15
      vertex -23.883782697586486 10.440687920514563 0
    endloop
  endfacet
  facet normal 0.36812455268467936 -0.9297764858882508 0
    outer loop
      vertex -23.50430523171858 10.59093367795925 15
      vertex -23.883782697586486 10.440687920514563 15
      vertex -23.50430523171858 10.59093367795925 0
    endloop
  endfacet
  facet normal 0.24868988716485535 -0.9685831611286311 0
    outer loop
      vertex -23.108989272403605 10.692433564868239 15
      vertex -23.50430523171858 10.59093367795925 15
      vertex -23.108989272403605 10.692433564868239 0
    endloop
  endfacet
  facet normal 0.12533323356430454 -0.9921147013144778 0
    outer loop
      vertex -22.704069188470267 10.743586867391883 15
      vertex -23.108989272403605 10.692433564868239 15
      vertex -22.704069188470267 10.743586867391883 0
    endloop
  endfacet
  facet normal 0 -1 0
    outer loop
      vertex -22.295930811529733 10.743586867391883 15
      vertex -22.704069188470267 10.743586867391883 15
      vertex -22.295930811529733 10.743586867391883 0
    endloop
  endfacet
  facet normal -0.24868988716485332 0.9685831611286316 0
    outer loop
      vertex -21.891010727596395 4.307566435131762 15
      vertex -21.49569476828142 4.409066322040751 15
      vertex -21.891010727596395 4.307566435131762 0
    endloop
  endfacet
  facet normal -0.36812455268467753 0.9297764858882517 0
    outer loop
      vertex -21.49569476828142 4.409066322040751 15
      vertex -21.116217302413514 4.559312079485436 15
      vertex -21.49569476828142 4.409066322040751 0
    endloop
  endfacet
  facet normal -0.4817536741017159 0.8763066800438633 0
    outer loop
      vertex -21.116217302413514 4.559312079485436 15
      vertex -20.75856291631826 4.7559342421184505 15
      vertex -21.116217302413514 4.559312079485436 0
    endloop
  endfacet
  facet normal -0.5877852522924748 0.8090169943749462 0
    outer loop
      vertex -20.75856291631826 4.7559342421184505 15
      vertex -20.42837203331676 4.995831960978686 15
      vertex -20.75856291631826 4.7559342421184505 0
    endloop
  endfacet
  facet normal -0.6845471059286882 0.7289686274214121 0
    outer loop
      vertex -20.42837203331676 4.995831960978686 15
      vertex -20.130851960880413 5.275221905731762 15
      vertex -20.42837203331676 4.995831960978686 0
    endloop
  endfacet
  facet normal -0.7705132427757887 0.6374239897486903 0
    outer loop
      vertex -19.87069476828142 5.5896979300494625 0
      vertex -20.130851960880413 5.275221905731762 15
      vertex -19.87069476828142 5.5896979300494625 15
    endloop
  endfacet
  facet normal -0.8443279255020146 0.5358267949789972 0
    outer loop
      vertex -19.652003289857443 5.934300559169425 0
      vertex -19.87069476828142 5.5896979300494625 15
      vertex -19.652003289857443 5.934300559169425 15
    endloop
  endfacet
  facet normal -0.9048270524660199 0.4257792915650719 0
    outer loop
      vertex -19.478226420863184 6.303595203774796 0
      vertex -19.652003289857443 5.934300559169425 15
      vertex -19.478226420863184 6.303595203774796 15
    endloop
  endfacet
  facet normal -0.9510565162951531 0.30901699437494934 0
    outer loop
      vertex -19.352104726331948 6.691757866714223 0
      vertex -19.478226420863184 6.303595203774796 15
      vertex -19.352104726331948 6.691757866714223 15
    endloop
  endfacet
  facet normal -0.9822872507286894 0.18738131458572085 0
    outer loop
      vertex -19.275627220727948 7.092666990916012 0
      vertex -19.352104726331948 6.691757866714223 15
      vertex -19.275627220727948 7.092666990916012 15
    endloop
  endfacet
  facet normal -0.9980267284282714 0.06279051952931576 0
    outer loop
      vertex -19.25 7.5 0
      vertex -19.275627220727948 7.092666990916012 15
      vertex -19.25 7.5 15
    endloop
  endfacet
  facet normal -0.12533323356430454 -0.9921147013144778 0
    outer loop
      vertex -21.891010727596395 10.692433564868239 15
      vertex -22.295930811529733 10.743586867391883 15
      vertex -21.891010727596395 10.692433564868239 0
    endloop
  endfacet
  facet normal -0.36812455268467936 -0.9297764858882508 0
    outer loop
      vertex -21.116217302413514 10.440687920514563 15
      vertex -21.49569476828142 10.59093367795925 15
      vertex -21.116217302413514 10.440687920514563 0
    endloop
  endfacet
  facet normal -0.24868988716485535 -0.9685831611286311 0
    outer loop
      vertex -21.49569476828142 10.59093367795925 15
      vertex -21.891010727596395 10.692433564868239 15
      vertex -21.49569476828142 10.59093367795925 0
    endloop
  endfacet
  facet normal -0.5877852522924734 -0.8090169943749472 0
    outer loop
      vertex -20.42837203331676 10.004168039021314 15
      vertex -20.75856291631826 10.244065757881549 15
      vertex -20.42837203331676 10.004168039021314 0
    endloop
  endfacet
  facet normal -0.4817536741017159 -0.8763066800438633 0
    outer loop
      vertex -20.75856291631826 10.244065757881549 15
      vertex -21.116217302413514 10.440687920514563 15
      vertex -20.75856291631826 10.244065757881549 0
    endloop
  endfacet
  facet normal -0.9510565162951522 -0.3090169943749519 0
    outer loop
      vertex -19.478226420863184 8.696404796225202 0
      vertex -19.352104726331948 8.308242133285779 15
      vertex -19.478226420863184 8.696404796225202 15
    endloop
  endfacet
  facet normal -0.9048270524660202 -0.425779291565071 0
    outer loop
      vertex -19.652003289857443 9.065699440830574 0
      vertex -19.478226420863184 8.696404796225202 15
      vertex -19.652003289857443 9.065699440830574 15
    endloop
  endfacet
  facet normal -0.9980267284282714 -0.06279051952931562 0
    outer loop
      vertex -19.275627220727948 7.907333009083989 0
      vertex -19.25 7.5 15
      vertex -19.275627220727948 7.907333009083989 15
    endloop
  endfacet
  facet normal -0.9822872507286895 -0.18738131458572047 0
    outer loop
      vertex -19.352104726331948 8.308242133285779 0
      vertex -19.275627220727948 7.907333009083989 15
      vertex -19.352104726331948 8.308242133285779 15
    endloop
  endfacet
  facet normal -0.7705132427757887 -0.6374239897486903 0
    outer loop
      vertex -20.130851960880413 9.724778094268238 0
      vertex -19.87069476828142 9.410302069950538 15
      vertex -20.130851960880413 9.724778094268238 15
    endloop
  endfacet
  facet normal -0.6845471059286882 -0.7289686274214121 0
    outer loop
      vertex -20.130851960880413 9.724778094268238 15
      vertex -20.42837203331676 10.004168039021314 15
      vertex -20.130851960880413 9.724778094268238 0
    endloop
  endfacet
  facet normal -0.8443279255020152 -0.5358267949789962 0
    outer loop
      vertex -19.87069476828142 9.410302069950538 0
      vertex -19.652003289857443 9.065699440830574 15
      vertex -19.87069476828142 9.410302069950538 15
    endloop
  endfacet
  facet normal 0.6845471059286904 0.7289686274214099 0
    outer loop
      vertex -24.57162796668324 19.995831960978684 0
      vertex -24.869148039119587 20.27522190573176 0
      vertex -24.57162796668324 19.995831960978684 15
    endloop
  endfacet
  facet normal 0.48175367410171255 0.876306680043865 0
    outer loop
      vertex -23.883782697586486 19.559312079485437 0
      vertex -24.24143708368174 19.75593424211845 0
      vertex -23.883782697586486 19.559312079485437 15
    endloop
  endfacet
  facet normal 0.5877852522924734 0.8090169943749472 0
    outer loop
      vertex -24.24143708368174 19.75593424211845 0
      vertex -24.57162796668324 19.995831960978684 0
      vertex -24.24143708368174 19.75593424211845 15
    endloop
  endfacet
  facet normal 0.9048270524660202 0.425779291565071 0
    outer loop
      vertex -25.347996710142557 20.934300559169426 0
      vertex -25.521773579136816 21.303595203774798 0
      vertex -25.521773579136816 21.303595203774798 15
    endloop
  endfacet
  facet normal 0.770513242775787 0.6374239897486925 0
    outer loop
      vertex -24.869148039119587 20.27522190573176 0
      vertex -25.12930523171858 20.58969793004946 0
      vertex -25.12930523171858 20.58969793004946 15
    endloop
  endfacet
  facet normal 0.8443279255020165 0.5358267949789943 0
    outer loop
      vertex -25.12930523171858 20.58969793004946 0
      vertex -25.347996710142557 20.934300559169426 0
      vertex -25.347996710142557 20.934300559169426 15
    endloop
  endfacet
  facet normal 0.9510565162951525 0.3090169943749506 0
    outer loop
      vertex -25.521773579136816 21.303595203774798 0
      vertex -25.647895273668052 21.691757866714223 0
      vertex -25.647895273668052 21.691757866714223 15
    endloop
  endfacet
  facet normal 0.9822872507286894 0.18738131458572085 0
    outer loop
      vertex -25.647895273668052 21.691757866714223 0
      vertex -25.724372779272052 22.092666990916012 0
      vertex -25.724372779272052 22.092666990916012 15
    endloop
  endfacet
  facet normal 0.24868988716485535 0.9685831611286311 0
    outer loop
      vertex -23.108989272403605 19.30756643513176 0
      vertex -23.50430523171858 19.40906632204075 0
      vertex -23.108989272403605 19.30756643513176 15
    endloop
  endfacet
  facet normal 0.36812455268467936 0.9297764858882508 0
    outer loop
      vertex -23.50430523171858 19.40906632204075 0
      vertex -23.883782697586486 19.559312079485437 0
      vertex -23.50430523171858 19.40906632204075 15
    endloop
  endfacet
  facet normal 0.12533323356430565 0.9921147013144777 0
    outer loop
      vertex -22.70406918847027 19.256413132608117 0
      vertex -23.108989272403605 19.30756643513176 0
      vertex -22.70406918847027 19.256413132608117 15
    endloop
  endfacet
  facet normal 0 1 0
    outer loop
      vertex -22.29593081152973 19.256413132608117 0
      vertex -22.70406918847027 19.256413132608117 0
      vertex -22.29593081152973 19.256413132608117 15
    endloop
  endfacet
  facet normal 0.9980267284282714 0.06279051952931576 0
    outer loop
      vertex -25.724372779272052 22.092666990916012 0
      vertex -25.75 22.5 0
      vertex -25.75 22.5 15
    endloop
  endfacet
  facet normal 0.9980267284282714 -0.06279051952931576 0
    outer loop
      vertex -25.75 22.5 0
      vertex -25.724372779272052 22.907333009083988 0
      vertex -25.724372779272052 22.907333009083988 15
    endloop
  endfacet
  facet normal 0.9822872507286894 -0.18738131458572085 0
    outer loop
      vertex -25.724372779272052 22.907333009083988 0
      vertex -25.647895273668052 23.308242133285777 0
      vertex -25.647895273668052 23.308242133285777 15
    endloop
  endfacet
  facet normal 0.9510565162951525 -0.3090169943749506 0
    outer loop
      vertex -25.647895273668052 23.308242133285777 0
      vertex -25.521773579136816 23.696404796225202 0
      vertex -25.521773579136816 23.696404796225202 15
    endloop
  endfacet
  facet normal 0.9048270524660202 -0.425779291565071 0
    outer loop
      vertex -25.521773579136816 23.696404796225202 0
      vertex -25.347996710142557 24.065699440830574 0
      vertex -25.347996710142557 24.065699440830574 15
    endloop
  endfacet
  facet normal 0.8443279255020165 -0.5358267949789943 0
    outer loop
      vertex -25.347996710142557 24.065699440830574 0
      vertex -25.12930523171858 24.41030206995054 0
      vertex -25.12930523171858 24.41030206995054 15
    endloop
  endfacet
  facet normal 0.770513242775787 -0.6374239897486925 0
    outer loop
      vertex -25.12930523171858 24.41030206995054 0
      vertex -24.869148039119587 24.72477809426824 0
      vertex -24.869148039119587 24.72477809426824 15
    endloop
  endfacet
  facet normal 0.6845471059286904 -0.7289686274214099 0
    outer loop
      vertex -24.869148039119587 24.72477809426824 0
      vertex -24.57162796668324 25.004168039021316 0
      vertex -24.869148039119587 24.72477809426824 15
    endloop
  endfacet
  facet normal 0.5877852522924734 -0.8090169943749472 0
    outer loop
      vertex -24.57162796668324 25.004168039021316 0
      vertex -24.24143708368174 25.24406575788155 0
      vertex -24.57162796668324 25.004168039021316 15
    endloop
  endfacet
  facet normal 0.48175367410171255 -0.876306680043865 0
    outer loop
      vertex -24.24143708368174 25.24406575788155 0
      vertex -23.883782697586486 25.440687920514563 0
      vertex -24.24143708368174 25.24406575788155 15
    endloop
  endfacet
  facet normal 0.36812455268467936 -0.9297764858882508 0
    outer loop
      vertex -23.883782697586486 25.440687920514563 0
      vertex -23.50430523171858 25.59093367795925 0
      vertex -23.883782697586486 25.440687920514563 15
    endloop
  endfacet
  facet normal 0.24868988716485535 -0.9685831611286311 0
    outer loop
      vertex -23.50430523171858 25.59093367795925 0
      vertex -23.108989272403605 25.69243356486824 0
      vertex -23.50430523171858 25.59093367795925 15
    endloop
  endfacet
  facet normal 0.12533323356430454 -0.9921147013144778 0
    outer loop
      vertex -23.108989272403605 25.69243356486824 0
      vertex -22.704069188470267 25.743586867391883 0
      vertex -23.108989272403605 25.69243356486824 15
    endloop
  endfacet
  facet normal 0 -1 0
    outer loop
      vertex -22.704069188470267 25.743586867391883 0
      vertex -22.295930811529733 25.743586867391883 0
      vertex -22.704069188470267 25.743586867391883 15
    endloop
  endfacet
  facet normal -0.12533323356430454 -0.9921147013144778 0
    outer loop
      vertex -22.295930811529733 25.743586867391883 0
      vertex -21.891010727596395 25.69243356486824 0
      vertex -22.295930811529733 25.743586867391883 15
    endloop
  endfacet
  facet normal -0.12533323356430565 0.9921147013144777 0
    outer loop
      vertex -21.891010727596395 19.30756643513176 0
      vertex -22.29593081152973 19.256413132608117 0
      vertex -21.891010727596395 19.30756643513176 15
    endloop
  endfacet
  facet normal -0.24868988716485535 0.9685831611286311 0
    outer loop
      vertex -21.49569476828142 19.40906632204075 0
      vertex -21.891010727596395 19.30756643513176 0
      vertex -21.49569476828142 19.40906632204075 15
    endloop
  endfacet
  facet normal -0.36812455268467936 0.9297764858882508 0
    outer loop
      vertex -21.116217302413514 19.559312079485437 0
      vertex -21.49569476828142 19.40906632204075 0
      vertex -21.116217302413514 19.559312079485437 15
    endloop
  endfacet
  facet normal -0.48175367410171255 0.876306680043865 0
    outer loop
      vertex -20.75856291631826 19.75593424211845 0
      vertex -21.116217302413514 19.559312079485437 0
      vertex -20.75856291631826 19.75593424211845 15
    endloop
  endfacet
  facet normal -0.5877852522924734 0.8090169943749472 0
    outer loop
      vertex -20.42837203331676 19.995831960978684 0
      vertex -20.75856291631826 19.75593424211845 0
      vertex -20.42837203331676 19.995831960978684 15
    endloop
  endfacet
  facet normal -0.6845471059286904 0.7289686274214099 0
    outer loop
      vertex -20.130851960880413 20.27522190573176 0
      vertex -20.42837203331676 19.995831960978684 0
      vertex -20.130851960880413 20.27522190573176 15
    endloop
  endfacet
  facet normal -0.770513242775787 0.6374239897486925 0
    outer loop
      vertex -20.130851960880413 20.27522190573176 0
      vertex -20.130851960880413 20.27522190573176 15
      vertex -19.87069476828142 20.58969793004946 0
    endloop
  endfacet
  facet normal -0.8443279255020165 0.5358267949789943 0
    outer loop
      vertex -19.652003289857443 20.934300559169426 0
      vertex -19.87069476828142 20.58969793004946 0
      vertex -19.87069476828142 20.58969793004946 15
    endloop
  endfacet
  facet normal -0.9048270524660188 0.4257792915650744 0
    outer loop
      vertex -19.478226420863184 21.303595203774794 0
      vertex -19.652003289857443 20.934300559169426 0
      vertex -19.652003289857443 20.934300559169426 15
    endloop
  endfacet
  facet normal -0.9510565162951534 0.30901699437494806 0
    outer loop
      vertex -19.352104726331948 21.691757866714223 0
      vertex -19.478226420863184 21.303595203774794 0
      vertex -19.478226420863184 21.303595203774794 15
    endloop
  endfacet
  facet normal -0.9822872507286894 0.18738131458572085 0
    outer loop
      vertex -19.275627220727948 22.092666990916012 0
      vertex -19.352104726331948 21.691757866714223 0
      vertex -19.352104726331948 21.691757866714223 15
    endloop
  endfacet
  facet normal -0.24868988716485535 -0.9685831611286311 0
    outer loop
      vertex -21.891010727596395 25.69243356486824 0
      vertex -21.49569476828142 25.59093367795925 0
      vertex -21.891010727596395 25.69243356486824 15
    endloop
  endfacet
  facet normal -0.36812455268467936 -0.9297764858882508 0
    outer loop
      vertex -21.49569476828142 25.59093367795925 0
      vertex -21.116217302413514 25.440687920514563 0
      vertex -21.49569476828142 25.59093367795925 15
    endloop
  endfacet
  facet normal -0.48175367410171255 -0.876306680043865 0
    outer loop
      vertex -21.116217302413514 25.440687920514563 0
      vertex -20.75856291631826 25.24406575788155 0
      vertex -21.116217302413514 25.440687920514563 15
    endloop
  endfacet
  facet normal -0.5877852522924734 -0.8090169943749472 0
    outer loop
      vertex -20.75856291631826 25.24406575788155 0
      vertex -20.42837203331676 25.004168039021316 0
      vertex -20.75856291631826 25.24406575788155 15
    endloop
  endfacet
  facet normal -0.6845471059286904 -0.7289686274214099 0
    outer loop
      vertex -20.42837203331676 25.004168039021316 0
      vertex -20.130851960880413 24.72477809426824 0
      vertex -20.42837203331676 25.004168039021316 15
    endloop
  endfacet
  facet normal -0.9510565162951525 -0.3090169943749506 0
    outer loop
      vertex -19.478226420863184 23.696404796225202 0
      vertex -19.352104726331948 23.308242133285777 0
      vertex -19.352104726331948 23.308242133285777 15
    endloop
  endfacet
  facet normal -0.9048270524660202 -0.425779291565071 0
    outer loop
      vertex -19.652003289857443 24.065699440830574 0
      vertex -19.478226420863184 23.696404796225202 0
      vertex -19.478226420863184 23.696404796225202 15
    endloop
  endfacet
  facet normal -0.9980267284282714 0.06279051952931576 0
    outer loop
      vertex -19.25 22.5 0
      vertex -19.275627220727948 22.092666990916012 0
      vertex -19.275627220727948 22.092666990916012 15
    endloop
  endfacet
  facet normal -0.9980267284282714 -0.06279051952931576 0
    outer loop
      vertex -19.275627220727948 22.907333009083988 0
      vertex -19.25 22.5 0
      vertex -19.25 22.5 15
    endloop
  endfacet
  facet normal -0.9822872507286894 -0.18738131458572085 0
    outer loop
      vertex -19.352104726331948 23.308242133285777 0
      vertex -19.275627220727948 22.907333009083988 0
      vertex -19.275627220727948 22.907333009083988 15
    endloop
  endfacet
  facet normal -0.770513242775787 -0.6374239897486925 0
    outer loop
      vertex -20.130851960880413 24.72477809426824 0
      vertex -19.87069476828142 24.41030206995054 0
      vertex -19.87069476828142 24.41030206995054 15
    endloop
  endfacet
  facet normal -0.8443279255020165 -0.5358267949789943 0
    outer loop
      vertex -19.87069476828142 24.41030206995054 0
      vertex -19.652003289857443 24.065699440830574 0
      vertex -19.652003289857443 24.065699440830574 15
    endloop
  endfacet
  facet normal 0.6845471059286904 0.7289686274214099 0
    outer loop
      vertex -24.869148039119587 20.27522190573176 15
      vertex -24.57162796668324 19.995831960978684 15
      vertex -24.869148039119587 20.27522190573176 0
    endloop
  endfacet
  facet normal 0.5877852522924734 0.8090169943749472 0
    outer loop
      vertex -24.57162796668324 19.995831960978684 15
      vertex -24.24143708368174 19.75593424211845 15
      vertex -24.57162796668324 19.995831960978684 0
    endloop
  endfacet
  facet normal 0.48175367410171255 0.876306680043865 0
    outer loop
      vertex -24.24143708368174 19.75593424211845 15
      vertex -23.883782697586486 19.559312079485437 15
      vertex -24.24143708368174 19.75593424211845 0
    endloop
  endfacet
  facet normal 0.9048270524660202 0.425779291565071 0
    outer loop
      vertex -25.347996710142557 20.934300559169426 0
      vertex -25.521773579136816 21.303595203774798 15
      vertex -25.347996710142557 20.934300559169426 15
    endloop
  endfacet
  facet normal 0.8443279255020165 0.5358267949789943 0
    outer loop
      vertex -25.12930523171858 20.58969793004946 0
      vertex -25.347996710142557 20.934300559169426 15
      vertex -25.12930523171858 20.58969793004946 15
    endloop
  endfacet
  facet normal 0.770513242775787 0.6374239897486925 0
    outer loop
      vertex -24.869148039119587 20.27522190573176 0
      vertex -25.12930523171858 20.58969793004946 15
      vertex -24.869148039119587 20.27522190573176 15
    endloop
  endfacet
  facet normal 0.9510565162951525 0.3090169943749506 0
    outer loop
      vertex -25.521773579136816 21.303595203774798 0
      vertex -25.647895273668052 21.691757866714223 15
      vertex -25.521773579136816 21.303595203774798 15
    endloop
  endfacet
  facet normal 0.9822872507286894 0.18738131458572085 0
    outer loop
      vertex -25.647895273668052 21.691757866714223 0
      vertex -25.724372779272052 22.092666990916012 15
      vertex -25.647895273668052 21.691757866714223 15
    endloop
  endfacet
  facet normal 0.36812455268467936 0.9297764858882508 0
    outer loop
      vertex -23.883782697586486 19.559312079485437 15
      vertex -23.50430523171858 19.40906632204075 15
      vertex -23.883782697586486 19.559312079485437 0
    endloop
  endfacet
  facet normal 0.24868988716485535 0.9685831611286311 0
    outer loop
      vertex -23.50430523171858 19.40906632204075 15
      vertex -23.108989272403605 19.30756643513176 15
      vertex -23.50430523171858 19.40906632204075 0
    endloop
  endfacet
  facet normal 0.12533323356430565 0.9921147013144777 0
    outer loop
      vertex -23.108989272403605 19.30756643513176 15
      vertex -22.70406918847027 19.256413132608117 15
      vertex -23.108989272403605 19.30756643513176 0
    endloop
  endfacet
  facet normal 0 1 0
    outer loop
      vertex -22.70406918847027 19.256413132608117 15
      vertex -22.29593081152973 19.256413132608117 15
      vertex -22.70406918847027 19.256413132608117 0
    endloop
  endfacet
  facet normal -0.12533323356430565 0.9921147013144777 0
    outer loop
      vertex -22.29593081152973 19.256413132608117 15
      vertex -21.891010727596395 19.30756643513176 15
      vertex -22.29593081152973 19.256413132608117 0
    endloop
  endfacet
  facet normal 0.9980267284282714 0.06279051952931576 0
    outer loop
      vertex -25.724372779272052 22.092666990916012 0
      vertex -25.75 22.5 15
      vertex -25.724372779272052 22.092666990916012 15
    endloop
  endfacet
  facet normal 0.9980267284282714 -0.06279051952931576 0
    outer loop
      vertex -25.75 22.5 0
      vertex -25.724372779272052 22.907333009083988 15
      vertex -25.75 22.5 15
    endloop
  endfacet
  facet normal 0.9822872507286894 -0.18738131458572085 0
    outer loop
      vertex -25.724372779272052 22.907333009083988 0
      vertex -25.647895273668052 23.308242133285777 15
      vertex -25.724372779272052 22.907333009083988 15
    endloop
  endfacet
  facet normal 0.9510565162951525 -0.3090169943749506 0
    outer loop
      vertex -25.647895273668052 23.308242133285777 0
      vertex -25.521773579136816 23.696404796225202 15
      vertex -25.647895273668052 23.308242133285777 15
    endloop
  endfacet
  facet normal 0.9048270524660202 -0.425779291565071 0
    outer loop
      vertex -25.521773579136816 23.696404796225202 0
      vertex -25.347996710142557 24.065699440830574 15
      vertex -25.521773579136816 23.696404796225202 15
    endloop
  endfacet
  facet normal 0.8443279255020165 -0.5358267949789943 0
    outer loop
      vertex -25.347996710142557 24.065699440830574 0
      vertex -25.12930523171858 24.41030206995054 15
      vertex -25.347996710142557 24.065699440830574 15
    endloop
  endfacet
  facet normal 0.770513242775787 -0.6374239897486925 0
    outer loop
      vertex -25.12930523171858 24.41030206995054 0
      vertex -24.869148039119587 24.72477809426824 15
      vertex -25.12930523171858 24.41030206995054 15
    endloop
  endfacet
  facet normal 0.6845471059286904 -0.7289686274214099 0
    outer loop
      vertex -24.57162796668324 25.004168039021316 15
      vertex -24.869148039119587 24.72477809426824 15
      vertex -24.57162796668324 25.004168039021316 0
    endloop
  endfacet
  facet normal 0.5877852522924734 -0.8090169943749472 0
    outer loop
      vertex -24.24143708368174 25.24406575788155 15
      vertex -24.57162796668324 25.004168039021316 15
      vertex -24.24143708368174 25.24406575788155 0
    endloop
  endfacet
  facet normal 0.48175367410171255 -0.876306680043865 0
    outer loop
      vertex -23.883782697586486 25.440687920514563 15
      vertex -24.24143708368174 25.24406575788155 15
      vertex -23.883782697586486 25.440687920514563 0
    endloop
  endfacet
  facet normal 0.36812455268467936 -0.9297764858882508 0
    outer loop
      vertex -23.50430523171858 25.59093367795925 15
      vertex -23.883782697586486 25.440687920514563 15
      vertex -23.50430523171858 25.59093367795925 0
    endloop
  endfacet
  facet normal 0.24868988716485535 -0.9685831611286311 0
    outer loop
      vertex -23.108989272403605 25.69243356486824 15
      vertex -23.50430523171858 25.59093367795925 15
      vertex -23.108989272403605 25.69243356486824 0
    endloop
  endfacet
  facet normal 0.12533323356430454 -0.9921147013144778 0
    outer loop
      vertex -22.704069188470267 25.743586867391883 15
      vertex -23.108989272403605 25.69243356486824 15
      vertex -22.704069188470267 25.743586867391883 0
    endloop
  endfacet
  facet normal 0 -1 0
    outer loop
      vertex -22.295930811529733 25.743586867391883 15
      vertex -22.704069188470267 25.743586867391883 15
      vertex -22.295930811529733 25.743586867391883 0
    endloop
  endfacet
  facet normal -0.24868988716485535 0.9685831611286311 0
    outer loop
      vertex -21.891010727596395 19.30756643513176 15
      vertex -21.49569476828142 19.40906632204075 15
      vertex -21.891010727596395 19.30756643513176 0
    endloop
  endfacet
  facet normal -0.36812455268467936 0.9297764858882508 0
    outer loop
      vertex -21.49569476828142 19.40906632204075 15
      vertex -21.116217302413514 19.559312079485437 15
      vertex -21.49569476828142 19.40906632204075 0
    endloop
  endfacet
  facet normal -0.48175367410171255 0.876306680043865 0
    outer loop
      vertex -21.116217302413514 19.559312079485437 15
      vertex -20.75856291631826 19.75593424211845 15
      vertex -21.116217302413514 19.559312079485437 0
    endloop
  endfacet
  facet normal -0.5877852522924734 0.8090169943749472 0
    outer loop
      vertex -20.75856291631826 19.75593424211845 15
      vertex -20.42837203331676 19.995831960978684 15
      vertex -20.75856291631826 19.75593424211845 0
    endloop
  endfacet
  facet normal -0.6845471059286904 0.7289686274214099 0
    outer loop
      vertex -20.42837203331676 19.995831960978684 15
      vertex -20.130851960880413 20.27522190573176 15
      vertex -20.42837203331676 19.995831960978684 0
    endloop
  endfacet
  facet normal -0.770513242775787 0.6374239897486925 0
    outer loop
      vertex -19.87069476828142 20.58969793004946 0
      vertex -20.130851960880413 20.27522190573176 15
      vertex -19.87069476828142 20.58969793004946 15
    endloop
  endfacet
  facet normal -0.8443279255020165 0.5358267949789943 0
    outer loop
      vertex -19.652003289857443 20.934300559169426 0
      vertex -19.87069476828142 20.58969793004946 15
      vertex -19.652003289857443 20.934300559169426 15
    endloop
  endfacet
  facet normal -0.9048270524660188 0.4257792915650744 0
    outer loop
      vertex -19.478226420863184 21.303595203774794 0
      vertex -19.652003289857443 20.934300559169426 15
      vertex -19.478226420863184 21.303595203774794 15
    endloop
  endfacet
  facet normal -0.9510565162951534 0.30901699437494806 0
    outer loop
      vertex -19.352104726331948 21.691757866714223 0
      vertex -19.478226420863184 21.303595203774794 15
      vertex -19.352104726331948 21.691757866714223 15
    endloop
  endfacet
  facet normal -0.9822872507286894 0.18738131458572085 0
    outer loop
      vertex -19.275627220727948 22.092666990916012 0
      vertex -19.352104726331948 21.691757866714223 15
      vertex -19.275627220727948 22.092666990916012 15
    endloop
  endfacet
  facet normal -0.12533323356430454 -0.9921147013144778 0
    outer loop
      vertex -21.891010727596395 25.69243356486824 15
      vertex -22.295930811529733 25.743586867391883 15
      vertex -21.891010727596395 25.69243356486824 0
    endloop
  endfacet
  facet normal -0.24868988716485535 -0.9685831611286311 0
    outer loop
      vertex -21.49569476828142 25.59093367795925 15
      vertex -21.891010727596395 25.69243356486824 15
      vertex -21.49569476828142 25.59093367795925 0
    endloop
  endfacet
  facet normal -0.36812455268467936 -0.9297764858882508 0
    outer loop
      vertex -21.116217302413514 25.440687920514563 15
      vertex -21.49569476828142 25.59093367795925 15
      vertex -21.116217302413514 25.440687920514563 0
    endloop
  endfacet
  facet normal -0.48175367410171255 -0.876306680043865 0
    outer loop
      vertex -20.75856291631826 25.24406575788155 15
      vertex -21.116217302413514 25.440687920514563 15
      vertex -20.75856291631826 25.24406575788155 0
    endloop
  endfacet
  facet normal -0.5877852522924734 -0.8090169943749472 0
    outer loop
      vertex -20.42837203331676 25.004168039021316 15
      vertex -20.75856291631826 25.24406575788155 15
      vertex -20.42837203331676 25.004168039021316 0
    endloop
  endfacet
  facet normal -0.9048270524660202 -0.425779291565071 0
    outer loop
      vertex -19.652003289857443 24.065699440830574 0
      vertex -19.478226420863184 23.696404796225202 15
      vertex -19.652003289857443 24.065699440830574 15
    endloop
  endfacet
  facet normal -0.9510565162951525 -0.3090169943749506 0
    outer loop
      vertex -19.478226420863184 23.696404796225202 0
      vertex -19.352104726331948 23.308242133285777 15
      vertex -19.478226420863184 23.696404796225202 15
    endloop
  endfacet
  facet normal -0.9980267284282714 0.06279051952931576 0
    outer loop
      vertex -19.25 22.5 0
      vertex -19.275627220727948 22.092666990916012 15
      vertex -19.25 22.5 15
    endloop
  endfacet
  facet normal -0.9980267284282714 -0.06279051952931576 0
    outer loop
      vertex -19.275627220727948 22.907333009083988 0
      vertex -19.25 22.5 15
      vertex -19.275627220727948 22.907333009083988 15
    endloop
  endfacet
  facet normal -0.9822872507286894 -0.18738131458572085 0
    outer loop
      vertex -19.352104726331948 23.308242133285777 0
      vertex -19.275627220727948 22.907333009083988 15
      vertex -19.352104726331948 23.308242133285777 15
    endloop
  endfacet
  facet normal -0.6845471059286904 -0.7289686274214099 0
    outer loop
      vertex -20.130851960880413 24.72477809426824 0
      vertex -20.130851960880413 24.72477809426824 15
      vertex -20.42837203331676 25.004168039021316 15
    endloop
  endfacet
  facet normal -0.770513242775787 -0.6374239897486925 0
    outer loop
      vertex -20.130851960880413 24.72477809426824 0
      vertex -19.87069476828142 24.41030206995054 15
      vertex -20.130851960880413 24.72477809426824 15
    endloop
  endfacet
  facet normal -0.8443279255020165 -0.5358267949789943 0
    outer loop
      vertex -19.87069476828142 24.41030206995054 0
      vertex -19.652003289857443 24.065699440830574 15
      vertex -19.87069476828142 24.41030206995054 15
    endloop
  endfacet
  facet normal 0.770513242775787 0.6374239897486925 0
    outer loop
      vertex -24.869148039119587 -24.72477809426824 0
      vertex -25.12930523171858 -24.41030206995054 0
      vertex -25.12930523171858 -24.41030206995054 15
    endloop
  endfacet
  facet normal 0.8443279255020165 0.5358267949789943 0
    outer loop
      vertex -25.12930523171858 -24.41030206995054 0
      vertex -25.347996710142557 -24.065699440830574 0
      vertex -25.347996710142557 -24.065699440830574 15
    endloop
  endfacet
  facet normal 0.6845471059286904 0.7289686274214099 0
    outer loop
      vertex -24.57162796668324 -25.004168039021316 0
      vertex -24.869148039119587 -24.72477809426824 0
      vertex -24.57162796668324 -25.004168039021316 15
    endloop
  endfacet
  facet normal 0.48175367410171255 0.876306680043865 0
    outer loop
      vertex -23.883782697586486 -25.440687920514563 0
      vertex -24.24143708368174 -25.24406575788155 0
      vertex -23.883782697586486 -25.440687920514563 15
    endloop
  endfacet
  facet normal 0.5877852522924734 0.8090169943749472 0
    outer loop
      vertex -24.24143708368174 -25.24406575788155 0
      vertex -24.57162796668324 -25.004168039021316 0
      vertex -24.24143708368174 -25.24406575788155 15
    endloop
  endfacet
  facet normal 0.9048270524660202 0.425779291565071 0
    outer loop
      vertex -25.347996710142557 -24.065699440830574 0
      vertex -25.521773579136816 -23.696404796225202 0
      vertex -25.521773579136816 -23.696404796225202 15
    endloop
  endfacet
  facet normal 0.9510565162951525 0.3090169943749506 0
    outer loop
      vertex -25.521773579136816 -23.696404796225202 0
      vertex -25.647895273668052 -23.308242133285777 0
      vertex -25.647895273668052 -23.308242133285777 15
    endloop
  endfacet
  facet normal 0.9822872507286894 0.18738131458572085 0
    outer loop
      vertex -25.647895273668052 -23.308242133285777 0
      vertex -25.724372779272052 -22.907333009083988 0
      vertex -25.724372779272052 -22.907333009083988 15
    endloop
  endfacet
  facet normal 0.9980267284282714 0.06279051952931576 0
    outer loop
      vertex -25.724372779272052 -22.907333009083988 0
      vertex -25.75 -22.5 0
      vertex -25.75 -22.5 15
    endloop
  endfacet
  facet normal 0.9980267284282714 -0.06279051952931576 0
    outer loop
      vertex -25.75 -22.5 0
      vertex -25.724372779272052 -22.092666990916012 0
      vertex -25.724372779272052 -22.092666990916012 15
    endloop
  endfacet
  facet normal 0.36812455268467936 0.9297764858882508 0
    outer loop
      vertex -23.50430523171858 -25.59093367795925 0
      vertex -23.883782697586486 -25.440687920514563 0
      vertex -23.50430523171858 -25.59093367795925 15
    endloop
  endfacet
  facet normal 0.24868988716485535 0.9685831611286311 0
    outer loop
      vertex -23.108989272403605 -25.69243356486824 0
      vertex -23.50430523171858 -25.59093367795925 0
      vertex -23.108989272403605 -25.69243356486824 15
    endloop
  endfacet
  facet normal 0.12533323356430565 0.9921147013144777 0
    outer loop
      vertex -22.70406918847027 -25.743586867391883 0
      vertex -23.108989272403605 -25.69243356486824 0
      vertex -22.70406918847027 -25.743586867391883 15
    endloop
  endfacet
  facet normal 0 1 0
    outer loop
      vertex -22.29593081152973 -25.743586867391883 0
      vertex -22.70406918847027 -25.743586867391883 0
      vertex -22.29593081152973 -25.743586867391883 15
    endloop
  endfacet
  facet normal 0.9822872507286894 -0.18738131458572085 0
    outer loop
      vertex -25.724372779272052 -22.092666990916012 0
      vertex -25.647895273668052 -21.691757866714223 0
      vertex -25.647895273668052 -21.691757866714223 15
    endloop
  endfacet
  facet normal 0.9510565162951525 -0.3090169943749506 0
    outer loop
      vertex -25.647895273668052 -21.691757866714223 0
      vertex -25.521773579136816 -21.303595203774798 0
      vertex -25.521773579136816 -21.303595203774798 15
    endloop
  endfacet
  facet normal 0.9048270524660202 -0.425779291565071 0
    outer loop
      vertex -25.521773579136816 -21.303595203774798 0
      vertex -25.347996710142557 -20.934300559169426 0
      vertex -25.347996710142557 -20.934300559169426 15
    endloop
  endfacet
  facet normal 0.8443279255020165 -0.5358267949789943 0
    outer loop
      vertex -25.347996710142557 -20.934300559169426 0
      vertex -25.12930523171858 -20.58969793004946 0
      vertex -25.12930523171858 -20.58969793004946 15
    endloop
  endfacet
  facet normal 0.770513242775787 -0.6374239897486925 0
    outer loop
      vertex -25.12930523171858 -20.58969793004946 0
      vertex -24.869148039119587 -20.27522190573176 0
      vertex -24.869148039119587 -20.27522190573176 15
    endloop
  endfacet
  facet normal 0.6845471059286904 -0.7289686274214099 0
    outer loop
      vertex -24.869148039119587 -20.27522190573176 0
      vertex -24.57162796668324 -19.995831960978684 0
      vertex -24.869148039119587 -20.27522190573176 15
    endloop
  endfacet
  facet normal 0.5877852522924734 -0.8090169943749472 0
    outer loop
      vertex -24.57162796668324 -19.995831960978684 0
      vertex -24.24143708368174 -19.75593424211845 0
      vertex -24.57162796668324 -19.995831960978684 15
    endloop
  endfacet
  facet normal 0.48175367410171255 -0.876306680043865 0
    outer loop
      vertex -24.24143708368174 -19.75593424211845 0
      vertex -23.883782697586486 -19.559312079485437 0
      vertex -24.24143708368174 -19.75593424211845 15
    endloop
  endfacet
  facet normal 0.36812455268467936 -0.9297764858882508 0
    outer loop
      vertex -23.883782697586486 -19.559312079485437 0
      vertex -23.50430523171858 -19.40906632204075 0
      vertex -23.883782697586486 -19.559312079485437 15
    endloop
  endfacet
  facet normal 0.24868988716485535 -0.9685831611286311 0
    outer loop
      vertex -23.50430523171858 -19.40906632204075 0
      vertex -23.108989272403605 -19.30756643513176 0
      vertex -23.50430523171858 -19.40906632204075 15
    endloop
  endfacet
  facet normal 0.12533323356430454 -0.9921147013144778 0
    outer loop
      vertex -23.108989272403605 -19.30756643513176 0
      vertex -22.704069188470267 -19.256413132608117 0
      vertex -23.108989272403605 -19.30756643513176 15
    endloop
  endfacet
  facet normal 0 -1 0
    outer loop
      vertex -22.704069188470267 -19.256413132608117 0
      vertex -22.295930811529733 -19.256413132608117 0
      vertex -22.704069188470267 -19.256413132608117 15
    endloop
  endfacet
  facet normal -0.12533323356430454 -0.9921147013144778 0
    outer loop
      vertex -22.295930811529733 -19.256413132608117 0
      vertex -21.891010727596395 -19.30756643513176 0
      vertex -22.295930811529733 -19.256413132608117 15
    endloop
  endfacet
  facet normal -0.12533323356430565 0.9921147013144777 0
    outer loop
      vertex -21.891010727596395 -25.69243356486824 0
      vertex -22.29593081152973 -25.743586867391883 0
      vertex -21.891010727596395 -25.69243356486824 15
    endloop
  endfacet
  facet normal -0.24868988716485535 0.9685831611286311 0
    outer loop
      vertex -21.49569476828142 -25.59093367795925 0
      vertex -21.891010727596395 -25.69243356486824 0
      vertex -21.49569476828142 -25.59093367795925 15
    endloop
  endfacet
  facet normal -0.36812455268467936 0.9297764858882508 0
    outer loop
      vertex -21.116217302413514 -25.440687920514563 0
      vertex -21.49569476828142 -25.59093367795925 0
      vertex -21.116217302413514 -25.440687920514563 15
    endloop
  endfacet
  facet normal -0.48175367410171255 0.876306680043865 0
    outer loop
      vertex -20.75856291631826 -25.24406575788155 0
      vertex -21.116217302413514 -25.440687920514563 0
      vertex -20.75856291631826 -25.24406575788155 15
    endloop
  endfacet
  facet normal -0.5877852522924734 0.8090169943749472 0
    outer loop
      vertex -20.42837203331676 -25.004168039021316 0
      vertex -20.75856291631826 -25.24406575788155 0
      vertex -20.42837203331676 -25.004168039021316 15
    endloop
  endfacet
  facet normal -0.6845471059286904 0.7289686274214099 0
    outer loop
      vertex -20.130851960880413 -24.72477809426824 0
      vertex -20.42837203331676 -25.004168039021316 0
      vertex -20.130851960880413 -24.72477809426824 15
    endloop
  endfacet
  facet normal -0.770513242775787 0.6374239897486925 0
    outer loop
      vertex -20.130851960880413 -24.72477809426824 0
      vertex -20.130851960880413 -24.72477809426824 15
      vertex -19.87069476828142 -24.41030206995054 0
    endloop
  endfacet
  facet normal -0.8443279255020165 0.5358267949789943 0
    outer loop
      vertex -19.652003289857443 -24.065699440830574 0
      vertex -19.87069476828142 -24.41030206995054 0
      vertex -19.87069476828142 -24.41030206995054 15
    endloop
  endfacet
  facet normal -0.9048270524660188 0.4257792915650744 0
    outer loop
      vertex -19.478226420863184 -23.696404796225206 0
      vertex -19.652003289857443 -24.065699440830574 0
      vertex -19.652003289857443 -24.065699440830574 15
    endloop
  endfacet
  facet normal -0.9510565162951534 0.30901699437494806 0
    outer loop
      vertex -19.352104726331948 -23.308242133285777 0
      vertex -19.478226420863184 -23.696404796225206 0
      vertex -19.478226420863184 -23.696404796225206 15
    endloop
  endfacet
  facet normal -0.9822872507286894 0.18738131458572085 0
    outer loop
      vertex -19.275627220727948 -22.907333009083988 0
      vertex -19.352104726331948 -23.308242133285777 0
      vertex -19.352104726331948 -23.308242133285777 15
    endloop
  endfacet
  facet normal -0.9980267284282714 0.06279051952931576 0
    outer loop
      vertex -19.25 -22.5 0
      vertex -19.275627220727948 -22.907333009083988 0
      vertex -19.275627220727948 -22.907333009083988 15
    endloop
  endfacet
  facet normal -0.9980267284282714 -0.06279051952931576 0
    outer loop
      vertex -19.275627220727948 -22.092666990916012 0
      vertex -19.25 -22.5 0
      vertex -19.25 -22.5 15
    endloop
  endfacet
  facet normal -0.36812455268467936 -0.9297764858882508 0
    outer loop
      vertex -21.49569476828142 -19.40906632204075 0
      vertex -21.116217302413514 -19.559312079485437 0
      vertex -21.49569476828142 -19.40906632204075 15
    endloop
  endfacet
  facet normal -0.24868988716485535 -0.9685831611286311 0
    outer loop
      vertex -21.891010727596395 -19.30756643513176 0
      vertex -21.49569476828142 -19.40906632204075 0
      vertex -21.891010727596395 -19.30756643513176 15
    endloop
  endfacet
  facet normal -0.48175367410171255 -0.876306680043865 0
    outer loop
      vertex -21.116217302413514 -19.559312079485437 0
      vertex -20.75856291631826 -19.75593424211845 0
      vertex -21.116217302413514 -19.559312079485437 15
    endloop
  endfacet
  facet normal -0.5877852522924734 -0.8090169943749472 0
    outer loop
      vertex -20.75856291631826 -19.75593424211845 0
      vertex -20.42837203331676 -19.995831960978684 0
      vertex -20.75856291631826 -19.75593424211845 15
    endloop
  endfacet
  facet normal -0.6845471059286904 -0.7289686274214099 0
    outer loop
      vertex -20.42837203331676 -19.995831960978684 0
      vertex -20.130851960880413 -20.27522190573176 0
      vertex -20.42837203331676 -19.995831960978684 15
    endloop
  endfacet
  facet normal -0.9510565162951525 -0.3090169943749506 0
    outer loop
      vertex -19.478226420863184 -21.303595203774798 0
      vertex -19.352104726331948 -21.691757866714223 0
      vertex -19.352104726331948 -21.691757866714223 15
    endloop
  endfacet
  facet normal -0.770513242775787 -0.6374239897486925 0
    outer loop
      vertex -20.130851960880413 -20.27522190573176 0
      vertex -19.87069476828142 -20.58969793004946 0
      vertex -19.87069476828142 -20.58969793004946 15
    endloop
  endfacet
  facet normal -0.8443279255020165 -0.5358267949789943 0
    outer loop
      vertex -19.87069476828142 -20.58969793004946 0
      vertex -19.652003289857443 -20.934300559169426 0
      vertex -19.652003289857443 -20.934300559169426 15
    endloop
  endfacet
  facet normal -0.9048270524660202 -0.425779291565071 0
    outer loop
      vertex -19.652003289857443 -20.934300559169426 0
      vertex -19.478226420863184 -21.303595203774798 0
      vertex -19.478226420863184 -21.303595203774798 15
    endloop
  endfacet
  facet normal -0.9822872507286894 -0.18738131458572085 0
    outer loop
      vertex -19.352104726331948 -21.691757866714223 0
      vertex -19.275627220727948 -22.092666990916012 0
      vertex -19.275627220727948 -22.092666990916012 15
    endloop
  endfacet
  facet normal 0.770513242775787 0.6374239897486925 0
    outer loop
      vertex -24.869148039119587 -24.72477809426824 0
      vertex -25.12930523171858 -24.41030206995054 15
      vertex -24.869148039119587 -24.72477809426824 15
    endloop
  endfacet
  facet normal 0.8443279255020165 0.5358267949789943 0
    outer loop
      vertex -25.12930523171858 -24.41030206995054 0
      vertex -25.347996710142557 -24.065699440830574 15
      vertex -25.12930523171858 -24.41030206995054 15
    endloop
  endfacet
  facet normal 0.5877852522924734 0.8090169943749472 0
    outer loop
      vertex -24.57162796668324 -25.004168039021316 15
      vertex -24.24143708368174 -25.24406575788155 15
      vertex -24.57162796668324 -25.004168039021316 0
    endloop
  endfacet
  facet normal 0.48175367410171255 0.876306680043865 0
    outer loop
      vertex -24.24143708368174 -25.24406575788155 15
      vertex -23.883782697586486 -25.440687920514563 15
      vertex -24.24143708368174 -25.24406575788155 0
    endloop
  endfacet
  facet normal 0.6845471059286904 0.7289686274214099 0
    outer loop
      vertex -24.869148039119587 -24.72477809426824 15
      vertex -24.57162796668324 -25.004168039021316 15
      vertex -24.869148039119587 -24.72477809426824 0
    endloop
  endfacet
  facet normal 0.9048270524660202 0.425779291565071 0
    outer loop
      vertex -25.347996710142557 -24.065699440830574 0
      vertex -25.521773579136816 -23.696404796225202 15
      vertex -25.347996710142557 -24.065699440830574 15
    endloop
  endfacet
  facet normal 0.9510565162951524 0.30901699437495117 0
    outer loop
      vertex -25.57267440821242 -23.539748152550644 15
      vertex -25.521773579136816 -23.696404796225202 15
      vertex -25.521773579136816 -23.696404796225202 0
    endloop
  endfacet
  facet normal 0.9510565162951526 0.3090169943749502 1.092724979213556e-17
    outer loop
      vertex -25.57267440821242 -23.539748152550644 15
      vertex -25.521773579136816 -23.696404796225202 0
      vertex -25.647895273668052 -23.308242133285777 15
    endloop
  endfacet
  facet normal 0.9822872507286894 0.18738131458572085 0
    outer loop
      vertex -25.647895273668052 -23.308242133285777 0
      vertex -25.724372779272052 -22.907333009083988 15
      vertex -25.647895273668052 -23.308242133285777 15
    endloop
  endfacet
  facet normal 0.9980267284282714 0.06279051952931576 0
    outer loop
      vertex -25.724372779272052 -22.907333009083988 0
      vertex -25.75 -22.5 15
      vertex -25.724372779272052 -22.907333009083988 15
    endloop
  endfacet
  facet normal 0.9980267284282714 -0.06279051952931576 0
    outer loop
      vertex -25.724372779272052 -22.092666990916012 15
      vertex -25.75 -22.5 15
      vertex -25.75 -22.5 0
    endloop
  endfacet
  facet normal 0.36812455268467936 0.9297764858882508 0
    outer loop
      vertex -23.883782697586486 -25.440687920514563 15
      vertex -23.50430523171858 -25.59093367795925 15
      vertex -23.883782697586486 -25.440687920514563 0
    endloop
  endfacet
  facet normal 0.24868988716485535 0.9685831611286311 0
    outer loop
      vertex -23.50430523171858 -25.59093367795925 15
      vertex -23.108989272403605 -25.69243356486824 15
      vertex -23.50430523171858 -25.59093367795925 0
    endloop
  endfacet
  facet normal 0.12533323356430565 0.9921147013144777 0
    outer loop
      vertex -23.108989272403605 -25.69243356486824 15
      vertex -22.70406918847027 -25.743586867391883 15
      vertex -23.108989272403605 -25.69243356486824 0
    endloop
  endfacet
  facet normal 0 1 0
    outer loop
      vertex -22.70406918847027 -25.743586867391883 15
      vertex -22.29593081152973 -25.743586867391883 15
      vertex -22.70406918847027 -25.743586867391883 0
    endloop
  endfacet
  facet normal -0.12533323356430565 0.9921147013144777 0
    outer loop
      vertex -22.29593081152973 -25.743586867391883 15
      vertex -21.891010727596395 -25.69243356486824 15
      vertex -22.29593081152973 -25.743586867391883 0
    endloop
  endfacet
  facet normal 0.9822872507286894 -0.18738131458572085 0
    outer loop
      vertex -25.724372779272052 -22.092666990916012 0
      vertex -25.647895273668052 -21.691757866714223 15
      vertex -25.724372779272052 -22.092666990916012 15
    endloop
  endfacet
  facet normal 0.9510565162951525 -0.3090169943749506 0
    outer loop
      vertex -25.647895273668052 -21.691757866714223 0
      vertex -25.521773579136816 -21.303595203774798 15
      vertex -25.647895273668052 -21.691757866714223 15
    endloop
  endfacet
  facet normal 0.9048270524660202 -0.425779291565071 0
    outer loop
      vertex -25.521773579136816 -21.303595203774798 0
      vertex -25.347996710142557 -20.934300559169426 15
      vertex -25.521773579136816 -21.303595203774798 15
    endloop
  endfacet
  facet normal 0.8443279255020165 -0.5358267949789943 0
    outer loop
      vertex -25.347996710142557 -20.934300559169426 0
      vertex -25.12930523171858 -20.58969793004946 15
      vertex -25.347996710142557 -20.934300559169426 15
    endloop
  endfacet
  facet normal 0.770513242775787 -0.6374239897486925 0
    outer loop
      vertex -25.12930523171858 -20.58969793004946 0
      vertex -24.869148039119587 -20.27522190573176 15
      vertex -25.12930523171858 -20.58969793004946 15
    endloop
  endfacet
  facet normal 0.6845471059286904 -0.7289686274214099 0
    outer loop
      vertex -24.57162796668324 -19.995831960978684 15
      vertex -24.869148039119587 -20.27522190573176 15
      vertex -24.57162796668324 -19.995831960978684 0
    endloop
  endfacet
  facet normal 0.5877852522924734 -0.8090169943749472 0
    outer loop
      vertex -24.24143708368174 -19.75593424211845 15
      vertex -24.57162796668324 -19.995831960978684 15
      vertex -24.24143708368174 -19.75593424211845 0
    endloop
  endfacet
  facet normal 0.48175367410171255 -0.876306680043865 0
    outer loop
      vertex -23.883782697586486 -19.559312079485437 15
      vertex -24.24143708368174 -19.75593424211845 15
      vertex -23.883782697586486 -19.559312079485437 0
    endloop
  endfacet
  facet normal 0.36812455268467936 -0.9297764858882508 0
    outer loop
      vertex -23.50430523171858 -19.40906632204075 15
      vertex -23.883782697586486 -19.559312079485437 15
      vertex -23.50430523171858 -19.40906632204075 0
    endloop
  endfacet
  facet normal 0.24868988716485535 -0.9685831611286311 0
    outer loop
      vertex -23.108989272403605 -19.30756643513176 15
      vertex -23.50430523171858 -19.40906632204075 15
      vertex -23.108989272403605 -19.30756643513176 0
    endloop
  endfacet
  facet normal 0.12533323356430454 -0.9921147013144778 0
    outer loop
      vertex -22.704069188470267 -19.256413132608117 15
      vertex -23.108989272403605 -19.30756643513176 15
      vertex -22.704069188470267 -19.256413132608117 0
    endloop
  endfacet
  facet normal 0 -1 0
    outer loop
      vertex -22.295930811529733 -19.256413132608117 15
      vertex -22.704069188470267 -19.256413132608117 15
      vertex -22.295930811529733 -19.256413132608117 0
    endloop
  endfacet
  facet normal -0.24868988716485535 0.9685831611286311 0
    outer loop
      vertex -21.891010727596395 -25.69243356486824 15
      vertex -21.49569476828142 -25.59093367795925 15
      vertex -21.891010727596395 -25.69243356486824 0
    endloop
  endfacet
  facet normal -0.36812455268467936 0.9297764858882508 0
    outer loop
      vertex -21.49569476828142 -25.59093367795925 15
      vertex -21.116217302413514 -25.440687920514563 15
      vertex -21.49569476828142 -25.59093367795925 0
    endloop
  endfacet
  facet normal -0.48175367410171255 0.876306680043865 0
    outer loop
      vertex -21.116217302413514 -25.440687920514563 15
      vertex -20.75856291631826 -25.24406575788155 15
      vertex -21.116217302413514 -25.440687920514563 0
    endloop
  endfacet
  facet normal -0.5877852522924734 0.8090169943749472 0
    outer loop
      vertex -20.75856291631826 -25.24406575788155 15
      vertex -20.42837203331676 -25.004168039021316 15
      vertex -20.75856291631826 -25.24406575788155 0
    endloop
  endfacet
  facet normal -0.6845471059286904 0.7289686274214099 0
    outer loop
      vertex -20.42837203331676 -25.004168039021316 15
      vertex -20.130851960880413 -24.72477809426824 15
      vertex -20.42837203331676 -25.004168039021316 0
    endloop
  endfacet
  facet normal -0.770513242775787 0.6374239897486925 0
    outer loop
      vertex -19.87069476828142 -24.41030206995054 0
      vertex -20.130851960880413 -24.72477809426824 15
      vertex -19.87069476828142 -24.41030206995054 15
    endloop
  endfacet
  facet normal -0.8443279255020165 0.5358267949789943 0
    outer loop
      vertex -19.652003289857443 -24.065699440830574 0
      vertex -19.87069476828142 -24.41030206995054 15
      vertex -19.652003289857443 -24.065699440830574 15
    endloop
  endfacet
  facet normal -0.9048270524660188 0.4257792915650744 0
    outer loop
      vertex -19.478226420863184 -23.696404796225206 0
      vertex -19.652003289857443 -24.065699440830574 15
      vertex -19.478226420863184 -23.696404796225206 15
    endloop
  endfacet
  facet normal -0.9510565162951534 0.30901699437494806 0
    outer loop
      vertex -19.352104726331948 -23.308242133285777 0
      vertex -19.478226420863184 -23.696404796225206 15
      vertex -19.352104726331948 -23.308242133285777 15
    endloop
  endfacet
  facet normal -0.9822872507286894 0.18738131458572085 0
    outer loop
      vertex -19.275627220727948 -22.907333009083988 0
      vertex -19.352104726331948 -23.308242133285777 15
      vertex -19.275627220727948 -22.907333009083988 15
    endloop
  endfacet
  facet normal -0.9980267284282714 0.06279051952931576 0
    outer loop
      vertex -19.25 -22.5 0
      vertex -19.275627220727948 -22.907333009083988 15
      vertex -19.25 -22.5 15
    endloop
  endfacet
  facet normal -0.9980267284282714 -0.06279051952931576 0
    outer loop
      vertex -19.275627220727948 -22.092666990916012 0
      vertex -19.25 -22.5 15
      vertex -19.275627220727948 -22.092666990916012 15
    endloop
  endfacet
  facet normal -0.24868988716485535 -0.9685831611286311 0
    outer loop
      vertex -21.49569476828142 -19.40906632204075 15
      vertex -21.891010727596395 -19.30756643513176 15
      vertex -21.49569476828142 -19.40906632204075 0
    endloop
  endfacet
  facet normal -0.36812455268467936 -0.9297764858882508 0
    outer loop
      vertex -21.116217302413514 -19.559312079485437 15
      vertex -21.49569476828142 -19.40906632204075 15
      vertex -21.116217302413514 -19.559312079485437 0
    endloop
  endfacet
  facet normal -0.12533323356430454 -0.9921147013144778 0
    outer loop
      vertex -21.891010727596395 -19.30756643513176 15
      vertex -22.295930811529733 -19.256413132608117 15
      vertex -21.891010727596395 -19.30756643513176 0
    endloop
  endfacet
  facet normal -0.48175367410171255 -0.876306680043865 0
    outer loop
      vertex -20.75856291631826 -19.75593424211845 15
      vertex -21.116217302413514 -19.559312079485437 15
      vertex -20.75856291631826 -19.75593424211845 0
    endloop
  endfacet
  facet normal -0.5877852522924645 -0.8090169943749538 2.9941140810767756e-16
    outer loop
      vertex -20.666692511924072 -19.822681997975877 15
      vertex -20.75856291631826 -19.75593424211845 15
      vertex -20.42837203331676 -19.995831960978684 0
    endloop
  endfacet
  facet normal -0.5877852522924768 -0.8090169943749448 0
    outer loop
      vertex -20.666692511924072 -19.822681997975877 15
      vertex -20.42837203331676 -19.995831960978684 0
      vertex -20.42837203331676 -19.995831960978684 15
    endloop
  endfacet
  facet normal -0.9510565162951525 -0.3090169943749506 0
    outer loop
      vertex -19.478226420863184 -21.303595203774798 0
      vertex -19.352104726331948 -21.691757866714223 15
      vertex -19.478226420863184 -21.303595203774798 15
    endloop
  endfacet
  facet normal -0.770513242775787 -0.6374239897486925 0
    outer loop
      vertex -20.130851960880413 -20.27522190573176 0
      vertex -19.87069476828142 -20.58969793004946 15
      vertex -20.130851960880413 -20.27522190573176 15
    endloop
  endfacet
  facet normal -0.9048270524660202 -0.425779291565071 0
    outer loop
      vertex -19.652003289857443 -20.934300559169426 0
      vertex -19.478226420863184 -21.303595203774798 15
      vertex -19.652003289857443 -20.934300559169426 15
    endloop
  endfacet
  facet normal -0.8443279255020165 -0.5358267949789943 0
    outer loop
      vertex -19.87069476828142 -20.58969793004946 0
      vertex -19.652003289857443 -20.934300559169426 15
      vertex -19.87069476828142 -20.58969793004946 15
    endloop
  endfacet
  facet normal -0.9822872507286894 -0.18738131458572085 0
    outer loop
      vertex -19.352104726331948 -21.691757866714223 0
      vertex -19.275627220727948 -22.092666990916012 15
      vertex -19.352104726331948 -21.691757866714223 15
    endloop
  endfacet
  facet normal -0.6845471059286904 -0.7289686274214099 0
    outer loop
      vertex -20.130851960880413 -20.27522190573176 0
      vertex -20.130851960880413 -20.27522190573176 15
      vertex -20.42837203331676 -19.995831960978684 15
    endloop
  endfacet
  facet normal 0.8443279255020165 0.5358267949789943 0
    outer loop
      vertex -10.129305231718579 -24.41030206995054 0
      vertex -10.347996710142557 -24.065699440830574 0
      vertex -10.347996710142557 -24.065699440830574 15
    endloop
  endfacet
  facet normal 0.6845471059286882 0.7289686274214119 0
    outer loop
      vertex -9.571627966683241 -25.004168039021316 0
      vertex -9.869148039119588 -24.72477809426824 0
      vertex -9.571627966683241 -25.004168039021316 15
    endloop
  endfacet
  facet normal 0.5877852522924755 0.8090169943749458 0
    outer loop
      vertex -9.24143708368174 -25.24406575788155 0
      vertex -9.571627966683241 -25.004168039021316 0
      vertex -9.24143708368174 -25.24406575788155 15
    endloop
  endfacet
  facet normal 0.7705132427757891 0.63742398974869 0
    outer loop
      vertex -9.869148039119588 -24.72477809426824 0
      vertex -10.129305231718579 -24.41030206995054 0
      vertex -10.129305231718579 -24.41030206995054 15
    endloop
  endfacet
  facet normal 0.9510565162951525 0.3090169943749506 0
    outer loop
      vertex -10.521773579136816 -23.696404796225202 0
      vertex -10.647895273668052 -23.308242133285777 0
      vertex -10.647895273668052 -23.308242133285777 15
    endloop
  endfacet
  facet normal 0.9822872507286894 0.18738131458572085 0
    outer loop
      vertex -10.647895273668052 -23.308242133285777 0
      vertex -10.724372779272052 -22.907333009083988 0
      vertex -10.724372779272052 -22.907333009083988 15
    endloop
  endfacet
  facet normal 0.9048270524660202 0.425779291565071 0
    outer loop
      vertex -10.347996710142557 -24.065699440830574 0
      vertex -10.521773579136816 -23.696404796225202 0
      vertex -10.521773579136816 -23.696404796225202 15
    endloop
  endfacet
  facet normal 0.9980267284282714 0.06279051952931576 0
    outer loop
      vertex -10.724372779272052 -22.907333009083988 0
      vertex -10.75 -22.5 0
      vertex -10.75 -22.5 15
    endloop
  endfacet
  facet normal 0.9980267284282714 -0.06279051952931576 0
    outer loop
      vertex -10.75 -22.5 0
      vertex -10.724372779272052 -22.092666990916012 0
      vertex -10.724372779272052 -22.092666990916012 15
    endloop
  endfacet
  facet normal 0.4817536741017107 0.8763066800438661 0
    outer loop
      vertex -8.883782697586486 -25.440687920514563 0
      vertex -9.24143708368174 -25.24406575788155 0
      vertex -8.883782697586486 -25.440687920514563 15
    endloop
  endfacet
  facet normal 0.36812455268467936 0.9297764858882508 0
    outer loop
      vertex -8.504305231718579 -25.59093367795925 0
      vertex -8.883782697586486 -25.440687920514563 0
      vertex -8.504305231718579 -25.59093367795925 15
    endloop
  endfacet
  facet normal 0.24868988716485535 0.9685831611286311 0
    outer loop
      vertex -8.108989272403605 -25.69243356486824 0
      vertex -8.504305231718579 -25.59093367795925 0
      vertex -8.108989272403605 -25.69243356486824 15
    endloop
  endfacet
  facet normal 0.12533323356430537 0.9921147013144778 0
    outer loop
      vertex -7.70406918847027 -25.743586867391883 0
      vertex -8.108989272403605 -25.69243356486824 0
      vertex -7.70406918847027 -25.743586867391883 15
    endloop
  endfacet
  facet normal 0 1 0
    outer loop
      vertex -7.29593081152973 -25.743586867391883 0
      vertex -7.70406918847027 -25.743586867391883 0
      vertex -7.29593081152973 -25.743586867391883 15
    endloop
  endfacet
  facet normal 0.9822872507286894 -0.18738131458572085 0
    outer loop
      vertex -10.724372779272052 -22.092666990916012 0
      vertex -10.647895273668052 -21.691757866714223 0
      vertex -10.647895273668052 -21.691757866714223 15
    endloop
  endfacet
  facet normal 0.9510565162951525 -0.3090169943749506 0
    outer loop
      vertex -10.647895273668052 -21.691757866714223 0
      vertex -10.521773579136816 -21.303595203774798 0
      vertex -10.521773579136816 -21.303595203774798 15
    endloop
  endfacet
  facet normal 0.9048270524660202 -0.425779291565071 0
    outer loop
      vertex -10.521773579136816 -21.303595203774798 0
      vertex -10.347996710142557 -20.934300559169426 0
      vertex -10.347996710142557 -20.934300559169426 15
    endloop
  endfacet
  facet normal 0.8443279255020165 -0.5358267949789943 0
    outer loop
      vertex -10.347996710142557 -20.934300559169426 0
      vertex -10.129305231718579 -20.58969793004946 0
      vertex -10.129305231718579 -20.58969793004946 15
    endloop
  endfacet
  facet normal 0.7705132427757891 -0.63742398974869 0
    outer loop
      vertex -10.129305231718579 -20.58969793004946 0
      vertex -9.869148039119588 -20.27522190573176 0
      vertex -9.869148039119588 -20.27522190573176 15
    endloop
  endfacet
  facet normal 0.6845471059286882 -0.7289686274214119 0
    outer loop
      vertex -9.869148039119588 -20.27522190573176 0
      vertex -9.571627966683241 -19.995831960978684 0
      vertex -9.869148039119588 -20.27522190573176 15
    endloop
  endfacet
  facet normal 0.5877852522924755 -0.8090169943749458 0
    outer loop
      vertex -9.571627966683241 -19.995831960978684 0
      vertex -9.24143708368174 -19.75593424211845 0
      vertex -9.571627966683241 -19.995831960978684 15
    endloop
  endfacet
  facet normal 0.4817536741017107 -0.8763066800438661 0
    outer loop
      vertex -9.24143708368174 -19.75593424211845 0
      vertex -8.883782697586486 -19.559312079485437 0
      vertex -9.24143708368174 -19.75593424211845 15
    endloop
  endfacet
  facet normal 0.36812455268467936 -0.9297764858882508 0
    outer loop
      vertex -8.883782697586486 -19.559312079485437 0
      vertex -8.504305231718579 -19.40906632204075 0
      vertex -8.883782697586486 -19.559312079485437 15
    endloop
  endfacet
  facet normal 0.24868988716485535 -0.9685831611286311 0
    outer loop
      vertex -8.504305231718579 -19.40906632204075 0
      vertex -8.108989272403605 -19.30756643513176 0
      vertex -8.504305231718579 -19.40906632204075 15
    endloop
  endfacet
  facet normal 0.1253332335643048 -0.9921147013144778 0
    outer loop
      vertex -8.108989272403605 -19.30756643513176 0
      vertex -7.704069188470268 -19.256413132608117 0
      vertex -8.108989272403605 -19.30756643513176 15
    endloop
  endfacet
  facet normal 0 -1 0
    outer loop
      vertex -7.704069188470268 -19.256413132608117 0
      vertex -7.295930811529732 -19.256413132608117 0
      vertex -7.704069188470268 -19.256413132608117 15
    endloop
  endfacet
  facet normal -0.1253332335643051 0.9921147013144778 0
    outer loop
      vertex -6.891010727596394 -25.69243356486824 0
      vertex -7.29593081152973 -25.743586867391883 0
      vertex -6.891010727596394 -25.69243356486824 15
    endloop
  endfacet
  facet normal -0.24868988716485585 0.9685831611286309 0
    outer loop
      vertex -6.495694768281421 -25.59093367795925 0
      vertex -6.891010727596394 -25.69243356486824 0
      vertex -6.495694768281421 -25.59093367795925 15
    endloop
  endfacet
  facet normal -0.36812455268468014 0.9297764858882506 0
    outer loop
      vertex -6.1162173024135145 -25.440687920514563 0
      vertex -6.495694768281421 -25.59093367795925 0
      vertex -6.1162173024135145 -25.440687920514563 15
    endloop
  endfacet
  facet normal -0.48175367410171255 0.876306680043865 0
    outer loop
      vertex -5.758562916318263 -25.24406575788155 0
      vertex -6.1162173024135145 -25.440687920514563 0
      vertex -5.758562916318263 -25.24406575788155 15
    endloop
  endfacet
  facet normal -0.5877852522924712 0.8090169943749488 0
    outer loop
      vertex -5.428372033316758 -25.004168039021316 0
      vertex -5.758562916318263 -25.24406575788155 0
      vertex -5.428372033316758 -25.004168039021316 15
    endloop
  endfacet
  facet normal -0.6845471059286894 0.728968627421411 0
    outer loop
      vertex -5.1308519608804115 -24.72477809426824 0
      vertex -5.428372033316758 -25.004168039021316 0
      vertex -5.1308519608804115 -24.72477809426824 15
    endloop
  endfacet
  facet normal -0.7705132427757891 0.63742398974869 0
    outer loop
      vertex -5.1308519608804115 -24.72477809426824 0
      vertex -5.1308519608804115 -24.72477809426824 15
      vertex -4.870694768281421 -24.41030206995054 0
    endloop
  endfacet
  facet normal -0.8443279255020165 0.5358267949789943 0
    outer loop
      vertex -4.6520032898574435 -24.065699440830574 0
      vertex -4.870694768281421 -24.41030206995054 0
      vertex -4.870694768281421 -24.41030206995054 15
    endloop
  endfacet
  facet normal -0.9048270524660188 0.4257792915650744 0
    outer loop
      vertex -4.478226420863184 -23.696404796225206 0
      vertex -4.6520032898574435 -24.065699440830574 0
      vertex -4.6520032898574435 -24.065699440830574 15
    endloop
  endfacet
  facet normal -0.9510565162951534 0.30901699437494806 0
    outer loop
      vertex -4.352104726331948 -23.308242133285777 0
      vertex -4.478226420863184 -23.696404796225206 0
      vertex -4.478226420863184 -23.696404796225206 15
    endloop
  endfacet
  facet normal -0.9822872507286889 0.18738131458572294 0
    outer loop
      vertex -4.275627220727947 -22.907333009083988 0
      vertex -4.352104726331948 -23.308242133285777 0
      vertex -4.352104726331948 -23.308242133285777 15
    endloop
  endfacet
  facet normal -0.9980267284282716 0.0627905195293136 0
    outer loop
      vertex -4.25 -22.5 0
      vertex -4.275627220727947 -22.907333009083988 0
      vertex -4.275627220727947 -22.907333009083988 15
    endloop
  endfacet
  facet normal -0.9980267284282716 -0.0627905195293136 0
    outer loop
      vertex -4.275627220727947 -22.092666990916012 0
      vertex -4.25 -22.5 0
      vertex -4.25 -22.5 15
    endloop
  endfacet
  facet normal -0.1253332335643048 -0.9921147013144778 0
    outer loop
      vertex -7.295930811529732 -19.256413132608117 0
      vertex -6.891010727596395 -19.30756643513176 0
      vertex -7.295930811529732 -19.256413132608117 15
    endloop
  endfacet
  facet normal -0.24868988716485535 -0.9685831611286311 0
    outer loop
      vertex -6.891010727596395 -19.30756643513176 0
      vertex -6.495694768281421 -19.40906632204075 0
      vertex -6.891010727596395 -19.30756643513176 15
    endloop
  endfacet
  facet normal -0.36812455268467936 -0.9297764858882508 0
    outer loop
      vertex -6.495694768281421 -19.40906632204075 0
      vertex -6.116217302413514 -19.559312079485437 0
      vertex -6.495694768281421 -19.40906632204075 15
    endloop
  endfacet
  facet normal -0.4817536741017116 -0.8763066800438656 0
    outer loop
      vertex -6.116217302413514 -19.559312079485437 0
      vertex -5.758562916318261 -19.75593424211845 0
      vertex -6.116217302413514 -19.559312079485437 15
    endloop
  endfacet
  facet normal -0.5877852522924745 -0.8090169943749466 0
    outer loop
      vertex -5.758562916318261 -19.75593424211845 0
      vertex -5.428372033316759 -19.995831960978684 0
      vertex -5.758562916318261 -19.75593424211845 15
    endloop
  endfacet
  facet normal -0.8443279255020165 -0.5358267949789943 0
    outer loop
      vertex -4.870694768281421 -20.58969793004946 0
      vertex -4.6520032898574435 -20.934300559169426 0
      vertex -4.6520032898574435 -20.934300559169426 15
    endloop
  endfacet
  facet normal -0.770513242775788 -0.6374239897486912 0
    outer loop
      vertex -5.130851960880412 -20.27522190573176 0
      vertex -4.870694768281421 -20.58969793004946 0
      vertex -4.870694768281421 -20.58969793004946 15
    endloop
  endfacet
  facet normal -0.9822872507286885 -0.18738131458572505 0
    outer loop
      vertex -4.352104726331949 -21.691757866714223 0
      vertex -4.275627220727947 -22.092666990916012 0
      vertex -4.275627220727947 -22.092666990916012 15
    endloop
  endfacet
  facet normal -0.9510565162951532 -0.3090169943749486 0
    outer loop
      vertex -4.478226420863184 -21.303595203774798 0
      vertex -4.352104726331949 -21.691757866714223 0
      vertex -4.352104726331949 -21.691757866714223 15
    endloop
  endfacet
  facet normal -0.9048270524660202 -0.425779291565071 0
    outer loop
      vertex -4.6520032898574435 -20.934300559169426 0
      vertex -4.478226420863184 -21.303595203774798 0
      vertex -4.478226420863184 -21.303595203774798 15
    endloop
  endfacet
  facet normal -0.6845471059286894 -0.728968627421411 0
    outer loop
      vertex -5.428372033316759 -19.995831960978684 0
      vertex -5.130851960880412 -20.27522190573176 0
      vertex -5.428372033316759 -19.995831960978684 15
    endloop
  endfacet
  facet normal 0.8443279255020165 0.5358267949789943 0
    outer loop
      vertex -10.129305231718579 -24.41030206995054 0
      vertex -10.347996710142557 -24.065699440830574 15
      vertex -10.129305231718579 -24.41030206995054 15
    endloop
  endfacet
  facet normal 0.5877852522924755 0.8090169943749458 0
    outer loop
      vertex -9.571627966683241 -25.004168039021316 15
      vertex -9.24143708368174 -25.24406575788155 15
      vertex -9.571627966683241 -25.004168039021316 0
    endloop
  endfacet
  facet normal 0.7705132427757891 0.63742398974869 0
    outer loop
      vertex -9.869148039119588 -24.72477809426824 0
      vertex -10.129305231718579 -24.41030206995054 15
      vertex -9.869148039119588 -24.72477809426824 15
    endloop
  endfacet
  facet normal 0.6845471059286882 0.7289686274214119 0
    outer loop
      vertex -9.869148039119588 -24.72477809426824 15
      vertex -9.571627966683241 -25.004168039021316 15
      vertex -9.869148039119588 -24.72477809426824 0
    endloop
  endfacet
  facet normal 0.9822872507286894 0.18738131458572085 0
    outer loop
      vertex -10.647895273668052 -23.308242133285777 0
      vertex -10.724372779272052 -22.907333009083988 15
      vertex -10.647895273668052 -23.308242133285777 15
    endloop
  endfacet
  facet normal 0.9048270524660202 0.425779291565071 0
    outer loop
      vertex -10.347996710142557 -24.065699440830574 0
      vertex -10.521773579136816 -23.696404796225202 15
      vertex -10.347996710142557 -24.065699440830574 15
    endloop
  endfacet
  facet normal 0.9510565162951525 0.3090169943749506 0
    outer loop
      vertex -10.521773579136816 -23.696404796225202 0
      vertex -10.647895273668052 -23.308242133285777 15
      vertex -10.521773579136816 -23.696404796225202 15
    endloop
  endfacet
  facet normal 0.9980267284282714 0.06279051952931576 0
    outer loop
      vertex -10.724372779272052 -22.907333009083988 0
      vertex -10.75 -22.5 15
      vertex -10.724372779272052 -22.907333009083988 15
    endloop
  endfacet
  facet normal 0.9980267284282714 -0.06279051952931576 0
    outer loop
      vertex -10.75 -22.5 0
      vertex -10.724372779272052 -22.092666990916012 15
      vertex -10.75 -22.5 15
    endloop
  endfacet
  facet normal 0.4817536741017107 0.8763066800438661 0
    outer loop
      vertex -9.24143708368174 -25.24406575788155 15
      vertex -8.883782697586486 -25.440687920514563 15
      vertex -9.24143708368174 -25.24406575788155 0
    endloop
  endfacet
  facet normal 0.36812455268467936 0.9297764858882508 0
    outer loop
      vertex -8.883782697586486 -25.440687920514563 15
      vertex -8.504305231718579 -25.59093367795925 15
      vertex -8.883782697586486 -25.440687920514563 0
    endloop
  endfacet
  facet normal 0.24868988716485535 0.9685831611286311 0
    outer loop
      vertex -8.504305231718579 -25.59093367795925 15
      vertex -8.108989272403605 -25.69243356486824 15
      vertex -8.504305231718579 -25.59093367795925 0
    endloop
  endfacet
  facet normal 0.12533323356430537 0.9921147013144778 0
    outer loop
      vertex -8.108989272403605 -25.69243356486824 15
      vertex -7.70406918847027 -25.743586867391883 15
      vertex -8.108989272403605 -25.69243356486824 0
    endloop
  endfacet
  facet normal 0 1 0
    outer loop
      vertex -7.70406918847027 -25.743586867391883 15
      vertex -7.29593081152973 -25.743586867391883 15
      vertex -7.70406918847027 -25.743586867391883 0
    endloop
  endfacet
  facet normal 0.9822872507286894 -0.18738131458572085 0
    outer loop
      vertex -10.724372779272052 -22.092666990916012 0
      vertex -10.647895273668052 -21.691757866714223 15
      vertex -10.724372779272052 -22.092666990916012 15
    endloop
  endfacet
  facet normal 0.9510565162951525 -0.3090169943749506 0
    outer loop
      vertex -10.647895273668052 -21.691757866714223 0
      vertex -10.521773579136816 -21.303595203774798 15
      vertex -10.647895273668052 -21.691757866714223 15
    endloop
  endfacet
  facet normal 0.9048270524660202 -0.425779291565071 0
    outer loop
      vertex -10.521773579136816 -21.303595203774798 0
      vertex -10.347996710142557 -20.934300559169426 15
      vertex -10.521773579136816 -21.303595203774798 15
    endloop
  endfacet
  facet normal 0.8443279255020165 -0.5358267949789943 0
    outer loop
      vertex -10.347996710142557 -20.934300559169426 0
      vertex -10.129305231718579 -20.58969793004946 15
      vertex -10.347996710142557 -20.934300559169426 15
    endloop
  endfacet
  facet normal 0.7705132427757891 -0.63742398974869 0
    outer loop
      vertex -10.129305231718579 -20.58969793004946 0
      vertex -9.869148039119588 -20.27522190573176 15
      vertex -10.129305231718579 -20.58969793004946 15
    endloop
  endfacet
  facet normal 0.6845471059286882 -0.7289686274214119 0
    outer loop
      vertex -9.571627966683241 -19.995831960978684 15
      vertex -9.869148039119588 -20.27522190573176 15
      vertex -9.571627966683241 -19.995831960978684 0
    endloop
  endfacet
  facet normal 0.5877852522924755 -0.8090169943749458 0
    outer loop
      vertex -9.24143708368174 -19.75593424211845 15
      vertex -9.571627966683241 -19.995831960978684 15
      vertex -9.24143708368174 -19.75593424211845 0
    endloop
  endfacet
  facet normal 0.4817536741017107 -0.8763066800438661 0
    outer loop
      vertex -8.883782697586486 -19.559312079485437 15
      vertex -9.24143708368174 -19.75593424211845 15
      vertex -8.883782697586486 -19.559312079485437 0
    endloop
  endfacet
  facet normal 0.36812455268467936 -0.9297764858882508 0
    outer loop
      vertex -8.504305231718579 -19.40906632204075 15
      vertex -8.883782697586486 -19.559312079485437 15
      vertex -8.504305231718579 -19.40906632204075 0
    endloop
  endfacet
  facet normal 0.24868988716485535 -0.9685831611286311 0
    outer loop
      vertex -8.108989272403605 -19.30756643513176 15
      vertex -8.504305231718579 -19.40906632204075 15
      vertex -8.108989272403605 -19.30756643513176 0
    endloop
  endfacet
  facet normal 0.1253332335643048 -0.9921147013144778 0
    outer loop
      vertex -7.704069188470268 -19.256413132608117 15
      vertex -8.108989272403605 -19.30756643513176 15
      vertex -7.704069188470268 -19.256413132608117 0
    endloop
  endfacet
  facet normal 0 -1 0
    outer loop
      vertex -7.295930811529732 -19.256413132608117 15
      vertex -7.704069188470268 -19.256413132608117 15
      vertex -7.295930811529732 -19.256413132608117 0
    endloop
  endfacet
  facet normal -0.1253332335643051 0.9921147013144778 0
    outer loop
      vertex -7.29593081152973 -25.743586867391883 15
      vertex -6.891010727596394 -25.69243356486824 15
      vertex -7.29593081152973 -25.743586867391883 0
    endloop
  endfacet
  facet normal -0.24868988716485585 0.9685831611286309 0
    outer loop
      vertex -6.891010727596394 -25.69243356486824 15
      vertex -6.495694768281421 -25.59093367795925 15
      vertex -6.891010727596394 -25.69243356486824 0
    endloop
  endfacet
  facet normal -0.36812455268468014 0.9297764858882506 0
    outer loop
      vertex -6.495694768281421 -25.59093367795925 15
      vertex -6.1162173024135145 -25.440687920514563 15
      vertex -6.495694768281421 -25.59093367795925 0
    endloop
  endfacet
  facet normal -0.48175367410171255 0.876306680043865 0
    outer loop
      vertex -6.1162173024135145 -25.440687920514563 15
      vertex -5.758562916318263 -25.24406575788155 15
      vertex -6.1162173024135145 -25.440687920514563 0
    endloop
  endfacet
  facet normal -0.5877852522924712 0.8090169943749488 0
    outer loop
      vertex -5.758562916318263 -25.24406575788155 15
      vertex -5.428372033316758 -25.004168039021316 15
      vertex -5.758562916318263 -25.24406575788155 0
    endloop
  endfacet
  facet normal -0.6845471059286894 0.728968627421411 0
    outer loop
      vertex -5.428372033316758 -25.004168039021316 15
      vertex -5.1308519608804115 -24.72477809426824 15
      vertex -5.428372033316758 -25.004168039021316 0
    endloop
  endfacet
  facet normal -0.7705132427757891 0.63742398974869 0
    outer loop
      vertex -4.870694768281421 -24.41030206995054 0
      vertex -5.1308519608804115 -24.72477809426824 15
      vertex -4.870694768281421 -24.41030206995054 15
    endloop
  endfacet
  facet normal -0.8443279255020165 0.5358267949789943 0
    outer loop
      vertex -4.6520032898574435 -24.065699440830574 0
      vertex -4.870694768281421 -24.41030206995054 15
      vertex -4.6520032898574435 -24.065699440830574 15
    endloop
  endfacet
  facet normal -0.9048270524660188 0.4257792915650744 0
    outer loop
      vertex -4.478226420863184 -23.696404796225206 0
      vertex -4.6520032898574435 -24.065699440830574 15
      vertex -4.478226420863184 -23.696404796225206 15
    endloop
  endfacet
  facet normal -0.9510565162951534 0.30901699437494806 0
    outer loop
      vertex -4.352104726331948 -23.308242133285777 0
      vertex -4.478226420863184 -23.696404796225206 15
      vertex -4.352104726331948 -23.308242133285777 15
    endloop
  endfacet
  facet normal -0.9822872507286889 0.18738131458572294 0
    outer loop
      vertex -4.275627220727947 -22.907333009083988 0
      vertex -4.352104726331948 -23.308242133285777 15
      vertex -4.275627220727947 -22.907333009083988 15
    endloop
  endfacet
  facet normal -0.9980267284282716 0.0627905195293136 0
    outer loop
      vertex -4.25 -22.5 0
      vertex -4.275627220727947 -22.907333009083988 15
      vertex -4.25 -22.5 15
    endloop
  endfacet
  facet normal -0.9980267284282716 -0.0627905195293136 0
    outer loop
      vertex -4.275627220727947 -22.092666990916012 0
      vertex -4.25 -22.5 15
      vertex -4.275627220727947 -22.092666990916012 15
    endloop
  endfacet
  facet normal -0.24868988716485535 -0.9685831611286311 0
    outer loop
      vertex -6.495694768281421 -19.40906632204075 15
      vertex -6.891010727596395 -19.30756643513176 15
      vertex -6.495694768281421 -19.40906632204075 0
    endloop
  endfacet
  facet normal -0.1253332335643048 -0.9921147013144778 0
    outer loop
      vertex -6.891010727596395 -19.30756643513176 15
      vertex -7.295930811529732 -19.256413132608117 15
      vertex -6.891010727596395 -19.30756643513176 0
    endloop
  endfacet
  facet normal -0.36812455268467936 -0.9297764858882508 0
    outer loop
      vertex -6.116217302413514 -19.559312079485437 15
      vertex -6.495694768281421 -19.40906632204075 15
      vertex -6.116217302413514 -19.559312079485437 0
    endloop
  endfacet
  facet normal -0.5877852522924745 -0.8090169943749466 0
    outer loop
      vertex -5.428372033316759 -19.995831960978684 15
      vertex -5.758562916318261 -19.75593424211845 15
      vertex -5.428372033316759 -19.995831960978684 0
    endloop
  endfacet
  facet normal -0.4817536741017116 -0.8763066800438656 0
    outer loop
      vertex -5.758562916318261 -19.75593424211845 15
      vertex -6.116217302413514 -19.559312079485437 15
      vertex -5.758562916318261 -19.75593424211845 0
    endloop
  endfacet
  facet normal -0.770513242775788 -0.6374239897486912 0
    outer loop
      vertex -5.130851960880412 -20.27522190573176 0
      vertex -4.870694768281421 -20.58969793004946 15
      vertex -5.130851960880412 -20.27522190573176 15
    endloop
  endfacet
  facet normal -0.8443279255020165 -0.5358267949789943 0
    outer loop
      vertex -4.870694768281421 -20.58969793004946 0
      vertex -4.6520032898574435 -20.934300559169426 15
      vertex -4.870694768281421 -20.58969793004946 15
    endloop
  endfacet
  facet normal -0.9822872507286885 -0.18738131458572505 0
    outer loop
      vertex -4.352104726331949 -21.691757866714223 0
      vertex -4.275627220727947 -22.092666990916012 15
      vertex -4.352104726331949 -21.691757866714223 15
    endloop
  endfacet
  facet normal -0.9510565162951532 -0.3090169943749486 0
    outer loop
      vertex -4.478226420863184 -21.303595203774798 0
      vertex -4.352104726331949 -21.691757866714223 15
      vertex -4.478226420863184 -21.303595203774798 15
    endloop
  endfacet
  facet normal -0.9048270524660202 -0.425779291565071 0
    outer loop
      vertex -4.478226420863184 -21.303595203774798 15
      vertex -4.6520032898574435 -20.934300559169426 15
      vertex -4.6520032898574435 -20.934300559169426 0
    endloop
  endfacet
  facet normal -0.6845471059286894 -0.728968627421411 0
    outer loop
      vertex -5.130851960880412 -20.27522190573176 15
      vertex -5.428372033316759 -19.995831960978684 15
      vertex -5.130851960880412 -20.27522190573176 0
    endloop
  endfacet
  facet normal 0.6845471059286882 0.7289686274214119 0
    outer loop
      vertex 5.428372033316759 -25.004168039021316 0
      vertex 5.1308519608804115 -24.72477809426824 0
      vertex 5.428372033316759 -25.004168039021316 15
    endloop
  endfacet
  facet normal 0.7705132427757891 0.63742398974869 0
    outer loop
      vertex 5.1308519608804115 -24.72477809426824 0
      vertex 4.870694768281421 -24.41030206995054 0
      vertex 4.870694768281421 -24.41030206995054 15
    endloop
  endfacet
  facet normal 0.8443279255020165 0.5358267949789943 0
    outer loop
      vertex 4.870694768281421 -24.41030206995054 0
      vertex 4.6520032898574435 -24.065699440830574 0
      vertex 4.6520032898574435 -24.065699440830574 15
    endloop
  endfacet
  facet normal 0.9048270524660194 0.4257792915650727 0
    outer loop
      vertex 4.6520032898574435 -24.065699440830574 0
      vertex 4.478226420863183 -23.696404796225202 0
      vertex 4.478226420863183 -23.696404796225202 15
    endloop
  endfacet
  facet normal 0.9822872507286885 0.18738131458572505 0
    outer loop
      vertex 4.352104726331949 -23.308242133285777 0
      vertex 4.275627220727947 -22.907333009083988 0
      vertex 4.275627220727947 -22.907333009083988 15
    endloop
  endfacet
  facet normal 0.951056516295154 0.3090169943749467 0
    outer loop
      vertex 4.478226420863183 -23.696404796225202 0
      vertex 4.352104726331949 -23.308242133285777 0
      vertex 4.352104726331949 -23.308242133285777 15
    endloop
  endfacet
  facet normal 0.9980267284282716 0.0627905195293136 0
    outer loop
      vertex 4.275627220727947 -22.907333009083988 0
      vertex 4.25 -22.5 0
      vertex 4.25 -22.5 15
    endloop
  endfacet
  facet normal 0.9980267284282716 -0.0627905195293136 0
    outer loop
      vertex 4.25 -22.5 0
      vertex 4.275627220727947 -22.092666990916012 0
      vertex 4.275627220727947 -22.092666990916012 15
    endloop
  endfacet
  facet normal 0.5877852522924745 0.8090169943749466 0
    outer loop
      vertex 5.758562916318261 -25.24406575788155 0
      vertex 5.428372033316759 -25.004168039021316 0
      vertex 5.758562916318261 -25.24406575788155 15
    endloop
  endfacet
  facet normal 0.4817536741017107 0.8763066800438661 0
    outer loop
      vertex 6.1162173024135145 -25.440687920514563 0
      vertex 5.758562916318261 -25.24406575788155 0
      vertex 6.1162173024135145 -25.440687920514563 15
    endloop
  endfacet
  facet normal 0.36812455268468014 0.9297764858882506 0
    outer loop
      vertex 6.495694768281421 -25.59093367795925 0
      vertex 6.1162173024135145 -25.440687920514563 0
      vertex 6.495694768281421 -25.59093367795925 15
    endloop
  endfacet
  facet normal 0.24868988716485585 0.9685831611286309 0
    outer loop
      vertex 6.891010727596394 -25.69243356486824 0
      vertex 6.495694768281421 -25.59093367795925 0
      vertex 6.891010727596394 -25.69243356486824 15
    endloop
  endfacet
  facet normal 0.1253332335643051 0.9921147013144778 0
    outer loop
      vertex 7.29593081152973 -25.743586867391883 0
      vertex 6.891010727596394 -25.69243356486824 0
      vertex 7.29593081152973 -25.743586867391883 15
    endloop
  endfacet
  facet normal 0.9822872507286885 -0.18738131458572505 0
    outer loop
      vertex 4.275627220727947 -22.092666990916012 0
      vertex 4.352104726331949 -21.691757866714223 0
      vertex 4.352104726331949 -21.691757866714223 15
    endloop
  endfacet
  facet normal 0.951056516295154 -0.3090169943749467 0
    outer loop
      vertex 4.352104726331949 -21.691757866714223 0
      vertex 4.478226420863183 -21.303595203774798 0
      vertex 4.478226420863183 -21.303595203774798 15
    endloop
  endfacet
  facet normal 0.9048270524660194 -0.4257792915650727 0
    outer loop
      vertex 4.478226420863183 -21.303595203774798 0
      vertex 4.6520032898574435 -20.934300559169426 0
      vertex 4.6520032898574435 -20.934300559169426 15
    endloop
  endfacet
  facet normal 0.8443279255020165 -0.5358267949789943 0
    outer loop
      vertex 4.6520032898574435 -20.934300559169426 0
      vertex 4.870694768281421 -20.58969793004946 0
      vertex 4.870694768281421 -20.58969793004946 15
    endloop
  endfacet
  facet normal 0.7705132427757891 -0.63742398974869 0
    outer loop
      vertex 4.870694768281421 -20.58969793004946 0
      vertex 5.1308519608804115 -20.27522190573176 0
      vertex 5.1308519608804115 -20.27522190573176 15
    endloop
  endfacet
  facet normal 0.6845471059286882 -0.7289686274214119 0
    outer loop
      vertex 5.1308519608804115 -20.27522190573176 0
      vertex 5.428372033316759 -19.995831960978684 0
      vertex 5.1308519608804115 -20.27522190573176 15
    endloop
  endfacet
  facet normal 0.5877852522924745 -0.8090169943749466 0
    outer loop
      vertex 5.428372033316759 -19.995831960978684 0
      vertex 5.758562916318261 -19.75593424211845 0
      vertex 5.428372033316759 -19.995831960978684 15
    endloop
  endfacet
  facet normal 0.4817536741017116 -0.8763066800438656 0
    outer loop
      vertex 5.758562916318261 -19.75593424211845 0
      vertex 6.116217302413514 -19.559312079485437 0
      vertex 5.758562916318261 -19.75593424211845 15
    endloop
  endfacet
  facet normal 0.36812455268467936 -0.9297764858882508 0
    outer loop
      vertex 6.116217302413514 -19.559312079485437 0
      vertex 6.495694768281421 -19.40906632204075 0
      vertex 6.116217302413514 -19.559312079485437 15
    endloop
  endfacet
  facet normal 0.24868988716485535 -0.9685831611286311 0
    outer loop
      vertex 6.495694768281421 -19.40906632204075 0
      vertex 6.891010727596395 -19.30756643513176 0
      vertex 6.495694768281421 -19.40906632204075 15
    endloop
  endfacet
  facet normal 0.1253332335643048 -0.9921147013144778 0
    outer loop
      vertex 6.891010727596395 -19.30756643513176 0
      vertex 7.295930811529732 -19.256413132608117 0
      vertex 6.891010727596395 -19.30756643513176 15
    endloop
  endfacet
  facet normal 0 1 0
    outer loop
      vertex 7.70406918847027 -25.743586867391883 0
      vertex 7.29593081152973 -25.743586867391883 0
      vertex 7.70406918847027 -25.743586867391883 15
    endloop
  endfacet
  facet normal -0.12533323356430537 0.9921147013144778 0
    outer loop
      vertex 8.108989272403605 -25.69243356486824 0
      vertex 7.70406918847027 -25.743586867391883 0
      vertex 8.108989272403605 -25.69243356486824 15
    endloop
  endfacet
  facet normal -0.24868988716485535 0.9685831611286311 0
    outer loop
      vertex 8.504305231718579 -25.59093367795925 0
      vertex 8.108989272403605 -25.69243356486824 0
      vertex 8.504305231718579 -25.59093367795925 15
    endloop
  endfacet
  facet normal -0.36812455268467936 0.9297764858882508 0
    outer loop
      vertex 8.883782697586486 -25.440687920514563 0
      vertex 8.504305231718579 -25.59093367795925 0
      vertex 8.883782697586486 -25.440687920514563 15
    endloop
  endfacet
  facet normal -0.48175367410171255 0.876306680043865 0
    outer loop
      vertex 9.241437083681738 -25.24406575788155 0
      vertex 8.883782697586486 -25.440687920514563 0
      vertex 9.241437083681738 -25.24406575788155 15
    endloop
  endfacet
  facet normal -0.5877852522924734 0.8090169943749472 0
    outer loop
      vertex 9.571627966683241 -25.004168039021316 0
      vertex 9.241437083681738 -25.24406575788155 0
      vertex 9.571627966683241 -25.004168039021316 15
    endloop
  endfacet
  facet normal -0.6845471059286882 0.7289686274214119 0
    outer loop
      vertex 9.869148039119588 -24.72477809426824 0
      vertex 9.571627966683241 -25.004168039021316 0
      vertex 9.869148039119588 -24.72477809426824 15
    endloop
  endfacet
  facet normal -0.7705132427757891 0.63742398974869 0
    outer loop
      vertex 9.869148039119588 -24.72477809426824 0
      vertex 9.869148039119588 -24.72477809426824 15
      vertex 10.129305231718579 -24.41030206995054 0
    endloop
  endfacet
  facet normal -0.8443279255020165 0.5358267949789943 0
    outer loop
      vertex 10.347996710142557 -24.065699440830574 0
      vertex 10.129305231718579 -24.41030206995054 0
      vertex 10.129305231718579 -24.41030206995054 15
    endloop
  endfacet
  facet normal -0.9048270524660188 0.4257792915650744 0
    outer loop
      vertex 10.521773579136816 -23.696404796225206 0
      vertex 10.347996710142557 -24.065699440830574 0
      vertex 10.347996710142557 -24.065699440830574 15
    endloop
  endfacet
  facet normal -0.9510565162951534 0.30901699437494806 0
    outer loop
      vertex 10.647895273668052 -23.308242133285777 0
      vertex 10.521773579136816 -23.696404796225206 0
      vertex 10.521773579136816 -23.696404796225206 15
    endloop
  endfacet
  facet normal -0.9822872507286894 0.18738131458572085 0
    outer loop
      vertex 10.724372779272052 -22.907333009083988 0
      vertex 10.647895273668052 -23.308242133285777 0
      vertex 10.647895273668052 -23.308242133285777 15
    endloop
  endfacet
  facet normal -0.9980267284282714 0.06279051952931576 0
    outer loop
      vertex 10.75 -22.5 0
      vertex 10.724372779272052 -22.907333009083988 0
      vertex 10.724372779272052 -22.907333009083988 15
    endloop
  endfacet
  facet normal -0.9980267284282714 -0.06279051952931576 0
    outer loop
      vertex 10.724372779272052 -22.092666990916012 0
      vertex 10.75 -22.5 0
      vertex 10.75 -22.5 15
    endloop
  endfacet
  facet normal 0 -1 0
    outer loop
      vertex 7.295930811529732 -19.256413132608117 0
      vertex 7.704069188470268 -19.256413132608117 0
      vertex 7.295930811529732 -19.256413132608117 15
    endloop
  endfacet
  facet normal -0.1253332335643048 -0.9921147013144778 0
    outer loop
      vertex 7.704069188470268 -19.256413132608117 0
      vertex 8.108989272403605 -19.30756643513176 0
      vertex 7.704069188470268 -19.256413132608117 15
    endloop
  endfacet
  facet normal -0.24868988716485535 -0.9685831611286311 0
    outer loop
      vertex 8.108989272403605 -19.30756643513176 0
      vertex 8.504305231718579 -19.40906632204075 0
      vertex 8.108989272403605 -19.30756643513176 15
    endloop
  endfacet
  facet normal -0.36812455268467936 -0.9297764858882508 0
    outer loop
      vertex 8.504305231718579 -19.40906632204075 0
      vertex 8.883782697586486 -19.559312079485437 0
      vertex 8.504305231718579 -19.40906632204075 15
    endloop
  endfacet
  facet normal -0.48175367410171255 -0.876306680043865 0
    outer loop
      vertex 8.883782697586486 -19.559312079485437 0
      vertex 9.241437083681738 -19.75593424211845 0
      vertex 8.883782697586486 -19.559312079485437 15
    endloop
  endfacet
  facet normal -0.770513242775787 -0.6374239897486925 0
    outer loop
      vertex 9.869148039119587 -20.27522190573176 0
      vertex 10.129305231718579 -20.58969793004946 0
      vertex 10.129305231718579 -20.58969793004946 15
    endloop
  endfacet
  facet normal -0.9822872507286894 -0.18738131458572085 0
    outer loop
      vertex 10.647895273668052 -21.691757866714223 0
      vertex 10.724372779272052 -22.092666990916012 0
      vertex 10.724372779272052 -22.092666990916012 15
    endloop
  endfacet
  facet normal -0.9510565162951525 -0.3090169943749506 0
    outer loop
      vertex 10.521773579136816 -21.303595203774798 0
      vertex 10.647895273668052 -21.691757866714223 0
      vertex 10.647895273668052 -21.691757866714223 15
    endloop
  endfacet
  facet normal -0.8443279255020165 -0.5358267949789943 0
    outer loop
      vertex 10.129305231718579 -20.58969793004946 0
      vertex 10.347996710142557 -20.934300559169426 0
      vertex 10.347996710142557 -20.934300559169426 15
    endloop
  endfacet
  facet normal -0.9048270524660202 -0.425779291565071 0
    outer loop
      vertex 10.347996710142557 -20.934300559169426 0
      vertex 10.521773579136816 -21.303595203774798 0
      vertex 10.521773579136816 -21.303595203774798 15
    endloop
  endfacet
  facet normal -0.5877852522924734 -0.8090169943749472 0
    outer loop
      vertex 9.241437083681738 -19.75593424211845 0
      vertex 9.571627966683241 -19.995831960978684 0
      vertex 9.241437083681738 -19.75593424211845 15
    endloop
  endfacet
  facet normal -0.6845471059286904 -0.7289686274214099 0
    outer loop
      vertex 9.571627966683241 -19.995831960978684 0
      vertex 9.869148039119587 -20.27522190573176 0
      vertex 9.571627966683241 -19.995831960978684 15
    endloop
  endfacet
  facet normal 0.7705132427757891 0.63742398974869 0
    outer loop
      vertex 4.870694768281421 -24.41030206995054 15
      vertex 5.1308519608804115 -24.72477809426824 15
      vertex 5.1308519608804115 -24.72477809426824 0
    endloop
  endfacet
  facet normal 0.8443279255020165 0.5358267949789943 0
    outer loop
      vertex 4.870694768281421 -24.41030206995054 0
      vertex 4.6520032898574435 -24.065699440830574 15
      vertex 4.870694768281421 -24.41030206995054 15
    endloop
  endfacet
  facet normal 0.6845471059286882 0.7289686274214119 0
    outer loop
      vertex 5.428372033316759 -25.004168039021316 15
      vertex 5.1308519608804115 -24.72477809426824 0
      vertex 5.1308519608804115 -24.72477809426824 15
    endloop
  endfacet
  facet normal 0.9048270524660194 0.4257792915650727 0
    outer loop
      vertex 4.478226420863183 -23.696404796225202 15
      vertex 4.6520032898574435 -24.065699440830574 15
      vertex 4.6520032898574435 -24.065699440830574 0
    endloop
  endfacet
  facet normal 0.951056516295154 0.3090169943749467 0
    outer loop
      vertex 4.478226420863183 -23.696404796225202 0
      vertex 4.352104726331949 -23.308242133285777 15
      vertex 4.478226420863183 -23.696404796225202 15
    endloop
  endfacet
  facet normal 0.9822872507286885 0.18738131458572505 0
    outer loop
      vertex 4.352104726331949 -23.308242133285777 0
      vertex 4.275627220727947 -22.907333009083988 15
      vertex 4.352104726331949 -23.308242133285777 15
    endloop
  endfacet
  facet normal 0.9980267284282716 0.0627905195293136 0
    outer loop
      vertex 4.275627220727947 -22.907333009083988 0
      vertex 4.25 -22.5 15
      vertex 4.275627220727947 -22.907333009083988 15
    endloop
  endfacet
  facet normal 0.9980267284282716 -0.0627905195293136 0
    outer loop
      vertex 4.25 -22.5 0
      vertex 4.275627220727947 -22.092666990916012 15
      vertex 4.25 -22.5 15
    endloop
  endfacet
  facet normal 0.5877852522924745 0.8090169943749466 0
    outer loop
      vertex 5.428372033316759 -25.004168039021316 15
      vertex 5.758562916318261 -25.24406575788155 15
      vertex 5.428372033316759 -25.004168039021316 0
    endloop
  endfacet
  facet normal 0.4817536741017107 0.8763066800438661 0
    outer loop
      vertex 5.758562916318261 -25.24406575788155 15
      vertex 6.1162173024135145 -25.440687920514563 15
      vertex 5.758562916318261 -25.24406575788155 0
    endloop
  endfacet
  facet normal 0.36812455268468014 0.9297764858882506 0
    outer loop
      vertex 6.1162173024135145 -25.440687920514563 15
      vertex 6.495694768281421 -25.59093367795925 15
      vertex 6.1162173024135145 -25.440687920514563 0
    endloop
  endfacet
  facet normal 0.24868988716485585 0.9685831611286309 0
    outer loop
      vertex 6.495694768281421 -25.59093367795925 15
      vertex 6.891010727596394 -25.69243356486824 15
      vertex 6.495694768281421 -25.59093367795925 0
    endloop
  endfacet
  facet normal 0.1253332335643051 0.9921147013144778 0
    outer loop
      vertex 6.891010727596394 -25.69243356486824 15
      vertex 7.29593081152973 -25.743586867391883 15
      vertex 6.891010727596394 -25.69243356486824 0
    endloop
  endfacet
  facet normal 0.9822872507286885 -0.18738131458572505 0
    outer loop
      vertex 4.275627220727947 -22.092666990916012 0
      vertex 4.352104726331949 -21.691757866714223 15
      vertex 4.275627220727947 -22.092666990916012 15
    endloop
  endfacet
  facet normal 0.951056516295154 -0.3090169943749467 0
    outer loop
      vertex 4.352104726331949 -21.691757866714223 0
      vertex 4.478226420863183 -21.303595203774798 15
      vertex 4.352104726331949 -21.691757866714223 15
    endloop
  endfacet
  facet normal 0.9048270524660194 -0.4257792915650727 0
    outer loop
      vertex 4.478226420863183 -21.303595203774798 0
      vertex 4.6520032898574435 -20.934300559169426 15
      vertex 4.478226420863183 -21.303595203774798 15
    endloop
  endfacet
  facet normal 0.8443279255020165 -0.5358267949789943 0
    outer loop
      vertex 4.6520032898574435 -20.934300559169426 0
      vertex 4.870694768281421 -20.58969793004946 15
      vertex 4.6520032898574435 -20.934300559169426 15
    endloop
  endfacet
  facet normal 0.7705132427757891 -0.63742398974869 0
    outer loop
      vertex 4.870694768281421 -20.58969793004946 0
      vertex 5.1308519608804115 -20.27522190573176 15
      vertex 4.870694768281421 -20.58969793004946 15
    endloop
  endfacet
  facet normal 0.6845471059286882 -0.7289686274214119 0
    outer loop
      vertex 5.428372033316759 -19.995831960978684 15
      vertex 5.1308519608804115 -20.27522190573176 15
      vertex 5.428372033316759 -19.995831960978684 0
    endloop
  endfacet
  facet normal 0.5877852522924745 -0.8090169943749466 0
    outer loop
      vertex 5.758562916318261 -19.75593424211845 15
      vertex 5.428372033316759 -19.995831960978684 15
      vertex 5.758562916318261 -19.75593424211845 0
    endloop
  endfacet
  facet normal 0.4817536741017116 -0.8763066800438656 0
    outer loop
      vertex 6.116217302413514 -19.559312079485437 15
      vertex 5.758562916318261 -19.75593424211845 15
      vertex 6.116217302413514 -19.559312079485437 0
    endloop
  endfacet
  facet normal 0.36812455268467936 -0.9297764858882508 0
    outer loop
      vertex 6.495694768281421 -19.40906632204075 15
      vertex 6.116217302413514 -19.559312079485437 15
      vertex 6.495694768281421 -19.40906632204075 0
    endloop
  endfacet
  facet normal 0.24868988716485535 -0.9685831611286311 0
    outer loop
      vertex 6.891010727596395 -19.30756643513176 15
      vertex 6.495694768281421 -19.40906632204075 15
      vertex 6.891010727596395 -19.30756643513176 0
    endloop
  endfacet
  facet normal 0.1253332335643048 -0.9921147013144778 0
    outer loop
      vertex 7.295930811529732 -19.256413132608117 15
      vertex 6.891010727596395 -19.30756643513176 15
      vertex 7.295930811529732 -19.256413132608117 0
    endloop
  endfacet
  facet normal 0 1 0
    outer loop
      vertex 7.29593081152973 -25.743586867391883 15
      vertex 7.70406918847027 -25.743586867391883 15
      vertex 7.29593081152973 -25.743586867391883 0
    endloop
  endfacet
  facet normal -0.12533323356430537 0.9921147013144778 0
    outer loop
      vertex 7.70406918847027 -25.743586867391883 15
      vertex 8.108989272403605 -25.69243356486824 15
      vertex 7.70406918847027 -25.743586867391883 0
    endloop
  endfacet
  facet normal -0.24868988716485535 0.9685831611286311 0
    outer loop
      vertex 8.108989272403605 -25.69243356486824 15
      vertex 8.504305231718579 -25.59093367795925 15
      vertex 8.108989272403605 -25.69243356486824 0
    endloop
  endfacet
  facet normal -0.36812455268467936 0.9297764858882508 0
    outer loop
      vertex 8.504305231718579 -25.59093367795925 15
      vertex 8.883782697586486 -25.440687920514563 15
      vertex 8.504305231718579 -25.59093367795925 0
    endloop
  endfacet
  facet normal -0.48175367410171255 0.876306680043865 0
    outer loop
      vertex 8.883782697586486 -25.440687920514563 15
      vertex 9.241437083681738 -25.24406575788155 15
      vertex 8.883782697586486 -25.440687920514563 0
    endloop
  endfacet
  facet normal -0.5877852522924734 0.8090169943749472 0
    outer loop
      vertex 9.241437083681738 -25.24406575788155 15
      vertex 9.571627966683241 -25.004168039021316 15
      vertex 9.241437083681738 -25.24406575788155 0
    endloop
  endfacet
  facet normal -0.6845471059286882 0.7289686274214119 0
    outer loop
      vertex 9.571627966683241 -25.004168039021316 15
      vertex 9.869148039119588 -24.72477809426824 15
      vertex 9.571627966683241 -25.004168039021316 0
    endloop
  endfacet
  facet normal -0.7705132427757891 0.63742398974869 0
    outer loop
      vertex 10.129305231718579 -24.41030206995054 0
      vertex 9.869148039119588 -24.72477809426824 15
      vertex 10.129305231718579 -24.41030206995054 15
    endloop
  endfacet
  facet normal -0.8443279255020165 0.5358267949789943 0
    outer loop
      vertex 10.347996710142557 -24.065699440830574 0
      vertex 10.129305231718579 -24.41030206995054 15
      vertex 10.347996710142557 -24.065699440830574 15
    endloop
  endfacet
  facet normal -0.9048270524660188 0.4257792915650744 0
    outer loop
      vertex 10.521773579136816 -23.696404796225206 0
      vertex 10.347996710142557 -24.065699440830574 15
      vertex 10.521773579136816 -23.696404796225206 15
    endloop
  endfacet
  facet normal -0.9510565162951534 0.30901699437494806 0
    outer loop
      vertex 10.647895273668052 -23.308242133285777 0
      vertex 10.521773579136816 -23.696404796225206 15
      vertex 10.647895273668052 -23.308242133285777 15
    endloop
  endfacet
  facet normal -0.9822872507286894 0.18738131458572085 0
    outer loop
      vertex 10.724372779272052 -22.907333009083988 0
      vertex 10.647895273668052 -23.308242133285777 15
      vertex 10.724372779272052 -22.907333009083988 15
    endloop
  endfacet
  facet normal -0.9980267284282714 0.06279051952931576 0
    outer loop
      vertex 10.75 -22.5 0
      vertex 10.724372779272052 -22.907333009083988 15
      vertex 10.75 -22.5 15
    endloop
  endfacet
  facet normal -0.9980267284282714 -0.06279051952931576 0
    outer loop
      vertex 10.724372779272052 -22.092666990916012 0
      vertex 10.75 -22.5 15
      vertex 10.724372779272052 -22.092666990916012 15
    endloop
  endfacet
  facet normal 0 -1 0
    outer loop
      vertex 7.704069188470268 -19.256413132608117 15
      vertex 7.295930811529732 -19.256413132608117 15
      vertex 7.704069188470268 -19.256413132608117 0
    endloop
  endfacet
  facet normal -0.1253332335643048 -0.9921147013144778 0
    outer loop
      vertex 8.108989272403605 -19.30756643513176 15
      vertex 7.704069188470268 -19.256413132608117 15
      vertex 8.108989272403605 -19.30756643513176 0
    endloop
  endfacet
  facet normal -0.24868988716485535 -0.9685831611286311 0
    outer loop
      vertex 8.504305231718579 -19.40906632204075 15
      vertex 8.108989272403605 -19.30756643513176 15
      vertex 8.504305231718579 -19.40906632204075 0
    endloop
  endfacet
  facet normal -0.36812455268467936 -0.9297764858882508 0
    outer loop
      vertex 8.883782697586486 -19.559312079485437 15
      vertex 8.504305231718579 -19.40906632204075 15
      vertex 8.883782697586486 -19.559312079485437 0
    endloop
  endfacet
  facet normal -0.48175367410171255 -0.876306680043865 0
    outer loop
      vertex 9.241437083681738 -19.75593424211845 15
      vertex 8.883782697586486 -19.559312079485437 15
      vertex 9.241437083681738 -19.75593424211845 0
    endloop
  endfacet
  facet normal -0.770513242775787 -0.6374239897486925 0
    outer loop
      vertex 9.869148039119587 -20.27522190573176 0
      vertex 10.129305231718579 -20.58969793004946 15
      vertex 9.869148039119587 -20.27522190573176 15
    endloop
  endfacet
  facet normal -0.9510565162951525 -0.3090169943749506 0
    outer loop
      vertex 10.521773579136816 -21.303595203774798 0
      vertex 10.647895273668052 -21.691757866714223 15
      vertex 10.521773579136816 -21.303595203774798 15
    endloop
  endfacet
  facet normal -0.9822872507286894 -0.18738131458572085 0
    outer loop
      vertex 10.647895273668052 -21.691757866714223 0
      vertex 10.724372779272052 -22.092666990916012 15
      vertex 10.647895273668052 -21.691757866714223 15
    endloop
  endfacet
  facet normal -0.9048270524660202 -0.425779291565071 0
    outer loop
      vertex 10.347996710142557 -20.934300559169426 0
      vertex 10.521773579136816 -21.303595203774798 15
      vertex 10.347996710142557 -20.934300559169426 15
    endloop
  endfacet
  facet normal -0.8443279255020165 -0.5358267949789943 0
    outer loop
      vertex 10.129305231718579 -20.58969793004946 0
      vertex 10.347996710142557 -20.934300559169426 15
      vertex 10.129305231718579 -20.58969793004946 15
    endloop
  endfacet
  facet normal -0.5877852522924734 -0.8090169943749472 0
    outer loop
      vertex 9.571627966683241 -19.995831960978684 15
      vertex 9.241437083681738 -19.75593424211845 15
      vertex 9.571627966683241 -19.995831960978684 0
    endloop
  endfacet
  facet normal -0.6845471059286904 -0.7289686274214099 0
    outer loop
      vertex 9.869148039119587 -20.27522190573176 0
      vertex 9.869148039119587 -20.27522190573176 15
      vertex 9.571627966683241 -19.995831960978684 15
    endloop
  endfacet
  facet normal 0.8443279255020165 0.5358267949789943 0
    outer loop
      vertex 19.87069476828142 -24.41030206995054 0
      vertex 19.652003289857443 -24.065699440830574 0
      vertex 19.652003289857443 -24.065699440830574 15
    endloop
  endfacet
  facet normal 0.770513242775787 0.6374239897486925 0
    outer loop
      vertex 20.130851960880413 -24.72477809426824 0
      vertex 19.87069476828142 -24.41030206995054 0
      vertex 19.87069476828142 -24.41030206995054 15
    endloop
  endfacet
  facet normal 0.9822872507286894 0.18738131458572085 0
    outer loop
      vertex 19.352104726331948 -23.308242133285777 0
      vertex 19.275627220727948 -22.907333009083988 0
      vertex 19.275627220727948 -22.907333009083988 15
    endloop
  endfacet
  facet normal 0.9980267284282714 0.06279051952931576 0
    outer loop
      vertex 19.275627220727948 -22.907333009083988 0
      vertex 19.25 -22.5 0
      vertex 19.25 -22.5 15
    endloop
  endfacet
  facet normal 0.9980267284282714 -0.06279051952931576 0
    outer loop
      vertex 19.25 -22.5 0
      vertex 19.275627220727948 -22.092666990916012 0
      vertex 19.275627220727948 -22.092666990916012 15
    endloop
  endfacet
  facet normal 0.9048270524660202 0.425779291565071 0
    outer loop
      vertex 19.652003289857443 -24.065699440830574 0
      vertex 19.478226420863184 -23.696404796225202 0
      vertex 19.478226420863184 -23.696404796225202 15
    endloop
  endfacet
  facet normal 0.9510565162951525 0.3090169943749506 0
    outer loop
      vertex 19.478226420863184 -23.696404796225202 0
      vertex 19.352104726331948 -23.308242133285777 0
      vertex 19.352104726331948 -23.308242133285777 15
    endloop
  endfacet
  facet normal 0.6845471059286904 0.7289686274214099 0
    outer loop
      vertex 20.42837203331676 -25.004168039021316 0
      vertex 20.130851960880413 -24.72477809426824 0
      vertex 20.42837203331676 -25.004168039021316 15
    endloop
  endfacet
  facet normal 0.5877852522924734 0.8090169943749472 0
    outer loop
      vertex 20.75856291631826 -25.24406575788155 0
      vertex 20.42837203331676 -25.004168039021316 0
      vertex 20.75856291631826 -25.24406575788155 15
    endloop
  endfacet
  facet normal 0.48175367410171255 0.876306680043865 0
    outer loop
      vertex 21.116217302413514 -25.440687920514563 0
      vertex 20.75856291631826 -25.24406575788155 0
      vertex 21.116217302413514 -25.440687920514563 15
    endloop
  endfacet
  facet normal 0.36812455268467936 0.9297764858882508 0
    outer loop
      vertex 21.49569476828142 -25.59093367795925 0
      vertex 21.116217302413514 -25.440687920514563 0
      vertex 21.49569476828142 -25.59093367795925 15
    endloop
  endfacet
  facet normal 0.24868988716485535 0.9685831611286311 0
    outer loop
      vertex 21.891010727596395 -25.69243356486824 0
      vertex 21.49569476828142 -25.59093367795925 0
      vertex 21.891010727596395 -25.69243356486824 15
    endloop
  endfacet
  facet normal 0.9822872507286894 -0.18738131458572085 0
    outer loop
      vertex 19.275627220727948 -22.092666990916012 0
      vertex 19.352104726331948 -21.691757866714223 0
      vertex 19.352104726331948 -21.691757866714223 15
    endloop
  endfacet
  facet normal 0.9510565162951525 -0.3090169943749506 0
    outer loop
      vertex 19.352104726331948 -21.691757866714223 0
      vertex 19.478226420863184 -21.303595203774798 0
      vertex 19.478226420863184 -21.303595203774798 15
    endloop
  endfacet
  facet normal 0.9048270524660202 -0.425779291565071 0
    outer loop
      vertex 19.478226420863184 -21.303595203774798 0
      vertex 19.652003289857443 -20.934300559169426 0
      vertex 19.652003289857443 -20.934300559169426 15
    endloop
  endfacet
  facet normal 0.8443279255020165 -0.5358267949789943 0
    outer loop
      vertex 19.652003289857443 -20.934300559169426 0
      vertex 19.87069476828142 -20.58969793004946 0
      vertex 19.87069476828142 -20.58969793004946 15
    endloop
  endfacet
  facet normal 0.770513242775787 -0.6374239897486925 0
    outer loop
      vertex 19.87069476828142 -20.58969793004946 0
      vertex 20.130851960880413 -20.27522190573176 0
      vertex 20.130851960880413 -20.27522190573176 15
    endloop
  endfacet
  facet normal 0.6845471059286904 -0.7289686274214099 0
    outer loop
      vertex 20.130851960880413 -20.27522190573176 0
      vertex 20.42837203331676 -19.995831960978684 0
      vertex 20.130851960880413 -20.27522190573176 15
    endloop
  endfacet
  facet normal 0.5877852522924734 -0.8090169943749472 0
    outer loop
      vertex 20.42837203331676 -19.995831960978684 0
      vertex 20.75856291631826 -19.75593424211845 0
      vertex 20.42837203331676 -19.995831960978684 15
    endloop
  endfacet
  facet normal 0.48175367410171255 -0.876306680043865 0
    outer loop
      vertex 20.75856291631826 -19.75593424211845 0
      vertex 21.116217302413514 -19.559312079485437 0
      vertex 20.75856291631826 -19.75593424211845 15
    endloop
  endfacet
  facet normal 0.36812455268467936 -0.9297764858882508 0
    outer loop
      vertex 21.116217302413514 -19.559312079485437 0
      vertex 21.49569476828142 -19.40906632204075 0
      vertex 21.116217302413514 -19.559312079485437 15
    endloop
  endfacet
  facet normal 0.24868988716485535 -0.9685831611286311 0
    outer loop
      vertex 21.49569476828142 -19.40906632204075 0
      vertex 21.891010727596395 -19.30756643513176 0
      vertex 21.49569476828142 -19.40906632204075 15
    endloop
  endfacet
  facet normal 0.12533323356430454 -0.9921147013144778 0
    outer loop
      vertex 21.891010727596395 -19.30756643513176 0
      vertex 22.295930811529733 -19.256413132608117 0
      vertex 21.891010727596395 -19.30756643513176 15
    endloop
  endfacet
  facet normal 0.12533323356430565 0.9921147013144777 0
    outer loop
      vertex 22.29593081152973 -25.743586867391883 0
      vertex 21.891010727596395 -25.69243356486824 0
      vertex 22.29593081152973 -25.743586867391883 15
    endloop
  endfacet
  facet normal 0 1 0
    outer loop
      vertex 22.70406918847027 -25.743586867391883 0
      vertex 22.29593081152973 -25.743586867391883 0
      vertex 22.70406918847027 -25.743586867391883 15
    endloop
  endfacet
  facet normal -0.12533323356430565 0.9921147013144777 0
    outer loop
      vertex 23.108989272403605 -25.69243356486824 0
      vertex 22.70406918847027 -25.743586867391883 0
      vertex 23.108989272403605 -25.69243356486824 15
    endloop
  endfacet
  facet normal -0.24868988716485535 0.9685831611286311 0
    outer loop
      vertex 23.50430523171858 -25.59093367795925 0
      vertex 23.108989272403605 -25.69243356486824 0
      vertex 23.50430523171858 -25.59093367795925 15
    endloop
  endfacet
  facet normal -0.36812455268467936 0.9297764858882508 0
    outer loop
      vertex 23.883782697586486 -25.440687920514563 0
      vertex 23.50430523171858 -25.59093367795925 0
      vertex 23.883782697586486 -25.440687920514563 15
    endloop
  endfacet
  facet normal -0.48175367410171255 0.876306680043865 0
    outer loop
      vertex 24.24143708368174 -25.24406575788155 0
      vertex 23.883782697586486 -25.440687920514563 0
      vertex 24.24143708368174 -25.24406575788155 15
    endloop
  endfacet
  facet normal -0.5877852522924734 0.8090169943749472 0
    outer loop
      vertex 24.57162796668324 -25.004168039021316 0
      vertex 24.24143708368174 -25.24406575788155 0
      vertex 24.57162796668324 -25.004168039021316 15
    endloop
  endfacet
  facet normal -0.6845471059286904 0.7289686274214099 0
    outer loop
      vertex 24.869148039119587 -24.72477809426824 0
      vertex 24.57162796668324 -25.004168039021316 0
      vertex 24.869148039119587 -24.72477809426824 15
    endloop
  endfacet
  facet normal -0.770513242775787 0.6374239897486925 0
    outer loop
      vertex 24.869148039119587 -24.72477809426824 0
      vertex 24.869148039119587 -24.72477809426824 15
      vertex 25.12930523171858 -24.41030206995054 0
    endloop
  endfacet
  facet normal -0.8443279255020165 0.5358267949789943 0
    outer loop
      vertex 25.347996710142557 -24.065699440830574 0
      vertex 25.12930523171858 -24.41030206995054 0
      vertex 25.12930523171858 -24.41030206995054 15
    endloop
  endfacet
  facet normal -0.9048270524660188 0.4257792915650744 0
    outer loop
      vertex 25.521773579136816 -23.696404796225206 0
      vertex 25.347996710142557 -24.065699440830574 0
      vertex 25.347996710142557 -24.065699440830574 15
    endloop
  endfacet
  facet normal -0.9510565162951534 0.30901699437494806 0
    outer loop
      vertex 25.647895273668052 -23.308242133285777 0
      vertex 25.521773579136816 -23.696404796225206 0
      vertex 25.521773579136816 -23.696404796225206 15
    endloop
  endfacet
  facet normal -0.9822872507286894 0.18738131458572085 0
    outer loop
      vertex 25.724372779272052 -22.907333009083988 0
      vertex 25.647895273668052 -23.308242133285777 0
      vertex 25.647895273668052 -23.308242133285777 15
    endloop
  endfacet
  facet normal -0.9980267284282714 0.06279051952931576 0
    outer loop
      vertex 25.75 -22.5 0
      vertex 25.724372779272052 -22.907333009083988 0
      vertex 25.724372779272052 -22.907333009083988 15
    endloop
  endfacet
  facet normal -0.9980267284282714 -0.06279051952931576 0
    outer loop
      vertex 25.724372779272052 -22.092666990916012 0
      vertex 25.75 -22.5 0
      vertex 25.75 -22.5 15
    endloop
  endfacet
  facet normal 0 -1 0
    outer loop
      vertex 22.295930811529733 -19.256413132608117 0
      vertex 22.704069188470267 -19.256413132608117 0
      vertex 22.295930811529733 -19.256413132608117 15
    endloop
  endfacet
  facet normal -0.12533323356430454 -0.9921147013144778 0
    outer loop
      vertex 22.704069188470267 -19.256413132608117 0
      vertex 23.108989272403605 -19.30756643513176 0
      vertex 22.704069188470267 -19.256413132608117 15
    endloop
  endfacet
  facet normal -0.36812455268467936 -0.9297764858882508 0
    outer loop
      vertex 23.50430523171858 -19.40906632204075 0
      vertex 23.883782697586486 -19.559312079485437 0
      vertex 23.50430523171858 -19.40906632204075 15
    endloop
  endfacet
  facet normal -0.24868988716485535 -0.9685831611286311 0
    outer loop
      vertex 23.108989272403605 -19.30756643513176 0
      vertex 23.50430523171858 -19.40906632204075 0
      vertex 23.108989272403605 -19.30756643513176 15
    endloop
  endfacet
  facet normal -0.9822872507286894 -0.18738131458572085 0
    outer loop
      vertex 25.647895273668052 -21.691757866714223 0
      vertex 25.724372779272052 -22.092666990916012 0
      vertex 25.724372779272052 -22.092666990916012 15
    endloop
  endfacet
  facet normal -0.9510565162951525 -0.3090169943749506 0
    outer loop
      vertex 25.521773579136816 -21.303595203774798 0
      vertex 25.647895273668052 -21.691757866714223 0
      vertex 25.647895273668052 -21.691757866714223 15
    endloop
  endfacet
  facet normal -0.8443279255020165 -0.5358267949789943 0
    outer loop
      vertex 25.12930523171858 -20.58969793004946 0
      vertex 25.347996710142557 -20.934300559169426 0
      vertex 25.347996710142557 -20.934300559169426 15
    endloop
  endfacet
  facet normal -0.770513242775787 -0.6374239897486925 0
    outer loop
      vertex 24.869148039119587 -20.27522190573176 0
      vertex 25.12930523171858 -20.58969793004946 0
      vertex 25.12930523171858 -20.58969793004946 15
    endloop
  endfacet
  facet normal -0.9048270524660202 -0.425779291565071 0
    outer loop
      vertex 25.347996710142557 -20.934300559169426 0
      vertex 25.521773579136816 -21.303595203774798 0
      vertex 25.521773579136816 -21.303595203774798 15
    endloop
  endfacet
  facet normal -0.5877852522924734 -0.8090169943749472 0
    outer loop
      vertex 24.24143708368174 -19.75593424211845 0
      vertex 24.57162796668324 -19.995831960978684 0
      vertex 24.24143708368174 -19.75593424211845 15
    endloop
  endfacet
  facet normal -0.48175367410171255 -0.876306680043865 0
    outer loop
      vertex 23.883782697586486 -19.559312079485437 0
      vertex 24.24143708368174 -19.75593424211845 0
      vertex 23.883782697586486 -19.559312079485437 15
    endloop
  endfacet
  facet normal -0.6845471059286904 -0.7289686274214099 0
    outer loop
      vertex 24.57162796668324 -19.995831960978684 0
      vertex 24.869148039119587 -20.27522190573176 0
      vertex 24.57162796668324 -19.995831960978684 15
    endloop
  endfacet
  facet normal 0.8443279255020165 0.5358267949789943 0
    outer loop
      vertex 19.87069476828142 -24.41030206995054 0
      vertex 19.652003289857443 -24.065699440830574 15
      vertex 19.87069476828142 -24.41030206995054 15
    endloop
  endfacet
  facet normal 0.770513242775787 0.6374239897486925 0
    outer loop
      vertex 20.130851960880413 -24.72477809426824 0
      vertex 19.87069476828142 -24.41030206995054 15
      vertex 20.130851960880413 -24.72477809426824 15
    endloop
  endfacet
  facet normal 0.6845471059286904 0.7289686274214099 0
    outer loop
      vertex 20.130851960880413 -24.72477809426824 15
      vertex 20.42837203331676 -25.004168039021316 15
      vertex 20.130851960880413 -24.72477809426824 0
    endloop
  endfacet
  facet normal 0.9822872507286894 0.18738131458572085 0
    outer loop
      vertex 19.352104726331948 -23.308242133285777 0
      vertex 19.275627220727948 -22.907333009083988 15
      vertex 19.352104726331948 -23.308242133285777 15
    endloop
  endfacet
  facet normal 0.9980267284282714 0.06279051952931576 0
    outer loop
      vertex 19.275627220727948 -22.907333009083988 0
      vertex 19.25 -22.5 15
      vertex 19.275627220727948 -22.907333009083988 15
    endloop
  endfacet
  facet normal 0.9980267284282714 -0.06279051952931576 0
    outer loop
      vertex 19.25 -22.5 0
      vertex 19.275627220727948 -22.092666990916012 15
      vertex 19.25 -22.5 15
    endloop
  endfacet
  facet normal 0.9510565162951525 0.3090169943749506 0
    outer loop
      vertex 19.478226420863184 -23.696404796225202 0
      vertex 19.352104726331948 -23.308242133285777 15
      vertex 19.478226420863184 -23.696404796225202 15
    endloop
  endfacet
  facet normal 0.9048270524660202 0.425779291565071 0
    outer loop
      vertex 19.652003289857443 -24.065699440830574 0
      vertex 19.478226420863184 -23.696404796225202 15
      vertex 19.652003289857443 -24.065699440830574 15
    endloop
  endfacet
  facet normal 0.5877852522924734 0.8090169943749472 0
    outer loop
      vertex 20.42837203331676 -25.004168039021316 15
      vertex 20.75856291631826 -25.24406575788155 15
      vertex 20.42837203331676 -25.004168039021316 0
    endloop
  endfacet
  facet normal 0.48175367410171255 0.876306680043865 0
    outer loop
      vertex 20.75856291631826 -25.24406575788155 15
      vertex 21.116217302413514 -25.440687920514563 15
      vertex 20.75856291631826 -25.24406575788155 0
    endloop
  endfacet
  facet normal 0.36812455268467936 0.9297764858882508 0
    outer loop
      vertex 21.116217302413514 -25.440687920514563 15
      vertex 21.49569476828142 -25.59093367795925 15
      vertex 21.116217302413514 -25.440687920514563 0
    endloop
  endfacet
  facet normal 0.24868988716485535 0.9685831611286311 0
    outer loop
      vertex 21.49569476828142 -25.59093367795925 15
      vertex 21.891010727596395 -25.69243356486824 15
      vertex 21.49569476828142 -25.59093367795925 0
    endloop
  endfacet
  facet normal 0.12533323356430565 0.9921147013144777 0
    outer loop
      vertex 21.891010727596395 -25.69243356486824 15
      vertex 22.29593081152973 -25.743586867391883 15
      vertex 21.891010727596395 -25.69243356486824 0
    endloop
  endfacet
  facet normal 0.9822872507286894 -0.18738131458572085 0
    outer loop
      vertex 19.275627220727948 -22.092666990916012 0
      vertex 19.352104726331948 -21.691757866714223 15
      vertex 19.275627220727948 -22.092666990916012 15
    endloop
  endfacet
  facet normal 0.9510565162951525 -0.3090169943749506 0
    outer loop
      vertex 19.352104726331948 -21.691757866714223 0
      vertex 19.478226420863184 -21.303595203774798 15
      vertex 19.352104726331948 -21.691757866714223 15
    endloop
  endfacet
  facet normal 0.9048270524660202 -0.425779291565071 0
    outer loop
      vertex 19.478226420863184 -21.303595203774798 0
      vertex 19.652003289857443 -20.934300559169426 15
      vertex 19.478226420863184 -21.303595203774798 15
    endloop
  endfacet
  facet normal 0.8443279255020165 -0.5358267949789943 0
    outer loop
      vertex 19.652003289857443 -20.934300559169426 0
      vertex 19.87069476828142 -20.58969793004946 15
      vertex 19.652003289857443 -20.934300559169426 15
    endloop
  endfacet
  facet normal 0.770513242775787 -0.6374239897486925 0
    outer loop
      vertex 19.87069476828142 -20.58969793004946 0
      vertex 20.130851960880413 -20.27522190573176 15
      vertex 19.87069476828142 -20.58969793004946 15
    endloop
  endfacet
  facet normal 0.6845471059286904 -0.7289686274214099 0
    outer loop
      vertex 20.42837203331676 -19.995831960978684 15
      vertex 20.130851960880413 -20.27522190573176 15
      vertex 20.42837203331676 -19.995831960978684 0
    endloop
  endfacet
  facet normal 0.5877852522924734 -0.8090169943749472 0
    outer loop
      vertex 20.75856291631826 -19.75593424211845 15
      vertex 20.42837203331676 -19.995831960978684 15
      vertex 20.75856291631826 -19.75593424211845 0
    endloop
  endfacet
  facet normal 0.48175367410171255 -0.876306680043865 0
    outer loop
      vertex 21.116217302413514 -19.559312079485437 15
      vertex 20.75856291631826 -19.75593424211845 15
      vertex 21.116217302413514 -19.559312079485437 0
    endloop
  endfacet
  facet normal 0.36812455268467936 -0.9297764858882508 0
    outer loop
      vertex 21.49569476828142 -19.40906632204075 15
      vertex 21.116217302413514 -19.559312079485437 15
      vertex 21.49569476828142 -19.40906632204075 0
    endloop
  endfacet
  facet normal 0.24868988716485535 -0.9685831611286311 0
    outer loop
      vertex 21.891010727596395 -19.30756643513176 15
      vertex 21.49569476828142 -19.40906632204075 15
      vertex 21.891010727596395 -19.30756643513176 0
    endloop
  endfacet
  facet normal 0 1 0
    outer loop
      vertex 22.29593081152973 -25.743586867391883 15
      vertex 22.70406918847027 -25.743586867391883 15
      vertex 22.29593081152973 -25.743586867391883 0
    endloop
  endfacet
  facet normal -0.12533323356430565 0.9921147013144777 0
    outer loop
      vertex 22.70406918847027 -25.743586867391883 15
      vertex 23.108989272403605 -25.69243356486824 15
      vertex 22.70406918847027 -25.743586867391883 0
    endloop
  endfacet
  facet normal -0.24868988716485535 0.9685831611286311 0
    outer loop
      vertex 23.108989272403605 -25.69243356486824 15
      vertex 23.50430523171858 -25.59093367795925 15
      vertex 23.108989272403605 -25.69243356486824 0
    endloop
  endfacet
  facet normal -0.36812455268467936 0.9297764858882508 0
    outer loop
      vertex 23.50430523171858 -25.59093367795925 15
      vertex 23.883782697586486 -25.440687920514563 15
      vertex 23.50430523171858 -25.59093367795925 0
    endloop
  endfacet
  facet normal -0.48175367410171255 0.876306680043865 0
    outer loop
      vertex 23.883782697586486 -25.440687920514563 15
      vertex 24.24143708368174 -25.24406575788155 15
      vertex 23.883782697586486 -25.440687920514563 0
    endloop
  endfacet
  facet normal -0.5877852522924734 0.8090169943749472 0
    outer loop
      vertex 24.24143708368174 -25.24406575788155 15
      vertex 24.57162796668324 -25.004168039021316 15
      vertex 24.24143708368174 -25.24406575788155 0
    endloop
  endfacet
  facet normal -0.6845471059286904 0.7289686274214099 0
    outer loop
      vertex 24.57162796668324 -25.004168039021316 15
      vertex 24.869148039119587 -24.72477809426824 15
      vertex 24.57162796668324 -25.004168039021316 0
    endloop
  endfacet
  facet normal -0.770513242775787 0.6374239897486925 0
    outer loop
      vertex 25.12930523171858 -24.41030206995054 0
      vertex 24.869148039119587 -24.72477809426824 15
      vertex 25.12930523171858 -24.41030206995054 15
    endloop
  endfacet
  facet normal -0.8443279255020165 0.5358267949789943 0
    outer loop
      vertex 25.347996710142557 -24.065699440830574 0
      vertex 25.12930523171858 -24.41030206995054 15
      vertex 25.347996710142557 -24.065699440830574 15
    endloop
  endfacet
  facet normal -0.9048270524660188 0.4257792915650744 0
    outer loop
      vertex 25.521773579136816 -23.696404796225206 0
      vertex 25.347996710142557 -24.065699440830574 15
      vertex 25.521773579136816 -23.696404796225206 15
    endloop
  endfacet
  facet normal -0.9510565162951534 0.30901699437494806 0
    outer loop
      vertex 25.647895273668052 -23.308242133285777 0
      vertex 25.521773579136816 -23.696404796225206 15
      vertex 25.647895273668052 -23.308242133285777 15
    endloop
  endfacet
  facet normal -0.9822872507286894 0.18738131458572085 0
    outer loop
      vertex 25.724372779272052 -22.907333009083988 0
      vertex 25.647895273668052 -23.308242133285777 15
      vertex 25.724372779272052 -22.907333009083988 15
    endloop
  endfacet
  facet normal -0.9980267284282714 0.06279051952931576 0
    outer loop
      vertex 25.75 -22.5 0
      vertex 25.724372779272052 -22.907333009083988 15
      vertex 25.75 -22.5 15
    endloop
  endfacet
  facet normal -0.9980267284282714 -0.06279051952931576 0
    outer loop
      vertex 25.724372779272052 -22.092666990916012 0
      vertex 25.75 -22.5 15
      vertex 25.724372779272052 -22.092666990916012 15
    endloop
  endfacet
  facet normal 0.12533323356430454 -0.9921147013144778 0
    outer loop
      vertex 22.295930811529733 -19.256413132608117 15
      vertex 21.891010727596395 -19.30756643513176 15
      vertex 22.295930811529733 -19.256413132608117 0
    endloop
  endfacet
  facet normal 0 -1 0
    outer loop
      vertex 22.704069188470267 -19.256413132608117 15
      vertex 22.295930811529733 -19.256413132608117 15
      vertex 22.704069188470267 -19.256413132608117 0
    endloop
  endfacet
  facet normal -0.12533323356430454 -0.9921147013144778 0
    outer loop
      vertex 23.108989272403605 -19.30756643513176 15
      vertex 22.704069188470267 -19.256413132608117 15
      vertex 23.108989272403605 -19.30756643513176 0
    endloop
  endfacet
  facet normal -0.24868988716485535 -0.9685831611286311 0
    outer loop
      vertex 23.50430523171858 -19.40906632204075 15
      vertex 23.108989272403605 -19.30756643513176 15
      vertex 23.50430523171858 -19.40906632204075 0
    endloop
  endfacet
  facet normal -0.36812455268467936 -0.9297764858882508 0
    outer loop
      vertex 23.883782697586486 -19.559312079485437 15
      vertex 23.50430523171858 -19.40906632204075 15
      vertex 23.883782697586486 -19.559312079485437 0
    endloop
  endfacet
  facet normal -0.9822872507286894 -0.18738131458572085 0
    outer loop
      vertex 25.647895273668052 -21.691757866714223 0
      vertex 25.724372779272052 -22.092666990916012 15
      vertex 25.647895273668052 -21.691757866714223 15
    endloop
  endfacet
  facet normal -0.9510565162951525 -0.3090169943749506 0
    outer loop
      vertex 25.521773579136816 -21.303595203774798 0
      vertex 25.647895273668052 -21.691757866714223 15
      vertex 25.521773579136816 -21.303595203774798 15
    endloop
  endfacet
  facet normal -0.770513242775787 -0.6374239897486925 0
    outer loop
      vertex 24.869148039119587 -20.27522190573176 0
      vertex 25.12930523171858 -20.58969793004946 15
      vertex 24.869148039119587 -20.27522190573176 15
    endloop
  endfacet
  facet normal -0.8443279255020165 -0.5358267949789943 0
    outer loop
      vertex 25.347996710142557 -20.934300559169426 15
      vertex 25.12930523171858 -20.58969793004946 15
      vertex 25.12930523171858 -20.58969793004946 0
    endloop
  endfacet
  facet normal -0.9048270524660202 -0.425779291565071 0
    outer loop
      vertex 25.347996710142557 -20.934300559169426 0
      vertex 25.521773579136816 -21.303595203774798 15
      vertex 25.347996710142557 -20.934300559169426 15
    endloop
  endfacet
  facet normal -0.48175367410171255 -0.876306680043865 0
    outer loop
      vertex 24.24143708368174 -19.75593424211845 15
      vertex 23.883782697586486 -19.559312079485437 15
      vertex 24.24143708368174 -19.75593424211845 0
    endloop
  endfacet
  facet normal -0.5877852522924734 -0.8090169943749472 0
    outer loop
      vertex 24.57162796668324 -19.995831960978684 15
      vertex 24.24143708368174 -19.75593424211845 15
      vertex 24.57162796668324 -19.995831960978684 0
    endloop
  endfacet
  facet normal -0.6845471059286904 -0.7289686274214099 0
    outer loop
      vertex 24.869148039119587 -20.27522190573176 0
      vertex 24.869148039119587 -20.27522190573176 15
      vertex 24.57162796668324 -19.995831960978684 15
    endloop
  endfacet
  facet normal 0.8443279255020186 0.5358267949789911 0
    outer loop
      vertex -24.003359251152876 -15.983750566974505 0
      vertex -24.077352024078955 -15.867156613383088 0
      vertex -24.077352024078955 -15.867156613383088 15
    endloop
  endfacet
  facet normal 0.8443279255020113 0.5358267949790024 -1.2491135688944093e-16
    outer loop
      vertex -24.003359251152876 -15.983750566974505 0
      vertex -24.077352024078955 -15.867156613383088 15
      vertex -23.956230589874906 -16.058013454126453 0
    endloop
  endfacet
  facet normal 0.9048270524660219 0.4257792915650676 0
    outer loop
      vertex -24.077352024078955 -15.867156613383088 0
      vertex -24.173597674598852 -15.66262419483242 0
      vertex -24.173597674598852 -15.66262419483242 15
    endloop
  endfacet
  facet normal 0.9510565162951534 0.30901699437494784 0
    outer loop
      vertex -24.173597674598852 -15.66262419483242 0
      vertex -24.243449690031536 -15.447641796896738 0
      vertex -24.243449690031536 -15.447641796896738 15
    endloop
  endfacet
  facet normal 0.9822872507286879 0.1873813145857287 0
    outer loop
      vertex -24.243449690031536 -15.447641796896738 0
      vertex -24.28580646236606 -15.225599820415747 0
      vertex -24.28580646236606 -15.225599820415747 15
    endloop
  endfacet
  facet normal 0.9980267284282716 0.06279051952931276 0
    outer loop
      vertex -24.28580646236606 -15.225599820415747 0
      vertex -24.3 -15 0
      vertex -24.3 -15 15
    endloop
  endfacet
  facet normal 0.9980267284282716 -0.06279051952931276 0
    outer loop
      vertex -24.3 -15 0
      vertex -24.28580646236606 -14.774400179584253 0
      vertex -24.28580646236606 -14.774400179584253 15
    endloop
  endfacet
  facet normal 0.48175367410171976 0.8763066800438611 0
    outer loop
      vertex -23.26640272481713 -16.628688694438836 0
      vertex -23.464488230962193 -16.519790265903627 0
      vertex -23.26640272481713 -16.628688694438836 15
    endloop
  endfacet
  facet normal 0.36812455268467775 0.9297764858882515 0
    outer loop
      vertex -23.056230589874904 -16.711901729331277 0
      vertex -23.26640272481713 -16.628688694438836 0
      vertex -23.056230589874904 -16.711901729331277 15
    endloop
  endfacet
  facet normal 0.2486898871648596 0.9685831611286299 0
    outer loop
      vertex -22.837286366254304 -16.76811705131164 0
      vertex -23.056230589874904 -16.711901729331277 0
      vertex -22.837286366254304 -16.76811705131164 15
    endloop
  endfacet
  facet normal 0.1253332335642983 0.9921147013144785 0
    outer loop
      vertex -22.613022935152763 -16.79644811117089 0
      vertex -22.837286366254304 -16.76811705131164 0
      vertex -22.613022935152763 -16.79644811117089 15
    endloop
  endfacet
  facet normal 0 1 0
    outer loop
      vertex -22.386977064847237 -16.79644811117089 0
      vertex -22.613022935152763 -16.79644811117089 0
      vertex -22.386977064847237 -16.79644811117089 15
    endloop
  endfacet
  facet normal -0.1253332335642983 0.9921147013144785 0
    outer loop
      vertex -22.162713633745696 -16.76811705131164 0
      vertex -22.386977064847237 -16.79644811117089 0
      vertex -22.162713633745696 -16.76811705131164 15
    endloop
  endfacet
  facet normal 0.5877852522924749 0.8090169943749461 0
    outer loop
      vertex -23.464488230962193 -16.519790265903627 0
      vertex -23.64736318154764 -16.38692383699642 0
      vertex -23.464488230962193 -16.519790265903627 15
    endloop
  endfacet
  facet normal 0.6845471059286873 0.7289686274214128 0
    outer loop
      vertex -23.64736318154764 -16.38692383699642 0
      vertex -23.81214352935854 -16.23218479067164 0
      vertex -23.64736318154764 -16.38692383699642 15
    endloop
  endfacet
  facet normal 0.7705132427757824 0.6374239897486981 0
    outer loop
      vertex -23.81214352935854 -16.23218479067164 0
      vertex -23.956230589874906 -16.058013454126453 0
      vertex -23.956230589874906 -16.058013454126453 15
    endloop
  endfacet
  facet normal -0.2486898871648596 0.9685831611286299 0
    outer loop
      vertex -21.943769410125096 -16.711901729331277 0
      vertex -22.162713633745696 -16.76811705131164 0
      vertex -21.943769410125096 -16.711901729331277 15
    endloop
  endfacet
  facet normal -0.36812455268467775 0.9297764858882515 0
    outer loop
      vertex -21.73359727518287 -16.628688694438836 0
      vertex -21.943769410125096 -16.711901729331277 0
      vertex -21.73359727518287 -16.628688694438836 15
    endloop
  endfacet
  facet normal -0.48175367410171976 0.8763066800438611 0
    outer loop
      vertex -21.535511769037807 -16.519790265903627 0
      vertex -21.73359727518287 -16.628688694438836 0
      vertex -21.535511769037807 -16.519790265903627 15
    endloop
  endfacet
  facet normal -0.5877852522924675 0.8090169943749516 0
    outer loop
      vertex -21.352636818452357 -16.38692383699642 0
      vertex -21.535511769037807 -16.519790265903627 0
      vertex -21.352636818452357 -16.38692383699642 15
    endloop
  endfacet
  facet normal -0.6845471059286952 0.7289686274214054 0
    outer loop
      vertex -21.18785647064146 -16.23218479067164 0
      vertex -21.352636818452357 -16.38692383699642 0
      vertex -21.18785647064146 -16.23218479067164 15
    endloop
  endfacet
  facet normal -0.7705132427757811 0.6374239897486995 0
    outer loop
      vertex -21.053585970485905 -16.069879637197936 0
      vertex -21.18785647064146 -16.23218479067164 0
      vertex -21.18785647064146 -16.23218479067164 15
    endloop
  endfacet
  facet normal -0.770513242775799 0.6374239897486779 -3.9518474232930616e-16
    outer loop
      vertex -21.053585970485905 -16.069879637197936 0
      vertex -21.18785647064146 -16.23218479067164 15
      vertex -21.043769410125094 -16.058013454126453 0
    endloop
  endfacet
  facet normal -0.8443279255020159 0.5358267949789955 0
    outer loop
      vertex -20.922647975921045 -15.867156613383088 0
      vertex -21.043769410125094 -16.058013454126453 0
      vertex -21.043769410125094 -16.058013454126453 15
    endloop
  endfacet
  facet normal -0.9048270524660205 0.4257792915650706 0
    outer loop
      vertex -20.826402325401148 -15.662624194832421 0
      vertex -20.922647975921045 -15.867156613383088 0
      vertex -20.922647975921045 -15.867156613383088 15
    endloop
  endfacet
  facet normal -0.9510565162951542 0.3090169943749455 0
    outer loop
      vertex -20.756550309968464 -15.447641796896738 0
      vertex -20.826402325401148 -15.662624194832421 0
      vertex -20.826402325401148 -15.662624194832421 15
    endloop
  endfacet
  facet normal -0.9822872507286879 0.1873813145857287 0
    outer loop
      vertex -20.71419353763394 -15.225599820415747 0
      vertex -20.756550309968464 -15.447641796896738 0
      vertex -20.756550309968464 -15.447641796896738 15
    endloop
  endfacet
  facet normal -0.9980267284282716 0.06279051952931276 0
    outer loop
      vertex -20.7 -15 0
      vertex -20.71419353763394 -15.225599820415747 0
      vertex -20.71419353763394 -15.225599820415747 15
    endloop
  endfacet
  facet normal -0.9980267284282716 -0.06279051952931228 0
    outer loop
      vertex -20.71419353763394 -14.774400179584251 0
      vertex -20.7 -15 0
      vertex -20.7 -15 15
    endloop
  endfacet
  facet normal 0.9822872507286879 -0.1873813145857287 0
    outer loop
      vertex -24.28580646236606 -14.774400179584253 0
      vertex -24.243449690031536 -14.552358203103262 0
      vertex -24.243449690031536 -14.552358203103262 15
    endloop
  endfacet
  facet normal 0.9510565162951534 -0.30901699437494784 0
    outer loop
      vertex -24.243449690031536 -14.552358203103262 0
      vertex -24.173597674598852 -14.33737580516758 0
      vertex -24.173597674598852 -14.33737580516758 15
    endloop
  endfacet
  facet normal 0.9048270524660219 -0.4257792915650676 0
    outer loop
      vertex -24.173597674598852 -14.33737580516758 0
      vertex -24.077352024078955 -14.132843386616912 0
      vertex -24.077352024078955 -14.132843386616912 15
    endloop
  endfacet
  facet normal 0.8443279255020136 -0.5358267949789991 0
    outer loop
      vertex -24.077352024078955 -14.132843386616912 0
      vertex -23.956230589874906 -13.941986545873549 0
      vertex -23.956230589874906 -13.941986545873549 15
    endloop
  endfacet
  facet normal 0.7705132427757855 -0.6374239897486942 0
    outer loop
      vertex -23.956230589874906 -13.941986545873549 0
      vertex -23.81214352935854 -13.767815209328361 0
      vertex -23.81214352935854 -13.767815209328361 15
    endloop
  endfacet
  facet normal 0.6845471059286873 -0.7289686274214128 0
    outer loop
      vertex -23.81214352935854 -13.767815209328361 0
      vertex -23.64736318154764 -13.61307616300358 0
      vertex -23.81214352935854 -13.767815209328361 15
    endloop
  endfacet
  facet normal 0.5877852522924749 -0.8090169943749461 0
    outer loop
      vertex -23.64736318154764 -13.61307616300358 0
      vertex -23.464488230962193 -13.480209734096373 0
      vertex -23.64736318154764 -13.61307616300358 15
    endloop
  endfacet
  facet normal 0.48175367410171976 -0.8763066800438611 0
    outer loop
      vertex -23.464488230962193 -13.480209734096373 0
      vertex -23.26640272481713 -13.371311305561164 0
      vertex -23.464488230962193 -13.480209734096373 15
    endloop
  endfacet
  facet normal 0.36812455268467775 -0.9297764858882515 0
    outer loop
      vertex -23.26640272481713 -13.371311305561164 0
      vertex -23.056230589874904 -13.288098270668723 0
      vertex -23.26640272481713 -13.371311305561164 15
    endloop
  endfacet
  facet normal 0.24868988716485224 -0.9685831611286317 0
    outer loop
      vertex -23.056230589874904 -13.288098270668723 0
      vertex -22.837286366254304 -13.23188294868836 0
      vertex -23.056230589874904 -13.288098270668723 15
    endloop
  endfacet
  facet normal 0.12533323356430603 -0.9921147013144777 0
    outer loop
      vertex -22.837286366254304 -13.23188294868836 0
      vertex -22.613022935152763 -13.20355188882911 0
      vertex -22.837286366254304 -13.23188294868836 15
    endloop
  endfacet
  facet normal 0 -1 0
    outer loop
      vertex -22.613022935152763 -13.20355188882911 0
      vertex -22.386977064847237 -13.20355188882911 0
      vertex -22.613022935152763 -13.20355188882911 15
    endloop
  endfacet
  facet normal -0.12533323356430603 -0.9921147013144777 0
    outer loop
      vertex -22.386977064847237 -13.20355188882911 0
      vertex -22.162713633745696 -13.23188294868836 0
      vertex -22.386977064847237 -13.20355188882911 15
    endloop
  endfacet
  facet normal -0.48175367410171976 -0.8763066800438611 0
    outer loop
      vertex -21.73359727518287 -13.371311305561164 0
      vertex -21.535511769037807 -13.480209734096373 0
      vertex -21.73359727518287 -13.371311305561164 15
    endloop
  endfacet
  facet normal -0.24868988716485224 -0.9685831611286317 0
    outer loop
      vertex -22.162713633745696 -13.23188294868836 0
      vertex -21.943769410125096 -13.288098270668723 0
      vertex -22.162713633745696 -13.23188294868836 15
    endloop
  endfacet
  facet normal -0.36812455268467775 -0.9297764858882515 0
    outer loop
      vertex -21.943769410125096 -13.288098270668723 0
      vertex -21.73359727518287 -13.371311305561164 0
      vertex -21.943769410125096 -13.288098270668723 15
    endloop
  endfacet
  facet normal -0.5877852522924675 -0.8090169943749516 0
    outer loop
      vertex -21.535511769037807 -13.480209734096373 0
      vertex -21.352636818452357 -13.61307616300358 0
      vertex -21.535511769037807 -13.480209734096373 15
    endloop
  endfacet
  facet normal -0.684547105928691 -0.7289686274214094 0
    outer loop
      vertex -21.352636818452357 -13.61307616300358 0
      vertex -21.18785647064146 -13.76781520932836 0
      vertex -21.352636818452357 -13.61307616300358 15
    endloop
  endfacet
  facet normal -0.9510565162951534 -0.30901699437494784 0
    outer loop
      vertex -20.826402325401148 -14.33737580516758 0
      vertex -20.756550309968464 -14.552358203103262 0
      vertex -20.756550309968464 -14.552358203103262 15
    endloop
  endfacet
  facet normal -0.7705132427757887 -0.6374239897486903 0
    outer loop
      vertex -21.18785647064146 -13.76781520932836 0
      vertex -21.043769410125094 -13.941986545873549 0
      vertex -21.043769410125094 -13.941986545873549 15
    endloop
  endfacet
  facet normal -0.9048270524660219 -0.4257792915650676 0
    outer loop
      vertex -20.922647975921045 -14.132843386616912 0
      vertex -20.826402325401148 -14.33737580516758 0
      vertex -20.826402325401148 -14.33737580516758 15
    endloop
  endfacet
  facet normal -0.8443279255020136 -0.5358267949789991 0
    outer loop
      vertex -21.043769410125094 -13.941986545873549 0
      vertex -20.922647975921045 -14.132843386616912 0
      vertex -20.922647975921045 -14.132843386616912 15
    endloop
  endfacet
  facet normal -0.9822872507286876 -0.18738131458573015 0
    outer loop
      vertex -20.756550309968464 -14.552358203103262 0
      vertex -20.71419353763394 -14.774400179584251 0
      vertex -20.71419353763394 -14.774400179584251 15
    endloop
  endfacet
  facet normal 0.8443279255020159 0.5358267949789955 0
    outer loop
      vertex -23.956230589874906 -16.058013454126453 0
      vertex -24.077352024078955 -15.867156613383088 15
      vertex -23.956230589874906 -16.058013454126453 15
    endloop
  endfacet
  facet normal 0.9048270524660219 0.4257792915650676 0
    outer loop
      vertex -24.077352024078955 -15.867156613383088 0
      vertex -24.173597674598852 -15.66262419483242 15
      vertex -24.077352024078955 -15.867156613383088 15
    endloop
  endfacet
  facet normal 0.9822872507286879 0.1873813145857287 0
    outer loop
      vertex -24.243449690031536 -15.447641796896738 0
      vertex -24.28580646236606 -15.225599820415747 15
      vertex -24.243449690031536 -15.447641796896738 15
    endloop
  endfacet
  facet normal 0.9510565162951534 0.30901699437494784 0
    outer loop
      vertex -24.173597674598852 -15.66262419483242 0
      vertex -24.243449690031536 -15.447641796896738 15
      vertex -24.173597674598852 -15.66262419483242 15
    endloop
  endfacet
  facet normal 0.9980267284282716 0.06279051952931276 0
    outer loop
      vertex -24.28580646236606 -15.225599820415747 0
      vertex -24.3 -15 15
      vertex -24.28580646236606 -15.225599820415747 15
    endloop
  endfacet
  facet normal 0.9980267284282716 -0.06279051952931276 0
    outer loop
      vertex -24.3 -15 0
      vertex -24.28580646236606 -14.774400179584253 15
      vertex -24.3 -15 15
    endloop
  endfacet
  facet normal 0.36812455268467775 0.9297764858882515 0
    outer loop
      vertex -23.26640272481713 -16.628688694438836 15
      vertex -23.056230589874904 -16.711901729331277 15
      vertex -23.26640272481713 -16.628688694438836 0
    endloop
  endfacet
  facet normal 0.2486898871648596 0.9685831611286299 0
    outer loop
      vertex -23.056230589874904 -16.711901729331277 15
      vertex -22.837286366254304 -16.76811705131164 15
      vertex -23.056230589874904 -16.711901729331277 0
    endloop
  endfacet
  facet normal 0.1253332335642983 0.9921147013144785 0
    outer loop
      vertex -22.837286366254304 -16.76811705131164 15
      vertex -22.613022935152763 -16.79644811117089 15
      vertex -22.837286366254304 -16.76811705131164 0
    endloop
  endfacet
  facet normal 0 1 0
    outer loop
      vertex -22.613022935152763 -16.79644811117089 15
      vertex -22.386977064847237 -16.79644811117089 15
      vertex -22.613022935152763 -16.79644811117089 0
    endloop
  endfacet
  facet normal -0.1253332335642983 0.9921147013144785 0
    outer loop
      vertex -22.386977064847237 -16.79644811117089 15
      vertex -22.162713633745696 -16.76811705131164 15
      vertex -22.386977064847237 -16.79644811117089 0
    endloop
  endfacet
  facet normal 0.7705132427757824 0.6374239897486981 0
    outer loop
      vertex -23.81214352935854 -16.23218479067164 0
      vertex -23.956230589874906 -16.058013454126453 15
      vertex -23.81214352935854 -16.23218479067164 15
    endloop
  endfacet
  facet normal 0.6845471059286873 0.7289686274214128 0
    outer loop
      vertex -23.81214352935854 -16.23218479067164 15
      vertex -23.64736318154764 -16.38692383699642 15
      vertex -23.81214352935854 -16.23218479067164 0
    endloop
  endfacet
  facet normal 0.5877852522924749 0.8090169943749461 0
    outer loop
      vertex -23.64736318154764 -16.38692383699642 15
      vertex -23.464488230962193 -16.519790265903627 15
      vertex -23.64736318154764 -16.38692383699642 0
    endloop
  endfacet
  facet normal 0.48175367410171976 0.8763066800438611 0
    outer loop
      vertex -23.464488230962193 -16.519790265903627 15
      vertex -23.26640272481713 -16.628688694438836 15
      vertex -23.464488230962193 -16.519790265903627 0
    endloop
  endfacet
  facet normal -0.2486898871648596 0.9685831611286299 0
    outer loop
      vertex -22.162713633745696 -16.76811705131164 15
      vertex -21.943769410125096 -16.711901729331277 15
      vertex -22.162713633745696 -16.76811705131164 0
    endloop
  endfacet
  facet normal -0.36812455268467775 0.9297764858882515 0
    outer loop
      vertex -21.943769410125096 -16.711901729331277 15
      vertex -21.73359727518287 -16.628688694438836 15
      vertex -21.943769410125096 -16.711901729331277 0
    endloop
  endfacet
  facet normal -0.48175367410171976 0.8763066800438611 0
    outer loop
      vertex -21.73359727518287 -16.628688694438836 15
      vertex -21.535511769037807 -16.519790265903627 15
      vertex -21.73359727518287 -16.628688694438836 0
    endloop
  endfacet
  facet normal -0.5877852522924675 0.8090169943749516 0
    outer loop
      vertex -21.535511769037807 -16.519790265903627 15
      vertex -21.352636818452357 -16.38692383699642 15
      vertex -21.535511769037807 -16.519790265903627 0
    endloop
  endfacet
  facet normal -0.6845471059286952 0.7289686274214054 0
    outer loop
      vertex -21.352636818452357 -16.38692383699642 15
      vertex -21.18785647064146 -16.23218479067164 15
      vertex -21.352636818452357 -16.38692383699642 0
    endloop
  endfacet
  facet normal -0.7705132427757824 0.6374239897486981 0
    outer loop
      vertex -21.043769410125094 -16.058013454126453 0
      vertex -21.18785647064146 -16.23218479067164 15
      vertex -21.043769410125094 -16.058013454126453 15
    endloop
  endfacet
  facet normal -0.8443279255020159 0.5358267949789955 0
    outer loop
      vertex -20.922647975921045 -15.867156613383088 0
      vertex -21.043769410125094 -16.058013454126453 15
      vertex -20.922647975921045 -15.867156613383088 15
    endloop
  endfacet
  facet normal -0.9048270524660205 0.4257792915650706 0
    outer loop
      vertex -20.826402325401148 -15.662624194832421 0
      vertex -20.922647975921045 -15.867156613383088 15
      vertex -20.826402325401148 -15.662624194832421 15
    endloop
  endfacet
  facet normal -0.9510565162951542 0.3090169943749455 0
    outer loop
      vertex -20.756550309968464 -15.447641796896738 0
      vertex -20.826402325401148 -15.662624194832421 15
      vertex -20.756550309968464 -15.447641796896738 15
    endloop
  endfacet
  facet normal -0.9822872507286879 0.1873813145857287 0
    outer loop
      vertex -20.71419353763394 -15.225599820415747 0
      vertex -20.756550309968464 -15.447641796896738 15
      vertex -20.71419353763394 -15.225599820415747 15
    endloop
  endfacet
  facet normal -0.9980267284282716 0.06279051952931276 0
    outer loop
      vertex -20.7 -15 0
      vertex -20.71419353763394 -15.225599820415747 15
      vertex -20.7 -15 15
    endloop
  endfacet
  facet normal -0.9980267284282716 -0.06279051952931228 0
    outer loop
      vertex -20.71419353763394 -14.774400179584251 0
      vertex -20.7 -15 15
      vertex -20.71419353763394 -14.774400179584251 15
    endloop
  endfacet
  facet normal 0.9822872507286879 -0.1873813145857287 0
    outer loop
      vertex -24.28580646236606 -14.774400179584253 0
      vertex -24.243449690031536 -14.552358203103262 15
      vertex -24.28580646236606 -14.774400179584253 15
    endloop
  endfacet
  facet normal 0.9510565162951534 -0.30901699437494784 0
    outer loop
      vertex -24.243449690031536 -14.552358203103262 0
      vertex -24.173597674598852 -14.33737580516758 15
      vertex -24.243449690031536 -14.552358203103262 15
    endloop
  endfacet
  facet normal 0.9048270524660219 -0.4257792915650676 0
    outer loop
      vertex -24.173597674598852 -14.33737580516758 0
      vertex -24.077352024078955 -14.132843386616912 15
      vertex -24.173597674598852 -14.33737580516758 15
    endloop
  endfacet
  facet normal 0.8443279255020136 -0.5358267949789991 0
    outer loop
      vertex -24.077352024078955 -14.132843386616912 0
      vertex -23.956230589874906 -13.941986545873549 15
      vertex -24.077352024078955 -14.132843386616912 15
    endloop
  endfacet
  facet normal 0.7705132427757855 -0.6374239897486942 0
    outer loop
      vertex -23.956230589874906 -13.941986545873549 0
      vertex -23.81214352935854 -13.767815209328361 15
      vertex -23.956230589874906 -13.941986545873549 15
    endloop
  endfacet
  facet normal 0.6845471059286873 -0.7289686274214128 0
    outer loop
      vertex -23.64736318154764 -13.61307616300358 15
      vertex -23.81214352935854 -13.767815209328361 15
      vertex -23.64736318154764 -13.61307616300358 0
    endloop
  endfacet
  facet normal 0.5877852522924749 -0.8090169943749461 0
    outer loop
      vertex -23.464488230962193 -13.480209734096373 15
      vertex -23.64736318154764 -13.61307616300358 15
      vertex -23.464488230962193 -13.480209734096373 0
    endloop
  endfacet
  facet normal 0.48175367410171976 -0.8763066800438611 0
    outer loop
      vertex -23.26640272481713 -13.371311305561164 15
      vertex -23.464488230962193 -13.480209734096373 15
      vertex -23.26640272481713 -13.371311305561164 0
    endloop
  endfacet
  facet normal 0.36812455268467775 -0.9297764858882515 0
    outer loop
      vertex -23.056230589874904 -13.288098270668723 15
      vertex -23.26640272481713 -13.371311305561164 15
      vertex -23.056230589874904 -13.288098270668723 0
    endloop
  endfacet
  facet normal 0.24868988716485224 -0.9685831611286317 0
    outer loop
      vertex -22.837286366254304 -13.23188294868836 15
      vertex -23.056230589874904 -13.288098270668723 15
      vertex -22.837286366254304 -13.23188294868836 0
    endloop
  endfacet
  facet normal 0.12533323356430603 -0.9921147013144777 0
    outer loop
      vertex -22.613022935152763 -13.20355188882911 15
      vertex -22.837286366254304 -13.23188294868836 15
      vertex -22.613022935152763 -13.20355188882911 0
    endloop
  endfacet
  facet normal 0 -1 0
    outer loop
      vertex -22.386977064847237 -13.20355188882911 15
      vertex -22.613022935152763 -13.20355188882911 15
      vertex -22.386977064847237 -13.20355188882911 0
    endloop
  endfacet
  facet normal -0.12533323356430603 -0.9921147013144777 0
    outer loop
      vertex -22.162713633745696 -13.23188294868836 15
      vertex -22.386977064847237 -13.20355188882911 15
      vertex -22.162713633745696 -13.23188294868836 0
    endloop
  endfacet
  facet normal -0.24868988716485224 -0.9685831611286317 0
    outer loop
      vertex -21.943769410125096 -13.288098270668723 15
      vertex -22.162713633745696 -13.23188294868836 15
      vertex -21.943769410125096 -13.288098270668723 0
    endloop
  endfacet
  facet normal -0.36812455268467775 -0.9297764858882515 0
    outer loop
      vertex -21.73359727518287 -13.371311305561164 15
      vertex -21.943769410125096 -13.288098270668723 15
      vertex -21.73359727518287 -13.371311305561164 0
    endloop
  endfacet
  facet normal -0.48175367410171976 -0.8763066800438611 0
    outer loop
      vertex -21.535511769037807 -13.480209734096373 15
      vertex -21.73359727518287 -13.371311305561164 15
      vertex -21.535511769037807 -13.480209734096373 0
    endloop
  endfacet
  facet normal -0.684547105928691 -0.7289686274214094 0
    outer loop
      vertex -21.18785647064146 -13.76781520932836 0
      vertex -21.18785647064146 -13.76781520932836 15
      vertex -21.352636818452357 -13.61307616300358 15
    endloop
  endfacet
  facet normal -0.5877852522924675 -0.8090169943749516 0
    outer loop
      vertex -21.352636818452357 -13.61307616300358 15
      vertex -21.535511769037807 -13.480209734096373 15
      vertex -21.352636818452357 -13.61307616300358 0
    endloop
  endfacet
  facet normal -0.9822872507286876 -0.18738131458573015 0
    outer loop
      vertex -20.756550309968464 -14.552358203103262 0
      vertex -20.71419353763394 -14.774400179584251 15
      vertex -20.756550309968464 -14.552358203103262 15
    endloop
  endfacet
  facet normal -0.9510565162951534 -0.30901699437494784 0
    outer loop
      vertex -20.826402325401148 -14.33737580516758 0
      vertex -20.756550309968464 -14.552358203103262 15
      vertex -20.826402325401148 -14.33737580516758 15
    endloop
  endfacet
  facet normal -0.7705132427757887 -0.6374239897486903 0
    outer loop
      vertex -21.18785647064146 -13.76781520932836 0
      vertex -21.043769410125094 -13.941986545873549 15
      vertex -21.18785647064146 -13.76781520932836 15
    endloop
  endfacet
  facet normal -0.8443279255020136 -0.5358267949789991 0
    outer loop
      vertex -21.043769410125094 -13.941986545873549 0
      vertex -20.922647975921045 -14.132843386616912 15
      vertex -21.043769410125094 -13.941986545873549 15
    endloop
  endfacet
  facet normal -0.9048270524660219 -0.4257792915650676 0
    outer loop
      vertex -20.922647975921045 -14.132843386616912 0
      vertex -20.826402325401148 -14.33737580516758 15
      vertex -20.922647975921045 -14.132843386616912 15
    endloop
  endfacet
  facet normal 0.8443279255020146 0.5358267949789973 0
    outer loop
      vertex -23.956230589874906 -1.0580134541264516 0
      vertex -24.077352024078955 -0.8671566133830877 0
      vertex -24.077352024078955 -0.8671566133830877 15
    endloop
  endfacet
  facet normal 0.9510565162951534 0.3090169943749482 0
    outer loop
      vertex -24.173597674598852 -0.6626241948324202 0
      vertex -24.243449690031536 -0.4476417968967387 0
      vertex -24.243449690031536 -0.4476417968967387 15
    endloop
  endfacet
  facet normal 0.9048270524660214 0.42577929156506894 0
    outer loop
      vertex -24.077352024078955 -0.8671566133830877 0
      vertex -24.173597674598852 -0.6626241948324202 0
      vertex -24.173597674598852 -0.6626241948324202 15
    endloop
  endfacet
  facet normal 0.9822872507286879 0.1873813145857285 0
    outer loop
      vertex -24.243449690031536 -0.4476417968967387 0
      vertex -24.28580646236606 -0.22559982041574733 0
      vertex -24.28580646236606 -0.22559982041574733 15
    endloop
  endfacet
  facet normal 0.9980267284282716 0.06279051952931261 0
    outer loop
      vertex -24.28580646236606 -0.22559982041574733 0
      vertex -24.3 0 0
      vertex -24.3 0 15
    endloop
  endfacet
  facet normal 0.5877852522924729 0.8090169943749475 0
    outer loop
      vertex -23.464488230962193 -1.5197902659036269 0
      vertex -23.64736318154764 -1.386923836996421 0
      vertex -23.464488230962193 -1.5197902659036269 15
    endloop
  endfacet
  facet normal 0.7705132427757859 0.6374239897486936 0
    outer loop
      vertex -23.81214352935854 -1.2321847906716394 0
      vertex -23.956230589874906 -1.0580134541264516 0
      vertex -23.956230589874906 -1.0580134541264516 15
    endloop
  endfacet
  facet normal 0.6845471059286873 0.7289686274214128 0
    outer loop
      vertex -23.64736318154764 -1.386923836996421 0
      vertex -23.81214352935854 -1.2321847906716394 0
      vertex -23.64736318154764 -1.386923836996421 15
    endloop
  endfacet
  facet normal 0.48175367410171754 0.8763066800438624 0
    outer loop
      vertex -23.26640272481713 -1.6286886944388352 0
      vertex -23.464488230962193 -1.5197902659036269 0
      vertex -23.26640272481713 -1.6286886944388352 15
    endloop
  endfacet
  facet normal 0.3681245526846761 0.9297764858882521 0
    outer loop
      vertex -23.056230589874904 -1.7119017293312764 0
      vertex -23.26640272481713 -1.6286886944388352 0
      vertex -23.056230589874904 -1.7119017293312764 15
    endloop
  endfacet
  facet normal 0.24868988716485593 0.9685831611286309 0
    outer loop
      vertex -22.837286366254304 -1.7681170513116395 0
      vertex -23.056230589874904 -1.7119017293312764 0
      vertex -22.837286366254304 -1.7681170513116395 15
    endloop
  endfacet
  facet normal 0.12533323356430412 0.9921147013144779 0
    outer loop
      vertex -22.613022935152763 -1.7964481111708888 0
      vertex -22.837286366254304 -1.7681170513116395 0
      vertex -22.613022935152763 -1.7964481111708888 15
    endloop
  endfacet
  facet normal 0 1 0
    outer loop
      vertex -22.386977064847237 -1.7964481111708888 0
      vertex -22.613022935152763 -1.7964481111708888 0
      vertex -22.386977064847237 -1.7964481111708888 15
    endloop
  endfacet
  facet normal -0.12533323356430412 0.9921147013144779 0
    outer loop
      vertex -22.162713633745696 -1.7681170513116395 0
      vertex -22.386977064847237 -1.7964481111708888 0
      vertex -22.162713633745696 -1.7681170513116395 15
    endloop
  endfacet
  facet normal -0.24868988716485593 0.9685831611286309 0
    outer loop
      vertex -21.943769410125096 -1.7119017293312764 0
      vertex -22.162713633745696 -1.7681170513116395 0
      vertex -21.943769410125096 -1.7119017293312764 15
    endloop
  endfacet
  facet normal -0.3681245526846761 0.9297764858882521 0
    outer loop
      vertex -21.73359727518287 -1.6286886944388352 0
      vertex -21.943769410125096 -1.7119017293312764 0
      vertex -21.73359727518287 -1.6286886944388352 15
    endloop
  endfacet
  facet normal -0.4817536741017152 0.8763066800438635 0
    outer loop
      vertex -21.535511769037807 -1.5197902659036275 0
      vertex -21.73359727518287 -1.6286886944388352 0
      vertex -21.535511769037807 -1.5197902659036275 15
    endloop
  endfacet
  facet normal -0.5877852522924694 0.8090169943749502 0
    outer loop
      vertex -21.352636818452357 -1.3869238369964203 0
      vertex -21.535511769037807 -1.5197902659036275 0
      vertex -21.352636818452357 -1.3869238369964203 15
    endloop
  endfacet
  facet normal -0.6845471059286936 0.7289686274214069 0
    outer loop
      vertex -21.18785647064146 -1.2321847906716394 0
      vertex -21.352636818452357 -1.3869238369964203 0
      vertex -21.18785647064146 -1.2321847906716394 15
    endloop
  endfacet
  facet normal -0.7705132427757859 0.6374239897486936 0
    outer loop
      vertex -21.18785647064146 -1.2321847906716394 0
      vertex -21.18785647064146 -1.2321847906716394 15
      vertex -21.043769410125094 -1.0580134541264516 0
    endloop
  endfacet
  facet normal -0.8443279255020146 0.5358267949789973 0
    outer loop
      vertex -20.922647975921045 -0.8671566133830877 0
      vertex -21.043769410125094 -1.0580134541264516 0
      vertex -21.043769410125094 -1.0580134541264516 15
    endloop
  endfacet
  facet normal -0.9048270524660206 0.42577929156507044 0
    outer loop
      vertex -20.826402325401148 -0.6626241948324211 0
      vertex -20.922647975921045 -0.8671566133830877 0
      vertex -20.922647975921045 -0.8671566133830877 15
    endloop
  endfacet
  facet normal -0.951056516295154 0.30901699437494606 0
    outer loop
      vertex -20.756550309968464 -0.447641796896738 0
      vertex -20.826402325401148 -0.6626241948324211 0
      vertex -20.826402325401148 -0.6626241948324211 15
    endloop
  endfacet
  facet normal -0.9822872507286878 0.18738131458572907 0
    outer loop
      vertex -20.71419353763394 -0.22559982041574733 0
      vertex -20.756550309968464 -0.447641796896738 0
      vertex -20.756550309968464 -0.447641796896738 15
    endloop
  endfacet
  facet normal -0.9980267284282716 0.06279051952931261 0
    outer loop
      vertex -20.71419353763394 -0.22559982041574733 0
      vertex -20.71419353763394 -0.22559982041574733 15
      vertex -20.7 0 0
    endloop
  endfacet
  facet normal 0.8443279255020146 0.5358267949789973 0
    outer loop
      vertex -23.956230589874906 -1.0580134541264516 0
      vertex -24.077352024078955 -0.8671566133830877 15
      vertex -23.956230589874906 -1.0580134541264516 15
    endloop
  endfacet
  facet normal 0.9048270524660214 0.42577929156506894 0
    outer loop
      vertex -24.077352024078955 -0.8671566133830877 0
      vertex -24.173597674598852 -0.6626241948324202 15
      vertex -24.077352024078955 -0.8671566133830877 15
    endloop
  endfacet
  facet normal 0.9510565162951534 0.3090169943749482 0
    outer loop
      vertex -24.173597674598852 -0.6626241948324202 0
      vertex -24.243449690031536 -0.4476417968967387 15
      vertex -24.173597674598852 -0.6626241948324202 15
    endloop
  endfacet
  facet normal 0.9822872507286879 0.1873813145857285 0
    outer loop
      vertex -24.243449690031536 -0.4476417968967387 0
      vertex -24.28580646236606 -0.22559982041574733 15
      vertex -24.243449690031536 -0.4476417968967387 15
    endloop
  endfacet
  facet normal 0.9980267284282716 0.06279051952931261 0
    outer loop
      vertex -24.28580646236606 -0.22559982041574733 0
      vertex -24.3 0 15
      vertex -24.28580646236606 -0.22559982041574733 15
    endloop
  endfacet
  facet normal 0.5877852522924729 0.8090169943749475 0
    outer loop
      vertex -23.64736318154764 -1.386923836996421 15
      vertex -23.464488230962193 -1.5197902659036269 15
      vertex -23.64736318154764 -1.386923836996421 0
    endloop
  endfacet
  facet normal 0.7705132427757859 0.6374239897486936 0
    outer loop
      vertex -23.81214352935854 -1.2321847906716394 0
      vertex -23.956230589874906 -1.0580134541264516 15
      vertex -23.81214352935854 -1.2321847906716394 15
    endloop
  endfacet
  facet normal 0.6845471059286873 0.7289686274214128 0
    outer loop
      vertex -23.81214352935854 -1.2321847906716394 0
      vertex -23.81214352935854 -1.2321847906716394 15
      vertex -23.64736318154764 -1.386923836996421 15
    endloop
  endfacet
  facet normal 0.48175367410171754 0.8763066800438624 0
    outer loop
      vertex -23.464488230962193 -1.5197902659036269 15
      vertex -23.26640272481713 -1.6286886944388352 15
      vertex -23.464488230962193 -1.5197902659036269 0
    endloop
  endfacet
  facet normal 0.3681245526846761 0.9297764858882521 0
    outer loop
      vertex -23.26640272481713 -1.6286886944388352 15
      vertex -23.056230589874904 -1.7119017293312764 15
      vertex -23.26640272481713 -1.6286886944388352 0
    endloop
  endfacet
  facet normal 0.24868988716485593 0.9685831611286309 0
    outer loop
      vertex -23.056230589874904 -1.7119017293312764 15
      vertex -22.837286366254304 -1.7681170513116395 15
      vertex -23.056230589874904 -1.7119017293312764 0
    endloop
  endfacet
  facet normal 0.12533323356430412 0.9921147013144779 0
    outer loop
      vertex -22.837286366254304 -1.7681170513116395 15
      vertex -22.613022935152763 -1.7964481111708888 15
      vertex -22.837286366254304 -1.7681170513116395 0
    endloop
  endfacet
  facet normal 0 1 0
    outer loop
      vertex -22.613022935152763 -1.7964481111708888 15
      vertex -22.386977064847237 -1.7964481111708888 15
      vertex -22.613022935152763 -1.7964481111708888 0
    endloop
  endfacet
  facet normal -0.12533323356430412 0.9921147013144779 0
    outer loop
      vertex -22.386977064847237 -1.7964481111708888 15
      vertex -22.162713633745696 -1.7681170513116395 15
      vertex -22.386977064847237 -1.7964481111708888 0
    endloop
  endfacet
  facet normal -0.24868988716485593 0.9685831611286309 0
    outer loop
      vertex -22.162713633745696 -1.7681170513116395 15
      vertex -21.943769410125096 -1.7119017293312764 15
      vertex -22.162713633745696 -1.7681170513116395 0
    endloop
  endfacet
  facet normal -0.3681245526846761 0.9297764858882521 0
    outer loop
      vertex -21.943769410125096 -1.7119017293312764 15
      vertex -21.73359727518287 -1.6286886944388352 15
      vertex -21.943769410125096 -1.7119017293312764 0
    endloop
  endfacet
  facet normal -0.4817536741017152 0.8763066800438635 0
    outer loop
      vertex -21.73359727518287 -1.6286886944388352 15
      vertex -21.535511769037807 -1.5197902659036275 15
      vertex -21.73359727518287 -1.6286886944388352 0
    endloop
  endfacet
  facet normal -0.5877852522924694 0.8090169943749502 0
    outer loop
      vertex -21.535511769037807 -1.5197902659036275 15
      vertex -21.352636818452357 -1.3869238369964203 15
      vertex -21.535511769037807 -1.5197902659036275 0
    endloop
  endfacet
  facet normal -0.6845471059286936 0.7289686274214069 0
    outer loop
      vertex -21.352636818452357 -1.3869238369964203 15
      vertex -21.18785647064146 -1.2321847906716394 15
      vertex -21.352636818452357 -1.3869238369964203 0
    endloop
  endfacet
  facet normal -0.7705132427757859 0.6374239897486936 0
    outer loop
      vertex -21.043769410125094 -1.0580134541264516 0
      vertex -21.18785647064146 -1.2321847906716394 15
      vertex -21.043769410125094 -1.0580134541264516 15
    endloop
  endfacet
  facet normal -0.8443279255020146 0.5358267949789973 0
    outer loop
      vertex -20.922647975921045 -0.8671566133830877 0
      vertex -21.043769410125094 -1.0580134541264516 15
      vertex -20.922647975921045 -0.8671566133830877 15
    endloop
  endfacet
  facet normal -0.9048270524660206 0.42577929156507044 0
    outer loop
      vertex -20.826402325401148 -0.6626241948324211 0
      vertex -20.922647975921045 -0.8671566133830877 15
      vertex -20.826402325401148 -0.6626241948324211 15
    endloop
  endfacet
  facet normal -0.951056516295154 0.30901699437494606 0
    outer loop
      vertex -20.756550309968464 -0.447641796896738 0
      vertex -20.826402325401148 -0.6626241948324211 15
      vertex -20.756550309968464 -0.447641796896738 15
    endloop
  endfacet
  facet normal -0.9822872507286878 0.18738131458572907 0
    outer loop
      vertex -20.71419353763394 -0.22559982041574733 0
      vertex -20.756550309968464 -0.447641796896738 15
      vertex -20.71419353763394 -0.22559982041574733 15
    endloop
  endfacet
  facet normal -0.9980267284282716 0.06279051952931261 0
    outer loop
      vertex -20.7 0 0
      vertex -20.71419353763394 -0.22559982041574733 15
      vertex -20.7 0 15
    endloop
  endfacet
  facet normal 0.9980267284282716 -0.06279051952931261 0
    outer loop
      vertex -24.3 0 0
      vertex -24.28580646236606 0.22559982041574733 0
      vertex -24.28580646236606 0.22559982041574733 15
    endloop
  endfacet
  facet normal 0.9822872507286879 -0.1873813145857285 0
    outer loop
      vertex -24.28580646236606 0.22559982041574733 0
      vertex -24.243449690031536 0.4476417968967387 0
      vertex -24.243449690031536 0.4476417968967387 15
    endloop
  endfacet
  facet normal 0.9510565162951534 -0.3090169943749482 0
    outer loop
      vertex -24.243449690031536 0.4476417968967387 0
      vertex -24.173597674598852 0.6626241948324202 0
      vertex -24.173597674598852 0.6626241948324202 15
    endloop
  endfacet
  facet normal 0.9048270524660214 -0.42577929156506894 0
    outer loop
      vertex -24.173597674598852 0.6626241948324202 0
      vertex -24.077352024078955 0.8671566133830877 0
      vertex -24.077352024078955 0.8671566133830877 15
    endloop
  endfacet
  facet normal 0.8443279255020146 -0.5358267949789973 0
    outer loop
      vertex -24.077352024078955 0.8671566133830877 0
      vertex -23.956230589874906 1.0580134541264516 0
      vertex -23.956230589874906 1.0580134541264516 15
    endloop
  endfacet
  facet normal 0.7705132427757859 -0.6374239897486936 0
    outer loop
      vertex -23.956230589874906 1.0580134541264516 0
      vertex -23.81214352935854 1.2321847906716394 0
      vertex -23.81214352935854 1.2321847906716394 15
    endloop
  endfacet
  facet normal 0.6845471059286873 -0.7289686274214128 0
    outer loop
      vertex -23.81214352935854 1.2321847906716394 0
      vertex -23.64736318154764 1.386923836996421 0
      vertex -23.81214352935854 1.2321847906716394 15
    endloop
  endfacet
  facet normal 0.5877852522924729 -0.8090169943749475 0
    outer loop
      vertex -23.64736318154764 1.386923836996421 0
      vertex -23.464488230962193 1.5197902659036269 0
      vertex -23.64736318154764 1.386923836996421 15
    endloop
  endfacet
  facet normal 0.4817536741017167 -0.8763066800438627 0
    outer loop
      vertex -23.464488230962193 1.5197902659036269 0
      vertex -23.26640272481713 1.628688694438835 0
      vertex -23.464488230962193 1.5197902659036269 15
    endloop
  endfacet
  facet normal 0.3681245526846769 -0.9297764858882518 0
    outer loop
      vertex -23.26640272481713 1.628688694438835 0
      vertex -23.056230589874904 1.7119017293312764 0
      vertex -23.26640272481713 1.628688694438835 15
    endloop
  endfacet
  facet normal 0.24868988716485685 -0.9685831611286306 0
    outer loop
      vertex -23.056230589874904 1.7119017293312764 0
      vertex -22.837286366254304 1.7681170513116398 0
      vertex -23.056230589874904 1.7119017293312764 15
    endloop
  endfacet
  facet normal 0.12533323356430315 -0.992114701314478 0
    outer loop
      vertex -22.837286366254304 1.7681170513116398 0
      vertex -22.613022935152763 1.7964481111708888 0
      vertex -22.837286366254304 1.7681170513116398 15
    endloop
  endfacet
  facet normal 0 -1 0
    outer loop
      vertex -22.613022935152763 1.7964481111708888 0
      vertex -22.386977064847237 1.7964481111708888 0
      vertex -22.613022935152763 1.7964481111708888 15
    endloop
  endfacet
  facet normal -0.12533323356430315 -0.992114701314478 0
    outer loop
      vertex -22.386977064847237 1.7964481111708888 0
      vertex -22.162713633745696 1.7681170513116398 0
      vertex -22.386977064847237 1.7964481111708888 15
    endloop
  endfacet
  facet normal -0.24868988716485685 -0.9685831611286306 0
    outer loop
      vertex -22.162713633745696 1.7681170513116398 0
      vertex -21.943769410125096 1.7119017293312764 0
      vertex -22.162713633745696 1.7681170513116398 15
    endloop
  endfacet
  facet normal -0.481753674101716 -0.8763066800438631 0
    outer loop
      vertex -21.73359727518287 1.628688694438835 0
      vertex -21.535511769037807 1.519790265903627 0
      vertex -21.73359727518287 1.628688694438835 15
    endloop
  endfacet
  facet normal -0.3681245526846769 -0.9297764858882518 0
    outer loop
      vertex -21.943769410125096 1.7119017293312764 0
      vertex -21.73359727518287 1.628688694438835 0
      vertex -21.943769410125096 1.7119017293312764 15
    endloop
  endfacet
  facet normal -0.6845471059286936 -0.7289686274214069 0
    outer loop
      vertex -21.352636818452357 1.3869238369964205 0
      vertex -21.18785647064146 1.2321847906716397 0
      vertex -21.352636818452357 1.3869238369964205 15
    endloop
  endfacet
  facet normal -0.5877852522924675 -0.8090169943749516 0
    outer loop
      vertex -21.535511769037807 1.519790265903627 0
      vertex -21.352636818452357 1.3869238369964205 0
      vertex -21.535511769037807 1.519790265903627 15
    endloop
  endfacet
  facet normal -0.9510565162951534 -0.30901699437494784 0
    outer loop
      vertex -20.826402325401148 0.6626241948324204 0
      vertex -20.756550309968464 0.44764179689673866 0
      vertex -20.756550309968464 0.44764179689673866 15
    endloop
  endfacet
  facet normal -0.9048270524660209 -0.4257792915650695 0
    outer loop
      vertex -20.922647975921045 0.8671566133830876 0
      vertex -20.826402325401148 0.6626241948324204 0
      vertex -20.826402325401148 0.6626241948324204 15
    endloop
  endfacet
  facet normal -0.9980267284282716 -0.06279051952931253 0
    outer loop
      vertex -20.7 0 0
      vertex -20.7 0 15
      vertex -20.71419353763394 0.22559982041574766 0
    endloop
  endfacet
  facet normal -0.9822872507286879 -0.18738131458572882 0
    outer loop
      vertex -20.756550309968464 0.44764179689673866 0
      vertex -20.71419353763394 0.22559982041574766 0
      vertex -20.71419353763394 0.22559982041574766 15
    endloop
  endfacet
  facet normal -0.7705132427757863 -0.6374239897486932 0
    outer loop
      vertex -21.18785647064146 1.2321847906716397 0
      vertex -21.043769410125094 1.0580134541264516 0
      vertex -21.043769410125094 1.0580134541264516 15
    endloop
  endfacet
  facet normal -0.8443279255020147 -0.535826794978997 0
    outer loop
      vertex -21.043769410125094 1.0580134541264516 0
      vertex -20.922647975921045 0.8671566133830876 0
      vertex -20.922647975921045 0.8671566133830876 15
    endloop
  endfacet
  facet normal 0.9980267284282716 -0.06279051952931261 0
    outer loop
      vertex -24.3 0 0
      vertex -24.28580646236606 0.22559982041574733 15
      vertex -24.3 0 15
    endloop
  endfacet
  facet normal 0.9822872507286879 -0.1873813145857285 0
    outer loop
      vertex -24.28580646236606 0.22559982041574733 0
      vertex -24.243449690031536 0.4476417968967387 15
      vertex -24.28580646236606 0.22559982041574733 15
    endloop
  endfacet
  facet normal 0.9510565162951534 -0.3090169943749482 0
    outer loop
      vertex -24.243449690031536 0.4476417968967387 0
      vertex -24.173597674598852 0.6626241948324202 15
      vertex -24.243449690031536 0.4476417968967387 15
    endloop
  endfacet
  facet normal 0.9048270524660214 -0.42577929156506894 0
    outer loop
      vertex -24.173597674598852 0.6626241948324202 0
      vertex -24.077352024078955 0.8671566133830877 15
      vertex -24.173597674598852 0.6626241948324202 15
    endloop
  endfacet
  facet normal 0.8443279255020146 -0.5358267949789973 0
    outer loop
      vertex -24.077352024078955 0.8671566133830877 0
      vertex -23.956230589874906 1.0580134541264516 15
      vertex -24.077352024078955 0.8671566133830877 15
    endloop
  endfacet
  facet normal 0.7705132427757859 -0.6374239897486936 0
    outer loop
      vertex -23.956230589874906 1.0580134541264516 0
      vertex -23.81214352935854 1.2321847906716394 15
      vertex -23.956230589874906 1.0580134541264516 15
    endloop
  endfacet
  facet normal 0.6845471059286873 -0.7289686274214128 0
    outer loop
      vertex -23.64736318154764 1.386923836996421 15
      vertex -23.81214352935854 1.2321847906716394 15
      vertex -23.64736318154764 1.386923836996421 0
    endloop
  endfacet
  facet normal 0.5877852522924729 -0.8090169943749475 0
    outer loop
      vertex -23.464488230962193 1.5197902659036269 15
      vertex -23.64736318154764 1.386923836996421 15
      vertex -23.464488230962193 1.5197902659036269 0
    endloop
  endfacet
  facet normal 0.4817536741017167 -0.8763066800438627 0
    outer loop
      vertex -23.26640272481713 1.628688694438835 15
      vertex -23.464488230962193 1.5197902659036269 15
      vertex -23.26640272481713 1.628688694438835 0
    endloop
  endfacet
  facet normal 0.3681245526846769 -0.9297764858882518 0
    outer loop
      vertex -23.056230589874904 1.7119017293312764 15
      vertex -23.26640272481713 1.628688694438835 15
      vertex -23.056230589874904 1.7119017293312764 0
    endloop
  endfacet
  facet normal 0.24868988716485685 -0.9685831611286306 0
    outer loop
      vertex -22.837286366254304 1.7681170513116398 15
      vertex -23.056230589874904 1.7119017293312764 15
      vertex -22.837286366254304 1.7681170513116398 0
    endloop
  endfacet
  facet normal 0.12533323356430315 -0.992114701314478 0
    outer loop
      vertex -22.613022935152763 1.7964481111708888 15
      vertex -22.837286366254304 1.7681170513116398 15
      vertex -22.613022935152763 1.7964481111708888 0
    endloop
  endfacet
  facet normal 0 -1 0
    outer loop
      vertex -22.386977064847237 1.7964481111708888 15
      vertex -22.613022935152763 1.7964481111708888 15
      vertex -22.386977064847237 1.7964481111708888 0
    endloop
  endfacet
  facet normal -0.12533323356430315 -0.992114701314478 0
    outer loop
      vertex -22.162713633745696 1.7681170513116398 15
      vertex -22.386977064847237 1.7964481111708888 15
      vertex -22.162713633745696 1.7681170513116398 0
    endloop
  endfacet
  facet normal -0.24868988716485685 -0.9685831611286306 0
    outer loop
      vertex -21.943769410125096 1.7119017293312764 15
      vertex -22.162713633745696 1.7681170513116398 15
      vertex -21.943769410125096 1.7119017293312764 0
    endloop
  endfacet
  facet normal -0.3681245526846769 -0.9297764858882518 0
    outer loop
      vertex -21.73359727518287 1.628688694438835 15
      vertex -21.943769410125096 1.7119017293312764 15
      vertex -21.73359727518287 1.628688694438835 0
    endloop
  endfacet
  facet normal -0.6845471059286936 -0.7289686274214069 0
    outer loop
      vertex -21.18785647064146 1.2321847906716397 15
      vertex -21.352636818452357 1.3869238369964205 15
      vertex -21.18785647064146 1.2321847906716397 0
    endloop
  endfacet
  facet normal -0.481753674101716 -0.8763066800438631 0
    outer loop
      vertex -21.535511769037807 1.519790265903627 15
      vertex -21.73359727518287 1.628688694438835 15
      vertex -21.535511769037807 1.519790265903627 0
    endloop
  endfacet
  facet normal -0.5877852522924675 -0.8090169943749516 0
    outer loop
      vertex -21.352636818452357 1.3869238369964205 15
      vertex -21.535511769037807 1.519790265903627 15
      vertex -21.352636818452357 1.3869238369964205 0
    endloop
  endfacet
  facet normal -0.9822872507286879 -0.18738131458572882 0
    outer loop
      vertex -20.756550309968464 0.44764179689673866 0
      vertex -20.71419353763394 0.22559982041574766 15
      vertex -20.756550309968464 0.44764179689673866 15
    endloop
  endfacet
  facet normal -0.9510565162951534 -0.30901699437494784 0
    outer loop
      vertex -20.826402325401148 0.6626241948324204 0
      vertex -20.756550309968464 0.44764179689673866 15
      vertex -20.826402325401148 0.6626241948324204 15
    endloop
  endfacet
  facet normal -0.9048270524660209 -0.4257792915650695 0
    outer loop
      vertex -20.922647975921045 0.8671566133830876 0
      vertex -20.826402325401148 0.6626241948324204 15
      vertex -20.922647975921045 0.8671566133830876 15
    endloop
  endfacet
  facet normal -0.9980267284282716 -0.06279051952931253 0
    outer loop
      vertex -20.71419353763394 0.22559982041574766 0
      vertex -20.7 0 15
      vertex -20.71419353763394 0.22559982041574766 15
    endloop
  endfacet
  facet normal -0.8443279255020147 -0.535826794978997 0
    outer loop
      vertex -21.043769410125094 1.0580134541264516 0
      vertex -20.922647975921045 0.8671566133830876 15
      vertex -21.043769410125094 1.0580134541264516 15
    endloop
  endfacet
  facet normal -0.7705132427757863 -0.6374239897486932 0
    outer loop
      vertex -21.18785647064146 1.2321847906716397 0
      vertex -21.043769410125094 1.0580134541264516 15
      vertex -21.18785647064146 1.2321847906716397 15
    endloop
  endfacet
  facet normal 0.9048270524660219 0.4257792915650676 0
    outer loop
      vertex -24.077352024078955 14.132843386616912 0
      vertex -24.173597674598852 14.33737580516758 0
      vertex -24.173597674598852 14.33737580516758 15
    endloop
  endfacet
  facet normal 0.8443279255020136 0.5358267949789991 0
    outer loop
      vertex -23.956230589874906 13.941986545873549 0
      vertex -24.077352024078955 14.132843386616912 0
      vertex -24.077352024078955 14.132843386616912 15
    endloop
  endfacet
  facet normal 0.9510565162951534 0.30901699437494784 0
    outer loop
      vertex -24.173597674598852 14.33737580516758 0
      vertex -24.243449690031536 14.552358203103262 0
      vertex -24.243449690031536 14.552358203103262 15
    endloop
  endfacet
  facet normal 0.9822872507286879 0.1873813145857287 0
    outer loop
      vertex -24.243449690031536 14.552358203103262 0
      vertex -24.28580646236606 14.774400179584253 0
      vertex -24.28580646236606 14.774400179584253 15
    endloop
  endfacet
  facet normal 0.5877852522924749 0.8090169943749461 0
    outer loop
      vertex -23.464488230962193 13.480209734096373 0
      vertex -23.64736318154764 13.61307616300358 0
      vertex -23.464488230962193 13.480209734096373 15
    endloop
  endfacet
  facet normal 0.6845471059286873 0.7289686274214128 0
    outer loop
      vertex -23.64736318154764 13.61307616300358 0
      vertex -23.81214352935854 13.767815209328361 0
      vertex -23.64736318154764 13.61307616300358 15
    endloop
  endfacet
  facet normal 0.36812455268467775 0.9297764858882515 0
    outer loop
      vertex -23.056230589874904 13.288098270668723 0
      vertex -23.26640272481713 13.371311305561164 0
      vertex -23.056230589874904 13.288098270668723 15
    endloop
  endfacet
  facet normal 0.48175367410171976 0.8763066800438611 0
    outer loop
      vertex -23.26640272481713 13.371311305561164 0
      vertex -23.464488230962193 13.480209734096373 0
      vertex -23.26640272481713 13.371311305561164 15
    endloop
  endfacet
  facet normal 0.7705132427757855 0.6374239897486942 0
    outer loop
      vertex -23.81214352935854 13.767815209328361 0
      vertex -23.956230589874906 13.941986545873549 0
      vertex -23.956230589874906 13.941986545873549 15
    endloop
  endfacet
  facet normal 0.24868988716485224 0.9685831611286317 0
    outer loop
      vertex -22.837286366254304 13.23188294868836 0
      vertex -23.056230589874904 13.288098270668723 0
      vertex -22.837286366254304 13.23188294868836 15
    endloop
  endfacet
  facet normal 0.12533323356430603 0.9921147013144777 0
    outer loop
      vertex -22.613022935152763 13.20355188882911 0
      vertex -22.837286366254304 13.23188294868836 0
      vertex -22.613022935152763 13.20355188882911 15
    endloop
  endfacet
  facet normal 0 1 0
    outer loop
      vertex -22.386977064847237 13.20355188882911 0
      vertex -22.613022935152763 13.20355188882911 0
      vertex -22.386977064847237 13.20355188882911 15
    endloop
  endfacet
  facet normal -0.12533323356430603 0.9921147013144777 0
    outer loop
      vertex -22.162713633745696 13.23188294868836 0
      vertex -22.386977064847237 13.20355188882911 0
      vertex -22.162713633745696 13.23188294868836 15
    endloop
  endfacet
  facet normal -0.24868988716485224 0.9685831611286317 0
    outer loop
      vertex -21.943769410125096 13.288098270668723 0
      vertex -22.162713633745696 13.23188294868836 0
      vertex -21.943769410125096 13.288098270668723 15
    endloop
  endfacet
  facet normal -0.36812455268467775 0.9297764858882515 0
    outer loop
      vertex -21.73359727518287 13.371311305561164 0
      vertex -21.943769410125096 13.288098270668723 0
      vertex -21.73359727518287 13.371311305561164 15
    endloop
  endfacet
  facet normal -0.48175367410171976 0.8763066800438611 0
    outer loop
      vertex -21.535511769037807 13.480209734096373 0
      vertex -21.73359727518287 13.371311305561164 0
      vertex -21.535511769037807 13.480209734096373 15
    endloop
  endfacet
  facet normal -0.5877852522924675 0.8090169943749516 0
    outer loop
      vertex -21.352636818452357 13.61307616300358 0
      vertex -21.535511769037807 13.480209734096373 0
      vertex -21.352636818452357 13.61307616300358 15
    endloop
  endfacet
  facet normal -0.6845471059286952 0.7289686274214054 0
    outer loop
      vertex -21.18785647064146 13.767815209328361 0
      vertex -21.352636818452357 13.61307616300358 0
      vertex -21.18785647064146 13.767815209328361 15
    endloop
  endfacet
  facet normal -0.7705132427757855 0.6374239897486942 0
    outer loop
      vertex -21.18785647064146 13.767815209328361 0
      vertex -21.18785647064146 13.767815209328361 15
      vertex -21.043769410125094 13.941986545873549 0
    endloop
  endfacet
  facet normal -0.8443279255020136 0.5358267949789991 0
    outer loop
      vertex -20.922647975921045 14.132843386616912 0
      vertex -21.043769410125094 13.941986545873549 0
      vertex -21.043769410125094 13.941986545873549 15
    endloop
  endfacet
  facet normal -0.9048270524660205 0.4257792915650706 0
    outer loop
      vertex -20.826402325401148 14.337375805167579 0
      vertex -20.922647975921045 14.132843386616912 0
      vertex -20.922647975921045 14.132843386616912 15
    endloop
  endfacet
  facet normal -0.9510565162951542 0.3090169943749455 0
    outer loop
      vertex -20.756550309968464 14.552358203103262 0
      vertex -20.826402325401148 14.337375805167579 0
      vertex -20.826402325401148 14.337375805167579 15
    endloop
  endfacet
  facet normal -0.9822872507286879 0.1873813145857287 0
    outer loop
      vertex -20.71419353763394 14.774400179584253 0
      vertex -20.756550309968464 14.552358203103262 0
      vertex -20.756550309968464 14.552358203103262 15
    endloop
  endfacet
  facet normal 0.9980267284282716 0.06279051952931276 0
    outer loop
      vertex -24.28580646236606 14.774400179584253 0
      vertex -24.3 15 0
      vertex -24.3 15 15
    endloop
  endfacet
  facet normal 0.9980267284282716 -0.06279051952931276 0
    outer loop
      vertex -24.3 15 0
      vertex -24.28580646236606 15.225599820415747 0
      vertex -24.28580646236606 15.225599820415747 15
    endloop
  endfacet
  facet normal 0.9822872507286879 -0.1873813145857287 0
    outer loop
      vertex -24.28580646236606 15.225599820415747 0
      vertex -24.243449690031536 15.447641796896738 0
      vertex -24.243449690031536 15.447641796896738 15
    endloop
  endfacet
  facet normal 0.9510565162951534 -0.30901699437494784 0
    outer loop
      vertex -24.243449690031536 15.447641796896738 0
      vertex -24.173597674598852 15.66262419483242 0
      vertex -24.173597674598852 15.66262419483242 15
    endloop
  endfacet
  facet normal 0.9048270524660219 -0.4257792915650676 0
    outer loop
      vertex -24.173597674598852 15.66262419483242 0
      vertex -24.077352024078955 15.867156613383088 0
      vertex -24.077352024078955 15.867156613383088 15
    endloop
  endfacet
  facet normal 0.8443279255020159 -0.5358267949789955 0
    outer loop
      vertex -24.077352024078955 15.867156613383088 0
      vertex -23.956230589874906 16.058013454126453 0
      vertex -23.956230589874906 16.058013454126453 15
    endloop
  endfacet
  facet normal 0.7705132427757824 -0.6374239897486981 0
    outer loop
      vertex -23.956230589874906 16.058013454126453 0
      vertex -23.81214352935854 16.23218479067164 0
      vertex -23.81214352935854 16.23218479067164 15
    endloop
  endfacet
  facet normal 0.6845471059286873 -0.7289686274214128 0
    outer loop
      vertex -23.81214352935854 16.23218479067164 0
      vertex -23.64736318154764 16.38692383699642 0
      vertex -23.81214352935854 16.23218479067164 15
    endloop
  endfacet
  facet normal 0.5877852522924749 -0.8090169943749461 0
    outer loop
      vertex -23.64736318154764 16.38692383699642 0
      vertex -23.464488230962193 16.519790265903627 0
      vertex -23.64736318154764 16.38692383699642 15
    endloop
  endfacet
  facet normal 0.48175367410171976 -0.8763066800438611 0
    outer loop
      vertex -23.464488230962193 16.519790265903627 0
      vertex -23.26640272481713 16.628688694438836 0
      vertex -23.464488230962193 16.519790265903627 15
    endloop
  endfacet
  facet normal 0.36812455268467775 -0.9297764858882515 0
    outer loop
      vertex -23.26640272481713 16.628688694438836 0
      vertex -23.056230589874904 16.711901729331277 0
      vertex -23.26640272481713 16.628688694438836 15
    endloop
  endfacet
  facet normal 0.2486898871648596 -0.9685831611286299 0
    outer loop
      vertex -23.056230589874904 16.711901729331277 0
      vertex -22.837286366254304 16.76811705131164 0
      vertex -23.056230589874904 16.711901729331277 15
    endloop
  endfacet
  facet normal 0.1253332335642983 -0.9921147013144785 0
    outer loop
      vertex -22.837286366254304 16.76811705131164 0
      vertex -22.613022935152763 16.79644811117089 0
      vertex -22.837286366254304 16.76811705131164 15
    endloop
  endfacet
  facet normal 0 -1 0
    outer loop
      vertex -22.613022935152763 16.79644811117089 0
      vertex -22.386977064847237 16.79644811117089 0
      vertex -22.613022935152763 16.79644811117089 15
    endloop
  endfacet
  facet normal -0.1253332335642983 -0.9921147013144785 0
    outer loop
      vertex -22.386977064847237 16.79644811117089 0
      vertex -22.162713633745696 16.76811705131164 0
      vertex -22.386977064847237 16.79644811117089 15
    endloop
  endfacet
  facet normal -0.5877852522924675 -0.8090169943749516 0
    outer loop
      vertex -21.535511769037807 16.519790265903627 0
      vertex -21.352636818452357 16.38692383699642 0
      vertex -21.535511769037807 16.519790265903627 15
    endloop
  endfacet
  facet normal -0.6845471059286952 -0.7289686274214054 0
    outer loop
      vertex -21.352636818452357 16.38692383699642 0
      vertex -21.18785647064146 16.23218479067164 0
      vertex -21.352636818452357 16.38692383699642 15
    endloop
  endfacet
  facet normal -0.9510565162951534 -0.30901699437494784 0
    outer loop
      vertex -20.826402325401148 15.66262419483242 0
      vertex -20.756550309968464 15.447641796896738 0
      vertex -20.756550309968464 15.447641796896738 15
    endloop
  endfacet
  facet normal -0.9980267284282716 0.06279051952931276 0
    outer loop
      vertex -20.7 15 0
      vertex -20.71419353763394 14.774400179584253 0
      vertex -20.71419353763394 14.774400179584253 15
    endloop
  endfacet
  facet normal -0.9980267284282716 -0.06279051952931228 0
    outer loop
      vertex -20.71419353763394 15.225599820415749 0
      vertex -20.7 15 0
      vertex -20.7 15 15
    endloop
  endfacet
  facet normal -0.9822872507286876 -0.18738131458573015 0
    outer loop
      vertex -20.756550309968464 15.447641796896738 0
      vertex -20.71419353763394 15.225599820415749 0
      vertex -20.71419353763394 15.225599820415749 15
    endloop
  endfacet
  facet normal -0.7705132427757824 -0.6374239897486981 0
    outer loop
      vertex -21.18785647064146 16.23218479067164 0
      vertex -21.043769410125094 16.058013454126453 0
      vertex -21.043769410125094 16.058013454126453 15
    endloop
  endfacet
  facet normal -0.9048270524660219 -0.4257792915650676 0
    outer loop
      vertex -20.922647975921045 15.867156613383088 0
      vertex -20.826402325401148 15.66262419483242 0
      vertex -20.826402325401148 15.66262419483242 15
    endloop
  endfacet
  facet normal -0.8443279255020159 -0.5358267949789955 0
    outer loop
      vertex -21.043769410125094 16.058013454126453 0
      vertex -20.922647975921045 15.867156613383088 0
      vertex -20.922647975921045 15.867156613383088 15
    endloop
  endfacet
  facet normal -0.2486898871648596 -0.9685831611286299 0
    outer loop
      vertex -22.162713633745696 16.76811705131164 0
      vertex -21.943769410125096 16.711901729331277 0
      vertex -22.162713633745696 16.76811705131164 15
    endloop
  endfacet
  facet normal -0.36812455268467775 -0.9297764858882515 0
    outer loop
      vertex -21.943769410125096 16.711901729331277 0
      vertex -21.73359727518287 16.628688694438836 0
      vertex -21.943769410125096 16.711901729331277 15
    endloop
  endfacet
  facet normal -0.48175367410171976 -0.8763066800438611 0
    outer loop
      vertex -21.73359727518287 16.628688694438836 0
      vertex -21.535511769037807 16.519790265903627 0
      vertex -21.73359727518287 16.628688694438836 15
    endloop
  endfacet
  facet normal 0.8443279255020136 0.5358267949789991 0
    outer loop
      vertex -23.956230589874906 13.941986545873549 0
      vertex -24.077352024078955 14.132843386616912 15
      vertex -23.956230589874906 13.941986545873549 15
    endloop
  endfacet
  facet normal 0.9048270524660219 0.4257792915650676 0
    outer loop
      vertex -24.077352024078955 14.132843386616912 0
      vertex -24.173597674598852 14.33737580516758 15
      vertex -24.077352024078955 14.132843386616912 15
    endloop
  endfacet
  facet normal 0.9822872507286879 0.1873813145857287 0
    outer loop
      vertex -24.243449690031536 14.552358203103262 0
      vertex -24.28580646236606 14.774400179584253 15
      vertex -24.243449690031536 14.552358203103262 15
    endloop
  endfacet
  facet normal 0.9510565162951534 0.30901699437494784 0
    outer loop
      vertex -24.173597674598852 14.33737580516758 0
      vertex -24.243449690031536 14.552358203103262 15
      vertex -24.173597674598852 14.33737580516758 15
    endloop
  endfacet
  facet normal 0.6845471059286873 0.7289686274214128 0
    outer loop
      vertex -23.81214352935854 13.767815209328361 15
      vertex -23.64736318154764 13.61307616300358 15
      vertex -23.81214352935854 13.767815209328361 0
    endloop
  endfacet
  facet normal 0.5877852522924749 0.8090169943749461 0
    outer loop
      vertex -23.64736318154764 13.61307616300358 15
      vertex -23.464488230962193 13.480209734096373 15
      vertex -23.64736318154764 13.61307616300358 0
    endloop
  endfacet
  facet normal 0.36812455268467775 0.9297764858882515 0
    outer loop
      vertex -23.26640272481713 13.371311305561164 15
      vertex -23.056230589874904 13.288098270668723 15
      vertex -23.26640272481713 13.371311305561164 0
    endloop
  endfacet
  facet normal 0.48175367410171976 0.8763066800438611 0
    outer loop
      vertex -23.464488230962193 13.480209734096373 15
      vertex -23.26640272481713 13.371311305561164 15
      vertex -23.464488230962193 13.480209734096373 0
    endloop
  endfacet
  facet normal 0.7705132427757855 0.6374239897486942 0
    outer loop
      vertex -23.81214352935854 13.767815209328361 0
      vertex -23.956230589874906 13.941986545873549 15
      vertex -23.81214352935854 13.767815209328361 15
    endloop
  endfacet
  facet normal 0.24868988716485224 0.9685831611286317 0
    outer loop
      vertex -23.056230589874904 13.288098270668723 15
      vertex -22.837286366254304 13.23188294868836 15
      vertex -23.056230589874904 13.288098270668723 0
    endloop
  endfacet
  facet normal 0.12533323356430603 0.9921147013144777 0
    outer loop
      vertex -22.837286366254304 13.23188294868836 15
      vertex -22.613022935152763 13.20355188882911 15
      vertex -22.837286366254304 13.23188294868836 0
    endloop
  endfacet
  facet normal 0 1 0
    outer loop
      vertex -22.613022935152763 13.20355188882911 15
      vertex -22.386977064847237 13.20355188882911 15
      vertex -22.613022935152763 13.20355188882911 0
    endloop
  endfacet
  facet normal -0.12533323356430603 0.9921147013144777 0
    outer loop
      vertex -22.386977064847237 13.20355188882911 15
      vertex -22.162713633745696 13.23188294868836 15
      vertex -22.386977064847237 13.20355188882911 0
    endloop
  endfacet
  facet normal -0.24868988716485224 0.9685831611286317 0
    outer loop
      vertex -22.162713633745696 13.23188294868836 15
      vertex -21.943769410125096 13.288098270668723 15
      vertex -22.162713633745696 13.23188294868836 0
    endloop
  endfacet
  facet normal -0.36812455268467775 0.9297764858882515 0
    outer loop
      vertex -21.943769410125096 13.288098270668723 15
      vertex -21.73359727518287 13.371311305561164 15
      vertex -21.943769410125096 13.288098270668723 0
    endloop
  endfacet
  facet normal -0.48175367410171976 0.8763066800438611 0
    outer loop
      vertex -21.73359727518287 13.371311305561164 15
      vertex -21.535511769037807 13.480209734096373 15
      vertex -21.73359727518287 13.371311305561164 0
    endloop
  endfacet
  facet normal -0.5877852522924675 0.8090169943749516 0
    outer loop
      vertex -21.535511769037807 13.480209734096373 15
      vertex -21.352636818452357 13.61307616300358 15
      vertex -21.535511769037807 13.480209734096373 0
    endloop
  endfacet
  facet normal -0.6845471059286952 0.7289686274214054 0
    outer loop
      vertex -21.352636818452357 13.61307616300358 15
      vertex -21.18785647064146 13.767815209328361 15
      vertex -21.352636818452357 13.61307616300358 0
    endloop
  endfacet
  facet normal -0.7705132427757855 0.6374239897486942 0
    outer loop
      vertex -21.043769410125094 13.941986545873549 0
      vertex -21.18785647064146 13.767815209328361 15
      vertex -21.043769410125094 13.941986545873549 15
    endloop
  endfacet
  facet normal -0.8443279255020136 0.5358267949789991 0
    outer loop
      vertex -20.922647975921045 14.132843386616912 0
      vertex -21.043769410125094 13.941986545873549 15
      vertex -20.922647975921045 14.132843386616912 15
    endloop
  endfacet
  facet normal -0.9048270524660205 0.4257792915650706 0
    outer loop
      vertex -20.826402325401148 14.337375805167579 0
      vertex -20.922647975921045 14.132843386616912 15
      vertex -20.826402325401148 14.337375805167579 15
    endloop
  endfacet
  facet normal -0.9510565162951542 0.3090169943749455 0
    outer loop
      vertex -20.756550309968464 14.552358203103262 0
      vertex -20.826402325401148 14.337375805167579 15
      vertex -20.756550309968464 14.552358203103262 15
    endloop
  endfacet
  facet normal -0.9822872507286879 0.1873813145857287 0
    outer loop
      vertex -20.71419353763394 14.774400179584253 0
      vertex -20.756550309968464 14.552358203103262 15
      vertex -20.71419353763394 14.774400179584253 15
    endloop
  endfacet
  facet normal 0.9980267284282716 0.06279051952931276 0
    outer loop
      vertex -24.28580646236606 14.774400179584253 0
      vertex -24.3 15 15
      vertex -24.28580646236606 14.774400179584253 15
    endloop
  endfacet
  facet normal 0.9980267284282716 -0.06279051952931276 0
    outer loop
      vertex -24.3 15 0
      vertex -24.28580646236606 15.225599820415747 15
      vertex -24.3 15 15
    endloop
  endfacet
  facet normal 0.9822872507286879 -0.1873813145857287 0
    outer loop
      vertex -24.28580646236606 15.225599820415747 0
      vertex -24.243449690031536 15.447641796896738 15
      vertex -24.28580646236606 15.225599820415747 15
    endloop
  endfacet
  facet normal 0.9510565162951534 -0.30901699437494784 0
    outer loop
      vertex -24.243449690031536 15.447641796896738 0
      vertex -24.173597674598852 15.66262419483242 15
      vertex -24.243449690031536 15.447641796896738 15
    endloop
  endfacet
  facet normal 0.9048270524660219 -0.4257792915650676 0
    outer loop
      vertex -24.173597674598852 15.66262419483242 0
      vertex -24.077352024078955 15.867156613383088 15
      vertex -24.173597674598852 15.66262419483242 15
    endloop
  endfacet
  facet normal 0.8443279255020159 -0.5358267949789955 0
    outer loop
      vertex -24.077352024078955 15.867156613383088 0
      vertex -23.956230589874906 16.058013454126453 15
      vertex -24.077352024078955 15.867156613383088 15
    endloop
  endfacet
  facet normal 0.7705132427757824 -0.6374239897486981 0
    outer loop
      vertex -23.956230589874906 16.058013454126453 0
      vertex -23.81214352935854 16.23218479067164 15
      vertex -23.956230589874906 16.058013454126453 15
    endloop
  endfacet
  facet normal 0.6845471059286873 -0.7289686274214128 0
    outer loop
      vertex -23.64736318154764 16.38692383699642 15
      vertex -23.81214352935854 16.23218479067164 15
      vertex -23.64736318154764 16.38692383699642 0
    endloop
  endfacet
  facet normal 0.5877852522924749 -0.8090169943749461 0
    outer loop
      vertex -23.464488230962193 16.519790265903627 15
      vertex -23.64736318154764 16.38692383699642 15
      vertex -23.464488230962193 16.519790265903627 0
    endloop
  endfacet
  facet normal 0.48175367410171976 -0.8763066800438611 0
    outer loop
      vertex -23.26640272481713 16.628688694438836 15
      vertex -23.464488230962193 16.519790265903627 15
      vertex -23.26640272481713 16.628688694438836 0
    endloop
  endfacet
  facet normal 0.36812455268467775 -0.9297764858882515 0
    outer loop
      vertex -23.056230589874904 16.711901729331277 15
      vertex -23.26640272481713 16.628688694438836 15
      vertex -23.056230589874904 16.711901729331277 0
    endloop
  endfacet
  facet normal 0.2486898871648596 -0.9685831611286299 0
    outer loop
      vertex -22.837286366254304 16.76811705131164 15
      vertex -23.056230589874904 16.711901729331277 15
      vertex -22.837286366254304 16.76811705131164 0
    endloop
  endfacet
  facet normal 0.1253332335642983 -0.9921147013144785 0
    outer loop
      vertex -22.613022935152763 16.79644811117089 15
      vertex -22.837286366254304 16.76811705131164 15
      vertex -22.613022935152763 16.79644811117089 0
    endloop
  endfacet
  facet normal 0 -1 0
    outer loop
      vertex -22.386977064847237 16.79644811117089 15
      vertex -22.613022935152763 16.79644811117089 15
      vertex -22.386977064847237 16.79644811117089 0
    endloop
  endfacet
  facet normal -0.1253332335642983 -0.9921147013144785 0
    outer loop
      vertex -22.162713633745696 16.76811705131164 15
      vertex -22.386977064847237 16.79644811117089 15
      vertex -22.162713633745696 16.76811705131164 0
    endloop
  endfacet
  facet normal -0.48175367410171976 -0.8763066800438611 0
    outer loop
      vertex -21.535511769037807 16.519790265903627 15
      vertex -21.73359727518287 16.628688694438836 15
      vertex -21.535511769037807 16.519790265903627 0
    endloop
  endfacet
  facet normal -0.6845471059286952 -0.7289686274214054 0
    outer loop
      vertex -21.18785647064146 16.23218479067164 0
      vertex -21.18785647064146 16.23218479067164 15
      vertex -21.352636818452357 16.38692383699642 15
    endloop
  endfacet
  facet normal -0.5877852522924675 -0.8090169943749516 0
    outer loop
      vertex -21.352636818452357 16.38692383699642 15
      vertex -21.535511769037807 16.519790265903627 15
      vertex -21.352636818452357 16.38692383699642 0
    endloop
  endfacet
  facet normal -0.9822872507286876 -0.18738131458573015 0
    outer loop
      vertex -20.756550309968464 15.447641796896738 0
      vertex -20.71419353763394 15.225599820415749 15
      vertex -20.756550309968464 15.447641796896738 15
    endloop
  endfacet
  facet normal -0.9510565162951534 -0.30901699437494784 0
    outer loop
      vertex -20.826402325401148 15.66262419483242 0
      vertex -20.756550309968464 15.447641796896738 15
      vertex -20.826402325401148 15.66262419483242 15
    endloop
  endfacet
  facet normal -0.9980267284282716 0.06279051952931276 0
    outer loop
      vertex -20.7 15 0
      vertex -20.71419353763394 14.774400179584253 15
      vertex -20.7 15 15
    endloop
  endfacet
  facet normal -0.9980267284282716 -0.06279051952931228 0
    outer loop
      vertex -20.71419353763394 15.225599820415749 0
      vertex -20.7 15 15
      vertex -20.71419353763394 15.225599820415749 15
    endloop
  endfacet
  facet normal -0.8443279255020159 -0.5358267949789955 0
    outer loop
      vertex -21.043769410125094 16.058013454126453 0
      vertex -20.922647975921045 15.867156613383088 15
      vertex -21.043769410125094 16.058013454126453 15
    endloop
  endfacet
  facet normal -0.9048270524660219 -0.4257792915650676 0
    outer loop
      vertex -20.922647975921045 15.867156613383088 0
      vertex -20.826402325401148 15.66262419483242 15
      vertex -20.922647975921045 15.867156613383088 15
    endloop
  endfacet
  facet normal -0.7705132427757824 -0.6374239897486981 0
    outer loop
      vertex -21.18785647064146 16.23218479067164 0
      vertex -21.043769410125094 16.058013454126453 15
      vertex -21.18785647064146 16.23218479067164 15
    endloop
  endfacet
  facet normal -0.2486898871648596 -0.9685831611286299 0
    outer loop
      vertex -21.943769410125096 16.711901729331277 15
      vertex -22.162713633745696 16.76811705131164 15
      vertex -21.943769410125096 16.711901729331277 0
    endloop
  endfacet
  facet normal -0.36812455268467775 -0.9297764858882515 0
    outer loop
      vertex -21.73359727518287 16.628688694438836 15
      vertex -21.943769410125096 16.711901729331277 15
      vertex -21.73359727518287 16.628688694438836 0
    endloop
  endfacet
  facet normal 0.9048270524660205 0.4257792915650706 0
    outer loop
      vertex -16.577352024078955 -23.367156613383088 0
      vertex -16.673597674598852 -23.16262419483242 0
      vertex -16.673597674598852 -23.16262419483242 15
    endloop
  endfacet
  facet normal 0.9510565162951534 0.30901699437494784 0
    outer loop
      vertex -16.673597674598852 -23.16262419483242 0
      vertex -16.743449690031536 -22.94764179689674 0
      vertex -16.743449690031536 -22.94764179689674 15
    endloop
  endfacet
  facet normal 0.9822872507286879 0.1873813145857287 0
    outer loop
      vertex -16.743449690031536 -22.94764179689674 0
      vertex -16.78580646236606 -22.72559982041575 0
      vertex -16.78580646236606 -22.72559982041575 15
    endloop
  endfacet
  facet normal 0.9980267284282716 0.06279051952931228 0
    outer loop
      vertex -16.78580646236606 -22.72559982041575 0
      vertex -16.8 -22.5 0
      vertex -16.8 -22.5 15
    endloop
  endfacet
  facet normal 0.9980267284282716 -0.06279051952931228 0
    outer loop
      vertex -16.8 -22.5 0
      vertex -16.78580646236606 -22.27440017958425 0
      vertex -16.78580646236606 -22.27440017958425 15
    endloop
  endfacet
  facet normal 0.9822872507286879 -0.1873813145857287 0
    outer loop
      vertex -16.78580646236606 -22.27440017958425 0
      vertex -16.743449690031536 -22.05235820310326 0
      vertex -16.743449690031536 -22.05235820310326 15
    endloop
  endfacet
  facet normal 0.5877852522924787 0.8090169943749435 0
    outer loop
      vertex -15.964488230962194 -24.019790265903627 0
      vertex -16.14736318154764 -23.88692383699642 0
      vertex -15.964488230962194 -24.019790265903627 15
    endloop
  endfacet
  facet normal 0.48175367410171643 0.8763066800438629 0
    outer loop
      vertex -15.76640272481713 -24.128688694438836 0
      vertex -15.964488230962194 -24.019790265903627 0
      vertex -15.76640272481713 -24.128688694438836 15
    endloop
  endfacet
  facet normal 0.3681245526846804 0.9297764858882503 0
    outer loop
      vertex -15.556230589874906 -24.211901729331277 0
      vertex -15.76640272481713 -24.128688694438836 0
      vertex -15.556230589874906 -24.211901729331277 15
    endloop
  endfacet
  facet normal 0.2486898871648577 0.9685831611286304 0
    outer loop
      vertex -15.337286366254304 -24.26811705131164 0
      vertex -15.556230589874906 -24.211901729331277 0
      vertex -15.337286366254304 -24.26811705131164 15
    endloop
  endfacet
  facet normal 0.1253332335642993 0.9921147013144785 0
    outer loop
      vertex -15.113022935152765 -24.29644811117089 0
      vertex -15.337286366254304 -24.26811705131164 0
      vertex -15.113022935152765 -24.29644811117089 15
    endloop
  endfacet
  facet normal 0 1 0
    outer loop
      vertex -14.886977064847235 -24.29644811117089 0
      vertex -15.113022935152765 -24.29644811117089 0
      vertex -14.886977064847235 -24.29644811117089 15
    endloop
  endfacet
  facet normal 0.7705132427757824 0.6374239897486981 0
    outer loop
      vertex -16.31214352935854 -23.73218479067164 0
      vertex -16.456230589874906 -23.558013454126453 0
      vertex -16.456230589874906 -23.558013454126453 15
    endloop
  endfacet
  facet normal 0.6845471059286873 0.7289686274214128 0
    outer loop
      vertex -16.14736318154764 -23.88692383699642 0
      vertex -16.31214352935854 -23.73218479067164 0
      vertex -16.14736318154764 -23.88692383699642 15
    endloop
  endfacet
  facet normal 0.8443279255020159 0.5358267949789955 0
    outer loop
      vertex -16.456230589874906 -23.558013454126453 0
      vertex -16.577352024078955 -23.367156613383088 0
      vertex -16.577352024078955 -23.367156613383088 15
    endloop
  endfacet
  facet normal 0.9510565162951534 -0.30901699437494784 0
    outer loop
      vertex -16.743449690031536 -22.05235820310326 0
      vertex -16.673597674598852 -21.83737580516758 0
      vertex -16.673597674598852 -21.83737580516758 15
    endloop
  endfacet
  facet normal 0.9048270524660205 -0.4257792915650706 0
    outer loop
      vertex -16.673597674598852 -21.83737580516758 0
      vertex -16.577352024078955 -21.632843386616912 0
      vertex -16.577352024078955 -21.632843386616912 15
    endloop
  endfacet
  facet normal 0.8443279255020159 -0.5358267949789955 0
    outer loop
      vertex -16.577352024078955 -21.632843386616912 0
      vertex -16.456230589874906 -21.441986545873547 0
      vertex -16.456230589874906 -21.441986545873547 15
    endloop
  endfacet
  facet normal 0.7705132427757824 -0.6374239897486981 0
    outer loop
      vertex -16.456230589874906 -21.441986545873547 0
      vertex -16.31214352935854 -21.26781520932836 0
      vertex -16.31214352935854 -21.26781520932836 15
    endloop
  endfacet
  facet normal 0.6845471059286873 -0.7289686274214128 0
    outer loop
      vertex -16.31214352935854 -21.26781520932836 0
      vertex -16.14736318154764 -21.11307616300358 0
      vertex -16.31214352935854 -21.26781520932836 15
    endloop
  endfacet
  facet normal 0.5877852522924787 -0.8090169943749435 0
    outer loop
      vertex -16.14736318154764 -21.11307616300358 0
      vertex -15.964488230962194 -20.980209734096373 0
      vertex -16.14736318154764 -21.11307616300358 15
    endloop
  endfacet
  facet normal 0.48175367410171643 -0.8763066800438629 0
    outer loop
      vertex -15.964488230962194 -20.980209734096373 0
      vertex -15.76640272481713 -20.871311305561164 0
      vertex -15.964488230962194 -20.980209734096373 15
    endloop
  endfacet
  facet normal 0.3681245526846804 -0.9297764858882503 0
    outer loop
      vertex -15.76640272481713 -20.871311305561164 0
      vertex -15.556230589874906 -20.788098270668723 0
      vertex -15.76640272481713 -20.871311305561164 15
    endloop
  endfacet
  facet normal 0.2486898871648577 -0.9685831611286304 0
    outer loop
      vertex -15.556230589874906 -20.788098270668723 0
      vertex -15.337286366254304 -20.73188294868836 0
      vertex -15.556230589874906 -20.788098270668723 15
    endloop
  endfacet
  facet normal 0.1253332335642983 -0.9921147013144785 0
    outer loop
      vertex -15.337286366254304 -20.73188294868836 0
      vertex -15.113022935152763 -20.70355188882911 0
      vertex -15.337286366254304 -20.73188294868836 15
    endloop
  endfacet
  facet normal 0 -1 0
    outer loop
      vertex -15.113022935152763 -20.70355188882911 0
      vertex -14.886977064847237 -20.70355188882911 0
      vertex -15.113022935152763 -20.70355188882911 15
    endloop
  endfacet
  facet normal -0.1253332335642983 -0.9921147013144785 0
    outer loop
      vertex -14.886977064847237 -20.70355188882911 0
      vertex -14.662713633745696 -20.73188294868836 0
      vertex -14.886977064847237 -20.70355188882911 15
    endloop
  endfacet
  facet normal -0.1253332335642993 0.9921147013144785 0
    outer loop
      vertex -14.662713633745696 -24.26811705131164 0
      vertex -14.886977064847235 -24.29644811117089 0
      vertex -14.662713633745696 -24.26811705131164 15
    endloop
  endfacet
  facet normal -0.2486898871648577 0.9685831611286304 0
    outer loop
      vertex -14.443769410125094 -24.211901729331277 0
      vertex -14.662713633745696 -24.26811705131164 0
      vertex -14.443769410125094 -24.211901729331277 15
    endloop
  endfacet
  facet normal -0.3681245526846804 0.9297764858882503 0
    outer loop
      vertex -14.23359727518287 -24.128688694438836 0
      vertex -14.443769410125094 -24.211901729331277 0
      vertex -14.23359727518287 -24.128688694438836 15
    endloop
  endfacet
  facet normal -0.48175367410171976 0.8763066800438611 0
    outer loop
      vertex -14.035511769037807 -24.019790265903627 0
      vertex -14.23359727518287 -24.128688694438836 0
      vertex -14.035511769037807 -24.019790265903627 15
    endloop
  endfacet
  facet normal -0.5877852522924711 0.8090169943749488 0
    outer loop
      vertex -13.852636818452359 -23.88692383699642 0
      vertex -14.035511769037807 -24.019790265903627 0
      vertex -13.852636818452359 -23.88692383699642 15
    endloop
  endfacet
  facet normal -0.6845471059286873 0.7289686274214128 0
    outer loop
      vertex -13.687856470641458 -23.73218479067164 0
      vertex -13.852636818452359 -23.88692383699642 0
      vertex -13.687856470641458 -23.73218479067164 15
    endloop
  endfacet
  facet normal -0.7705132427757861 0.6374239897486934 0
    outer loop
      vertex -13.687856470641458 -23.73218479067164 0
      vertex -13.687856470641458 -23.73218479067164 15
      vertex -13.543769410125094 -23.558013454126453 0
    endloop
  endfacet
  facet normal -0.8443279255020159 0.5358267949789955 0
    outer loop
      vertex -13.422647975921045 -23.367156613383088 0
      vertex -13.543769410125094 -23.558013454126453 0
      vertex -13.543769410125094 -23.558013454126453 15
    endloop
  endfacet
  facet normal -0.9048270524660205 0.4257792915650706 0
    outer loop
      vertex -13.326402325401148 -23.16262419483242 0
      vertex -13.422647975921045 -23.367156613383088 0
      vertex -13.422647975921045 -23.367156613383088 15
    endloop
  endfacet
  facet normal -0.9510565162951534 0.30901699437494784 0
    outer loop
      vertex -13.256550309968464 -22.94764179689674 0
      vertex -13.326402325401148 -23.16262419483242 0
      vertex -13.326402325401148 -23.16262419483242 15
    endloop
  endfacet
  facet normal -0.9822872507286879 0.1873813145857287 0
    outer loop
      vertex -13.214193537633939 -22.72559982041575 0
      vertex -13.256550309968464 -22.94764179689674 0
      vertex -13.256550309968464 -22.94764179689674 15
    endloop
  endfacet
  facet normal -0.9980267284282716 0.06279051952931228 0
    outer loop
      vertex -13.2 -22.5 0
      vertex -13.214193537633939 -22.72559982041575 0
      vertex -13.214193537633939 -22.72559982041575 15
    endloop
  endfacet
  facet normal -0.9980267284282716 -0.06279051952931228 0
    outer loop
      vertex -13.214193537633939 -22.27440017958425 0
      vertex -13.2 -22.5 0
      vertex -13.2 -22.5 15
    endloop
  endfacet
  facet normal -0.9822872507286879 -0.1873813145857287 0
    outer loop
      vertex -13.256550309968464 -22.05235820310326 0
      vertex -13.214193537633939 -22.27440017958425 0
      vertex -13.214193537633939 -22.27440017958425 15
    endloop
  endfacet
  facet normal -0.2486898871648577 -0.9685831611286304 0
    outer loop
      vertex -14.662713633745696 -20.73188294868836 0
      vertex -14.443769410125094 -20.788098270668723 0
      vertex -14.662713633745696 -20.73188294868836 15
    endloop
  endfacet
  facet normal -0.3681245526846804 -0.9297764858882503 0
    outer loop
      vertex -14.443769410125094 -20.788098270668723 0
      vertex -14.23359727518287 -20.871311305561164 0
      vertex -14.443769410125094 -20.788098270668723 15
    endloop
  endfacet
  facet normal -0.48175367410171643 -0.8763066800438629 0
    outer loop
      vertex -14.23359727518287 -20.871311305561164 0
      vertex -14.035511769037806 -20.980209734096373 0
      vertex -14.23359727518287 -20.871311305561164 15
    endloop
  endfacet
  facet normal -0.5877852522924749 -0.8090169943749461 0
    outer loop
      vertex -14.035511769037806 -20.980209734096373 0
      vertex -13.852636818452359 -21.11307616300358 0
      vertex -14.035511769037806 -20.980209734096373 15
    endloop
  endfacet
  facet normal -0.8443279255020159 -0.5358267949789955 0
    outer loop
      vertex -13.543769410125094 -21.441986545873547 0
      vertex -13.422647975921045 -21.632843386616912 0
      vertex -13.422647975921045 -21.632843386616912 15
    endloop
  endfacet
  facet normal -0.7705132427757824 -0.6374239897486981 0
    outer loop
      vertex -13.68785647064146 -21.26781520932836 0
      vertex -13.543769410125094 -21.441986545873547 0
      vertex -13.543769410125094 -21.441986545873547 15
    endloop
  endfacet
  facet normal -0.9510565162951534 -0.30901699437494784 0
    outer loop
      vertex -13.326402325401148 -21.83737580516758 0
      vertex -13.256550309968464 -22.05235820310326 0
      vertex -13.256550309968464 -22.05235820310326 15
    endloop
  endfacet
  facet normal -0.9048270524660205 -0.4257792915650706 0
    outer loop
      vertex -13.422647975921045 -21.632843386616912 0
      vertex -13.326402325401148 -21.83737580516758 0
      vertex -13.326402325401148 -21.83737580516758 15
    endloop
  endfacet
  facet normal -0.6845471059286912 -0.7289686274214091 0
    outer loop
      vertex -13.852636818452359 -21.11307616300358 0
      vertex -13.68785647064146 -21.26781520932836 0
      vertex -13.852636818452359 -21.11307616300358 15
    endloop
  endfacet
  facet normal 0.9048270524660205 0.4257792915650706 0
    outer loop
      vertex -16.577352024078955 -23.367156613383088 0
      vertex -16.673597674598852 -23.16262419483242 15
      vertex -16.577352024078955 -23.367156613383088 15
    endloop
  endfacet
  facet normal 0.9510565162951534 0.30901699437494784 0
    outer loop
      vertex -16.673597674598852 -23.16262419483242 0
      vertex -16.743449690031536 -22.94764179689674 15
      vertex -16.673597674598852 -23.16262419483242 15
    endloop
  endfacet
  facet normal 0.9822872507286879 0.1873813145857287 0
    outer loop
      vertex -16.743449690031536 -22.94764179689674 0
      vertex -16.78580646236606 -22.72559982041575 15
      vertex -16.743449690031536 -22.94764179689674 15
    endloop
  endfacet
  facet normal 0.9980267284282716 0.06279051952931228 0
    outer loop
      vertex -16.78580646236606 -22.72559982041575 0
      vertex -16.8 -22.5 15
      vertex -16.78580646236606 -22.72559982041575 15
    endloop
  endfacet
  facet normal 0.9980267284282716 -0.06279051952931228 0
    outer loop
      vertex -16.78580646236606 -22.27440017958425 15
      vertex -16.8 -22.5 15
      vertex -16.8 -22.5 0
    endloop
  endfacet
  facet normal 0.9822872507286879 -0.1873813145857287 0
    outer loop
      vertex -16.78580646236606 -22.27440017958425 0
      vertex -16.743449690031536 -22.05235820310326 15
      vertex -16.78580646236606 -22.27440017958425 15
    endloop
  endfacet
  facet normal 0.48175367410171643 0.8763066800438629 0
    outer loop
      vertex -15.964488230962194 -24.019790265903627 15
      vertex -15.76640272481713 -24.128688694438836 15
      vertex -15.964488230962194 -24.019790265903627 0
    endloop
  endfacet
  facet normal 0.3681245526846804 0.9297764858882503 0
    outer loop
      vertex -15.76640272481713 -24.128688694438836 15
      vertex -15.556230589874906 -24.211901729331277 15
      vertex -15.76640272481713 -24.128688694438836 0
    endloop
  endfacet
  facet normal 0.2486898871648577 0.9685831611286304 0
    outer loop
      vertex -15.556230589874906 -24.211901729331277 15
      vertex -15.337286366254304 -24.26811705131164 15
      vertex -15.556230589874906 -24.211901729331277 0
    endloop
  endfacet
  facet normal 0.1253332335642993 0.9921147013144785 0
    outer loop
      vertex -15.337286366254304 -24.26811705131164 15
      vertex -15.113022935152765 -24.29644811117089 15
      vertex -15.337286366254304 -24.26811705131164 0
    endloop
  endfacet
  facet normal 0 1 0
    outer loop
      vertex -15.113022935152765 -24.29644811117089 15
      vertex -14.886977064847235 -24.29644811117089 15
      vertex -15.113022935152765 -24.29644811117089 0
    endloop
  endfacet
  facet normal -0.1253332335642993 0.9921147013144785 0
    outer loop
      vertex -14.886977064847235 -24.29644811117089 15
      vertex -14.662713633745696 -24.26811705131164 15
      vertex -14.886977064847235 -24.29644811117089 0
    endloop
  endfacet
  facet normal 0.6845471059286873 0.7289686274214128 0
    outer loop
      vertex -16.31214352935854 -23.73218479067164 0
      vertex -16.31214352935854 -23.73218479067164 15
      vertex -16.14736318154764 -23.88692383699642 15
    endloop
  endfacet
  facet normal 0.7705132427757824 0.6374239897486981 0
    outer loop
      vertex -16.31214352935854 -23.73218479067164 0
      vertex -16.456230589874906 -23.558013454126453 15
      vertex -16.31214352935854 -23.73218479067164 15
    endloop
  endfacet
  facet normal 0.8443279255020159 0.5358267949789955 0
    outer loop
      vertex -16.456230589874906 -23.558013454126453 0
      vertex -16.577352024078955 -23.367156613383088 15
      vertex -16.456230589874906 -23.558013454126453 15
    endloop
  endfacet
  facet normal 0.5877852522924787 0.8090169943749435 0
    outer loop
      vertex -16.14736318154764 -23.88692383699642 15
      vertex -15.964488230962194 -24.019790265903627 15
      vertex -16.14736318154764 -23.88692383699642 0
    endloop
  endfacet
  facet normal 0.9510565162951534 -0.30901699437494784 0
    outer loop
      vertex -16.743449690031536 -22.05235820310326 0
      vertex -16.673597674598852 -21.83737580516758 15
      vertex -16.743449690031536 -22.05235820310326 15
    endloop
  endfacet
  facet normal 0.9048270524660205 -0.4257792915650706 0
    outer loop
      vertex -16.673597674598852 -21.83737580516758 0
      vertex -16.577352024078955 -21.632843386616912 15
      vertex -16.673597674598852 -21.83737580516758 15
    endloop
  endfacet
  facet normal 0.8443279255020159 -0.5358267949789955 0
    outer loop
      vertex -16.456230589874906 -21.441986545873547 15
      vertex -16.577352024078955 -21.632843386616912 15
      vertex -16.577352024078955 -21.632843386616912 0
    endloop
  endfacet
  facet normal 0.7705132427757824 -0.6374239897486981 0
    outer loop
      vertex -16.456230589874906 -21.441986545873547 0
      vertex -16.31214352935854 -21.26781520932836 15
      vertex -16.456230589874906 -21.441986545873547 15
    endloop
  endfacet
  facet normal 0.6845471059286873 -0.7289686274214128 0
    outer loop
      vertex -16.14736318154764 -21.11307616300358 15
      vertex -16.31214352935854 -21.26781520932836 15
      vertex -16.14736318154764 -21.11307616300358 0
    endloop
  endfacet
  facet normal 0.5877852522924787 -0.8090169943749435 0
    outer loop
      vertex -15.964488230962194 -20.980209734096373 15
      vertex -16.14736318154764 -21.11307616300358 15
      vertex -15.964488230962194 -20.980209734096373 0
    endloop
  endfacet
  facet normal 0.48175367410171643 -0.8763066800438629 0
    outer loop
      vertex -15.76640272481713 -20.871311305561164 15
      vertex -15.964488230962194 -20.980209734096373 15
      vertex -15.76640272481713 -20.871311305561164 0
    endloop
  endfacet
  facet normal 0.3681245526846804 -0.9297764858882503 0
    outer loop
      vertex -15.556230589874906 -20.788098270668723 15
      vertex -15.76640272481713 -20.871311305561164 15
      vertex -15.556230589874906 -20.788098270668723 0
    endloop
  endfacet
  facet normal 0.2486898871648577 -0.9685831611286304 0
    outer loop
      vertex -15.337286366254304 -20.73188294868836 15
      vertex -15.556230589874906 -20.788098270668723 15
      vertex -15.337286366254304 -20.73188294868836 0
    endloop
  endfacet
  facet normal 0.1253332335642983 -0.9921147013144785 0
    outer loop
      vertex -15.113022935152763 -20.70355188882911 15
      vertex -15.337286366254304 -20.73188294868836 15
      vertex -15.113022935152763 -20.70355188882911 0
    endloop
  endfacet
  facet normal 0 -1 0
    outer loop
      vertex -14.886977064847237 -20.70355188882911 15
      vertex -15.113022935152763 -20.70355188882911 15
      vertex -14.886977064847237 -20.70355188882911 0
    endloop
  endfacet
  facet normal -0.2486898871648577 0.9685831611286304 0
    outer loop
      vertex -14.662713633745696 -24.26811705131164 15
      vertex -14.443769410125094 -24.211901729331277 15
      vertex -14.662713633745696 -24.26811705131164 0
    endloop
  endfacet
  facet normal -0.3681245526846804 0.9297764858882503 0
    outer loop
      vertex -14.443769410125094 -24.211901729331277 15
      vertex -14.23359727518287 -24.128688694438836 15
      vertex -14.443769410125094 -24.211901729331277 0
    endloop
  endfacet
  facet normal -0.48175367410171976 0.8763066800438611 0
    outer loop
      vertex -14.23359727518287 -24.128688694438836 15
      vertex -14.035511769037807 -24.019790265903627 15
      vertex -14.23359727518287 -24.128688694438836 0
    endloop
  endfacet
  facet normal -0.5877852522924711 0.8090169943749488 0
    outer loop
      vertex -14.035511769037807 -24.019790265903627 15
      vertex -13.852636818452359 -23.88692383699642 15
      vertex -14.035511769037807 -24.019790265903627 0
    endloop
  endfacet
  facet normal -0.6845471059286873 0.7289686274214128 0
    outer loop
      vertex -13.852636818452359 -23.88692383699642 15
      vertex -13.687856470641458 -23.73218479067164 15
      vertex -13.852636818452359 -23.88692383699642 0
    endloop
  endfacet
  facet normal -0.7705132427757861 0.6374239897486934 0
    outer loop
      vertex -13.543769410125094 -23.558013454126453 0
      vertex -13.687856470641458 -23.73218479067164 15
      vertex -13.543769410125094 -23.558013454126453 15
    endloop
  endfacet
  facet normal -0.8443279255020159 0.5358267949789955 0
    outer loop
      vertex -13.422647975921045 -23.367156613383088 0
      vertex -13.543769410125094 -23.558013454126453 15
      vertex -13.422647975921045 -23.367156613383088 15
    endloop
  endfacet
  facet normal -0.9048270524660205 0.4257792915650706 0
    outer loop
      vertex -13.326402325401148 -23.16262419483242 0
      vertex -13.422647975921045 -23.367156613383088 15
      vertex -13.326402325401148 -23.16262419483242 15
    endloop
  endfacet
  facet normal -0.9510565162951534 0.30901699437494784 0
    outer loop
      vertex -13.256550309968464 -22.94764179689674 0
      vertex -13.326402325401148 -23.16262419483242 15
      vertex -13.256550309968464 -22.94764179689674 15
    endloop
  endfacet
  facet normal -0.9822872507286879 0.1873813145857287 0
    outer loop
      vertex -13.214193537633939 -22.72559982041575 0
      vertex -13.256550309968464 -22.94764179689674 15
      vertex -13.214193537633939 -22.72559982041575 15
    endloop
  endfacet
  facet normal -0.9980267284282716 0.06279051952931228 0
    outer loop
      vertex -13.2 -22.5 0
      vertex -13.214193537633939 -22.72559982041575 15
      vertex -13.2 -22.5 15
    endloop
  endfacet
  facet normal -0.9980267284282716 -0.06279051952931228 0
    outer loop
      vertex -13.214193537633939 -22.27440017958425 0
      vertex -13.2 -22.5 15
      vertex -13.214193537633939 -22.27440017958425 15
    endloop
  endfacet
  facet normal -0.9822872507286879 -0.1873813145857287 0
    outer loop
      vertex -13.256550309968464 -22.05235820310326 0
      vertex -13.214193537633939 -22.27440017958425 15
      vertex -13.256550309968464 -22.05235820310326 15
    endloop
  endfacet
  facet normal -0.2486898871648577 -0.9685831611286304 0
    outer loop
      vertex -14.443769410125094 -20.788098270668723 15
      vertex -14.662713633745696 -20.73188294868836 15
      vertex -14.443769410125094 -20.788098270668723 0
    endloop
  endfacet
  facet normal -0.3681245526846804 -0.9297764858882503 0
    outer loop
      vertex -14.23359727518287 -20.871311305561164 15
      vertex -14.443769410125094 -20.788098270668723 15
      vertex -14.23359727518287 -20.871311305561164 0
    endloop
  endfacet
  facet normal -0.1253332335642983 -0.9921147013144785 0
    outer loop
      vertex -14.662713633745696 -20.73188294868836 15
      vertex -14.886977064847237 -20.70355188882911 15
      vertex -14.662713633745696 -20.73188294868836 0
    endloop
  endfacet
  facet normal -0.48175367410171643 -0.8763066800438629 0
    outer loop
      vertex -14.035511769037806 -20.980209734096373 15
      vertex -14.23359727518287 -20.871311305561164 15
      vertex -14.035511769037806 -20.980209734096373 0
    endloop
  endfacet
  facet normal -0.5877852522924749 -0.8090169943749461 0
    outer loop
      vertex -13.852636818452359 -21.11307616300358 15
      vertex -14.035511769037806 -20.980209734096373 15
      vertex -13.852636818452359 -21.11307616300358 0
    endloop
  endfacet
  facet normal -0.9048270524660205 -0.4257792915650706 0
    outer loop
      vertex -13.422647975921045 -21.632843386616912 0
      vertex -13.326402325401148 -21.83737580516758 15
      vertex -13.422647975921045 -21.632843386616912 15
    endloop
  endfacet
  facet normal -0.6845471059286912 -0.7289686274214091 0
    outer loop
      vertex -13.68785647064146 -21.26781520932836 0
      vertex -13.68785647064146 -21.26781520932836 15
      vertex -13.852636818452359 -21.11307616300358 15
    endloop
  endfacet
  facet normal -0.7705132427757824 -0.6374239897486981 0
    outer loop
      vertex -13.68785647064146 -21.26781520932836 0
      vertex -13.543769410125094 -21.441986545873547 15
      vertex -13.68785647064146 -21.26781520932836 15
    endloop
  endfacet
  facet normal -0.8443279255020159 -0.5358267949789955 0
    outer loop
      vertex -13.543769410125094 -21.441986545873547 0
      vertex -13.422647975921045 -21.632843386616912 15
      vertex -13.543769410125094 -21.441986545873547 15
    endloop
  endfacet
  facet normal -0.9510565162951534 -0.30901699437494784 0
    outer loop
      vertex -13.326402325401148 -21.83737580516758 0
      vertex -13.256550309968464 -22.05235820310326 15
      vertex -13.326402325401148 -21.83737580516758 15
    endloop
  endfacet
  facet normal 0.5877852522924742 0.8090169943749466 0
    outer loop
      vertex -0.9644882309621942 -24.019790265903627 0
      vertex -1.1473631815476413 -23.88692383699642 0
      vertex -0.9644882309621942 -24.019790265903627 15
    endloop
  endfacet
  facet normal 0.4817536741017177 0.8763066800438623 0
    outer loop
      vertex -0.7664027248171305 -24.128688694438836 0
      vertex -0.9644882309621942 -24.019790265903627 0
      vertex -0.7664027248171305 -24.128688694438836 15
    endloop
  endfacet
  facet normal 0.36812455268467964 0.9297764858882508 0
    outer loop
      vertex -0.5562305898749054 -24.211901729331277 0
      vertex -0.7664027248171305 -24.128688694438836 0
      vertex -0.5562305898749054 -24.211901729331277 15
    endloop
  endfacet
  facet normal 0.2486898871648587 0.9685831611286301 0
    outer loop
      vertex -0.3372863662543047 -24.26811705131164 0
      vertex -0.5562305898749054 -24.211901729331277 0
      vertex -0.3372863662543047 -24.26811705131164 15
    endloop
  endfacet
  facet normal 0.1253332335642988 0.9921147013144787 0
    outer loop
      vertex -0.11302293515276478 -24.29644811117089 0
      vertex -0.3372863662543047 -24.26811705131164 0
      vertex -0.11302293515276478 -24.29644811117089 15
    endloop
  endfacet
  facet normal 0.7705132427757857 0.6374239897486941 0
    outer loop
      vertex -1.312143529358541 -23.73218479067164 0
      vertex -1.4562305898749055 -23.558013454126453 0
      vertex -1.4562305898749055 -23.558013454126453 15
    endloop
  endfacet
  facet normal 0.9048270524660186 0.4257792915650746 0
    outer loop
      vertex -1.5773520240789543 -23.367156613383088 0
      vertex -1.6735976745988526 -23.16262419483242 0
      vertex -1.6735976745988526 -23.16262419483242 15
    endloop
  endfacet
  facet normal 0.8443279255020167 0.5358267949789941 0
    outer loop
      vertex -1.4562305898749055 -23.558013454126453 0
      vertex -1.5773520240789543 -23.367156613383088 0
      vertex -1.5773520240789543 -23.367156613383088 15
    endloop
  endfacet
  facet normal 0.6845471059286887 0.7289686274214114 0
    outer loop
      vertex -1.1473631815476413 -23.88692383699642 0
      vertex -1.312143529358541 -23.73218479067164 0
      vertex -1.1473631815476413 -23.88692383699642 15
    endloop
  endfacet
  facet normal 0.9510565162951536 0.3090169943749469 0
    outer loop
      vertex -1.6735976745988526 -23.16262419483242 0
      vertex -1.743449690031536 -22.94764179689674 0
      vertex -1.743449690031536 -22.94764179689674 15
    endloop
  endfacet
  facet normal 0.9822872507286887 0.18738131458572493 0
    outer loop
      vertex -1.743449690031536 -22.94764179689674 0
      vertex -1.78580646236606 -22.72559982041575 0
      vertex -1.78580646236606 -22.72559982041575 15
    endloop
  endfacet
  facet normal 0.9980267284282716 0.06279051952931326 0
    outer loop
      vertex -1.78580646236606 -22.72559982041575 0
      vertex -1.8 -22.5 0
      vertex -1.8 -22.5 15
    endloop
  endfacet
  facet normal 0.9980267284282716 -0.06279051952931326 0
    outer loop
      vertex -1.8 -22.5 0
      vertex -1.78580646236606 -22.27440017958425 0
      vertex -1.78580646236606 -22.27440017958425 15
    endloop
  endfacet
  facet normal 0.9822872507286887 -0.18738131458572493 0
    outer loop
      vertex -1.78580646236606 -22.27440017958425 0
      vertex -1.743449690031536 -22.05235820310326 0
      vertex -1.743449690031536 -22.05235820310326 15
    endloop
  endfacet
  facet normal 0.9510565162951536 -0.3090169943749469 0
    outer loop
      vertex -1.743449690031536 -22.05235820310326 0
      vertex -1.6735976745988526 -21.83737580516758 0
      vertex -1.6735976745988526 -21.83737580516758 15
    endloop
  endfacet
  facet normal 0.9048270524660186 -0.4257792915650746 0
    outer loop
      vertex -1.6735976745988526 -21.83737580516758 0
      vertex -1.5773520240789543 -21.632843386616912 0
      vertex -1.5773520240789543 -21.632843386616912 15
    endloop
  endfacet
  facet normal 0.8443279255020167 -0.5358267949789941 0
    outer loop
      vertex -1.5773520240789543 -21.632843386616912 0
      vertex -1.4562305898749055 -21.441986545873547 0
      vertex -1.4562305898749055 -21.441986545873547 15
    endloop
  endfacet
  facet normal 0.7705132427757857 -0.6374239897486941 0
    outer loop
      vertex -1.4562305898749055 -21.441986545873547 0
      vertex -1.312143529358541 -21.26781520932836 0
      vertex -1.312143529358541 -21.26781520932836 15
    endloop
  endfacet
  facet normal 0.6845471059286887 -0.7289686274214114 0
    outer loop
      vertex -1.312143529358541 -21.26781520932836 0
      vertex -1.1473631815476413 -21.11307616300358 0
      vertex -1.312143529358541 -21.26781520932836 15
    endloop
  endfacet
  facet normal 0.5877852522924742 -0.8090169943749466 0
    outer loop
      vertex -1.1473631815476413 -21.11307616300358 0
      vertex -0.9644882309621942 -20.980209734096373 0
      vertex -1.1473631815476413 -21.11307616300358 15
    endloop
  endfacet
  facet normal 0.4817536741017186 -0.8763066800438618 0
    outer loop
      vertex -0.9644882309621942 -20.980209734096373 0
      vertex -0.7664027248171309 -20.871311305561164 0
      vertex -0.9644882309621942 -20.980209734096373 15
    endloop
  endfacet
  facet normal 0.3681245526846789 -0.9297764858882511 0
    outer loop
      vertex -0.7664027248171309 -20.871311305561164 0
      vertex -0.5562305898749054 -20.788098270668723 0
      vertex -0.7664027248171309 -20.871311305561164 15
    endloop
  endfacet
  facet normal 0.24868988716485824 -0.9685831611286302 0
    outer loop
      vertex -0.5562305898749054 -20.788098270668723 0
      vertex -0.33728636625430425 -20.73188294868836 0
      vertex -0.5562305898749054 -20.788098270668723 15
    endloop
  endfacet
  facet normal 0.12533323356429854 -0.9921147013144785 0
    outer loop
      vertex -0.33728636625430425 -20.73188294868836 0
      vertex -0.1130229351527639 -20.70355188882911 0
      vertex -0.33728636625430425 -20.73188294868836 15
    endloop
  endfacet
  facet normal 0 -1 0
    outer loop
      vertex -0.1130229351527639 -20.70355188882911 0
      vertex 0.1130229351527639 -20.70355188882911 0
      vertex -0.1130229351527639 -20.70355188882911 15
    endloop
  endfacet
  facet normal 0.4817536741017177 0.8763066800438623 0
    outer loop
      vertex -0.9644882309621942 -24.019790265903627 15
      vertex -0.7664027248171305 -24.128688694438836 15
      vertex -0.9644882309621942 -24.019790265903627 0
    endloop
  endfacet
  facet normal 0.36812455268467964 0.9297764858882508 0
    outer loop
      vertex -0.7664027248171305 -24.128688694438836 15
      vertex -0.5562305898749054 -24.211901729331277 15
      vertex -0.7664027248171305 -24.128688694438836 0
    endloop
  endfacet
  facet normal 0.2486898871648587 0.9685831611286301 0
    outer loop
      vertex -0.5562305898749054 -24.211901729331277 15
      vertex -0.3372863662543047 -24.26811705131164 15
      vertex -0.5562305898749054 -24.211901729331277 0
    endloop
  endfacet
  facet normal 0.1253332335642988 0.9921147013144787 0
    outer loop
      vertex -0.3372863662543047 -24.26811705131164 15
      vertex -0.11302293515276478 -24.29644811117089 15
      vertex -0.3372863662543047 -24.26811705131164 0
    endloop
  endfacet
  facet normal 0 1 0
    outer loop
      vertex -0.11302293515276478 -24.29644811117089 15
      vertex 0.11302293515276478 -24.29644811117089 15
      vertex -0.11302293515276478 -24.29644811117089 0
    endloop
  endfacet
  facet normal 0.9510565162951536 0.3090169943749469 0
    outer loop
      vertex -1.6735976745988526 -23.16262419483242 0
      vertex -1.743449690031536 -22.94764179689674 15
      vertex -1.6735976745988526 -23.16262419483242 15
    endloop
  endfacet
  facet normal 0.9048270524660186 0.4257792915650746 0
    outer loop
      vertex -1.5773520240789543 -23.367156613383088 0
      vertex -1.6735976745988526 -23.16262419483242 15
      vertex -1.5773520240789543 -23.367156613383088 15
    endloop
  endfacet
  facet normal 0.8443279255020167 0.5358267949789941 0
    outer loop
      vertex -1.4562305898749055 -23.558013454126453 0
      vertex -1.5773520240789543 -23.367156613383088 15
      vertex -1.4562305898749055 -23.558013454126453 15
    endloop
  endfacet
  facet normal 0.6845471059286887 0.7289686274214114 0
    outer loop
      vertex -1.312143529358541 -23.73218479067164 0
      vertex -1.312143529358541 -23.73218479067164 15
      vertex -1.1473631815476413 -23.88692383699642 15
    endloop
  endfacet
  facet normal 0.7705132427757857 0.6374239897486941 0
    outer loop
      vertex -1.312143529358541 -23.73218479067164 0
      vertex -1.4562305898749055 -23.558013454126453 15
      vertex -1.312143529358541 -23.73218479067164 15
    endloop
  endfacet
  facet normal 0.5877852522924742 0.8090169943749466 0
    outer loop
      vertex -1.1473631815476413 -23.88692383699642 15
      vertex -0.9644882309621942 -24.019790265903627 15
      vertex -1.1473631815476413 -23.88692383699642 0
    endloop
  endfacet
  facet normal 0.9822872507286887 0.18738131458572493 0
    outer loop
      vertex -1.743449690031536 -22.94764179689674 0
      vertex -1.78580646236606 -22.72559982041575 15
      vertex -1.743449690031536 -22.94764179689674 15
    endloop
  endfacet
  facet normal 0.9980267284282716 0.06279051952931326 0
    outer loop
      vertex -1.78580646236606 -22.72559982041575 0
      vertex -1.8 -22.5 15
      vertex -1.78580646236606 -22.72559982041575 15
    endloop
  endfacet
  facet normal 0.9980267284282716 -0.06279051952931326 0
    outer loop
      vertex -1.8 -22.5 0
      vertex -1.78580646236606 -22.27440017958425 15
      vertex -1.8 -22.5 15
    endloop
  endfacet
  facet normal 0.9822872507286887 -0.18738131458572493 0
    outer loop
      vertex -1.78580646236606 -22.27440017958425 0
      vertex -1.743449690031536 -22.05235820310326 15
      vertex -1.78580646236606 -22.27440017958425 15
    endloop
  endfacet
  facet normal 0.9510565162951536 -0.3090169943749469 0
    outer loop
      vertex -1.6735976745988526 -21.83737580516758 15
      vertex -1.743449690031536 -22.05235820310326 15
      vertex -1.743449690031536 -22.05235820310326 0
    endloop
  endfacet
  facet normal 0.9048270524660186 -0.4257792915650746 0
    outer loop
      vertex -1.6735976745988526 -21.83737580516758 0
      vertex -1.5773520240789543 -21.632843386616912 15
      vertex -1.6735976745988526 -21.83737580516758 15
    endloop
  endfacet
  facet normal 0.8443279255020167 -0.5358267949789941 0
    outer loop
      vertex -1.5773520240789543 -21.632843386616912 0
      vertex -1.4562305898749055 -21.441986545873547 15
      vertex -1.5773520240789543 -21.632843386616912 15
    endloop
  endfacet
  facet normal 0.7705132427757857 -0.6374239897486941 0
    outer loop
      vertex -1.4562305898749055 -21.441986545873547 0
      vertex -1.312143529358541 -21.26781520932836 15
      vertex -1.4562305898749055 -21.441986545873547 15
    endloop
  endfacet
  facet normal 0.6845471059286887 -0.7289686274214114 0
    outer loop
      vertex -1.1473631815476413 -21.11307616300358 15
      vertex -1.312143529358541 -21.26781520932836 15
      vertex -1.1473631815476413 -21.11307616300358 0
    endloop
  endfacet
  facet normal 0.5877852522924742 -0.8090169943749466 0
    outer loop
      vertex -0.9644882309621942 -20.980209734096373 15
      vertex -1.1473631815476413 -21.11307616300358 15
      vertex -0.9644882309621942 -20.980209734096373 0
    endloop
  endfacet
  facet normal 0.4817536741017186 -0.8763066800438618 0
    outer loop
      vertex -0.7664027248171309 -20.871311305561164 15
      vertex -0.9644882309621942 -20.980209734096373 15
      vertex -0.7664027248171309 -20.871311305561164 0
    endloop
  endfacet
  facet normal 0.3681245526846789 -0.9297764858882511 0
    outer loop
      vertex -0.5562305898749054 -20.788098270668723 15
      vertex -0.7664027248171309 -20.871311305561164 15
      vertex -0.5562305898749054 -20.788098270668723 0
    endloop
  endfacet
  facet normal 0.24868988716485824 -0.9685831611286302 0
    outer loop
      vertex -0.33728636625430425 -20.73188294868836 15
      vertex -0.5562305898749054 -20.788098270668723 15
      vertex -0.33728636625430425 -20.73188294868836 0
    endloop
  endfacet
  facet normal 0.12533323356429854 -0.9921147013144785 0
    outer loop
      vertex -0.1130229351527639 -20.70355188882911 15
      vertex -0.33728636625430425 -20.73188294868836 15
      vertex -0.1130229351527639 -20.70355188882911 0
    endloop
  endfacet
  facet normal 0 1 0
    outer loop
      vertex -0.11302293515276478 -24.29644811117089 0
      vertex 0.11302293515276478 -24.29644811117089 15
      vertex 0.11302293515276478 -24.29644811117089 0
    endloop
  endfacet
  facet normal -0.1253332335642988 0.9921147013144787 0
    outer loop
      vertex 0.3372863662543047 -24.26811705131164 0
      vertex 0.11302293515276478 -24.29644811117089 0
      vertex 0.3372863662543047 -24.26811705131164 15
    endloop
  endfacet
  facet normal -0.2486898871648587 0.9685831611286301 0
    outer loop
      vertex 0.5562305898749054 -24.211901729331277 0
      vertex 0.3372863662543047 -24.26811705131164 0
      vertex 0.5562305898749054 -24.211901729331277 15
    endloop
  endfacet
  facet normal -0.36812455268467964 0.9297764858882508 0
    outer loop
      vertex 0.7664027248171305 -24.128688694438836 0
      vertex 0.5562305898749054 -24.211901729331277 0
      vertex 0.7664027248171305 -24.128688694438836 15
    endloop
  endfacet
  facet normal -0.4817536741017196 0.8763066800438613 0
    outer loop
      vertex 0.9644882309621932 -24.019790265903627 0
      vertex 0.7664027248171305 -24.128688694438836 0
      vertex 0.9644882309621932 -24.019790265903627 15
    endloop
  endfacet
  facet normal -0.5877852522924707 0.8090169943749492 0
    outer loop
      vertex 1.147363181547642 -23.88692383699642 0
      vertex 0.9644882309621932 -24.019790265903627 0
      vertex 1.147363181547642 -23.88692383699642 15
    endloop
  endfacet
  facet normal -0.6845471059286902 0.7289686274214101 0
    outer loop
      vertex 1.312143529358541 -23.73218479067164 0
      vertex 1.147363181547642 -23.88692383699642 0
      vertex 1.312143529358541 -23.73218479067164 15
    endloop
  endfacet
  facet normal -0.7705132427757857 0.6374239897486941 0
    outer loop
      vertex 1.312143529358541 -23.73218479067164 0
      vertex 1.312143529358541 -23.73218479067164 15
      vertex 1.4562305898749055 -23.558013454126453 0
    endloop
  endfacet
  facet normal -0.8443279255020167 0.5358267949789941 0
    outer loop
      vertex 1.5773520240789543 -23.367156613383088 0
      vertex 1.4562305898749055 -23.558013454126453 0
      vertex 1.4562305898749055 -23.558013454126453 15
    endloop
  endfacet
  facet normal -0.9048270524660189 0.4257792915650738 0
    outer loop
      vertex 1.6735976745988523 -23.16262419483242 0
      vertex 1.5773520240789543 -23.367156613383088 0
      vertex 1.5773520240789543 -23.367156613383088 15
    endloop
  endfacet
  facet normal -0.9510565162951531 0.3090169943749487 0
    outer loop
      vertex 1.7434496900315362 -22.94764179689674 0
      vertex 1.6735976745988523 -23.16262419483242 0
      vertex 1.6735976745988523 -23.16262419483242 15
    endloop
  endfacet
  facet normal -0.9822872507286888 0.18738131458572396 0
    outer loop
      vertex 1.78580646236606 -22.72559982041575 0
      vertex 1.7434496900315362 -22.94764179689674 0
      vertex 1.7434496900315362 -22.94764179689674 15
    endloop
  endfacet
  facet normal -0.9980267284282716 0.06279051952931326 0
    outer loop
      vertex 1.8 -22.5 0
      vertex 1.78580646236606 -22.72559982041575 0
      vertex 1.78580646236606 -22.72559982041575 15
    endloop
  endfacet
  facet normal -0.9980267284282716 -0.06279051952931326 0
    outer loop
      vertex 1.78580646236606 -22.27440017958425 0
      vertex 1.8 -22.5 0
      vertex 1.8 -22.5 15
    endloop
  endfacet
  facet normal -0.9822872507286887 -0.18738131458572493 0
    outer loop
      vertex 1.743449690031536 -22.05235820310326 0
      vertex 1.78580646236606 -22.27440017958425 0
      vertex 1.78580646236606 -22.27440017958425 15
    endloop
  endfacet
  facet normal -0.24868988716485824 -0.9685831611286302 0
    outer loop
      vertex 0.33728636625430425 -20.73188294868836 0
      vertex 0.5562305898749054 -20.788098270668723 0
      vertex 0.33728636625430425 -20.73188294868836 15
    endloop
  endfacet
  facet normal -0.12533323356429854 -0.9921147013144785 0
    outer loop
      vertex 0.1130229351527639 -20.70355188882911 0
      vertex 0.33728636625430425 -20.73188294868836 0
      vertex 0.1130229351527639 -20.70355188882911 15
    endloop
  endfacet
  facet normal -0.3681245526846789 -0.9297764858882511 0
    outer loop
      vertex 0.5562305898749054 -20.788098270668723 0
      vertex 0.7664027248171309 -20.871311305561164 0
      vertex 0.5562305898749054 -20.788098270668723 15
    endloop
  endfacet
  facet normal -0.48175367410171877 -0.8763066800438617 0
    outer loop
      vertex 0.7664027248171309 -20.871311305561164 0
      vertex 0.964488230962194 -20.980209734096373 0
      vertex 0.7664027248171309 -20.871311305561164 15
    endloop
  endfacet
  facet normal -0.9510565162951536 -0.3090169943749469 0
    outer loop
      vertex 1.6735976745988526 -21.83737580516758 0
      vertex 1.743449690031536 -22.05235820310326 0
      vertex 1.743449690031536 -22.05235820310326 15
    endloop
  endfacet
  facet normal -0.9048270524660189 -0.4257792915650738 0
    outer loop
      vertex 1.5773520240789545 -21.632843386616912 0
      vertex 1.6735976745988526 -21.83737580516758 0
      vertex 1.6735976745988526 -21.83737580516758 15
    endloop
  endfacet
  facet normal -0.8443279255020163 -0.5358267949789949 0
    outer loop
      vertex 1.4562305898749055 -21.441986545873547 0
      vertex 1.5773520240789545 -21.632843386616912 0
      vertex 1.5773520240789545 -21.632843386616912 15
    endloop
  endfacet
  facet normal -0.7705132427757853 -0.6374239897486946 0
    outer loop
      vertex 1.3121435293585408 -21.26781520932836 0
      vertex 1.4562305898749055 -21.441986545873547 0
      vertex 1.4562305898749055 -21.441986545873547 15
    endloop
  endfacet
  facet normal -0.5877852522924736 -0.8090169943749472 0
    outer loop
      vertex 0.964488230962194 -20.980209734096373 0
      vertex 1.1473631815476415 -21.11307616300358 0
      vertex 0.964488230962194 -20.980209734096373 15
    endloop
  endfacet
  facet normal -0.6845471059286897 -0.7289686274214106 0
    outer loop
      vertex 1.1473631815476415 -21.11307616300358 0
      vertex 1.3121435293585408 -21.26781520932836 0
      vertex 1.1473631815476415 -21.11307616300358 15
    endloop
  endfacet
  facet normal -0.1253332335642988 0.9921147013144787 0
    outer loop
      vertex 0.11302293515276478 -24.29644811117089 15
      vertex 0.3372863662543047 -24.26811705131164 15
      vertex 0.11302293515276478 -24.29644811117089 0
    endloop
  endfacet
  facet normal -0.2486898871648587 0.9685831611286301 0
    outer loop
      vertex 0.3372863662543047 -24.26811705131164 15
      vertex 0.5562305898749054 -24.211901729331277 15
      vertex 0.3372863662543047 -24.26811705131164 0
    endloop
  endfacet
  facet normal -0.36812455268467964 0.9297764858882508 0
    outer loop
      vertex 0.5562305898749054 -24.211901729331277 15
      vertex 0.7664027248171305 -24.128688694438836 15
      vertex 0.5562305898749054 -24.211901729331277 0
    endloop
  endfacet
  facet normal -0.4817536741017196 0.8763066800438613 0
    outer loop
      vertex 0.7664027248171305 -24.128688694438836 15
      vertex 0.9644882309621932 -24.019790265903627 15
      vertex 0.7664027248171305 -24.128688694438836 0
    endloop
  endfacet
  facet normal -0.5877852522924707 0.8090169943749492 0
    outer loop
      vertex 0.9644882309621932 -24.019790265903627 15
      vertex 1.147363181547642 -23.88692383699642 15
      vertex 0.9644882309621932 -24.019790265903627 0
    endloop
  endfacet
  facet normal -0.6845471059286902 0.7289686274214101 0
    outer loop
      vertex 1.147363181547642 -23.88692383699642 15
      vertex 1.312143529358541 -23.73218479067164 15
      vertex 1.147363181547642 -23.88692383699642 0
    endloop
  endfacet
  facet normal -0.7705132427757857 0.6374239897486941 0
    outer loop
      vertex 1.4562305898749055 -23.558013454126453 0
      vertex 1.312143529358541 -23.73218479067164 15
      vertex 1.4562305898749055 -23.558013454126453 15
    endloop
  endfacet
  facet normal -0.8443279255020167 0.5358267949789941 0
    outer loop
      vertex 1.5773520240789543 -23.367156613383088 0
      vertex 1.4562305898749055 -23.558013454126453 15
      vertex 1.5773520240789543 -23.367156613383088 15
    endloop
  endfacet
  facet normal -0.9048270524660189 0.4257792915650738 0
    outer loop
      vertex 1.6735976745988523 -23.16262419483242 0
      vertex 1.5773520240789543 -23.367156613383088 15
      vertex 1.6735976745988523 -23.16262419483242 15
    endloop
  endfacet
  facet normal -0.9510565162951531 0.3090169943749487 0
    outer loop
      vertex 1.6735976745988523 -23.16262419483242 15
      vertex 1.7434496900315362 -22.94764179689674 15
      vertex 1.7434496900315362 -22.94764179689674 0
    endloop
  endfacet
  facet normal -0.9822872507286888 0.18738131458572396 0
    outer loop
      vertex 1.78580646236606 -22.72559982041575 0
      vertex 1.7434496900315362 -22.94764179689674 15
      vertex 1.78580646236606 -22.72559982041575 15
    endloop
  endfacet
  facet normal -0.9980267284282716 0.06279051952931326 0
    outer loop
      vertex 1.8 -22.5 0
      vertex 1.78580646236606 -22.72559982041575 15
      vertex 1.8 -22.5 15
    endloop
  endfacet
  facet normal -0.9980267284282716 -0.06279051952931326 0
    outer loop
      vertex 1.78580646236606 -22.27440017958425 0
      vertex 1.8 -22.5 15
      vertex 1.78580646236606 -22.27440017958425 15
    endloop
  endfacet
  facet normal -0.9822872507286887 -0.18738131458572493 0
    outer loop
      vertex 1.743449690031536 -22.05235820310326 0
      vertex 1.78580646236606 -22.27440017958425 15
      vertex 1.743449690031536 -22.05235820310326 15
    endloop
  endfacet
  facet normal 0 -1 0
    outer loop
      vertex 0.1130229351527639 -20.70355188882911 0
      vertex 0.1130229351527639 -20.70355188882911 15
      vertex -0.1130229351527639 -20.70355188882911 15
    endloop
  endfacet
  facet normal -0.12533323356429854 -0.9921147013144785 0
    outer loop
      vertex 0.33728636625430425 -20.73188294868836 15
      vertex 0.1130229351527639 -20.70355188882911 15
      vertex 0.33728636625430425 -20.73188294868836 0
    endloop
  endfacet
  facet normal -0.24868988716485824 -0.9685831611286302 0
    outer loop
      vertex 0.5562305898749054 -20.788098270668723 15
      vertex 0.33728636625430425 -20.73188294868836 15
      vertex 0.5562305898749054 -20.788098270668723 0
    endloop
  endfacet
  facet normal -0.3681245526846789 -0.9297764858882511 0
    outer loop
      vertex 0.7664027248171309 -20.871311305561164 15
      vertex 0.5562305898749054 -20.788098270668723 15
      vertex 0.7664027248171309 -20.871311305561164 0
    endloop
  endfacet
  facet normal -0.48175367410171877 -0.8763066800438617 0
    outer loop
      vertex 0.964488230962194 -20.980209734096373 15
      vertex 0.7664027248171309 -20.871311305561164 15
      vertex 0.964488230962194 -20.980209734096373 0
    endloop
  endfacet
  facet normal -0.6845471059286897 -0.7289686274214106 0
    outer loop
      vertex 1.3121435293585408 -21.26781520932836 15
      vertex 1.1473631815476415 -21.11307616300358 15
      vertex 1.3121435293585408 -21.26781520932836 0
    endloop
  endfacet
  facet normal -0.7705132427757853 -0.6374239897486946 0
    outer loop
      vertex 1.3121435293585408 -21.26781520932836 0
      vertex 1.4562305898749055 -21.441986545873547 15
      vertex 1.3121435293585408 -21.26781520932836 15
    endloop
  endfacet
  facet normal -0.9048270524660189 -0.4257792915650738 0
    outer loop
      vertex 1.5773520240789545 -21.632843386616912 0
      vertex 1.6735976745988526 -21.83737580516758 15
      vertex 1.5773520240789545 -21.632843386616912 15
    endloop
  endfacet
  facet normal -0.9510565162951536 -0.3090169943749469 0
    outer loop
      vertex 1.6735976745988526 -21.83737580516758 0
      vertex 1.743449690031536 -22.05235820310326 15
      vertex 1.6735976745988526 -21.83737580516758 15
    endloop
  endfacet
  facet normal -0.8443279255020163 -0.5358267949789949 0
    outer loop
      vertex 1.4562305898749055 -21.441986545873547 0
      vertex 1.5773520240789545 -21.632843386616912 15
      vertex 1.4562305898749055 -21.441986545873547 15
    endloop
  endfacet
  facet normal -0.5877852522924736 -0.8090169943749472 0
    outer loop
      vertex 1.1473631815476415 -21.11307616300358 15
      vertex 0.964488230962194 -20.980209734096373 15
      vertex 1.1473631815476415 -21.11307616300358 0
    endloop
  endfacet
  facet normal 0.5877852522924749 0.8090169943749461 0
    outer loop
      vertex 14.035511769037806 -24.019790265903627 0
      vertex 13.852636818452359 -23.88692383699642 0
      vertex 14.035511769037806 -24.019790265903627 15
    endloop
  endfacet
  facet normal 0.48175367410171643 0.8763066800438629 0
    outer loop
      vertex 14.23359727518287 -24.128688694438836 0
      vertex 14.035511769037806 -24.019790265903627 0
      vertex 14.23359727518287 -24.128688694438836 15
    endloop
  endfacet
  facet normal 0.3681245526846804 0.9297764858882503 0
    outer loop
      vertex 14.443769410125094 -24.211901729331277 0
      vertex 14.23359727518287 -24.128688694438836 0
      vertex 14.443769410125094 -24.211901729331277 15
    endloop
  endfacet
  facet normal 0.2486898871648577 0.9685831611286304 0
    outer loop
      vertex 14.662713633745696 -24.26811705131164 0
      vertex 14.443769410125094 -24.211901729331277 0
      vertex 14.662713633745696 -24.26811705131164 15
    endloop
  endfacet
  facet normal 0.9048270524660205 0.4257792915650706 0
    outer loop
      vertex 13.422647975921045 -23.367156613383088 0
      vertex 13.326402325401148 -23.16262419483242 0
      vertex 13.326402325401148 -23.16262419483242 15
    endloop
  endfacet
  facet normal 0.7705132427757861 0.6374239897486934 0
    outer loop
      vertex 13.687856470641458 -23.73218479067164 0
      vertex 13.543769410125094 -23.558013454126453 0
      vertex 13.543769410125094 -23.558013454126453 15
    endloop
  endfacet
  facet normal 0.6845471059286873 0.7289686274214128 0
    outer loop
      vertex 13.852636818452359 -23.88692383699642 0
      vertex 13.687856470641458 -23.73218479067164 0
      vertex 13.852636818452359 -23.88692383699642 15
    endloop
  endfacet
  facet normal 0.8443279255020159 0.5358267949789955 0
    outer loop
      vertex 13.543769410125094 -23.558013454126453 0
      vertex 13.422647975921045 -23.367156613383088 0
      vertex 13.422647975921045 -23.367156613383088 15
    endloop
  endfacet
  facet normal 0.9510565162951534 0.30901699437494784 0
    outer loop
      vertex 13.326402325401148 -23.16262419483242 0
      vertex 13.256550309968464 -22.94764179689674 0
      vertex 13.256550309968464 -22.94764179689674 15
    endloop
  endfacet
  facet normal 0.9822872507286879 0.1873813145857287 0
    outer loop
      vertex 13.256550309968464 -22.94764179689674 0
      vertex 13.214193537633939 -22.72559982041575 0
      vertex 13.214193537633939 -22.72559982041575 15
    endloop
  endfacet
  facet normal 0.9980267284282716 0.06279051952931228 0
    outer loop
      vertex 13.214193537633939 -22.72559982041575 0
      vertex 13.2 -22.5 0
      vertex 13.2 -22.5 15
    endloop
  endfacet
  facet normal 0.9980267284282716 -0.06279051952931228 0
    outer loop
      vertex 13.2 -22.5 0
      vertex 13.214193537633939 -22.27440017958425 0
      vertex 13.214193537633939 -22.27440017958425 15
    endloop
  endfacet
  facet normal 0.9822872507286879 -0.1873813145857287 0
    outer loop
      vertex 13.214193537633939 -22.27440017958425 0
      vertex 13.256550309968464 -22.05235820310326 0
      vertex 13.256550309968464 -22.05235820310326 15
    endloop
  endfacet
  facet normal 0.9510565162951534 -0.30901699437494784 0
    outer loop
      vertex 13.256550309968464 -22.05235820310326 0
      vertex 13.326402325401148 -21.83737580516758 0
      vertex 13.326402325401148 -21.83737580516758 15
    endloop
  endfacet
  facet normal 0.9048270524660205 -0.4257792915650706 0
    outer loop
      vertex 13.326402325401148 -21.83737580516758 0
      vertex 13.422647975921045 -21.632843386616912 0
      vertex 13.422647975921045 -21.632843386616912 15
    endloop
  endfacet
  facet normal 0.8443279255020159 -0.5358267949789955 0
    outer loop
      vertex 13.422647975921045 -21.632843386616912 0
      vertex 13.543769410125094 -21.441986545873547 0
      vertex 13.543769410125094 -21.441986545873547 15
    endloop
  endfacet
  facet normal 0.7705132427757861 -0.6374239897486934 0
    outer loop
      vertex 13.543769410125094 -21.441986545873547 0
      vertex 13.687856470641458 -21.26781520932836 0
      vertex 13.687856470641458 -21.26781520932836 15
    endloop
  endfacet
  facet normal 0.6845471059286873 -0.7289686274214128 0
    outer loop
      vertex 13.687856470641458 -21.26781520932836 0
      vertex 13.852636818452359 -21.11307616300358 0
      vertex 13.687856470641458 -21.26781520932836 15
    endloop
  endfacet
  facet normal 0.5877852522924749 -0.8090169943749461 0
    outer loop
      vertex 13.852636818452359 -21.11307616300358 0
      vertex 14.035511769037806 -20.980209734096373 0
      vertex 13.852636818452359 -21.11307616300358 15
    endloop
  endfacet
  facet normal 0.48175367410171643 -0.8763066800438629 0
    outer loop
      vertex 14.035511769037806 -20.980209734096373 0
      vertex 14.23359727518287 -20.871311305561164 0
      vertex 14.035511769037806 -20.980209734096373 15
    endloop
  endfacet
  facet normal 0.3681245526846804 -0.9297764858882503 0
    outer loop
      vertex 14.23359727518287 -20.871311305561164 0
      vertex 14.443769410125094 -20.788098270668723 0
      vertex 14.23359727518287 -20.871311305561164 15
    endloop
  endfacet
  facet normal 0.2486898871648577 -0.9685831611286304 0
    outer loop
      vertex 14.443769410125094 -20.788098270668723 0
      vertex 14.662713633745696 -20.73188294868836 0
      vertex 14.443769410125094 -20.788098270668723 15
    endloop
  endfacet
  facet normal 0.1253332335642983 -0.9921147013144785 0
    outer loop
      vertex 14.662713633745696 -20.73188294868836 0
      vertex 14.886977064847237 -20.70355188882911 0
      vertex 14.662713633745696 -20.73188294868836 15
    endloop
  endfacet
  facet normal 0.1253332335642993 0.9921147013144785 0
    outer loop
      vertex 14.886977064847235 -24.29644811117089 0
      vertex 14.662713633745696 -24.26811705131164 0
      vertex 14.886977064847235 -24.29644811117089 15
    endloop
  endfacet
  facet normal 0 1 0
    outer loop
      vertex 15.113022935152765 -24.29644811117089 0
      vertex 14.886977064847235 -24.29644811117089 0
      vertex 15.113022935152765 -24.29644811117089 15
    endloop
  endfacet
  facet normal -0.1253332335642993 0.9921147013144785 0
    outer loop
      vertex 15.337286366254304 -24.26811705131164 0
      vertex 15.113022935152765 -24.29644811117089 0
      vertex 15.337286366254304 -24.26811705131164 15
    endloop
  endfacet
  facet normal -0.2486898871648577 0.9685831611286304 0
    outer loop
      vertex 15.556230589874906 -24.211901729331277 0
      vertex 15.337286366254304 -24.26811705131164 0
      vertex 15.556230589874906 -24.211901729331277 15
    endloop
  endfacet
  facet normal -0.3681245526846804 0.9297764858882503 0
    outer loop
      vertex 15.76640272481713 -24.128688694438836 0
      vertex 15.556230589874906 -24.211901729331277 0
      vertex 15.76640272481713 -24.128688694438836 15
    endloop
  endfacet
  facet normal -0.48175367410171976 0.8763066800438611 0
    outer loop
      vertex 15.964488230962193 -24.019790265903627 0
      vertex 15.76640272481713 -24.128688694438836 0
      vertex 15.964488230962193 -24.019790265903627 15
    endloop
  endfacet
  facet normal -0.5877852522924675 0.8090169943749516 0
    outer loop
      vertex 16.147363181547643 -23.88692383699642 0
      vertex 15.964488230962193 -24.019790265903627 0
      vertex 16.147363181547643 -23.88692383699642 15
    endloop
  endfacet
  facet normal -0.6845471059286952 0.7289686274214054 0
    outer loop
      vertex 16.31214352935854 -23.73218479067164 0
      vertex 16.147363181547643 -23.88692383699642 0
      vertex 16.31214352935854 -23.73218479067164 15
    endloop
  endfacet
  facet normal -0.7705132427757824 0.6374239897486981 0
    outer loop
      vertex 16.31214352935854 -23.73218479067164 0
      vertex 16.31214352935854 -23.73218479067164 15
      vertex 16.456230589874906 -23.558013454126453 0
    endloop
  endfacet
  facet normal -0.8443279255020159 0.5358267949789955 0
    outer loop
      vertex 16.577352024078955 -23.367156613383088 0
      vertex 16.456230589874906 -23.558013454126453 0
      vertex 16.456230589874906 -23.558013454126453 15
    endloop
  endfacet
  facet normal -0.9048270524660205 0.4257792915650706 0
    outer loop
      vertex 16.673597674598852 -23.16262419483242 0
      vertex 16.577352024078955 -23.367156613383088 0
      vertex 16.577352024078955 -23.367156613383088 15
    endloop
  endfacet
  facet normal -0.9510565162951534 0.30901699437494784 0
    outer loop
      vertex 16.743449690031536 -22.94764179689674 0
      vertex 16.673597674598852 -23.16262419483242 0
      vertex 16.673597674598852 -23.16262419483242 15
    endloop
  endfacet
  facet normal -0.9822872507286879 0.1873813145857287 0
    outer loop
      vertex 16.78580646236606 -22.72559982041575 0
      vertex 16.743449690031536 -22.94764179689674 0
      vertex 16.743449690031536 -22.94764179689674 15
    endloop
  endfacet
  facet normal -0.9980267284282716 0.06279051952931228 0
    outer loop
      vertex 16.8 -22.5 0
      vertex 16.78580646236606 -22.72559982041575 0
      vertex 16.78580646236606 -22.72559982041575 15
    endloop
  endfacet
  facet normal -0.9980267284282716 -0.06279051952931228 0
    outer loop
      vertex 16.78580646236606 -22.27440017958425 0
      vertex 16.8 -22.5 0
      vertex 16.8 -22.5 15
    endloop
  endfacet
  facet normal -0.9822872507286879 -0.1873813145857287 0
    outer loop
      vertex 16.743449690031536 -22.05235820310326 0
      vertex 16.78580646236606 -22.27440017958425 0
      vertex 16.78580646236606 -22.27440017958425 15
    endloop
  endfacet
  facet normal 0 -1 0
    outer loop
      vertex 14.886977064847237 -20.70355188882911 0
      vertex 15.113022935152763 -20.70355188882911 0
      vertex 14.886977064847237 -20.70355188882911 15
    endloop
  endfacet
  facet normal -0.1253332335642983 -0.9921147013144785 0
    outer loop
      vertex 15.113022935152763 -20.70355188882911 0
      vertex 15.337286366254304 -20.73188294868836 0
      vertex 15.113022935152763 -20.70355188882911 15
    endloop
  endfacet
  facet normal -0.2486898871648577 -0.9685831611286304 0
    outer loop
      vertex 15.337286366254304 -20.73188294868836 0
      vertex 15.556230589874906 -20.788098270668723 0
      vertex 15.337286366254304 -20.73188294868836 15
    endloop
  endfacet
  facet normal -0.3681245526846804 -0.9297764858882503 0
    outer loop
      vertex 15.556230589874906 -20.788098270668723 0
      vertex 15.76640272481713 -20.871311305561164 0
      vertex 15.556230589874906 -20.788098270668723 15
    endloop
  endfacet
  facet normal -0.8443279255020159 -0.5358267949789955 0
    outer loop
      vertex 16.456230589874906 -21.441986545873547 0
      vertex 16.577352024078955 -21.632843386616912 0
      vertex 16.577352024078955 -21.632843386616912 15
    endloop
  endfacet
  facet normal -0.7705132427757824 -0.6374239897486981 0
    outer loop
      vertex 16.31214352935854 -21.26781520932836 0
      vertex 16.456230589874906 -21.441986545873547 0
      vertex 16.456230589874906 -21.441986545873547 15
    endloop
  endfacet
  facet normal -0.48175367410171643 -0.8763066800438629 0
    outer loop
      vertex 15.76640272481713 -20.871311305561164 0
      vertex 15.964488230962194 -20.980209734096373 0
      vertex 15.76640272481713 -20.871311305561164 15
    endloop
  endfacet
  facet normal -0.5877852522924711 -0.8090169943749488 0
    outer loop
      vertex 15.964488230962194 -20.980209734096373 0
      vertex 16.147363181547643 -21.11307616300358 0
      vertex 15.964488230962194 -20.980209734096373 15
    endloop
  endfacet
  facet normal -0.6845471059286952 -0.7289686274214054 0
    outer loop
      vertex 16.147363181547643 -21.11307616300358 0
      vertex 16.31214352935854 -21.26781520932836 0
      vertex 16.147363181547643 -21.11307616300358 15
    endloop
  endfacet
  facet normal -0.9510565162951534 -0.30901699437494784 0
    outer loop
      vertex 16.673597674598852 -21.83737580516758 0
      vertex 16.743449690031536 -22.05235820310326 0
      vertex 16.743449690031536 -22.05235820310326 15
    endloop
  endfacet
  facet normal -0.9048270524660205 -0.4257792915650706 0
    outer loop
      vertex 16.577352024078955 -21.632843386616912 0
      vertex 16.673597674598852 -21.83737580516758 0
      vertex 16.673597674598852 -21.83737580516758 15
    endloop
  endfacet
  facet normal 0.48175367410171643 0.8763066800438629 0
    outer loop
      vertex 14.035511769037806 -24.019790265903627 15
      vertex 14.23359727518287 -24.128688694438836 15
      vertex 14.035511769037806 -24.019790265903627 0
    endloop
  endfacet
  facet normal 0.2486898871648577 0.9685831611286304 0
    outer loop
      vertex 14.443769410125094 -24.211901729331277 15
      vertex 14.662713633745696 -24.26811705131164 15
      vertex 14.443769410125094 -24.211901729331277 0
    endloop
  endfacet
  facet normal 0.3681245526846804 0.9297764858882503 0
    outer loop
      vertex 14.23359727518287 -24.128688694438836 15
      vertex 14.443769410125094 -24.211901729331277 15
      vertex 14.23359727518287 -24.128688694438836 0
    endloop
  endfacet
  facet normal 0.1253332335642993 0.9921147013144785 0
    outer loop
      vertex 14.662713633745696 -24.26811705131164 15
      vertex 14.886977064847235 -24.29644811117089 15
      vertex 14.662713633745696 -24.26811705131164 0
    endloop
  endfacet
  facet normal 0.9510565162951534 0.30901699437494784 0
    outer loop
      vertex 13.326402325401148 -23.16262419483242 0
      vertex 13.256550309968464 -22.94764179689674 15
      vertex 13.326402325401148 -23.16262419483242 15
    endloop
  endfacet
  facet normal 0.6845471059286873 0.7289686274214128 0
    outer loop
      vertex 13.687856470641458 -23.73218479067164 15
      vertex 13.852636818452359 -23.88692383699642 15
      vertex 13.687856470641458 -23.73218479067164 0
    endloop
  endfacet
  facet normal 0.7705132427757861 0.6374239897486934 0
    outer loop
      vertex 13.687856470641458 -23.73218479067164 0
      vertex 13.543769410125094 -23.558013454126453 15
      vertex 13.687856470641458 -23.73218479067164 15
    endloop
  endfacet
  facet normal 0.9048270524660205 0.4257792915650706 0
    outer loop
      vertex 13.422647975921045 -23.367156613383088 0
      vertex 13.326402325401148 -23.16262419483242 15
      vertex 13.422647975921045 -23.367156613383088 15
    endloop
  endfacet
  facet normal 0.8443279255020159 0.5358267949789955 0
    outer loop
      vertex 13.543769410125094 -23.558013454126453 0
      vertex 13.422647975921045 -23.367156613383088 15
      vertex 13.543769410125094 -23.558013454126453 15
    endloop
  endfacet
  facet normal 0.9822872507286879 0.1873813145857287 0
    outer loop
      vertex 13.256550309968464 -22.94764179689674 0
      vertex 13.214193537633939 -22.72559982041575 15
      vertex 13.256550309968464 -22.94764179689674 15
    endloop
  endfacet
  facet normal 0.9980267284282716 0.06279051952931228 0
    outer loop
      vertex 13.214193537633939 -22.72559982041575 0
      vertex 13.2 -22.5 15
      vertex 13.214193537633939 -22.72559982041575 15
    endloop
  endfacet
  facet normal 0.9980267284282716 -0.06279051952931228 0
    outer loop
      vertex 13.2 -22.5 0
      vertex 13.214193537633939 -22.27440017958425 15
      vertex 13.2 -22.5 15
    endloop
  endfacet
  facet normal 0.9822872507286879 -0.1873813145857287 0
    outer loop
      vertex 13.214193537633939 -22.27440017958425 0
      vertex 13.256550309968464 -22.05235820310326 15
      vertex 13.214193537633939 -22.27440017958425 15
    endloop
  endfacet
  facet normal 0.5877852522924749 0.8090169943749461 0
    outer loop
      vertex 13.852636818452359 -23.88692383699642 15
      vertex 14.035511769037806 -24.019790265903627 15
      vertex 13.852636818452359 -23.88692383699642 0
    endloop
  endfacet
  facet normal 0.9510565162951534 -0.30901699437494784 0
    outer loop
      vertex 13.256550309968464 -22.05235820310326 0
      vertex 13.326402325401148 -21.83737580516758 15
      vertex 13.256550309968464 -22.05235820310326 15
    endloop
  endfacet
  facet normal 0.9048270524660205 -0.4257792915650706 0
    outer loop
      vertex 13.326402325401148 -21.83737580516758 0
      vertex 13.422647975921045 -21.632843386616912 15
      vertex 13.326402325401148 -21.83737580516758 15
    endloop
  endfacet
  facet normal 0.8443279255020159 -0.5358267949789955 0
    outer loop
      vertex 13.422647975921045 -21.632843386616912 0
      vertex 13.543769410125094 -21.441986545873547 15
      vertex 13.422647975921045 -21.632843386616912 15
    endloop
  endfacet
  facet normal 0.7705132427757861 -0.6374239897486934 0
    outer loop
      vertex 13.543769410125094 -21.441986545873547 0
      vertex 13.687856470641458 -21.26781520932836 15
      vertex 13.543769410125094 -21.441986545873547 15
    endloop
  endfacet
  facet normal 0.6845471059286873 -0.7289686274214128 0
    outer loop
      vertex 13.852636818452359 -21.11307616300358 15
      vertex 13.687856470641458 -21.26781520932836 15
      vertex 13.852636818452359 -21.11307616300358 0
    endloop
  endfacet
  facet normal 0.5877852522924749 -0.8090169943749461 0
    outer loop
      vertex 14.035511769037806 -20.980209734096373 15
      vertex 13.852636818452359 -21.11307616300358 15
      vertex 14.035511769037806 -20.980209734096373 0
    endloop
  endfacet
  facet normal 0.48175367410171643 -0.8763066800438629 0
    outer loop
      vertex 14.23359727518287 -20.871311305561164 15
      vertex 14.035511769037806 -20.980209734096373 15
      vertex 14.23359727518287 -20.871311305561164 0
    endloop
  endfacet
  facet normal 0.3681245526846804 -0.9297764858882503 0
    outer loop
      vertex 14.443769410125094 -20.788098270668723 15
      vertex 14.23359727518287 -20.871311305561164 15
      vertex 14.443769410125094 -20.788098270668723 0
    endloop
  endfacet
  facet normal 0.2486898871648577 -0.9685831611286304 0
    outer loop
      vertex 14.662713633745696 -20.73188294868836 15
      vertex 14.443769410125094 -20.788098270668723 15
      vertex 14.662713633745696 -20.73188294868836 0
    endloop
  endfacet
  facet normal 0 1 0
    outer loop
      vertex 14.886977064847235 -24.29644811117089 15
      vertex 15.113022935152765 -24.29644811117089 15
      vertex 14.886977064847235 -24.29644811117089 0
    endloop
  endfacet
  facet normal -0.1253332335642993 0.9921147013144785 0
    outer loop
      vertex 15.113022935152765 -24.29644811117089 15
      vertex 15.337286366254304 -24.26811705131164 15
      vertex 15.113022935152765 -24.29644811117089 0
    endloop
  endfacet
  facet normal -0.2486898871648577 0.9685831611286304 0
    outer loop
      vertex 15.337286366254304 -24.26811705131164 15
      vertex 15.556230589874906 -24.211901729331277 15
      vertex 15.337286366254304 -24.26811705131164 0
    endloop
  endfacet
  facet normal -0.3681245526846804 0.9297764858882503 0
    outer loop
      vertex 15.556230589874906 -24.211901729331277 15
      vertex 15.76640272481713 -24.128688694438836 15
      vertex 15.556230589874906 -24.211901729331277 0
    endloop
  endfacet
  facet normal -0.48175367410171976 0.8763066800438611 0
    outer loop
      vertex 15.76640272481713 -24.128688694438836 15
      vertex 15.964488230962193 -24.019790265903627 15
      vertex 15.76640272481713 -24.128688694438836 0
    endloop
  endfacet
  facet normal -0.5877852522924675 0.8090169943749516 0
    outer loop
      vertex 15.964488230962193 -24.019790265903627 15
      vertex 16.147363181547643 -23.88692383699642 15
      vertex 15.964488230962193 -24.019790265903627 0
    endloop
  endfacet
  facet normal -0.6845471059286952 0.7289686274214054 0
    outer loop
      vertex 16.147363181547643 -23.88692383699642 15
      vertex 16.31214352935854 -23.73218479067164 15
      vertex 16.147363181547643 -23.88692383699642 0
    endloop
  endfacet
  facet normal -0.7705132427757824 0.6374239897486981 0
    outer loop
      vertex 16.456230589874906 -23.558013454126453 0
      vertex 16.31214352935854 -23.73218479067164 15
      vertex 16.456230589874906 -23.558013454126453 15
    endloop
  endfacet
  facet normal -0.8443279255020159 0.5358267949789955 0
    outer loop
      vertex 16.577352024078955 -23.367156613383088 0
      vertex 16.456230589874906 -23.558013454126453 15
      vertex 16.577352024078955 -23.367156613383088 15
    endloop
  endfacet
  facet normal -0.9048270524660205 0.4257792915650706 0
    outer loop
      vertex 16.673597674598852 -23.16262419483242 0
      vertex 16.577352024078955 -23.367156613383088 15
      vertex 16.673597674598852 -23.16262419483242 15
    endloop
  endfacet
  facet normal -0.9510565162951534 0.30901699437494784 0
    outer loop
      vertex 16.743449690031536 -22.94764179689674 0
      vertex 16.673597674598852 -23.16262419483242 15
      vertex 16.743449690031536 -22.94764179689674 15
    endloop
  endfacet
  facet normal -0.9822872507286879 0.1873813145857287 0
    outer loop
      vertex 16.78580646236606 -22.72559982041575 0
      vertex 16.743449690031536 -22.94764179689674 15
      vertex 16.78580646236606 -22.72559982041575 15
    endloop
  endfacet
  facet normal -0.9980267284282716 0.06279051952931228 0
    outer loop
      vertex 16.8 -22.5 0
      vertex 16.78580646236606 -22.72559982041575 15
      vertex 16.8 -22.5 15
    endloop
  endfacet
  facet normal -0.9980267284282716 -0.06279051952931228 0
    outer loop
      vertex 16.78580646236606 -22.27440017958425 0
      vertex 16.8 -22.5 15
      vertex 16.78580646236606 -22.27440017958425 15
    endloop
  endfacet
  facet normal -0.9822872507286879 -0.1873813145857287 0
    outer loop
      vertex 16.743449690031536 -22.05235820310326 0
      vertex 16.78580646236606 -22.27440017958425 15
      vertex 16.743449690031536 -22.05235820310326 15
    endloop
  endfacet
  facet normal 0.1253332335642983 -0.9921147013144785 0
    outer loop
      vertex 14.886977064847237 -20.70355188882911 15
      vertex 14.662713633745696 -20.73188294868836 15
      vertex 14.886977064847237 -20.70355188882911 0
    endloop
  endfacet
  facet normal 0 -1 0
    outer loop
      vertex 15.113022935152763 -20.70355188882911 15
      vertex 14.886977064847237 -20.70355188882911 15
      vertex 15.113022935152763 -20.70355188882911 0
    endloop
  endfacet
  facet normal -0.2486898871648577 -0.9685831611286304 0
    outer loop
      vertex 15.556230589874906 -20.788098270668723 15
      vertex 15.337286366254304 -20.73188294868836 15
      vertex 15.556230589874906 -20.788098270668723 0
    endloop
  endfacet
  facet normal -0.1253332335642983 -0.9921147013144785 0
    outer loop
      vertex 15.337286366254304 -20.73188294868836 15
      vertex 15.113022935152763 -20.70355188882911 15
      vertex 15.337286366254304 -20.73188294868836 0
    endloop
  endfacet
  facet normal -0.7705132427757824 -0.6374239897486981 0
    outer loop
      vertex 16.31214352935854 -21.26781520932836 0
      vertex 16.456230589874906 -21.441986545873547 15
      vertex 16.31214352935854 -21.26781520932836 15
    endloop
  endfacet
  facet normal -0.6845471059286952 -0.7289686274214054 0
    outer loop
      vertex 16.31214352935854 -21.26781520932836 15
      vertex 16.147363181547643 -21.11307616300358 15
      vertex 16.31214352935854 -21.26781520932836 0
    endloop
  endfacet
  facet normal -0.8443279255020159 -0.5358267949789955 0
    outer loop
      vertex 16.456230589874906 -21.441986545873547 0
      vertex 16.577352024078955 -21.632843386616912 15
      vertex 16.456230589874906 -21.441986545873547 15
    endloop
  endfacet
  facet normal -0.3681245526846804 -0.9297764858882503 0
    outer loop
      vertex 15.76640272481713 -20.871311305561164 15
      vertex 15.556230589874906 -20.788098270668723 15
      vertex 15.76640272481713 -20.871311305561164 0
    endloop
  endfacet
  facet normal -0.48175367410171643 -0.8763066800438629 0
    outer loop
      vertex 15.964488230962194 -20.980209734096373 15
      vertex 15.76640272481713 -20.871311305561164 15
      vertex 15.964488230962194 -20.980209734096373 0
    endloop
  endfacet
  facet normal -0.5877852522924711 -0.8090169943749488 0
    outer loop
      vertex 16.147363181547643 -21.11307616300358 15
      vertex 15.964488230962194 -20.980209734096373 15
      vertex 16.147363181547643 -21.11307616300358 0
    endloop
  endfacet
  facet normal -0.9510565162951534 -0.30901699437494784 0
    outer loop
      vertex 16.673597674598852 -21.83737580516758 0
      vertex 16.743449690031536 -22.05235820310326 15
      vertex 16.673597674598852 -21.83737580516758 15
    endloop
  endfacet
  facet normal -0.9048270524660205 -0.4257792915650706 0
    outer loop
      vertex 16.577352024078955 -21.632843386616912 0
      vertex 16.673597674598852 -21.83737580516758 15
      vertex 16.577352024078955 -21.632843386616912 15
    endloop
  endfacet
endsolid OpenSCAD_Model
