solid OpenSCAD_Model
  facet normal 0 0 -1
    outer loop
      vertex -35.64484313710706 -27.922735529643443 0
      vertex -36.045084971874736 -27.438926261462367 0
      vertex -36.38153340021932 -26.908768370508575 0
    endloop
  endfacet
  facet normal 0 0 -1
    outer loop
      vertex -36.0940337118993 -27.214924442696486 0
      vertex -36.38153340021932 -26.908768370508575 0
      vertex -36.64888242944126 -26.34062276342339 0
    endloop
  endfacet
  facet normal 0 0 -1
    outer loop
      vertex -35.18711994874345 -28.352566213878948 0
      vertex -34.12889645782536 -29.0241352623301 0
      vertex -34.67913397489498 -28.721639627510076 0
    endloop
  endfacet
  facet normal 0 0 -1
    outer loop
      vertex -33.545084971874736 -29.255282581475768 0
      vertex -32.31395259764657 -29.49013364214136 0
      vertex -32.93690657292862 -29.411436253643444 0
    endloop
  endfacet
  facet normal 0 0 -1
    outer loop
      vertex -36.727113636942875 -26.035932326973928 0
      vertex -36.84291580564316 -25.743449435824274 0
      vertex -36.96057350657239 -25.12666616782152 0
    endloop
  endfacet
  facet normal 0 0 -1
    outer loop
      vertex -36.96430947331087 -20.42415377002865 0
      vertex -36.96469503370657 -19.9388436300379 0
      vertex -33.476859952922126 -16.0917366277995 0
    endloop
  endfacet
  facet normal 0 0 -1
    outer loop
      vertex -36.96469503370657 -19.9388436300379 0
      vertex -33.50759995364969 -15.737566768867454 0
      vertex -33.476859952922126 -16.0917366277995 0
    endloop
  endfacet
  facet normal 0 0 -1
    outer loop
      vertex -32.169956142156096 -15.964286911644711 0
      vertex -32.16511837115728 -15.509866357858641 0
      vertex -31.673597674598852 -15.66262419483242 0
    endloop
  endfacet
  facet normal 0 0 -1
    outer loop
      vertex -32.169956142156096 -15.964286911644711 0
      vertex -31.673597674598852 -15.66262419483242 0
      vertex -31.577352024078955 -15.867156613383088 0
    endloop
  endfacet
  facet normal 0 0 -1
    outer loop
      vertex -32.169956142156096 -15.964286911644711 0
      vertex -31.577352024078955 -15.867156613383088 0
      vertex -31.511549944180477 -15.970844099964602 0
    endloop
  endfacet
  facet normal 0 0 -1
    outer loop
      vertex -32.16511837115728 -15.509866357858641 0
      vertex -31.743449690031536 -15.447641796896738 0
      vertex -31.673597674598852 -15.66262419483242 0
    endloop
  endfacet
  facet normal 0 0 -1
    outer loop
      vertex -32.16511837115728 -15.509866357858641 0
      vertex -31.78580646236606 -15.225599820415747 0
      vertex -31.743449690031536 -15.447641796896738 0
    endloop
  endfacet
  facet normal 0 0 -1
    outer loop
      vertex -32.16511837115728 -15.509866357858641 0
      vertex -31.8 -15 0
      vertex -31.78580646236606 -15.225599820415747 0
    endloop
  endfacet
  facet normal 0 0 -1
    outer loop
      vertex -24.36073128899307 -16.042060417046084 0
      vertex -28.507436921935376 -16.00076261361417 0
      vertex -28.422647975921045 -15.867156613383088 0
    endloop
  endfacet
  facet normal 0 0 -1
    outer loop
      vertex -24.36073128899307 -16.042060417046084 0
      vertex -28.422647975921045 -15.867156613383088 0
      vertex -28.326402325401148 -15.662624194832421 0
    endloop
  endfacet
  facet normal 0 0 -1
    outer loop
      vertex -24.446351799881096 -15.509866357858641 0
      vertex -28.326402325401148 -15.662624194832421 0
      vertex -28.256550309968464 -15.447641796896738 0
    endloop
  endfacet
  facet normal 0 0 -1
    outer loop
      vertex -24.446351799881096 -15.509866357858641 0
      vertex -28.256550309968464 -15.447641796896738 0
      vertex -28.21419353763394 -15.225599820415747 0
    endloop
  endfacet
  facet normal 0 0 -1
    outer loop
      vertex -24.446351799881096 -15.509866357858641 0
      vertex -28.21419353763394 -15.225599820415747 0
      vertex -28.2 -15 0
    endloop
  endfacet
  facet normal 0 0 -1
    outer loop
      vertex -24.446351799881096 -15.509866357858641 0
      vertex -28.2 -15 0
      vertex -28.21419353763394 -14.774400179584251 0
    endloop
  endfacet
  facet normal 0 0 -1
    outer loop
      vertex -24.446351799881096 -15.509866357858641 0
      vertex -28.21419353763394 -14.774400179584251 0
      vertex -28.256550309968464 -14.552358203103262 0
    endloop
  endfacet
  facet normal 0 0 -1
    outer loop
      vertex -24.446351799881096 -15.509866357858641 0
      vertex -28.256550309968464 -14.552358203103262 0
      vertex -28.326402325401148 -14.33737580516758 0
    endloop
  endfacet
  facet normal 0 0 -1
    outer loop
      vertex -24.36073128899307 -16.042060417046084 0
      vertex -28.326402325401148 -15.662624194832421 0
      vertex -24.446351799881096 -15.509866357858641 0
    endloop
  endfacet
  facet normal -0.7705132427757907 -0.6374239897486881 0
    outer loop
      vertex -35.64484313710706 -27.922735529643443 0
      vertex -36.045084971874736 -27.438926261462367 3
      vertex -36.045084971874736 -27.438926261462367 0
    endloop
  endfacet
  facet normal -0.48175367410171693 -0.8763066800438627 0
    outer loop
      vertex -34.67913397489498 -28.721639627510076 0
      vertex -34.12889645782536 -29.0241352623301 0
      vertex -34.67913397489498 -28.721639627510076 3
    endloop
  endfacet
  facet normal -0.12533323356430573 -0.9921147013144777 0
    outer loop
      vertex -32.93690657292862 -29.411436253643444 0
      vertex -32.31395259764657 -29.49013364214136 0
      vertex -32.93690657292862 -29.411436253643444 3
    endloop
  endfacet
  facet normal -0.9822872507286902 -0.18738131458571636 0
    outer loop
      vertex -36.84291580564316 -25.743449435824274 0
      vertex -36.84291580564316 -25.743449435824274 3
      vertex -36.96057350657239 -25.12666616782152 0
    endloop
  endfacet
  facet normal 0 0 -1
    outer loop
      vertex -33.50759995364969 -15.737566768867454 0
      vertex -32.84799671014255 -9.065699440830574 0
      vertex -32.16511837115728 -15.509866357858641 0
    endloop
  endfacet
  facet normal 0 0 -1
    outer loop
      vertex -33.50759995364969 -15.737566768867454 0
      vertex -33.02177357913682 -8.696404796225202 0
      vertex -32.84799671014255 -9.065699440830574 0
    endloop
  endfacet
  facet normal 0 0 -1
    outer loop
      vertex -32.16511837115728 -15.509866357858641 0
      vertex -32.629305231718575 -9.410302069950538 0
      vertex -32.36914803911959 -9.724778094268238 0
    endloop
  endfacet
  facet normal 0 0 -1
    outer loop
      vertex -32.16511837115728 -15.509866357858641 0
      vertex -32.84799671014255 -9.065699440830574 0
      vertex -32.629305231718575 -9.410302069950538 0
    endloop
  endfacet
  facet normal 0 0 -1
    outer loop
      vertex -33.50759995364969 -15.737566768867454 0
      vertex -33.22437277927205 -7.907333009083988 0
      vertex -33.14789527366805 -8.308242133285779 0
    endloop
  endfacet
  facet normal 0 0 -1
    outer loop
      vertex -33.50759995364969 -15.737566768867454 0
      vertex -33.14789527366805 -8.308242133285779 0
      vertex -33.02177357913682 -8.696404796225202 0
    endloop
  endfacet
  facet normal 0 0 -1
    outer loop
      vertex -32.16511837115728 -15.509866357858641 0
      vertex -32.07162796668324 -10.004168039021316 0
      vertex -31.8 -15 0
    endloop
  endfacet
  facet normal 0 0 -1
    outer loop
      vertex -32.07162796668324 -10.004168039021316 0
      vertex -31.78580646236606 -14.774400179584253 0
      vertex -31.8 -15 0
    endloop
  endfacet
  facet normal 0 0 -1
    outer loop
      vertex -32.07162796668324 -10.004168039021316 0
      vertex -31.743449690031536 -14.552358203103262 0
      vertex -31.78580646236606 -14.774400179584253 0
    endloop
  endfacet
  facet normal 0 0 -1
    outer loop
      vertex -32.07162796668324 -10.004168039021316 0
      vertex -31.673597674598852 -14.33737580516758 0
      vertex -31.743449690031536 -14.552358203103262 0
    endloop
  endfacet
  facet normal 0 0 -1
    outer loop
      vertex -32.07162796668324 -10.004168039021316 0
      vertex -31.577352024078955 -14.132843386616912 0
      vertex -31.673597674598852 -14.33737580516758 0
    endloop
  endfacet
  facet normal 0 0 -1
    outer loop
      vertex -31.577352024078955 -14.132843386616912 0
      vertex -32.07162796668324 -10.004168039021316 0
      vertex -31.456230589874906 -13.941986545873549 0
    endloop
  endfacet
  facet normal 0 0 -1
    outer loop
      vertex -31.31214352935854 -13.767815209328361 0
      vertex -31.456230589874906 -13.941986545873549 0
      vertex -31.74143708368174 -10.244065757881549 0
    endloop
  endfacet
  facet normal 0 0 -1
    outer loop
      vertex -31.31214352935854 -13.767815209328361 0
      vertex -31.383782697586486 -10.440687920514563 0
      vertex -31.14736318154764 -13.61307616300358 0
    endloop
  endfacet
  facet normal 0 0 -1
    outer loop
      vertex -32.16511837115728 -15.509866357858641 0
      vertex -32.36914803911959 -9.724778094268238 0
      vertex -32.07162796668324 -10.004168039021316 0
    endloop
  endfacet
  facet normal 0 0 -1
    outer loop
      vertex -31.456230589874906 -13.941986545873549 0
      vertex -32.07162796668324 -10.004168039021316 0
      vertex -31.74143708368174 -10.244065757881549 0
    endloop
  endfacet
  facet normal 0 0 -1
    outer loop
      vertex -31.31214352935854 -13.767815209328361 0
      vertex -31.74143708368174 -10.244065757881549 0
      vertex -31.383782697586486 -10.440687920514563 0
    endloop
  endfacet
  facet normal 0 0 -1
    outer loop
      vertex -31.14736318154764 -13.61307616300358 0
      vertex -31.383782697586486 -10.440687920514563 0
      vertex -30.964488230962193 -13.480209734096373 0
    endloop
  endfacet
  facet normal 0 0 -1
    outer loop
      vertex -30.964488230962193 -13.480209734096373 0
      vertex -31.00430523171858 -10.59093367795925 0
      vertex -30.76640272481713 -13.371311305561164 0
    endloop
  endfacet
  facet normal 0 0 -1
    outer loop
      vertex -30.76640272481713 -13.371311305561164 0
      vertex -30.608989272403605 -10.692433564868239 0
      vertex -30.556230589874904 -13.288098270668723 0
    endloop
  endfacet
  facet normal 0 0 -1
    outer loop
      vertex -30.556230589874904 -13.288098270668723 0
      vertex -30.608989272403605 -10.692433564868239 0
      vertex -30.337286366254304 -13.23188294868836 0
    endloop
  endfacet
  facet normal 0 0 -1
    outer loop
      vertex -30.337286366254304 -13.23188294868836 0
      vertex -30.20406918847027 -10.743586867391883 0
      vertex -30.113022935152763 -13.20355188882911 0
    endloop
  endfacet
  facet normal 0 0 -1
    outer loop
      vertex -30.76640272481713 -13.371311305561164 0
      vertex -31.00430523171858 -10.59093367795925 0
      vertex -30.608989272403605 -10.692433564868239 0
    endloop
  endfacet
  facet normal 0 0 -1
    outer loop
      vertex -30.964488230962193 -13.480209734096373 0
      vertex -31.383782697586486 -10.440687920514563 0
      vertex -31.00430523171858 -10.59093367795925 0
    endloop
  endfacet
  facet normal 0 0 -1
    outer loop
      vertex -30.337286366254304 -13.23188294868836 0
      vertex -30.608989272403605 -10.692433564868239 0
      vertex -30.20406918847027 -10.743586867391883 0
    endloop
  endfacet
  facet normal 0 0 -1
    outer loop
      vertex -30.113022935152763 -13.20355188882911 0
      vertex -29.79593081152973 -10.743586867391883 0
      vertex -29.886977064847237 -13.20355188882911 0
    endloop
  endfacet
  facet normal 0 0 -1
    outer loop
      vertex -29.886977064847237 -13.20355188882911 0
      vertex -29.79593081152973 -10.743586867391883 0
      vertex -29.662713633745696 -13.23188294868836 0
    endloop
  endfacet
  facet normal 0 0 -1
    outer loop
      vertex -29.662713633745696 -13.23188294868836 0
      vertex -29.391010727596395 -10.692433564868239 0
      vertex -29.443769410125096 -13.288098270668723 0
    endloop
  endfacet
  facet normal 0 0 -1
    outer loop
      vertex -29.23359727518287 -13.371311305561164 0
      vertex -28.99569476828142 -10.59093367795925 0
      vertex -29.035511769037807 -13.480209734096373 0
    endloop
  endfacet
  facet normal 0 0 -1
    outer loop
      vertex -29.23359727518287 -13.371311305561164 0
      vertex -29.443769410125096 -13.288098270668723 0
      vertex -28.99569476828142 -10.59093367795925 0
    endloop
  endfacet
  facet normal 0 0 -1
    outer loop
      vertex -30.113022935152763 -13.20355188882911 0
      vertex -30.20406918847027 -10.743586867391883 0
      vertex -29.79593081152973 -10.743586867391883 0
    endloop
  endfacet
  facet normal 0 0 -1
    outer loop
      vertex -29.662713633745696 -13.23188294868836 0
      vertex -29.79593081152973 -10.743586867391883 0
      vertex -29.391010727596395 -10.692433564868239 0
    endloop
  endfacet
  facet normal 0 0 -1
    outer loop
      vertex -29.443769410125096 -13.288098270668723 0
      vertex -29.391010727596395 -10.692433564868239 0
      vertex -28.99569476828142 -10.59093367795925 0
    endloop
  endfacet
  facet normal 0 0 -1
    outer loop
      vertex -29.035511769037807 -13.480209734096373 0
      vertex -28.616217302413514 -10.440687920514563 0
      vertex -28.852636818452357 -13.61307616300358 0
    endloop
  endfacet
  facet normal 0 0 -1
    outer loop
      vertex -28.68785647064146 -13.76781520932836 0
      vertex -28.852636818452357 -13.61307616300358 0
      vertex -28.25856291631826 -10.24406575788155 0
    endloop
  endfacet
  facet normal 0 0 -1
    outer loop
      vertex -28.68785647064146 -13.76781520932836 0
      vertex -27.92837203331676 -10.004168039021314 0
      vertex -28.543769410125094 -13.941986545873549 0
    endloop
  endfacet
  facet normal 0 0 -1
    outer loop
      vertex -28.422647975921045 -14.132843386616912 0
      vertex -28.543769410125094 -13.941986545873549 0
      vertex -27.92837203331676 -10.004168039021314 0
    endloop
  endfacet
  facet normal 0 0 -1
    outer loop
      vertex -29.035511769037807 -13.480209734096373 0
      vertex -28.99569476828142 -10.59093367795925 0
      vertex -28.616217302413514 -10.440687920514563 0
    endloop
  endfacet
  facet normal 0 0 -1
    outer loop
      vertex -28.852636818452357 -13.61307616300358 0
      vertex -28.616217302413514 -10.440687920514563 0
      vertex -28.25856291631826 -10.24406575788155 0
    endloop
  endfacet
  facet normal 0 0 -1
    outer loop
      vertex -28.68785647064146 -13.76781520932836 0
      vertex -28.25856291631826 -10.24406575788155 0
      vertex -27.92837203331676 -10.004168039021314 0
    endloop
  endfacet
  facet normal 0 0 -1
    outer loop
      vertex -37 -20.5 0
      vertex -37 24.5 0
      vertex -36.96469503370657 -19.9388436300379 0
    endloop
  endfacet
  facet normal 0 0 -1
    outer loop
      vertex -36.96469503370657 -19.9388436300379 0
      vertex -37 24.5 0
      vertex -33.50759995364969 -15.737566768867454 0
    endloop
  endfacet
  facet normal 0 0 -1
    outer loop
      vertex -33.22437277927205 -7.092666990916012 0
      vertex -33.14789527366805 6.691757866714221 0
      vertex -33.14789527366805 -6.691757866714221 0
    endloop
  endfacet
  facet normal 0 0 -1
    outer loop
      vertex -33.14789527366805 -6.691757866714221 0
      vertex -33.14789527366805 6.691757866714221 0
      vertex -33.02177357913682 -6.303595203774797 0
    endloop
  endfacet
  facet normal 0 0 -1
    outer loop
      vertex -33.02177357913682 -6.303595203774797 0
      vertex -33.02177357913682 6.303595203774797 0
      vertex -32.84799671014255 -5.934300559169425 0
    endloop
  endfacet
  facet normal 0 0 -1
    outer loop
      vertex -32.84799671014255 -5.934300559169425 0
      vertex -32.84799671014255 5.934300559169425 0
      vertex -32.629305231718575 -5.5896979300494625 0
    endloop
  endfacet
  facet normal 0 0 -1
    outer loop
      vertex -32.36914803911959 -5.275221905731762 0
      vertex -32.629305231718575 -5.5896979300494625 0
      vertex -32.629305231718575 5.5896979300494625 0
    endloop
  endfacet
  facet normal 0 0 -1
    outer loop
      vertex -27.92837203331676 -4.995831960978686 0
      vertex -28.422647975921045 -0.8671566133830877 0
      vertex -27.630851960880413 -5.275221905731762 0
    endloop
  endfacet
  facet normal 0 0 -1
    outer loop
      vertex -27.37069476828142 -5.5896979300494625 0
      vertex -27.630851960880413 -5.275221905731762 0
      vertex -28.326402325401148 -0.6626241948324211 0
    endloop
  endfacet
  facet normal 0 0 -1
    outer loop
      vertex -32.07162796668324 -4.995831960978684 0
      vertex -31.456230589874906 -1.0580134541264516 0
      vertex -31.74143708368174 -4.755934242118451 0
    endloop
  endfacet
  facet normal 0 0 -1
    outer loop
      vertex -31.74143708368174 -4.755934242118451 0
      vertex -31.31214352935854 -1.2321847906716394 0
      vertex -31.383782697586486 -4.559312079485437 0
    endloop
  endfacet
  facet normal 0 0 -1
    outer loop
      vertex -32.07162796668324 -4.995831960978684 0
      vertex -31.743449690031536 -0.4476417968967387 0
      vertex -31.673597674598852 -0.6626241948324202 0
    endloop
  endfacet
  facet normal 0 0 -1
    outer loop
      vertex -32.07162796668324 -4.995831960978684 0
      vertex -31.78580646236606 -0.22559982041574733 0
      vertex -31.743449690031536 -0.4476417968967387 0
    endloop
  endfacet
  facet normal 0 0 -1
    outer loop
      vertex -32.07162796668324 -4.995831960978684 0
      vertex -31.577352024078955 -0.8671566133830877 0
      vertex -31.456230589874906 -1.0580134541264516 0
    endloop
  endfacet
  facet normal 0 0 -1
    outer loop
      vertex -31.74143708368174 -4.755934242118451 0
      vertex -31.456230589874906 -1.0580134541264516 0
      vertex -31.31214352935854 -1.2321847906716394 0
    endloop
  endfacet
  facet normal 0 0 -1
    outer loop
      vertex -31.383782697586486 -4.559312079485437 0
      vertex -31.31214352935854 -1.2321847906716394 0
      vertex -31.14736318154764 -1.386923836996421 0
    endloop
  endfacet
  facet normal 0 0 -1
    outer loop
      vertex -32.07162796668324 -4.995831960978684 0
      vertex -31.673597674598852 -0.6626241948324202 0
      vertex -31.577352024078955 -0.8671566133830877 0
    endloop
  endfacet
  facet normal 0 0 -1
    outer loop
      vertex -31.383782697586486 -4.559312079485437 0
      vertex -30.964488230962193 -1.5197902659036269 0
      vertex -31.00430523171858 -4.409066322040751 0
    endloop
  endfacet
  facet normal 0 0 -1
    outer loop
      vertex -31.00430523171858 -4.409066322040751 0
      vertex -30.76640272481713 -1.6286886944388352 0
      vertex -30.608989272403605 -4.307566435131761 0
    endloop
  endfacet
  facet normal 0 0 -1
    outer loop
      vertex -30.608989272403605 -4.307566435131761 0
      vertex -30.337286366254304 -1.7681170513116395 0
      vertex -30.204069188470267 -4.256413132608118 0
    endloop
  endfacet
  facet normal 0 0 -1
    outer loop
      vertex -31.383782697586486 -4.559312079485437 0
      vertex -31.14736318154764 -1.386923836996421 0
      vertex -30.964488230962193 -1.5197902659036269 0
    endloop
  endfacet
  facet normal 0 0 -1
    outer loop
      vertex -30.608989272403605 -4.307566435131761 0
      vertex -30.76640272481713 -1.6286886944388352 0
      vertex -30.556230589874904 -1.7119017293312764 0
    endloop
  endfacet
  facet normal 0 0 -1
    outer loop
      vertex -31.00430523171858 -4.409066322040751 0
      vertex -30.964488230962193 -1.5197902659036269 0
      vertex -30.76640272481713 -1.6286886944388352 0
    endloop
  endfacet
  facet normal 0 0 -1
    outer loop
      vertex -30.608989272403605 -4.307566435131761 0
      vertex -30.556230589874904 -1.7119017293312764 0
      vertex -30.337286366254304 -1.7681170513116395 0
    endloop
  endfacet
  facet normal 0 0 -1
    outer loop
      vertex -30.204069188470267 -4.256413132608118 0
      vertex -30.337286366254304 -1.7681170513116395 0
      vertex -30.113022935152763 -1.7964481111708888 0
    endloop
  endfacet
  facet normal 0 0 -1
    outer loop
      vertex -32.36914803911959 -5.275221905731762 0
      vertex -32.36914803911959 5.275221905731762 0
      vertex -32.07162796668324 -4.995831960978684 0
    endloop
  endfacet
  facet normal 0 0 -1
    outer loop
      vertex -32.07162796668324 -4.995831960978684 0
      vertex -31.8 0 0
      vertex -31.78580646236606 -0.22559982041574733 0
    endloop
  endfacet
  facet normal 0 0 -1
    outer loop
      vertex -32.07162796668324 -4.995831960978684 0
      vertex -31.74143708368174 4.755934242118451 0
      vertex -31.8 0 0
    endloop
  endfacet
  facet normal 0 0 -1
    outer loop
      vertex -30.204069188470267 -4.256413132608118 0
      vertex -30.113022935152763 -1.7964481111708888 0
      vertex -29.795930811529733 -4.256413132608118 0
    endloop
  endfacet
  facet normal 0 0 -1
    outer loop
      vertex -29.795930811529733 -4.256413132608118 0
      vertex -29.662713633745696 -1.7681170513116395 0
      vertex -29.391010727596395 -4.307566435131761 0
    endloop
  endfacet
  facet normal 0 0 -1
    outer loop
      vertex -29.391010727596395 -4.307566435131761 0
      vertex -29.443769410125096 -1.7119017293312764 0
      vertex -28.99569476828142 -4.409066322040751 0
    endloop
  endfacet
  facet normal 0 0 -1
    outer loop
      vertex -29.795930811529733 -4.256413132608118 0
      vertex -30.113022935152763 -1.7964481111708888 0
      vertex -29.886977064847237 -1.7964481111708888 0
    endloop
  endfacet
  facet normal 0 0 -1
    outer loop
      vertex -29.795930811529733 -4.256413132608118 0
      vertex -29.886977064847237 -1.7964481111708888 0
      vertex -29.662713633745696 -1.7681170513116395 0
    endloop
  endfacet
  facet normal 0 0 -1
    outer loop
      vertex -29.391010727596395 -4.307566435131761 0
      vertex -29.662713633745696 -1.7681170513116395 0
      vertex -29.443769410125096 -1.7119017293312764 0
    endloop
  endfacet
  facet normal 0 0 -1
    outer loop
      vertex -28.99569476828142 -4.409066322040751 0
      vertex -29.443769410125096 -1.7119017293312764 0
      vertex -29.23359727518287 -1.6286886944388352 0
    endloop
  endfacet
  facet normal 0 0 -1
    outer loop
      vertex -28.99569476828142 -4.409066322040751 0
      vertex -29.23359727518287 -1.6286886944388352 0
      vertex -29.035511769037807 -1.5197902659036275 0
    endloop
  endfacet
  facet normal 0 0 -1
    outer loop
      vertex -28.99569476828142 -4.409066322040751 0
      vertex -29.035511769037807 -1.5197902659036275 0
      vertex -28.616217302413514 -4.559312079485437 0
    endloop
  endfacet
  facet normal 0 0 -1
    outer loop
      vertex -28.616217302413514 -4.559312079485437 0
      vertex -28.852636818452357 -1.3869238369964203 0
      vertex -28.25856291631826 -4.755934242118451 0
    endloop
  endfacet
  facet normal 0 0 -1
    outer loop
      vertex -28.68785647064146 -1.2321847906716394 0
      vertex -27.92837203331676 -4.995831960978686 0
      vertex -28.25856291631826 -4.755934242118451 0
    endloop
  endfacet
  facet normal 0 0 -1
    outer loop
      vertex -28.616217302413514 -4.559312079485437 0
      vertex -29.035511769037807 -1.5197902659036275 0
      vertex -28.852636818452357 -1.3869238369964203 0
    endloop
  endfacet
  facet normal 0 0 -1
    outer loop
      vertex -28.68785647064146 -1.2321847906716394 0
      vertex -28.25856291631826 -4.755934242118451 0
      vertex -28.852636818452357 -1.3869238369964203 0
    endloop
  endfacet
  facet normal 0 0 -1
    outer loop
      vertex -28.68785647064146 -1.2321847906716394 0
      vertex -28.543769410125094 -1.0580134541264516 0
      vertex -27.92837203331676 -4.995831960978686 0
    endloop
  endfacet
  facet normal 0 0 -1
    outer loop
      vertex -27.92837203331676 -4.995831960978686 0
      vertex -28.543769410125094 -1.0580134541264516 0
      vertex -28.422647975921045 -0.8671566133830877 0
    endloop
  endfacet
  facet normal 0 0 -1
    outer loop
      vertex -27.630851960880413 -5.275221905731762 0
      vertex -28.422647975921045 -0.8671566133830877 0
      vertex -28.326402325401148 -0.6626241948324211 0
    endloop
  endfacet
  facet normal 0 0 -1
    outer loop
      vertex -27.37069476828142 -5.5896979300494625 0
      vertex -28.326402325401148 -0.6626241948324211 0
      vertex -28.256550309968464 -0.447641796896738 0
    endloop
  endfacet
  facet normal 0 0 -1
    outer loop
      vertex -27.152003289857443 -5.934300559169425 0
      vertex -28.256550309968464 -0.447641796896738 0
      vertex -28.21419353763394 -0.22559982041574733 0
    endloop
  endfacet
  facet normal 0 0 -1
    outer loop
      vertex -26.978226420863184 -6.303595203774797 0
      vertex -28.21419353763394 -0.22559982041574733 0
      vertex -28.2 0 0
    endloop
  endfacet
  facet normal 0 0 -1
    outer loop
      vertex -26.978226420863184 -6.303595203774797 0
      vertex -28.2 0 0
      vertex -28.21419353763394 0.22559982041574766 0
    endloop
  endfacet
  facet normal 0 0 -1
    outer loop
      vertex -24.446351799881096 -15.509866357858641 0
      vertex -28.326402325401148 -14.33737580516758 0
      vertex -28.422647975921045 -14.132843386616912 0
    endloop
  endfacet
  facet normal 0 0 -1
    outer loop
      vertex -24.446351799881096 -15.509866357858641 0
      vertex -28.422647975921045 -14.132843386616912 0
      vertex -27.92837203331676 -10.004168039021314 0
    endloop
  endfacet
  facet normal 0 0 -1
    outer loop
      vertex -24.446351799881096 -15.509866357858641 0
      vertex -27.92837203331676 -10.004168039021314 0
      vertex -27.630851960880413 -9.724778094268238 0
    endloop
  endfacet
  facet normal 0 0 -1
    outer loop
      vertex -24.446351799881096 -15.509866357858641 0
      vertex -27.630851960880413 -9.724778094268238 0
      vertex -27.37069476828142 -9.410302069950538 0
    endloop
  endfacet
  facet normal 0 0 -1
    outer loop
      vertex -24.446351799881096 -15.509866357858641 0
      vertex -27.37069476828142 -9.410302069950538 0
      vertex -27.152003289857443 -9.065699440830574 0
    endloop
  endfacet
  facet normal 0 0 -1
    outer loop
      vertex -24.446351799881096 -15.509866357858641 0
      vertex -27.152003289857443 -9.065699440830574 0
      vertex -26.978226420863184 -8.696404796225204 0
    endloop
  endfacet
  facet normal 0 0 -1
    outer loop
      vertex -24.446351799881096 -15.509866357858641 0
      vertex -26.978226420863184 -8.696404796225204 0
      vertex -26.852104726331948 -8.308242133285777 0
    endloop
  endfacet
  facet normal 0 0 -1
    outer loop
      vertex -24.446351799881096 -15.509866357858641 0
      vertex -26.852104726331948 -8.308242133285777 0
      vertex -26.775627220727948 -7.907333009083988 0
    endloop
  endfacet
  facet normal 0 0 -1
    outer loop
      vertex -24.446351799881096 -15.509866357858641 0
      vertex -26.775627220727948 -7.907333009083988 0
      vertex -26.75 -7.5 0
    endloop
  endfacet
  facet normal 0 0 -1
    outer loop
      vertex -24.446351799881096 -15.509866357858641 0
      vertex -26.75 -7.5 0
      vertex -26.775627220727948 -7.092666990916011 0
    endloop
  endfacet
  facet normal 0 0 -1
    outer loop
      vertex -24.446351799881096 -15.509866357858641 0
      vertex -26.775627220727948 -7.092666990916011 0
      vertex -27.630851960880413 5.275221905731762 0
    endloop
  endfacet
  facet normal 0 0 -1
    outer loop
      vertex -27.152003289857443 -5.934300559169425 0
      vertex -28.21419353763394 -0.22559982041574733 0
      vertex -26.978226420863184 -6.303595203774797 0
    endloop
  endfacet
  facet normal 0 0 -1
    outer loop
      vertex -26.852104726331948 -6.691757866714222 0
      vertex -26.978226420863184 -6.303595203774797 0
      vertex -28.21419353763394 0.22559982041574766 0
    endloop
  endfacet
  facet normal 0 0 -1
    outer loop
      vertex -27.152003289857443 -5.934300559169425 0
      vertex -27.37069476828142 -5.5896979300494625 0
      vertex -28.256550309968464 -0.447641796896738 0
    endloop
  endfacet
  facet normal 0 0 -1
    outer loop
      vertex -27.630851960880413 5.275221905731762 0
      vertex -26.775627220727948 -7.092666990916011 0
      vertex -26.852104726331948 -6.691757866714222 0
    endloop
  endfacet
  facet normal 0 0 -1
    outer loop
      vertex -27.630851960880413 5.275221905731762 0
      vertex -26.852104726331948 -6.691757866714222 0
      vertex -28.21419353763394 0.22559982041574766 0
    endloop
  endfacet
  facet normal 0 0 -1
    outer loop
      vertex -24.446351799881096 -15.509866357858641 0
      vertex -27.630851960880413 5.275221905731762 0
      vertex -27.37069476828142 5.5896979300494625 0
    endloop
  endfacet
  facet normal 0 0 -1
    outer loop
      vertex -24.446351799881096 -15.509866357858641 0
      vertex -27.37069476828142 5.5896979300494625 0
      vertex -27.152003289857443 5.934300559169425 0
    endloop
  endfacet
  facet normal 0 0 -1
    outer loop
      vertex -24.446351799881096 -15.509866357858641 0
      vertex -27.152003289857443 5.934300559169425 0
      vertex -26.978226420863184 6.303595203774796 0
    endloop
  endfacet
  facet normal 0 0 -1
    outer loop
      vertex -24.446351799881096 -15.509866357858641 0
      vertex -26.978226420863184 6.303595203774796 0
      vertex -26.852104726331948 6.691757866714223 0
    endloop
  endfacet
  facet normal 0 0 -1
    outer loop
      vertex -24.446351799881096 -15.509866357858641 0
      vertex -23 24.5 0
      vertex -23 -15.509866357858641 0
    endloop
  endfacet
  facet normal -1 0 0
    outer loop
      vertex -37 -20.5 0
      vertex -37 -20.5 3
      vertex -37 24.5 0
    endloop
  endfacet
  facet normal -0.7705132427757907 -0.6374239897486881 0
    outer loop
      vertex -35.64484313710706 -27.922735529643443 0
      vertex -35.64484313710706 -27.922735529643443 3
      vertex -36.045084971874736 -27.438926261462367 3
    endloop
  endfacet
  facet normal -0.48175367410171693 -0.8763066800438627 0
    outer loop
      vertex -34.12889645782536 -29.0241352623301 0
      vertex -34.12889645782536 -29.0241352623301 3
      vertex -34.67913397489498 -28.721639627510076 3
    endloop
  endfacet
  facet normal -0.12533323356430573 -0.9921147013144777 0
    outer loop
      vertex -32.31395259764657 -29.49013364214136 0
      vertex -32.31395259764657 -29.49013364214136 3
      vertex -32.93690657292862 -29.411436253643444 3
    endloop
  endfacet
  facet normal -0.9822872507286902 -0.18738131458571636 0
    outer loop
      vertex -36.96057350657239 -25.12666616782152 0
      vertex -36.84291580564316 -25.743449435824274 3
      vertex -36.96057350657239 -25.12666616782152 3
    endloop
  endfacet
  facet normal 0 0 1
    outer loop
      vertex -35.64484313710706 -27.922735529643443 3
      vertex -35.82974470492998 -27.6682403546252 3
      vertex -36.045084971874736 -27.438926261462367 3
    endloop
  endfacet
  facet normal 0 0 1
    outer loop
      vertex -35.64484313710706 -27.922735529643443 3
      vertex -34.67913397489498 -28.721639627510076 3
      vertex -35.82974470492998 -27.6682403546252 3
    endloop
  endfacet
  facet normal 0 0 1
    outer loop
      vertex -35.82974470492998 -27.6682403546252 3
      vertex -33.545084971874736 -29.255282581475768 3
      vertex -36.575566776421205 -26.311595042909484 3
    endloop
  endfacet
  facet normal 0 0 1
    outer loop
      vertex -35.82974470492998 -27.6682403546252 3
      vertex -34.67913397489498 -28.721639627510076 3
      vertex -34.39449951025499 -28.85557843977163 3
    endloop
  endfacet
  facet normal 0 0 1
    outer loop
      vertex -35.82974470492998 -27.6682403546252 3
      vertex -36.497335568919596 -26.616285479358936 3
      vertex -36.38153340021932 -26.908768370508575 3
    endloop
  endfacet
  facet normal 0 0 1
    outer loop
      vertex -35.82974470492998 -27.6682403546252 3
      vertex -36.575566776421205 -26.311595042909484 3
      vertex -36.497335568919596 -26.616285479358936 3
    endloop
  endfacet
  facet normal 0 0 1
    outer loop
      vertex -34.67913397489498 -28.721639627510076 3
      vertex -34.12889645782536 -29.0241352623301 3
      vertex -34.39449951025499 -28.85557843977163 3
    endloop
  endfacet
  facet normal 0 0 1
    outer loop
      vertex -35.82974470492998 -27.6682403546252 3
      vertex -34.39449951025499 -28.85557843977163 3
      vertex -33.545084971874736 -29.255282581475768 3
    endloop
  endfacet
  facet normal 0 0 1
    outer loop
      vertex -33.545084971874736 -29.255282581475768 3
      vertex -32.93690657292862 -29.411436253643444 3
      vertex -32.31395259764657 -29.49013364214136 3
    endloop
  endfacet
  facet normal 0 0 1
    outer loop
      vertex -36.575566776421205 -26.311595042909484 3
      vertex -33.545084971874736 -29.255282581475768 3
      vertex -27.350486733116067 -29.132797823536567 3
    endloop
  endfacet
  facet normal 0 0 1
    outer loop
      vertex -36.84291580564316 -25.743449435824274 3
      vertex -36.89555391523972 -25.326775893659946 3
      vertex -36.96057350657239 -25.12666616782152 3
    endloop
  endfacet
  facet normal 0 0 1
    outer loop
      vertex -36.575566776421205 -26.311595042909484 3
      vertex -32.12664791722567 -25.319807428071964 3
      vertex -32.36914803911959 -24.72477809426824 3
    endloop
  endfacet
  facet normal 0 0 1
    outer loop
      vertex -36.575566776421205 -26.311595042909484 3
      vertex -32.36914803911959 -24.72477809426824 3
      vertex -32.629305231718575 -24.41030206995054 3
    endloop
  endfacet
  facet normal 0 0 1
    outer loop
      vertex -36.575566776421205 -26.311595042909484 3
      vertex -32.629305231718575 -24.41030206995054 3
      vertex -32.84799671014255 -24.065699440830574 3
    endloop
  endfacet
  facet normal 0 0 1
    outer loop
      vertex -36.575566776421205 -26.311595042909484 3
      vertex -32.84799671014255 -24.065699440830574 3
      vertex -33.02177357913682 -23.696404796225202 3
    endloop
  endfacet
  facet normal 0 0 1
    outer loop
      vertex -36.575566776421205 -26.311595042909484 3
      vertex -33.02177357913682 -23.696404796225202 3
      vertex -33.14789527366805 -23.308242133285777 3
    endloop
  endfacet
  facet normal 0 0 1
    outer loop
      vertex -36.575566776421205 -26.311595042909484 3
      vertex -33.14789527366805 -23.308242133285777 3
      vertex -33.22437277927205 -22.907333009083988 3
    endloop
  endfacet
  facet normal 0 0 1
    outer loop
      vertex -33.545084971874736 -29.255282581475768 3
      vertex -32.31395259764657 -29.49013364214136 3
      vertex -27.350486733116067 -29.132797823536567 3
    endloop
  endfacet
  facet normal 0 0 1
    outer loop
      vertex -36.575566776421205 -26.311595042909484 3
      vertex -27.350486733116067 -29.132797823536567 3
      vertex -32.12664791722567 -25.319807428071964 3
    endloop
  endfacet
  facet normal 0 0 1
    outer loop
      vertex -32.12664791722567 -25.319807428071964 3
      vertex -32.07162796668324 -25.004168039021316 3
      vertex -32.36914803911959 -24.72477809426824 3
    endloop
  endfacet
  facet normal 0 0 1
    outer loop
      vertex -32.12664791722567 -25.319807428071964 3
      vertex -31.95298240572004 -25.090369084820132 3
      vertex -32.07162796668324 -25.004168039021316 3
    endloop
  endfacet
  facet normal 0 0 1
    outer loop
      vertex -32.629305231718575 -20.58969793004946 3
      vertex -31.8 -15 3
      vertex -33.02177357913682 -8.696404796225202 3
    endloop
  endfacet
  facet normal 0 0 1
    outer loop
      vertex -32.629305231718575 -20.58969793004946 3
      vertex -32.36914803911959 -20.27522190573176 3
      vertex -31.673597674598852 -15.66262419483242 3
    endloop
  endfacet
  facet normal 0 0 1
    outer loop
      vertex -32.36914803911959 -20.27522190573176 3
      vertex -32.07162796668324 -19.995831960978684 3
      vertex -31.577352024078955 -15.867156613383088 3
    endloop
  endfacet
  facet normal 0 0 1
    outer loop
      vertex -32.07162796668324 -19.995831960978684 3
      vertex -31.74143708368174 -19.75593424211845 3
      vertex -31.31214352935854 -16.23218479067164 3
    endloop
  endfacet
  facet normal 0 0 1
    outer loop
      vertex -31.74143708368174 -19.75593424211845 3
      vertex -31.383782697586486 -19.559312079485437 3
      vertex -31.14736318154764 -16.38692383699642 3
    endloop
  endfacet
  facet normal 0 0 1
    outer loop
      vertex -31.383782697586486 -19.559312079485437 3
      vertex -31.00430523171858 -19.40906632204075 3
      vertex -30.964488230962193 -16.519790265903627 3
    endloop
  endfacet
  facet normal 0 0 1
    outer loop
      vertex -31.00430523171858 -19.40906632204075 3
      vertex -30.608989272403605 -19.30756643513176 3
      vertex -30.556230589874904 -16.711901729331277 3
    endloop
  endfacet
  facet normal 0 0 1
    outer loop
      vertex -30.608989272403605 -19.30756643513176 3
      vertex -30.204069188470267 -19.256413132608117 3
      vertex -30.337286366254304 -16.76811705131164 3
    endloop
  endfacet
  facet normal 0 0 1
    outer loop
      vertex -30.204069188470267 -19.256413132608117 3
      vertex -29.795930811529733 -19.256413132608117 3
      vertex -29.886977064847237 -16.79644811117089 3
    endloop
  endfacet
  facet normal 0 0 1
    outer loop
      vertex -29.391010727596395 -19.30756643513176 3
      vertex -29.662713633745696 -16.76811705131164 3
      vertex -29.795930811529733 -19.256413132608117 3
    endloop
  endfacet
  facet normal 0 0 1
    outer loop
      vertex -29.391010727596395 -19.30756643513176 3
      vertex -28.99569476828142 -19.40906632204075 3
      vertex -29.23359727518287 -16.628688694438836 3
    endloop
  endfacet
  facet normal 0 0 1
    outer loop
      vertex -28.99569476828142 -19.40906632204075 3
      vertex -28.616217302413514 -19.559312079485437 3
      vertex -29.035511769037807 -16.519790265903627 3
    endloop
  endfacet
  facet normal 0 0 1
    outer loop
      vertex -32.629305231718575 -20.58969793004946 3
      vertex -31.673597674598852 -15.66262419483242 3
      vertex -31.743449690031536 -15.447641796896738 3
    endloop
  endfacet
  facet normal 0 0 1
    outer loop
      vertex -32.629305231718575 -20.58969793004946 3
      vertex -31.743449690031536 -15.447641796896738 3
      vertex -31.78580646236606 -15.225599820415747 3
    endloop
  endfacet
  facet normal 0 0 1
    outer loop
      vertex -32.36914803911959 -20.27522190573176 3
      vertex -31.577352024078955 -15.867156613383088 3
      vertex -31.673597674598852 -15.66262419483242 3
    endloop
  endfacet
  facet normal 0 0 1
    outer loop
      vertex -32.629305231718575 -20.58969793004946 3
      vertex -31.78580646236606 -15.225599820415747 3
      vertex -31.8 -15 3
    endloop
  endfacet
  facet normal 0 0 1
    outer loop
      vertex -32.07162796668324 -19.995831960978684 3
      vertex -31.456230589874906 -16.058013454126453 3
      vertex -31.577352024078955 -15.867156613383088 3
    endloop
  endfacet
  facet normal 0 0 1
    outer loop
      vertex -32.07162796668324 -19.995831960978684 3
      vertex -31.31214352935854 -16.23218479067164 3
      vertex -31.456230589874906 -16.058013454126453 3
    endloop
  endfacet
  facet normal 0 0 1
    outer loop
      vertex -31.74143708368174 -19.75593424211845 3
      vertex -31.14736318154764 -16.38692383699642 3
      vertex -31.31214352935854 -16.23218479067164 3
    endloop
  endfacet
  facet normal 0 0 1
    outer loop
      vertex -31.00430523171858 -19.40906632204075 3
      vertex -30.76640272481713 -16.628688694438836 3
      vertex -30.964488230962193 -16.519790265903627 3
    endloop
  endfacet
  facet normal 0 0 1
    outer loop
      vertex -31.00430523171858 -19.40906632204075 3
      vertex -30.556230589874904 -16.711901729331277 3
      vertex -30.76640272481713 -16.628688694438836 3
    endloop
  endfacet
  facet normal 0 0 1
    outer loop
      vertex -30.608989272403605 -19.30756643513176 3
      vertex -30.337286366254304 -16.76811705131164 3
      vertex -30.556230589874904 -16.711901729331277 3
    endloop
  endfacet
  facet normal 0 0 1
    outer loop
      vertex -30.204069188470267 -19.256413132608117 3
      vertex -30.113022935152763 -16.79644811117089 3
      vertex -30.337286366254304 -16.76811705131164 3
    endloop
  endfacet
  facet normal 0 0 1
    outer loop
      vertex -30.204069188470267 -19.256413132608117 3
      vertex -29.886977064847237 -16.79644811117089 3
      vertex -30.113022935152763 -16.79644811117089 3
    endloop
  endfacet
  facet normal 0 0 1
    outer loop
      vertex -31.383782697586486 -19.559312079485437 3
      vertex -30.964488230962193 -16.519790265903627 3
      vertex -31.14736318154764 -16.38692383699642 3
    endloop
  endfacet
  facet normal 0 0 1
    outer loop
      vertex -29.795930811529733 -19.256413132608117 3
      vertex -29.662713633745696 -16.76811705131164 3
      vertex -29.886977064847237 -16.79644811117089 3
    endloop
  endfacet
  facet normal 0 0 1
    outer loop
      vertex -29.391010727596395 -19.30756643513176 3
      vertex -29.443769410125096 -16.711901729331277 3
      vertex -29.662713633745696 -16.76811705131164 3
    endloop
  endfacet
  facet normal 0 0 1
    outer loop
      vertex -29.391010727596395 -19.30756643513176 3
      vertex -29.23359727518287 -16.628688694438836 3
      vertex -29.443769410125096 -16.711901729331277 3
    endloop
  endfacet
  facet normal 0 0 1
    outer loop
      vertex -28.99569476828142 -19.40906632204075 3
      vertex -29.035511769037807 -16.519790265903627 3
      vertex -29.23359727518287 -16.628688694438836 3
    endloop
  endfacet
  facet normal 0 0 1
    outer loop
      vertex -28.616217302413514 -19.559312079485437 3
      vertex -28.852636818452357 -16.38692383699642 3
      vertex -29.035511769037807 -16.519790265903627 3
    endloop
  endfacet
  facet normal 0 0 1
    outer loop
      vertex -28.616217302413514 -19.559312079485437 3
      vertex -28.68785647064146 -16.23218479067164 3
      vertex -28.852636818452357 -16.38692383699642 3
    endloop
  endfacet
  facet normal 0 0 1
    outer loop
      vertex -28.616217302413514 -19.559312079485437 3
      vertex -28.543769410125094 -16.058013454126453 3
      vertex -28.68785647064146 -16.23218479067164 3
    endloop
  endfacet
  facet normal 0 0 1
    outer loop
      vertex -25.3309520434109 -16.34166784806185 3
      vertex -28.25856291631826 -19.75593424211845 3
      vertex -28.03707014613142 -19.91685815930491 3
    endloop
  endfacet
  facet normal 0 0 1
    outer loop
      vertex -25.3309520434109 -16.34166784806185 3
      vertex -28.616217302413514 -19.559312079485437 3
      vertex -28.25856291631826 -19.75593424211845 3
    endloop
  endfacet
  facet normal 0 0 1
    outer loop
      vertex -25.3309520434109 -16.34166784806185 3
      vertex -28.543769410125094 -16.058013454126453 3
      vertex -28.616217302413514 -19.559312079485437 3
    endloop
  endfacet
  facet normal 0 0 1
    outer loop
      vertex -25.3309520434109 -16.34166784806185 3
      vertex -28.422647975921045 -15.867156613383088 3
      vertex -28.543769410125094 -16.058013454126453 3
    endloop
  endfacet
  facet normal 0 0 1
    outer loop
      vertex -25.3309520434109 -16.34166784806185 3
      vertex -28.326402325401148 -15.662624194832421 3
      vertex -28.422647975921045 -15.867156613383088 3
    endloop
  endfacet
  facet normal 0 0 1
    outer loop
      vertex -25.3309520434109 -16.34166784806185 3
      vertex -28.256550309968464 -15.447641796896738 3
      vertex -28.326402325401148 -15.662624194832421 3
    endloop
  endfacet
  facet normal 0 0 1
    outer loop
      vertex -25.3309520434109 -16.34166784806185 3
      vertex -28.21419353763394 -15.225599820415747 3
      vertex -28.256550309968464 -15.447641796896738 3
    endloop
  endfacet
  facet normal 0 0 1
    outer loop
      vertex -25.3309520434109 -16.34166784806185 3
      vertex -28.2 -15 3
      vertex -28.21419353763394 -15.225599820415747 3
    endloop
  endfacet
  facet normal 0 0 1
    outer loop
      vertex -25.3309520434109 -16.34166784806185 3
      vertex -28.21419353763394 -14.774400179584251 3
      vertex -28.2 -15 3
    endloop
  endfacet
  facet normal 1 0 0
    outer loop
      vertex -23 -15.509866357858641 0
      vertex -23 24.5 3
      vertex -23 -15.509866357858641 3
    endloop
  endfacet
  facet normal 0 0 1
    outer loop
      vertex -32.629305231718575 -20.58969793004946 3
      vertex -33.14789527366805 -8.308242133285779 3
      vertex -33.22437277927205 -7.907333009083988 3
    endloop
  endfacet
  facet normal 0 0 1
    outer loop
      vertex -32.629305231718575 -20.58969793004946 3
      vertex -33.22437277927205 -7.907333009083988 3
      vertex -33.25 -7.5 3
    endloop
  endfacet
  facet normal 0 0 1
    outer loop
      vertex -32.629305231718575 -20.58969793004946 3
      vertex -33.02177357913682 -8.696404796225202 3
      vertex -33.14789527366805 -8.308242133285779 3
    endloop
  endfacet
  facet normal 0 0 1
    outer loop
      vertex -36.575566776421205 -26.311595042909484 3
      vertex -37 24.5 3
      vertex -36.89555391523972 -25.326775893659946 3
    endloop
  endfacet
  facet normal 0 0 1
    outer loop
      vertex -36.89555391523972 -25.326775893659946 3
      vertex -37 24.5 3
      vertex -36.96057350657239 -25.12666616782152 3
    endloop
  endfacet
  facet normal 0 0 1
    outer loop
      vertex -36.575566776421205 -26.311595042909484 3
      vertex -33.22437277927205 -22.907333009083988 3
      vertex -37 24.5 3
    endloop
  endfacet
  facet normal 0 0 1
    outer loop
      vertex -31.78580646236606 -14.774400179584253 3
      vertex -32.84799671014255 -9.065699440830574 3
      vertex -33.02177357913682 -8.696404796225202 3
    endloop
  endfacet
  facet normal 0 0 1
    outer loop
      vertex -31.743449690031536 -14.552358203103262 3
      vertex -32.629305231718575 -9.410302069950538 3
      vertex -32.84799671014255 -9.065699440830574 3
    endloop
  endfacet
  facet normal 0 0 1
    outer loop
      vertex -31.8 -15 3
      vertex -31.78580646236606 -14.774400179584253 3
      vertex -33.02177357913682 -8.696404796225202 3
    endloop
  endfacet
  facet normal 0 0 1
    outer loop
      vertex -31.78580646236606 -14.774400179584253 3
      vertex -31.743449690031536 -14.552358203103262 3
      vertex -32.84799671014255 -9.065699440830574 3
    endloop
  endfacet
  facet normal 0 0 1
    outer loop
      vertex -31.743449690031536 -14.552358203103262 3
      vertex -31.673597674598852 -14.33737580516758 3
      vertex -32.629305231718575 -9.410302069950538 3
    endloop
  endfacet
  facet normal 0 0 1
    outer loop
      vertex -31.673597674598852 -14.33737580516758 3
      vertex -31.577352024078955 -14.132843386616912 3
      vertex -32.36914803911959 -9.724778094268238 3
    endloop
  endfacet
  facet normal 0 0 1
    outer loop
      vertex -31.577352024078955 -14.132843386616912 3
      vertex -31.456230589874906 -13.941986545873549 3
      vertex -32.07162796668324 -10.004168039021316 3
    endloop
  endfacet
  facet normal 0 0 1
    outer loop
      vertex -31.456230589874906 -13.941986545873549 3
      vertex -31.31214352935854 -13.767815209328361 3
      vertex -32.07162796668324 -10.004168039021316 3
    endloop
  endfacet
  facet normal 0 0 1
    outer loop
      vertex -31.31214352935854 -13.767815209328361 3
      vertex -31.14736318154764 -13.61307616300358 3
      vertex -31.74143708368174 -10.244065757881549 3
    endloop
  endfacet
  facet normal 0 0 1
    outer loop
      vertex -31.673597674598852 -14.33737580516758 3
      vertex -32.36914803911959 -9.724778094268238 3
      vertex -32.629305231718575 -9.410302069950538 3
    endloop
  endfacet
  facet normal 0 0 1
    outer loop
      vertex -31.577352024078955 -14.132843386616912 3
      vertex -32.07162796668324 -10.004168039021316 3
      vertex -32.36914803911959 -9.724778094268238 3
    endloop
  endfacet
  facet normal 0 0 1
    outer loop
      vertex -31.31214352935854 -13.767815209328361 3
      vertex -31.74143708368174 -10.244065757881549 3
      vertex -32.07162796668324 -10.004168039021316 3
    endloop
  endfacet
  facet normal 0 0 1
    outer loop
      vertex -31.14736318154764 -13.61307616300358 3
      vertex -31.383782697586486 -10.440687920514563 3
      vertex -31.74143708368174 -10.244065757881549 3
    endloop
  endfacet
  facet normal 0 0 1
    outer loop
      vertex -31.14736318154764 -13.61307616300358 3
      vertex -30.964488230962193 -13.480209734096373 3
      vertex -31.383782697586486 -10.440687920514563 3
    endloop
  endfacet
  facet normal 0 0 1
    outer loop
      vertex -30.964488230962193 -13.480209734096373 3
      vertex -30.76640272481713 -13.371311305561164 3
      vertex -31.00430523171858 -10.59093367795925 3
    endloop
  endfacet
  facet normal 0 0 1
    outer loop
      vertex -30.76640272481713 -13.371311305561164 3
      vertex -30.556230589874904 -13.288098270668723 3
      vertex -31.00430523171858 -10.59093367795925 3
    endloop
  endfacet
  facet normal 0 0 1
    outer loop
      vertex -30.556230589874904 -13.288098270668723 3
      vertex -30.337286366254304 -13.23188294868836 3
      vertex -30.608989272403605 -10.692433564868239 3
    endloop
  endfacet
  facet normal 0 0 1
    outer loop
      vertex -30.337286366254304 -13.23188294868836 3
      vertex -30.113022935152763 -13.20355188882911 3
      vertex -30.20406918847027 -10.743586867391883 3
    endloop
  endfacet
  facet normal 0 0 1
    outer loop
      vertex -30.113022935152763 -13.20355188882911 3
      vertex -29.886977064847237 -13.20355188882911 3
      vertex -30.20406918847027 -10.743586867391883 3
    endloop
  endfacet
  facet normal 0 0 1
    outer loop
      vertex -30.556230589874904 -13.288098270668723 3
      vertex -30.608989272403605 -10.692433564868239 3
      vertex -31.00430523171858 -10.59093367795925 3
    endloop
  endfacet
  facet normal 0 0 1
    outer loop
      vertex -30.964488230962193 -13.480209734096373 3
      vertex -31.00430523171858 -10.59093367795925 3
      vertex -31.383782697586486 -10.440687920514563 3
    endloop
  endfacet
  facet normal 0 0 1
    outer loop
      vertex -30.337286366254304 -13.23188294868836 3
      vertex -30.20406918847027 -10.743586867391883 3
      vertex -30.608989272403605 -10.692433564868239 3
    endloop
  endfacet
  facet normal 0 0 1
    outer loop
      vertex -28.21419353763394 -14.774400179584251 3
      vertex -27.37069476828142 -9.410302069950538 3
      vertex -28.256550309968464 -14.552358203103262 3
    endloop
  endfacet
  facet normal 0 0 1
    outer loop
      vertex -29.886977064847237 -13.20355188882911 3
      vertex -29.662713633745696 -13.23188294868836 3
      vertex -29.79593081152973 -10.743586867391883 3
    endloop
  endfacet
  facet normal 0 0 1
    outer loop
      vertex -29.443769410125096 -13.288098270668723 3
      vertex -29.391010727596395 -10.692433564868239 3
      vertex -29.662713633745696 -13.23188294868836 3
    endloop
  endfacet
  facet normal 0 0 1
    outer loop
      vertex -29.443769410125096 -13.288098270668723 3
      vertex -29.23359727518287 -13.371311305561164 3
      vertex -29.391010727596395 -10.692433564868239 3
    endloop
  endfacet
  facet normal 0 0 1
    outer loop
      vertex -29.23359727518287 -13.371311305561164 3
      vertex -29.035511769037807 -13.480209734096373 3
      vertex -28.99569476828142 -10.59093367795925 3
    endloop
  endfacet
  facet normal 0 0 1
    outer loop
      vertex -29.886977064847237 -13.20355188882911 3
      vertex -29.79593081152973 -10.743586867391883 3
      vertex -30.20406918847027 -10.743586867391883 3
    endloop
  endfacet
  facet normal 0 0 1
    outer loop
      vertex -29.662713633745696 -13.23188294868836 3
      vertex -29.391010727596395 -10.692433564868239 3
      vertex -29.79593081152973 -10.743586867391883 3
    endloop
  endfacet
  facet normal 0 0 1
    outer loop
      vertex -29.23359727518287 -13.371311305561164 3
      vertex -28.99569476828142 -10.59093367795925 3
      vertex -29.391010727596395 -10.692433564868239 3
    endloop
  endfacet
  facet normal 0 0 1
    outer loop
      vertex -28.852636818452357 -13.61307616300358 3
      vertex -28.616217302413514 -10.440687920514563 3
      vertex -29.035511769037807 -13.480209734096373 3
    endloop
  endfacet
  facet normal 0 0 1
    outer loop
      vertex -28.852636818452357 -13.61307616300358 3
      vertex -28.68785647064146 -13.76781520932836 3
      vertex -28.616217302413514 -10.440687920514563 3
    endloop
  endfacet
  facet normal 0 0 1
    outer loop
      vertex -28.68785647064146 -13.76781520932836 3
      vertex -28.543769410125094 -13.941986545873549 3
      vertex -28.25856291631826 -10.24406575788155 3
    endloop
  endfacet
  facet normal 0 0 1
    outer loop
      vertex -28.422647975921045 -14.132843386616912 3
      vertex -28.326402325401148 -14.33737580516758 3
      vertex -27.92837203331676 -10.004168039021314 3
    endloop
  endfacet
  facet normal 0 0 1
    outer loop
      vertex -28.422647975921045 -14.132843386616912 3
      vertex -27.92837203331676 -10.004168039021314 3
      vertex -28.543769410125094 -13.941986545873549 3
    endloop
  endfacet
  facet normal 0 0 1
    outer loop
      vertex -28.256550309968464 -14.552358203103262 3
      vertex -27.630851960880413 -9.724778094268238 3
      vertex -28.326402325401148 -14.33737580516758 3
    endloop
  endfacet
  facet normal 0 0 1
    outer loop
      vertex -29.035511769037807 -13.480209734096373 3
      vertex -28.616217302413514 -10.440687920514563 3
      vertex -28.99569476828142 -10.59093367795925 3
    endloop
  endfacet
  facet normal 0 0 1
    outer loop
      vertex -28.68785647064146 -13.76781520932836 3
      vertex -28.25856291631826 -10.24406575788155 3
      vertex -28.616217302413514 -10.440687920514563 3
    endloop
  endfacet
  facet normal 0 0 1
    outer loop
      vertex -28.543769410125094 -13.941986545873549 3
      vertex -27.92837203331676 -10.004168039021314 3
      vertex -28.25856291631826 -10.24406575788155 3
    endloop
  endfacet
  facet normal 0 0 1
    outer loop
      vertex -28.326402325401148 -14.33737580516758 3
      vertex -27.630851960880413 -9.724778094268238 3
      vertex -27.92837203331676 -10.004168039021314 3
    endloop
  endfacet
  facet normal 0 0 1
    outer loop
      vertex -28.256550309968464 -14.552358203103262 3
      vertex -27.37069476828142 -9.410302069950538 3
      vertex -27.630851960880413 -9.724778094268238 3
    endloop
  endfacet
  facet normal 0 0 1
    outer loop
      vertex -36.96057350657239 -25.12666616782152 3
      vertex -37 24.5 3
      vertex -37 -20.5 3
    endloop
  endfacet
  facet normal 0 0 1
    outer loop
      vertex -37 24.5 3
      vertex -33.22437277927205 -22.907333009083988 3
      vertex -33.25 -22.5 3
    endloop
  endfacet
  facet normal 0 0 1
    outer loop
      vertex -37 24.5 3
      vertex -33.25 -22.5 3
      vertex -33.22437277927205 -22.092666990916012 3
    endloop
  endfacet
  facet normal 0 0 1
    outer loop
      vertex -37 24.5 3
      vertex -33.22437277927205 -22.092666990916012 3
      vertex -33.14789527366805 -21.691757866714223 3
    endloop
  endfacet
  facet normal 0 0 1
    outer loop
      vertex -37 24.5 3
      vertex -33.14789527366805 -21.691757866714223 3
      vertex -33.02177357913682 -21.303595203774798 3
    endloop
  endfacet
  facet normal 0 0 1
    outer loop
      vertex -37 24.5 3
      vertex -33.02177357913682 -21.303595203774798 3
      vertex -32.84799671014255 -20.934300559169426 3
    endloop
  endfacet
  facet normal 0 0 1
    outer loop
      vertex -37 24.5 3
      vertex -32.84799671014255 -20.934300559169426 3
      vertex -32.629305231718575 -20.58969793004946 3
    endloop
  endfacet
  facet normal 0 0 1
    outer loop
      vertex -33.02177357913682 -6.303595203774797 3
      vertex -32.84799671014255 -5.934300559169425 3
      vertex -31.78580646236606 -0.22559982041574733 3
    endloop
  endfacet
  facet normal 0 0 1
    outer loop
      vertex -32.84799671014255 -5.934300559169425 3
      vertex -32.629305231718575 -5.5896979300494625 3
      vertex -31.743449690031536 -0.4476417968967387 3
    endloop
  endfacet
  facet normal 0 0 1
    outer loop
      vertex -33.22437277927205 -7.092666990916012 3
      vertex -33.14789527366805 -6.691757866714221 3
      vertex -33.14789527366805 6.691757866714221 3
    endloop
  endfacet
  facet normal 0 0 1
    outer loop
      vertex -33.14789527366805 -6.691757866714221 3
      vertex -33.02177357913682 -6.303595203774797 3
      vertex -33.02177357913682 6.303595203774797 3
    endloop
  endfacet
  facet normal 0 0 1
    outer loop
      vertex -37 24.5 3
      vertex -32.629305231718575 -20.58969793004946 3
      vertex -33.25 -7.5 3
    endloop
  endfacet
  facet normal 0 0 1
    outer loop
      vertex -32.629305231718575 -5.5896979300494625 3
      vertex -32.36914803911959 -5.275221905731762 3
      vertex -31.673597674598852 -0.6626241948324202 3
    endloop
  endfacet
  facet normal 0 0 1
    outer loop
      vertex -32.36914803911959 -5.275221905731762 3
      vertex -32.07162796668324 -4.995831960978684 3
      vertex -31.577352024078955 -0.8671566133830877 3
    endloop
  endfacet
  facet normal 0 0 1
    outer loop
      vertex -27.630851960880413 -5.275221905731762 3
      vertex -28.422647975921045 -0.8671566133830877 3
      vertex -27.92837203331676 -4.995831960978686 3
    endloop
  endfacet
  facet normal 0 0 1
    outer loop
      vertex -27.37069476828142 -5.5896979300494625 3
      vertex -28.326402325401148 -0.6626241948324211 3
      vertex -27.630851960880413 -5.275221905731762 3
    endloop
  endfacet
  facet normal 0 0 1
    outer loop
      vertex -32.07162796668324 -4.995831960978684 3
      vertex -31.74143708368174 -4.755934242118451 3
      vertex -31.31214352935854 -1.2321847906716394 3
    endloop
  endfacet
  facet normal 0 0 1
    outer loop
      vertex -31.74143708368174 -4.755934242118451 3
      vertex -31.383782697586486 -4.559312079485437 3
      vertex -31.14736318154764 -1.386923836996421 3
    endloop
  endfacet
  facet normal 0 0 1
    outer loop
      vertex -32.84799671014255 -5.934300559169425 3
      vertex -31.743449690031536 -0.4476417968967387 3
      vertex -31.78580646236606 -0.22559982041574733 3
    endloop
  endfacet
  facet normal 0 0 1
    outer loop
      vertex -33.02177357913682 -6.303595203774797 3
      vertex -31.78580646236606 -0.22559982041574733 3
      vertex -31.8 0 3
    endloop
  endfacet
  facet normal 0 0 1
    outer loop
      vertex -32.629305231718575 -5.5896979300494625 3
      vertex -31.673597674598852 -0.6626241948324202 3
      vertex -31.743449690031536 -0.4476417968967387 3
    endloop
  endfacet
  facet normal 0 0 1
    outer loop
      vertex -32.36914803911959 -5.275221905731762 3
      vertex -31.577352024078955 -0.8671566133830877 3
      vertex -31.673597674598852 -0.6626241948324202 3
    endloop
  endfacet
  facet normal 0 0 1
    outer loop
      vertex -32.07162796668324 -4.995831960978684 3
      vertex -31.456230589874906 -1.0580134541264516 3
      vertex -31.577352024078955 -0.8671566133830877 3
    endloop
  endfacet
  facet normal 0 0 1
    outer loop
      vertex -32.07162796668324 -4.995831960978684 3
      vertex -31.31214352935854 -1.2321847906716394 3
      vertex -31.456230589874906 -1.0580134541264516 3
    endloop
  endfacet
  facet normal 0 0 1
    outer loop
      vertex -31.74143708368174 -4.755934242118451 3
      vertex -31.14736318154764 -1.386923836996421 3
      vertex -31.31214352935854 -1.2321847906716394 3
    endloop
  endfacet
  facet normal 0 0 1
    outer loop
      vertex -31.383782697586486 -4.559312079485437 3
      vertex -31.00430523171858 -4.409066322040751 3
      vertex -30.964488230962193 -1.5197902659036269 3
    endloop
  endfacet
  facet normal 0 0 1
    outer loop
      vertex -31.00430523171858 -4.409066322040751 3
      vertex -30.608989272403605 -4.307566435131761 3
      vertex -30.556230589874904 -1.7119017293312764 3
    endloop
  endfacet
  facet normal 0 0 1
    outer loop
      vertex -30.608989272403605 -4.307566435131761 3
      vertex -30.204069188470267 -4.256413132608118 3
      vertex -30.337286366254304 -1.7681170513116395 3
    endloop
  endfacet
  facet normal 0 0 1
    outer loop
      vertex -31.383782697586486 -4.559312079485437 3
      vertex -30.964488230962193 -1.5197902659036269 3
      vertex -31.14736318154764 -1.386923836996421 3
    endloop
  endfacet
  facet normal 0 0 1
    outer loop
      vertex -31.00430523171858 -4.409066322040751 3
      vertex -30.556230589874904 -1.7119017293312764 3
      vertex -30.76640272481713 -1.6286886944388352 3
    endloop
  endfacet
  facet normal 0 0 1
    outer loop
      vertex -31.00430523171858 -4.409066322040751 3
      vertex -30.76640272481713 -1.6286886944388352 3
      vertex -30.964488230962193 -1.5197902659036269 3
    endloop
  endfacet
  facet normal 0 0 1
    outer loop
      vertex -30.608989272403605 -4.307566435131761 3
      vertex -30.337286366254304 -1.7681170513116395 3
      vertex -30.556230589874904 -1.7119017293312764 3
    endloop
  endfacet
  facet normal 0 0 1
    outer loop
      vertex -30.204069188470267 -4.256413132608118 3
      vertex -30.113022935152763 -1.7964481111708888 3
      vertex -30.337286366254304 -1.7681170513116395 3
    endloop
  endfacet
  facet normal 0 0 1
    outer loop
      vertex -30.204069188470267 -4.256413132608118 3
      vertex -29.886977064847237 -1.7964481111708888 3
      vertex -30.113022935152763 -1.7964481111708888 3
    endloop
  endfacet
  facet normal 0 0 1
    outer loop
      vertex -30.204069188470267 -4.256413132608118 3
      vertex -29.795930811529733 -4.256413132608118 3
      vertex -29.886977064847237 -1.7964481111708888 3
    endloop
  endfacet
  facet normal 0 0 1
    outer loop
      vertex -29.795930811529733 -4.256413132608118 3
      vertex -29.391010727596395 -4.307566435131761 3
      vertex -29.662713633745696 -1.7681170513116395 3
    endloop
  endfacet
  facet normal 0 0 1
    outer loop
      vertex -29.662713633745696 -1.7681170513116395 3
      vertex -29.391010727596395 -4.307566435131761 3
      vertex -28.99569476828142 -4.409066322040751 3
    endloop
  endfacet
  facet normal 0 0 1
    outer loop
      vertex -29.662713633745696 -1.7681170513116395 3
      vertex -28.99569476828142 -4.409066322040751 3
      vertex -28.616217302413514 -4.559312079485437 3
    endloop
  endfacet
  facet normal 0 0 1
    outer loop
      vertex -29.795930811529733 -4.256413132608118 3
      vertex -29.662713633745696 -1.7681170513116395 3
      vertex -29.886977064847237 -1.7964481111708888 3
    endloop
  endfacet
  facet normal 0 0 1
    outer loop
      vertex -29.662713633745696 -1.7681170513116395 3
      vertex -28.616217302413514 -4.559312079485437 3
      vertex -29.443769410125096 -1.7119017293312764 3
    endloop
  endfacet
  facet normal 0 0 1
    outer loop
      vertex -28.616217302413514 -4.559312079485437 3
      vertex -29.23359727518287 -1.6286886944388352 3
      vertex -29.443769410125096 -1.7119017293312764 3
    endloop
  endfacet
  facet normal 0 0 1
    outer loop
      vertex -28.616217302413514 -4.559312079485437 3
      vertex -29.035511769037807 -1.5197902659036275 3
      vertex -29.23359727518287 -1.6286886944388352 3
    endloop
  endfacet
  facet normal 0 0 1
    outer loop
      vertex -28.25856291631826 -4.755934242118451 3
      vertex -28.852636818452357 -1.3869238369964203 3
      vertex -28.616217302413514 -4.559312079485437 3
    endloop
  endfacet
  facet normal 0 0 1
    outer loop
      vertex -28.25856291631826 -4.755934242118451 3
      vertex -27.92837203331676 -4.995831960978686 3
      vertex -28.68785647064146 -1.2321847906716394 3
    endloop
  endfacet
  facet normal 0 0 1
    outer loop
      vertex -29.035511769037807 -1.5197902659036275 3
      vertex -28.616217302413514 -4.559312079485437 3
      vertex -28.852636818452357 -1.3869238369964203 3
    endloop
  endfacet
  facet normal 0 0 1
    outer loop
      vertex -28.25856291631826 -4.755934242118451 3
      vertex -28.68785647064146 -1.2321847906716394 3
      vertex -28.852636818452357 -1.3869238369964203 3
    endloop
  endfacet
  facet normal 0 0 1
    outer loop
      vertex -27.92837203331676 -4.995831960978686 3
      vertex -28.543769410125094 -1.0580134541264516 3
      vertex -28.68785647064146 -1.2321847906716394 3
    endloop
  endfacet
  facet normal 0 0 1
    outer loop
      vertex -27.92837203331676 -4.995831960978686 3
      vertex -28.422647975921045 -0.8671566133830877 3
      vertex -28.543769410125094 -1.0580134541264516 3
    endloop
  endfacet
  facet normal 0 0 1
    outer loop
      vertex -27.630851960880413 -5.275221905731762 3
      vertex -28.326402325401148 -0.6626241948324211 3
      vertex -28.422647975921045 -0.8671566133830877 3
    endloop
  endfacet
  facet normal 0 0 1
    outer loop
      vertex -27.37069476828142 -5.5896979300494625 3
      vertex -28.256550309968464 -0.447641796896738 3
      vertex -28.326402325401148 -0.6626241948324211 3
    endloop
  endfacet
  facet normal 0 0 1
    outer loop
      vertex -27.152003289857443 -5.934300559169425 3
      vertex -28.21419353763394 -0.22559982041574733 3
      vertex -28.256550309968464 -0.447641796896738 3
    endloop
  endfacet
  facet normal 0 0 1
    outer loop
      vertex -26.978226420863184 -6.303595203774797 3
      vertex -28.2 0 3
      vertex -28.21419353763394 -0.22559982041574733 3
    endloop
  endfacet
  facet normal 0 0 1
    outer loop
      vertex -25.3309520434109 -16.34166784806185 3
      vertex -27.37069476828142 -9.410302069950538 3
      vertex -28.21419353763394 -14.774400179584251 3
    endloop
  endfacet
  facet normal 0 0 1
    outer loop
      vertex -25.3309520434109 -16.34166784806185 3
      vertex -27.152003289857443 -9.065699440830574 3
      vertex -27.37069476828142 -9.410302069950538 3
    endloop
  endfacet
  facet normal 0 0 1
    outer loop
      vertex -25.3309520434109 -16.34166784806185 3
      vertex -26.978226420863184 -8.696404796225204 3
      vertex -27.152003289857443 -9.065699440830574 3
    endloop
  endfacet
  facet normal 0 0 1
    outer loop
      vertex -25.3309520434109 -16.34166784806185 3
      vertex -26.852104726331948 -8.308242133285777 3
      vertex -26.978226420863184 -8.696404796225204 3
    endloop
  endfacet
  facet normal 0 0 1
    outer loop
      vertex -25.3309520434109 -16.34166784806185 3
      vertex -26.775627220727948 -7.907333009083988 3
      vertex -26.852104726331948 -8.308242133285777 3
    endloop
  endfacet
  facet normal 0 0 1
    outer loop
      vertex -25.3309520434109 -16.34166784806185 3
      vertex -26.75 -7.5 3
      vertex -26.775627220727948 -7.907333009083988 3
    endloop
  endfacet
  facet normal 0 0 1
    outer loop
      vertex -27.152003289857443 -5.934300559169425 3
      vertex -26.978226420863184 -6.303595203774797 3
      vertex -28.21419353763394 -0.22559982041574733 3
    endloop
  endfacet
  facet normal 0 0 1
    outer loop
      vertex -27.152003289857443 -5.934300559169425 3
      vertex -28.256550309968464 -0.447641796896738 3
      vertex -27.37069476828142 -5.5896979300494625 3
    endloop
  endfacet
  facet normal 0 0 1
    outer loop
      vertex -26.852104726331948 -6.691757866714222 3
      vertex -26.978226420863184 6.303595203774796 3
      vertex -26.978226420863184 -6.303595203774797 3
    endloop
  endfacet
  facet normal 0 0 1
    outer loop
      vertex -26.775627220727948 -7.092666990916011 3
      vertex -26.775627220727948 7.092666990916012 3
      vertex -26.852104726331948 -6.691757866714222 3
    endloop
  endfacet
  facet normal 0 0 1
    outer loop
      vertex -25.3309520434109 -16.34166784806185 3
      vertex -23 -16.64675994720291 3
      vertex -23.157084194356845 25.743449435824274 3
    endloop
  endfacet
  facet normal 0 0 1
    outer loop
      vertex -23 -16.64675994720291 3
      vertex -23 -15.509866357858641 3
      vertex -23.157084194356845 25.743449435824274 3
    endloop
  endfacet
  facet normal 0 0 -1
    outer loop
      vertex -33.50759995364969 -15.737566768867454 0
      vertex -37 24.5 0
      vertex -33.22437277927205 -7.907333009083988 0
    endloop
  endfacet
  facet normal 0 0 -1
    outer loop
      vertex -37 24.5 0
      vertex -33.25 -7.5 0
      vertex -33.22437277927205 -7.907333009083988 0
    endloop
  endfacet
  facet normal 0 0 -1
    outer loop
      vertex -37 24.5 0
      vertex -33.22437277927205 -7.092666990916012 0
      vertex -33.25 -7.5 0
    endloop
  endfacet
  facet normal 0 0 -1
    outer loop
      vertex -33.22437277927205 -7.092666990916012 0
      vertex -33.22437277927205 7.092666990916012 0
      vertex -33.14789527366805 6.691757866714221 0
    endloop
  endfacet
  facet normal 0 0 -1
    outer loop
      vertex -33.02177357913682 -6.303595203774797 0
      vertex -33.14789527366805 6.691757866714221 0
      vertex -33.02177357913682 6.303595203774797 0
    endloop
  endfacet
  facet normal 0 0 -1
    outer loop
      vertex -33.22437277927205 -7.092666990916012 0
      vertex -33.25 7.5 0
      vertex -33.22437277927205 7.092666990916012 0
    endloop
  endfacet
  facet normal 0 0 -1
    outer loop
      vertex -32.629305231718575 -5.5896979300494625 0
      vertex -32.84799671014255 5.934300559169425 0
      vertex -32.629305231718575 5.5896979300494625 0
    endloop
  endfacet
  facet normal 0 0 -1
    outer loop
      vertex -32.84799671014255 -5.934300559169425 0
      vertex -33.02177357913682 6.303595203774797 0
      vertex -32.84799671014255 5.934300559169425 0
    endloop
  endfacet
  facet normal 0 0 -1
    outer loop
      vertex -32.36914803911959 -5.275221905731762 0
      vertex -32.629305231718575 5.5896979300494625 0
      vertex -32.36914803911959 5.275221905731762 0
    endloop
  endfacet
  facet normal 0 0 -1
    outer loop
      vertex -32.07162796668324 -4.995831960978684 0
      vertex -32.36914803911959 5.275221905731762 0
      vertex -32.07162796668324 4.995831960978684 0
    endloop
  endfacet
  facet normal 0 0 -1
    outer loop
      vertex -32.07162796668324 -4.995831960978684 0
      vertex -32.07162796668324 4.995831960978684 0
      vertex -31.74143708368174 4.755934242118451 0
    endloop
  endfacet
  facet normal 0 0 -1
    outer loop
      vertex -31.74143708368174 4.755934242118451 0
      vertex -31.78580646236606 0.22559982041574733 0
      vertex -31.8 0 0
    endloop
  endfacet
  facet normal 0 0 -1
    outer loop
      vertex -31.74143708368174 4.755934242118451 0
      vertex -31.743449690031536 0.4476417968967387 0
      vertex -31.78580646236606 0.22559982041574733 0
    endloop
  endfacet
  facet normal 0 0 -1
    outer loop
      vertex -31.74143708368174 4.755934242118451 0
      vertex -31.673597674598852 0.6626241948324202 0
      vertex -31.743449690031536 0.4476417968967387 0
    endloop
  endfacet
  facet normal 0 0 -1
    outer loop
      vertex -31.74143708368174 4.755934242118451 0
      vertex -31.577352024078955 0.8671566133830877 0
      vertex -31.673597674598852 0.6626241948324202 0
    endloop
  endfacet
  facet normal 0 0 -1
    outer loop
      vertex -31.74143708368174 4.755934242118451 0
      vertex -31.456230589874906 1.0580134541264516 0
      vertex -31.577352024078955 0.8671566133830877 0
    endloop
  endfacet
  facet normal 0 0 -1
    outer loop
      vertex -31.31214352935854 1.2321847906716394 0
      vertex -31.456230589874906 1.0580134541264516 0
      vertex -31.74143708368174 4.755934242118451 0
    endloop
  endfacet
  facet normal 0 0 -1
    outer loop
      vertex -31.31214352935854 1.2321847906716394 0
      vertex -31.383782697586486 4.559312079485436 0
      vertex -31.14736318154764 1.386923836996421 0
    endloop
  endfacet
  facet normal 0 0 -1
    outer loop
      vertex -31.31214352935854 1.2321847906716394 0
      vertex -31.74143708368174 4.755934242118451 0
      vertex -31.383782697586486 4.559312079485436 0
    endloop
  endfacet
  facet normal 0 0 -1
    outer loop
      vertex -31.14736318154764 1.386923836996421 0
      vertex -31.383782697586486 4.559312079485436 0
      vertex -30.964488230962193 1.5197902659036269 0
    endloop
  endfacet
  facet normal 0 0 -1
    outer loop
      vertex -30.964488230962193 1.5197902659036269 0
      vertex -31.00430523171858 4.409066322040751 0
      vertex -30.76640272481713 1.628688694438835 0
    endloop
  endfacet
  facet normal 0 0 -1
    outer loop
      vertex -30.76640272481713 1.628688694438835 0
      vertex -30.608989272403605 4.307566435131762 0
      vertex -30.556230589874904 1.7119017293312764 0
    endloop
  endfacet
  facet normal 0 0 -1
    outer loop
      vertex -30.556230589874904 1.7119017293312764 0
      vertex -30.608989272403605 4.307566435131762 0
      vertex -30.337286366254304 1.7681170513116398 0
    endloop
  endfacet
  facet normal 0 0 -1
    outer loop
      vertex -30.337286366254304 1.7681170513116398 0
      vertex -30.20406918847027 4.256413132608118 0
      vertex -30.113022935152763 1.7964481111708888 0
    endloop
  endfacet
  facet normal 0 0 -1
    outer loop
      vertex -30.964488230962193 1.5197902659036269 0
      vertex -31.383782697586486 4.559312079485436 0
      vertex -31.00430523171858 4.409066322040751 0
    endloop
  endfacet
  facet normal 0 0 -1
    outer loop
      vertex -30.76640272481713 1.628688694438835 0
      vertex -31.00430523171858 4.409066322040751 0
      vertex -30.608989272403605 4.307566435131762 0
    endloop
  endfacet
  facet normal 0 0 -1
    outer loop
      vertex -30.337286366254304 1.7681170513116398 0
      vertex -30.608989272403605 4.307566435131762 0
      vertex -30.20406918847027 4.256413132608118 0
    endloop
  endfacet
  facet normal 0 0 -1
    outer loop
      vertex -30.113022935152763 1.7964481111708888 0
      vertex -29.79593081152973 4.256413132608118 0
      vertex -29.886977064847237 1.7964481111708888 0
    endloop
  endfacet
  facet normal 0 0 -1
    outer loop
      vertex -29.886977064847237 1.7964481111708888 0
      vertex -29.79593081152973 4.256413132608118 0
      vertex -29.662713633745696 1.7681170513116398 0
    endloop
  endfacet
  facet normal 0 0 -1
    outer loop
      vertex -29.662713633745696 1.7681170513116398 0
      vertex -29.391010727596395 4.307566435131762 0
      vertex -29.443769410125096 1.7119017293312764 0
    endloop
  endfacet
  facet normal 0 0 -1
    outer loop
      vertex -29.443769410125096 1.7119017293312764 0
      vertex -28.99569476828142 4.409066322040751 0
      vertex -29.23359727518287 1.628688694438835 0
    endloop
  endfacet
  facet normal 0 0 -1
    outer loop
      vertex -29.035511769037807 1.519790265903627 0
      vertex -29.23359727518287 1.628688694438835 0
      vertex -28.99569476828142 4.409066322040751 0
    endloop
  endfacet
  facet normal 0 0 -1
    outer loop
      vertex -30.113022935152763 1.7964481111708888 0
      vertex -30.20406918847027 4.256413132608118 0
      vertex -29.79593081152973 4.256413132608118 0
    endloop
  endfacet
  facet normal 0 0 -1
    outer loop
      vertex -29.662713633745696 1.7681170513116398 0
      vertex -29.79593081152973 4.256413132608118 0
      vertex -29.391010727596395 4.307566435131762 0
    endloop
  endfacet
  facet normal 0 0 -1
    outer loop
      vertex -29.443769410125096 1.7119017293312764 0
      vertex -29.391010727596395 4.307566435131762 0
      vertex -28.99569476828142 4.409066322040751 0
    endloop
  endfacet
  facet normal 0 0 -1
    outer loop
      vertex -29.035511769037807 1.519790265903627 0
      vertex -28.616217302413514 4.559312079485436 0
      vertex -28.852636818452357 1.3869238369964205 0
    endloop
  endfacet
  facet normal 0 0 -1
    outer loop
      vertex -28.852636818452357 1.3869238369964205 0
      vertex -28.25856291631826 4.7559342421184505 0
      vertex -28.68785647064146 1.2321847906716397 0
    endloop
  endfacet
  facet normal 0 0 -1
    outer loop
      vertex -28.68785647064146 1.2321847906716397 0
      vertex -27.92837203331676 4.995831960978686 0
      vertex -28.543769410125094 1.0580134541264516 0
    endloop
  endfacet
  facet normal 0 0 -1
    outer loop
      vertex -27.630851960880413 5.275221905731762 0
      vertex -28.256550309968464 0.44764179689673866 0
      vertex -28.326402325401148 0.6626241948324204 0
    endloop
  endfacet
  facet normal 0 0 -1
    outer loop
      vertex -27.630851960880413 5.275221905731762 0
      vertex -28.326402325401148 0.6626241948324204 0
      vertex -28.422647975921045 0.8671566133830876 0
    endloop
  endfacet
  facet normal 0 0 -1
    outer loop
      vertex -27.630851960880413 5.275221905731762 0
      vertex -28.21419353763394 0.22559982041574766 0
      vertex -28.256550309968464 0.44764179689673866 0
    endloop
  endfacet
  facet normal 0 0 -1
    outer loop
      vertex -28.422647975921045 0.8671566133830876 0
      vertex -28.543769410125094 1.0580134541264516 0
      vertex -27.92837203331676 4.995831960978686 0
    endloop
  endfacet
  facet normal 0 0 -1
    outer loop
      vertex -29.035511769037807 1.519790265903627 0
      vertex -28.99569476828142 4.409066322040751 0
      vertex -28.616217302413514 4.559312079485436 0
    endloop
  endfacet
  facet normal 0 0 -1
    outer loop
      vertex -28.852636818452357 1.3869238369964205 0
      vertex -28.616217302413514 4.559312079485436 0
      vertex -28.25856291631826 4.7559342421184505 0
    endloop
  endfacet
  facet normal 0 0 -1
    outer loop
      vertex -28.68785647064146 1.2321847906716397 0
      vertex -28.25856291631826 4.7559342421184505 0
      vertex -27.92837203331676 4.995831960978686 0
    endloop
  endfacet
  facet normal 0 0 -1
    outer loop
      vertex -27.630851960880413 5.275221905731762 0
      vertex -28.422647975921045 0.8671566133830876 0
      vertex -27.92837203331676 4.995831960978686 0
    endloop
  endfacet
  facet normal 0 0 -1
    outer loop
      vertex -37 24.5 0
      vertex -33.25 7.5 0
      vertex -33.22437277927205 -7.092666990916012 0
    endloop
  endfacet
  facet normal 0 0 -1
    outer loop
      vertex -37 24.5 0
      vertex -33.22437277927205 7.907333009083988 0
      vertex -33.25 7.5 0
    endloop
  endfacet
  facet normal 0 0 -1
    outer loop
      vertex -37 24.5 0
      vertex -33.14789527366805 8.308242133285779 0
      vertex -33.22437277927205 7.907333009083988 0
    endloop
  endfacet
  facet normal 0 0 -1
    outer loop
      vertex -37 24.5 0
      vertex -33.02177357913682 8.696404796225202 0
      vertex -33.14789527366805 8.308242133285779 0
    endloop
  endfacet
  facet normal 0 0 -1
    outer loop
      vertex -37 24.5 0
      vertex -32.84799671014255 9.065699440830574 0
      vertex -33.02177357913682 8.696404796225202 0
    endloop
  endfacet
  facet normal 0 0 -1
    outer loop
      vertex -32.84799671014255 9.065699440830574 0
      vertex -32.629305231718575 20.58969793004946 0
      vertex -32.629305231718575 9.410302069950538 0
    endloop
  endfacet
  facet normal 0 0 -1
    outer loop
      vertex -32.36914803911959 9.724778094268238 0
      vertex -32.629305231718575 9.410302069950538 0
      vertex -32.629305231718575 20.58969793004946 0
    endloop
  endfacet
  facet normal 0 0 -1
    outer loop
      vertex -32.07162796668324 10.004168039021316 0
      vertex -31.31214352935854 13.767815209328361 0
      vertex -31.74143708368174 10.244065757881549 0
    endloop
  endfacet
  facet normal 0 0 -1
    outer loop
      vertex -31.74143708368174 10.244065757881549 0
      vertex -31.14736318154764 13.61307616300358 0
      vertex -31.383782697586486 10.440687920514563 0
    endloop
  endfacet
  facet normal 0 0 -1
    outer loop
      vertex -32.07162796668324 10.004168039021316 0
      vertex -31.456230589874906 13.941986545873549 0
      vertex -31.31214352935854 13.767815209328361 0
    endloop
  endfacet
  facet normal 0 0 -1
    outer loop
      vertex -32.07162796668324 10.004168039021316 0
      vertex -31.577352024078955 14.132843386616912 0
      vertex -31.456230589874906 13.941986545873549 0
    endloop
  endfacet
  facet normal 0 0 -1
    outer loop
      vertex -32.07162796668324 10.004168039021316 0
      vertex -31.673597674598852 14.33737580516758 0
      vertex -31.577352024078955 14.132843386616912 0
    endloop
  endfacet
  facet normal 0 0 -1
    outer loop
      vertex -31.74143708368174 10.244065757881549 0
      vertex -31.31214352935854 13.767815209328361 0
      vertex -31.14736318154764 13.61307616300358 0
    endloop
  endfacet
  facet normal 0 0 -1
    outer loop
      vertex -31.383782697586486 10.440687920514563 0
      vertex -30.964488230962193 13.480209734096373 0
      vertex -31.00430523171858 10.59093367795925 0
    endloop
  endfacet
  facet normal 0 0 -1
    outer loop
      vertex -31.00430523171858 10.59093367795925 0
      vertex -30.556230589874904 13.288098270668723 0
      vertex -30.608989272403605 10.692433564868239 0
    endloop
  endfacet
  facet normal 0 0 -1
    outer loop
      vertex -30.608989272403605 10.692433564868239 0
      vertex -30.337286366254304 13.23188294868836 0
      vertex -30.204069188470267 10.743586867391883 0
    endloop
  endfacet
  facet normal 0 0 -1
    outer loop
      vertex -31.00430523171858 10.59093367795925 0
      vertex -30.76640272481713 13.371311305561164 0
      vertex -30.556230589874904 13.288098270668723 0
    endloop
  endfacet
  facet normal 0 0 -1
    outer loop
      vertex -31.383782697586486 10.440687920514563 0
      vertex -31.14736318154764 13.61307616300358 0
      vertex -30.964488230962193 13.480209734096373 0
    endloop
  endfacet
  facet normal 0 0 -1
    outer loop
      vertex -31.00430523171858 10.59093367795925 0
      vertex -30.964488230962193 13.480209734096373 0
      vertex -30.76640272481713 13.371311305561164 0
    endloop
  endfacet
  facet normal 0 0 -1
    outer loop
      vertex -30.608989272403605 10.692433564868239 0
      vertex -30.556230589874904 13.288098270668723 0
      vertex -30.337286366254304 13.23188294868836 0
    endloop
  endfacet
  facet normal 0 0 -1
    outer loop
      vertex -30.204069188470267 10.743586867391883 0
      vertex -30.337286366254304 13.23188294868836 0
      vertex -30.113022935152763 13.20355188882911 0
    endloop
  endfacet
  facet normal 0 0 -1
    outer loop
      vertex -30.204069188470267 10.743586867391883 0
      vertex -30.113022935152763 13.20355188882911 0
      vertex -29.886977064847237 13.20355188882911 0
    endloop
  endfacet
  facet normal 0 0 -1
    outer loop
      vertex -32.36914803911959 9.724778094268238 0
      vertex -32.36914803911959 20.27522190573176 0
      vertex -32.07162796668324 10.004168039021316 0
    endloop
  endfacet
  facet normal 0 0 -1
    outer loop
      vertex -32.07162796668324 10.004168039021316 0
      vertex -31.743449690031536 14.552358203103262 0
      vertex -31.673597674598852 14.33737580516758 0
    endloop
  endfacet
  facet normal 0 0 -1
    outer loop
      vertex -32.07162796668324 10.004168039021316 0
      vertex -31.78580646236606 14.774400179584253 0
      vertex -31.743449690031536 14.552358203103262 0
    endloop
  endfacet
  facet normal 0 0 -1
    outer loop
      vertex -32.07162796668324 10.004168039021316 0
      vertex -31.8 15 0
      vertex -31.78580646236606 14.774400179584253 0
    endloop
  endfacet
  facet normal 0 0 -1
    outer loop
      vertex -30.204069188470267 10.743586867391883 0
      vertex -29.886977064847237 13.20355188882911 0
      vertex -29.795930811529733 10.743586867391883 0
    endloop
  endfacet
  facet normal 0 0 -1
    outer loop
      vertex -29.795930811529733 10.743586867391883 0
      vertex -29.662713633745696 13.23188294868836 0
      vertex -29.391010727596395 10.692433564868239 0
    endloop
  endfacet
  facet normal 0 0 -1
    outer loop
      vertex -29.391010727596395 10.692433564868239 0
      vertex -29.23359727518287 13.371311305561164 0
      vertex -28.99569476828142 10.59093367795925 0
    endloop
  endfacet
  facet normal 0 0 -1
    outer loop
      vertex -29.795930811529733 10.743586867391883 0
      vertex -29.886977064847237 13.20355188882911 0
      vertex -29.662713633745696 13.23188294868836 0
    endloop
  endfacet
  facet normal 0 0 -1
    outer loop
      vertex -29.391010727596395 10.692433564868239 0
      vertex -29.662713633745696 13.23188294868836 0
      vertex -29.443769410125096 13.288098270668723 0
    endloop
  endfacet
  facet normal 0 0 -1
    outer loop
      vertex -29.391010727596395 10.692433564868239 0
      vertex -29.443769410125096 13.288098270668723 0
      vertex -29.23359727518287 13.371311305561164 0
    endloop
  endfacet
  facet normal 0 0 -1
    outer loop
      vertex -29.035511769037807 13.480209734096373 0
      vertex -28.99569476828142 10.59093367795925 0
      vertex -29.23359727518287 13.371311305561164 0
    endloop
  endfacet
  facet normal 0 0 -1
    outer loop
      vertex -28.99569476828142 10.59093367795925 0
      vertex -29.035511769037807 13.480209734096373 0
      vertex -28.852636818452357 13.61307616300358 0
    endloop
  endfacet
  facet normal 0 0 -1
    outer loop
      vertex -28.25856291631826 10.244065757881549 0
      vertex -28.616217302413514 10.440687920514563 0
      vertex -28.852636818452357 13.61307616300358 0
    endloop
  endfacet
  facet normal 0 0 -1
    outer loop
      vertex -28.99569476828142 10.59093367795925 0
      vertex -28.852636818452357 13.61307616300358 0
      vertex -28.616217302413514 10.440687920514563 0
    endloop
  endfacet
  facet normal 0 0 -1
    outer loop
      vertex -28.68785647064146 13.767815209328361 0
      vertex -27.92837203331676 10.004168039021314 0
      vertex -28.25856291631826 10.244065757881549 0
    endloop
  endfacet
  facet normal 0 0 -1
    outer loop
      vertex -27.630851960880413 9.724778094268238 0
      vertex -27.92837203331676 10.004168039021314 0
      vertex -28.422647975921045 14.132843386616912 0
    endloop
  endfacet
  facet normal 0 0 -1
    outer loop
      vertex -27.37069476828142 9.410302069950538 0
      vertex -27.630851960880413 9.724778094268238 0
      vertex -28.326402325401148 14.337375805167579 0
    endloop
  endfacet
  facet normal 0 0 -1
    outer loop
      vertex -28.68785647064146 13.767815209328361 0
      vertex -28.25856291631826 10.244065757881549 0
      vertex -28.852636818452357 13.61307616300358 0
    endloop
  endfacet
  facet normal 0 0 -1
    outer loop
      vertex -28.68785647064146 13.767815209328361 0
      vertex -28.543769410125094 13.941986545873549 0
      vertex -27.92837203331676 10.004168039021314 0
    endloop
  endfacet
  facet normal 0 0 -1
    outer loop
      vertex -27.92837203331676 10.004168039021314 0
      vertex -28.543769410125094 13.941986545873549 0
      vertex -28.422647975921045 14.132843386616912 0
    endloop
  endfacet
  facet normal 0 0 -1
    outer loop
      vertex -27.630851960880413 9.724778094268238 0
      vertex -28.422647975921045 14.132843386616912 0
      vertex -28.326402325401148 14.337375805167579 0
    endloop
  endfacet
  facet normal 0 0 -1
    outer loop
      vertex -27.37069476828142 9.410302069950538 0
      vertex -28.326402325401148 14.337375805167579 0
      vertex -28.256550309968464 14.552358203103262 0
    endloop
  endfacet
  facet normal 0 0 -1
    outer loop
      vertex -24.446351799881096 -15.509866357858641 0
      vertex -26.852104726331948 6.691757866714223 0
      vertex -23.157084194356845 25.743449435824274 0
    endloop
  endfacet
  facet normal 0 0 -1
    outer loop
      vertex -23.157084194356845 25.743449435824274 0
      vertex -26.852104726331948 6.691757866714223 0
      vertex -26.775627220727948 7.092666990916012 0
    endloop
  endfacet
  facet normal 0 0 -1
    outer loop
      vertex -23.157084194356845 25.743449435824274 0
      vertex -26.775627220727948 7.092666990916012 0
      vertex -26.75 7.5 0
    endloop
  endfacet
  facet normal 0 0 -1
    outer loop
      vertex -23.157084194356845 25.743449435824274 0
      vertex -26.75 7.5 0
      vertex -26.775627220727948 7.907333009083989 0
    endloop
  endfacet
  facet normal 0 0 -1
    outer loop
      vertex -23.157084194356845 25.743449435824274 0
      vertex -26.775627220727948 7.907333009083989 0
      vertex -26.852104726331948 8.308242133285779 0
    endloop
  endfacet
  facet normal 0 0 -1
    outer loop
      vertex -23.157084194356845 25.743449435824274 0
      vertex -26.852104726331948 8.308242133285779 0
      vertex -26.978226420863184 8.696404796225202 0
    endloop
  endfacet
  facet normal 0 0 -1
    outer loop
      vertex -23.157084194356845 25.743449435824274 0
      vertex -26.978226420863184 8.696404796225202 0
      vertex -27.152003289857443 9.065699440830574 0
    endloop
  endfacet
  facet normal 0 0 -1
    outer loop
      vertex -23.157084194356845 25.743449435824274 0
      vertex -27.152003289857443 9.065699440830574 0
      vertex -27.37069476828142 9.410302069950538 0
    endloop
  endfacet
  facet normal 0 0 -1
    outer loop
      vertex -24.446351799881096 -15.509866357858641 0
      vertex -23.157084194356845 25.743449435824274 0
      vertex -23 24.5 0
    endloop
  endfacet
  facet normal 1 0 0
    outer loop
      vertex -23 -15.509866357858641 0
      vertex -23 24.5 0
      vertex -23 24.5 3
    endloop
  endfacet
  facet normal 0 0 -1
    outer loop
      vertex -37 24.5 0
      vertex -32.84799671014255 20.934300559169426 0
      vertex -32.84799671014255 9.065699440830574 0
    endloop
  endfacet
  facet normal 0 0 -1
    outer loop
      vertex -32.84799671014255 9.065699440830574 0
      vertex -32.84799671014255 20.934300559169426 0
      vertex -32.629305231718575 20.58969793004946 0
    endloop
  endfacet
  facet normal 0 0 -1
    outer loop
      vertex -32.36914803911959 9.724778094268238 0
      vertex -32.629305231718575 20.58969793004946 0
      vertex -32.36914803911959 20.27522190573176 0
    endloop
  endfacet
  facet normal 0 0 -1
    outer loop
      vertex -32.07162796668324 10.004168039021316 0
      vertex -31.74143708368174 19.75593424211845 0
      vertex -31.8 15 0
    endloop
  endfacet
  facet normal 0 0 -1
    outer loop
      vertex -32.07162796668324 10.004168039021316 0
      vertex -32.07162796668324 19.995831960978684 0
      vertex -31.74143708368174 19.75593424211845 0
    endloop
  endfacet
  facet normal 0 0 -1
    outer loop
      vertex -32.07162796668324 10.004168039021316 0
      vertex -32.36914803911959 20.27522190573176 0
      vertex -32.07162796668324 19.995831960978684 0
    endloop
  endfacet
  facet normal 0 0 -1
    outer loop
      vertex -31.74143708368174 19.75593424211845 0
      vertex -31.78580646236606 15.225599820415747 0
      vertex -31.8 15 0
    endloop
  endfacet
  facet normal 0 0 -1
    outer loop
      vertex -31.74143708368174 19.75593424211845 0
      vertex -31.743449690031536 15.447641796896738 0
      vertex -31.78580646236606 15.225599820415747 0
    endloop
  endfacet
  facet normal 0 0 -1
    outer loop
      vertex -31.74143708368174 19.75593424211845 0
      vertex -31.673597674598852 15.66262419483242 0
      vertex -31.743449690031536 15.447641796896738 0
    endloop
  endfacet
  facet normal 0 0 -1
    outer loop
      vertex -31.74143708368174 19.75593424211845 0
      vertex -31.577352024078955 15.867156613383088 0
      vertex -31.673597674598852 15.66262419483242 0
    endloop
  endfacet
  facet normal 0 0 -1
    outer loop
      vertex -31.74143708368174 19.75593424211845 0
      vertex -31.456230589874906 16.058013454126453 0
      vertex -31.577352024078955 15.867156613383088 0
    endloop
  endfacet
  facet normal 0 0 -1
    outer loop
      vertex -31.74143708368174 19.75593424211845 0
      vertex -31.31214352935854 16.23218479067164 0
      vertex -31.456230589874906 16.058013454126453 0
    endloop
  endfacet
  facet normal 0 0 -1
    outer loop
      vertex -31.31214352935854 16.23218479067164 0
      vertex -31.74143708368174 19.75593424211845 0
      vertex -31.14736318154764 16.38692383699642 0
    endloop
  endfacet
  facet normal 0 0 -1
    outer loop
      vertex -31.14736318154764 16.38692383699642 0
      vertex -31.383782697586486 19.559312079485437 0
      vertex -30.964488230962193 16.519790265903627 0
    endloop
  endfacet
  facet normal 0 0 -1
    outer loop
      vertex -30.964488230962193 16.519790265903627 0
      vertex -31.00430523171858 19.40906632204075 0
      vertex -30.76640272481713 16.628688694438836 0
    endloop
  endfacet
  facet normal 0 0 -1
    outer loop
      vertex -30.76640272481713 16.628688694438836 0
      vertex -31.00430523171858 19.40906632204075 0
      vertex -30.556230589874904 16.711901729331277 0
    endloop
  endfacet
  facet normal 0 0 -1
    outer loop
      vertex -30.556230589874904 16.711901729331277 0
      vertex -30.608989272403605 19.30756643513176 0
      vertex -30.337286366254304 16.76811705131164 0
    endloop
  endfacet
  facet normal 0 0 -1
    outer loop
      vertex -30.337286366254304 16.76811705131164 0
      vertex -30.20406918847027 19.256413132608117 0
      vertex -30.113022935152763 16.79644811117089 0
    endloop
  endfacet
  facet normal 0 0 -1
    outer loop
      vertex -29.79593081152973 19.256413132608117 0
      vertex -29.886977064847237 16.79644811117089 0
      vertex -30.113022935152763 16.79644811117089 0
    endloop
  endfacet
  facet normal 0 0 -1
    outer loop
      vertex -29.79593081152973 19.256413132608117 0
      vertex -29.662713633745696 16.76811705131164 0
      vertex -29.886977064847237 16.79644811117089 0
    endloop
  endfacet
  facet normal 0 0 -1
    outer loop
      vertex -29.662713633745696 16.76811705131164 0
      vertex -29.391010727596395 19.30756643513176 0
      vertex -29.443769410125096 16.711901729331277 0
    endloop
  endfacet
  facet normal 0 0 -1
    outer loop
      vertex -29.443769410125096 16.711901729331277 0
      vertex -28.99569476828142 19.40906632204075 0
      vertex -29.23359727518287 16.628688694438836 0
    endloop
  endfacet
  facet normal 0 0 -1
    outer loop
      vertex -29.23359727518287 16.628688694438836 0
      vertex -28.99569476828142 19.40906632204075 0
      vertex -29.035511769037807 16.519790265903627 0
    endloop
  endfacet
  facet normal 0 0 -1
    outer loop
      vertex -29.035511769037807 16.519790265903627 0
      vertex -28.616217302413514 19.559312079485437 0
      vertex -28.852636818452357 16.38692383699642 0
    endloop
  endfacet
  facet normal 0 0 -1
    outer loop
      vertex -28.852636818452357 16.38692383699642 0
      vertex -28.25856291631826 19.75593424211845 0
      vertex -28.68785647064146 16.23218479067164 0
    endloop
  endfacet
  facet normal 0 0 -1
    outer loop
      vertex -28.543769410125094 16.058013454126453 0
      vertex -28.68785647064146 16.23218479067164 0
      vertex -27.92837203331676 19.995831960978684 0
    endloop
  endfacet
  facet normal 0 0 -1
    outer loop
      vertex -28.21419353763394 14.774400179584253 0
      vertex -28.2 15 0
      vertex -26.978226420863184 21.303595203774794 0
    endloop
  endfacet
  facet normal 0 0 -1
    outer loop
      vertex -27.630851960880413 20.27522190573176 0
      vertex -28.326402325401148 15.66262419483242 0
      vertex -28.422647975921045 15.867156613383088 0
    endloop
  endfacet
  facet normal 0 0 -1
    outer loop
      vertex -28.422647975921045 15.867156613383088 0
      vertex -28.543769410125094 16.058013454126453 0
      vertex -27.92837203331676 19.995831960978684 0
    endloop
  endfacet
  facet normal 0 0 -1
    outer loop
      vertex -28.256550309968464 15.447641796896738 0
      vertex -28.326402325401148 15.66262419483242 0
      vertex -27.37069476828142 20.58969793004946 0
    endloop
  endfacet
  facet normal 0 0 -1
    outer loop
      vertex -28.2 15 0
      vertex -28.21419353763394 15.225599820415749 0
      vertex -27.152003289857443 20.934300559169426 0
    endloop
  endfacet
  facet normal 0 0 -1
    outer loop
      vertex -28.21419353763394 15.225599820415749 0
      vertex -28.256550309968464 15.447641796896738 0
      vertex -27.152003289857443 20.934300559169426 0
    endloop
  endfacet
  facet normal 0 0 -1
    outer loop
      vertex -31.14736318154764 16.38692383699642 0
      vertex -31.74143708368174 19.75593424211845 0
      vertex -31.383782697586486 19.559312079485437 0
    endloop
  endfacet
  facet normal 0 0 -1
    outer loop
      vertex -30.964488230962193 16.519790265903627 0
      vertex -31.383782697586486 19.559312079485437 0
      vertex -31.00430523171858 19.40906632204075 0
    endloop
  endfacet
  facet normal 0 0 -1
    outer loop
      vertex -30.556230589874904 16.711901729331277 0
      vertex -31.00430523171858 19.40906632204075 0
      vertex -30.608989272403605 19.30756643513176 0
    endloop
  endfacet
  facet normal 0 0 -1
    outer loop
      vertex -30.337286366254304 16.76811705131164 0
      vertex -30.608989272403605 19.30756643513176 0
      vertex -30.20406918847027 19.256413132608117 0
    endloop
  endfacet
  facet normal 0 0 -1
    outer loop
      vertex -29.79593081152973 19.256413132608117 0
      vertex -30.113022935152763 16.79644811117089 0
      vertex -30.20406918847027 19.256413132608117 0
    endloop
  endfacet
  facet normal 0 0 -1
    outer loop
      vertex -29.662713633745696 16.76811705131164 0
      vertex -29.79593081152973 19.256413132608117 0
      vertex -29.391010727596395 19.30756643513176 0
    endloop
  endfacet
  facet normal 0 0 -1
    outer loop
      vertex -29.443769410125096 16.711901729331277 0
      vertex -29.391010727596395 19.30756643513176 0
      vertex -28.99569476828142 19.40906632204075 0
    endloop
  endfacet
  facet normal 0 0 -1
    outer loop
      vertex -29.035511769037807 16.519790265903627 0
      vertex -28.99569476828142 19.40906632204075 0
      vertex -28.616217302413514 19.559312079485437 0
    endloop
  endfacet
  facet normal 0 0 -1
    outer loop
      vertex -28.852636818452357 16.38692383699642 0
      vertex -28.616217302413514 19.559312079485437 0
      vertex -28.25856291631826 19.75593424211845 0
    endloop
  endfacet
  facet normal 0 0 -1
    outer loop
      vertex -28.68785647064146 16.23218479067164 0
      vertex -28.25856291631826 19.75593424211845 0
      vertex -27.92837203331676 19.995831960978684 0
    endloop
  endfacet
  facet normal 0 0 -1
    outer loop
      vertex -27.630851960880413 20.27522190573176 0
      vertex -28.422647975921045 15.867156613383088 0
      vertex -27.92837203331676 19.995831960978684 0
    endloop
  endfacet
  facet normal 0 0 -1
    outer loop
      vertex -27.630851960880413 20.27522190573176 0
      vertex -27.37069476828142 20.58969793004946 0
      vertex -28.326402325401148 15.66262419483242 0
    endloop
  endfacet
  facet normal 0 0 -1
    outer loop
      vertex -37 24.5 0
      vertex -36.96057350657239 25.12666616782152 0
      vertex -36.84291580564316 25.743449435824274 0
    endloop
  endfacet
  facet normal 0 0 -1
    outer loop
      vertex -37 24.5 0
      vertex -36.84291580564316 25.743449435824274 0
      vertex -36.64888242944126 26.34062276342339 0
    endloop
  endfacet
  facet normal 0 0 -1
    outer loop
      vertex -37 24.5 0
      vertex -33.02177357913682 21.303595203774798 0
      vertex -32.84799671014255 20.934300559169426 0
    endloop
  endfacet
  facet normal 0 0 -1
    outer loop
      vertex -37 24.5 0
      vertex -33.14789527366805 21.691757866714223 0
      vertex -33.02177357913682 21.303595203774798 0
    endloop
  endfacet
  facet normal 0 0 -1
    outer loop
      vertex -37 24.5 0
      vertex -33.22437277927205 22.092666990916012 0
      vertex -33.14789527366805 21.691757866714223 0
    endloop
  endfacet
  facet normal 0 0 -1
    outer loop
      vertex -37 24.5 0
      vertex -33.25 22.5 0
      vertex -33.22437277927205 22.092666990916012 0
    endloop
  endfacet
  facet normal 0 0 -1
    outer loop
      vertex -37 24.5 0
      vertex -33.22437277927205 22.907333009083988 0
      vertex -33.25 22.5 0
    endloop
  endfacet
  facet normal 0 0 -1
    outer loop
      vertex -37 24.5 0
      vertex -33.14789527366805 23.308242133285777 0
      vertex -33.22437277927205 22.907333009083988 0
    endloop
  endfacet
  facet normal 0 0 -1
    outer loop
      vertex -37 24.5 0
      vertex -33.02177357913682 23.696404796225202 0
      vertex -33.14789527366805 23.308242133285777 0
    endloop
  endfacet
  facet normal 0 0 -1
    outer loop
      vertex -37 24.5 0
      vertex -32.84799671014255 24.065699440830574 0
      vertex -33.02177357913682 23.696404796225202 0
    endloop
  endfacet
  facet normal 0 0 -1
    outer loop
      vertex -37 24.5 0
      vertex -32.629305231718575 24.41030206995054 0
      vertex -32.84799671014255 24.065699440830574 0
    endloop
  endfacet
  facet normal 0 0 -1
    outer loop
      vertex -37 24.5 0
      vertex -32.36914803911959 24.72477809426824 0
      vertex -32.629305231718575 24.41030206995054 0
    endloop
  endfacet
  facet normal 0 0 -1
    outer loop
      vertex -37 24.5 0
      vertex -32.07162796668324 25.004168039021316 0
      vertex -32.36914803911959 24.72477809426824 0
    endloop
  endfacet
  facet normal 0 0 -1
    outer loop
      vertex -37 24.5 0
      vertex -31.74143708368174 25.24406575788155 0
      vertex -32.07162796668324 25.004168039021316 0
    endloop
  endfacet
  facet normal 0 0 -1
    outer loop
      vertex -37 24.5 0
      vertex -36.64888242944126 26.34062276342339 0
      vertex -35.18711994874345 28.352566213878948 0
    endloop
  endfacet
  facet normal 0 0 -1
    outer loop
      vertex -36.64888242944126 26.34062276342339 0
      vertex -36.38153340021932 26.908768370508575 0
      vertex -36.045084971874736 27.438926261462367 0
    endloop
  endfacet
  facet normal 0 0 -1
    outer loop
      vertex -36.64888242944126 26.34062276342339 0
      vertex -36.045084971874736 27.438926261462367 0
      vertex -35.18711994874345 28.352566213878948 0
    endloop
  endfacet
  facet normal 0 0 -1
    outer loop
      vertex -36.045084971874736 27.438926261462367 0
      vertex -35.64484313710706 27.922735529643443 0
      vertex -35.18711994874345 28.352566213878948 0
    endloop
  endfacet
  facet normal 0 0 -1
    outer loop
      vertex -37 24.5 0
      vertex -35.18711994874345 28.352566213878948 0
      vertex -31.686047402353434 29.49013364214136 0
    endloop
  endfacet
  facet normal 0 0 -1
    outer loop
      vertex -37 24.5 0
      vertex -31.686047402353434 29.49013364214136 0
      vertex -31.74143708368174 25.24406575788155 0
    endloop
  endfacet
  facet normal 0 0 -1
    outer loop
      vertex -35.18711994874345 28.352566213878948 0
      vertex -34.67913397489498 28.721639627510076 0
      vertex -34.12889645782536 29.0241352623301 0
    endloop
  endfacet
  facet normal 0 0 -1
    outer loop
      vertex -35.18711994874345 28.352566213878948 0
      vertex -34.12889645782536 29.0241352623301 0
      vertex -33.545084971874736 29.255282581475768 0
    endloop
  endfacet
  facet normal 0 0 -1
    outer loop
      vertex -35.18711994874345 28.352566213878948 0
      vertex -33.545084971874736 29.255282581475768 0
      vertex -31.686047402353434 29.49013364214136 0
    endloop
  endfacet
  facet normal 0 0 -1
    outer loop
      vertex -33.545084971874736 29.255282581475768 0
      vertex -32.93690657292862 29.411436253643444 0
      vertex -32.31395259764657 29.49013364214136 0
    endloop
  endfacet
  facet normal 0 0 -1
    outer loop
      vertex -33.545084971874736 29.255282581475768 0
      vertex -32.31395259764657 29.49013364214136 0
      vertex -31.686047402353434 29.49013364214136 0
    endloop
  endfacet
  facet normal 0 0 -1
    outer loop
      vertex -31.686047402353434 29.49013364214136 0
      vertex -31.383782697586486 25.440687920514563 0
      vertex -31.74143708368174 25.24406575788155 0
    endloop
  endfacet
  facet normal 0 0 -1
    outer loop
      vertex -31.686047402353434 29.49013364214136 0
      vertex -31.00430523171858 25.59093367795925 0
      vertex -31.383782697586486 25.440687920514563 0
    endloop
  endfacet
  facet normal 0 0 -1
    outer loop
      vertex -31.686047402353434 29.49013364214136 0
      vertex -30.608989272403605 25.69243356486824 0
      vertex -31.00430523171858 25.59093367795925 0
    endloop
  endfacet
  facet normal 0 0 -1
    outer loop
      vertex -31.686047402353434 29.49013364214136 0
      vertex -30.204069188470267 25.743586867391883 0
      vertex -30.608989272403605 25.69243356486824 0
    endloop
  endfacet
  facet normal 0 0 -1
    outer loop
      vertex -31.686047402353434 29.49013364214136 0
      vertex -29.795930811529733 25.743586867391883 0
      vertex -30.204069188470267 25.743586867391883 0
    endloop
  endfacet
  facet normal 0 0 -1
    outer loop
      vertex -31.686047402353434 29.49013364214136 0
      vertex -29.391010727596395 25.69243356486824 0
      vertex -29.795930811529733 25.743586867391883 0
    endloop
  endfacet
  facet normal 0 0 -1
    outer loop
      vertex -31.686047402353434 29.49013364214136 0
      vertex -23.157084194356845 25.743449435824274 0
      vertex -29.391010727596395 25.69243356486824 0
    endloop
  endfacet
  facet normal 0 0 -1
    outer loop
      vertex -31.686047402353434 29.49013364214136 0
      vertex -27.686047402353434 29.49013364214136 0
      vertex -25.871103542174637 29.0241352623301 0
    endloop
  endfacet
  facet normal 0 0 -1
    outer loop
      vertex -23.157084194356845 25.743449435824274 0
      vertex -27.37069476828142 9.410302069950538 0
      vertex -28.256550309968464 14.552358203103262 0
    endloop
  endfacet
  facet normal 0 0 -1
    outer loop
      vertex -23.157084194356845 25.743449435824274 0
      vertex -28.256550309968464 14.552358203103262 0
      vertex -28.21419353763394 14.774400179584253 0
    endloop
  endfacet
  facet normal 0 0 -1
    outer loop
      vertex -28.256550309968464 15.447641796896738 0
      vertex -27.37069476828142 20.58969793004946 0
      vertex -27.152003289857443 20.934300559169426 0
    endloop
  endfacet
  facet normal 0 0 -1
    outer loop
      vertex -28.2 15 0
      vertex -27.152003289857443 20.934300559169426 0
      vertex -26.978226420863184 21.303595203774794 0
    endloop
  endfacet
  facet normal 0 0 -1
    outer loop
      vertex -23.157084194356845 25.743449435824274 0
      vertex -28.21419353763394 14.774400179584253 0
      vertex -26.978226420863184 21.303595203774794 0
    endloop
  endfacet
  facet normal 0 0 -1
    outer loop
      vertex -23.157084194356845 25.743449435824274 0
      vertex -26.978226420863184 21.303595203774794 0
      vertex -26.852104726331948 21.691757866714223 0
    endloop
  endfacet
  facet normal 0 0 -1
    outer loop
      vertex -23.157084194356845 25.743449435824274 0
      vertex -26.852104726331948 21.691757866714223 0
      vertex -26.775627220727948 22.092666990916012 0
    endloop
  endfacet
  facet normal 0 0 -1
    outer loop
      vertex -23.157084194356845 25.743449435824274 0
      vertex -26.775627220727948 22.092666990916012 0
      vertex -26.75 22.5 0
    endloop
  endfacet
  facet normal 0 0 -1
    outer loop
      vertex -23.157084194356845 25.743449435824274 0
      vertex -26.75 22.5 0
      vertex -26.775627220727948 22.907333009083988 0
    endloop
  endfacet
  facet normal 0 0 -1
    outer loop
      vertex -23.157084194356845 25.743449435824274 0
      vertex -28.99569476828142 25.59093367795925 0
      vertex -29.391010727596395 25.69243356486824 0
    endloop
  endfacet
  facet normal 0 0 -1
    outer loop
      vertex -23.157084194356845 25.743449435824274 0
      vertex -28.616217302413514 25.440687920514563 0
      vertex -28.99569476828142 25.59093367795925 0
    endloop
  endfacet
  facet normal 0 0 -1
    outer loop
      vertex -23.157084194356845 25.743449435824274 0
      vertex -28.25856291631826 25.24406575788155 0
      vertex -28.616217302413514 25.440687920514563 0
    endloop
  endfacet
  facet normal 0 0 -1
    outer loop
      vertex -23.157084194356845 25.743449435824274 0
      vertex -26.775627220727948 22.907333009083988 0
      vertex -26.852104726331948 23.308242133285777 0
    endloop
  endfacet
  facet normal 0 0 -1
    outer loop
      vertex -23.157084194356845 25.743449435824274 0
      vertex -26.852104726331948 23.308242133285777 0
      vertex -26.978226420863184 23.696404796225202 0
    endloop
  endfacet
  facet normal 0 0 -1
    outer loop
      vertex -23.157084194356845 25.743449435824274 0
      vertex -26.978226420863184 23.696404796225202 0
      vertex -27.152003289857443 24.065699440830574 0
    endloop
  endfacet
  facet normal 0 0 -1
    outer loop
      vertex -23.157084194356845 25.743449435824274 0
      vertex -27.152003289857443 24.065699440830574 0
      vertex -27.37069476828142 24.41030206995054 0
    endloop
  endfacet
  facet normal 0 0 -1
    outer loop
      vertex -23.157084194356845 25.743449435824274 0
      vertex -27.92837203331676 25.004168039021316 0
      vertex -28.25856291631826 25.24406575788155 0
    endloop
  endfacet
  facet normal 0 0 -1
    outer loop
      vertex -23.157084194356845 25.743449435824274 0
      vertex -27.37069476828142 24.41030206995054 0
      vertex -27.630851960880413 24.72477809426824 0
    endloop
  endfacet
  facet normal 0 0 -1
    outer loop
      vertex -23.157084194356845 25.743449435824274 0
      vertex -27.630851960880413 24.72477809426824 0
      vertex -27.92837203331676 25.004168039021316 0
    endloop
  endfacet
  facet normal 0 0 -1
    outer loop
      vertex -31.686047402353434 29.49013364214136 0
      vertex -25.871103542174637 29.0241352623301 0
      vertex -23.157084194356845 25.743449435824274 0
    endloop
  endfacet
  facet normal 0 0 -1
    outer loop
      vertex -27.686047402353434 29.49013364214136 0
      vertex -27.063093427071376 29.411436253643444 0
      vertex -26.454915028125264 29.255282581475768 0
    endloop
  endfacet
  facet normal 0 0 -1
    outer loop
      vertex -27.686047402353434 29.49013364214136 0
      vertex -26.454915028125264 29.255282581475768 0
      vertex -25.871103542174637 29.0241352623301 0
    endloop
  endfacet
  facet normal 0 0 -1
    outer loop
      vertex -23.157084194356845 25.743449435824274 0
      vertex -25.871103542174637 29.0241352623301 0
      vertex -23.954915028125264 27.438926261462367 0
    endloop
  endfacet
  facet normal 0 0 -1
    outer loop
      vertex -23.157084194356845 25.743449435824274 0
      vertex -23.954915028125264 27.438926261462367 0
      vertex -23.61846659978068 26.908768370508575 0
    endloop
  endfacet
  facet normal 0 0 -1
    outer loop
      vertex -23.157084194356845 25.743449435824274 0
      vertex -23.61846659978068 26.908768370508575 0
      vertex -23.351117570558742 26.34062276342339 0
    endloop
  endfacet
  facet normal 0 0 -1
    outer loop
      vertex -25.871103542174637 29.0241352623301 0
      vertex -24.81288005125655 28.352566213878944 0
      vertex -23.954915028125264 27.438926261462367 0
    endloop
  endfacet
  facet normal 0 0 -1
    outer loop
      vertex -23.954915028125264 27.438926261462367 0
      vertex -24.81288005125655 28.352566213878944 0
      vertex -24.35515686289294 27.922735529643443 0
    endloop
  endfacet
  facet normal 0 0 -1
    outer loop
      vertex -25.871103542174637 29.0241352623301 0
      vertex -25.32086602510502 28.721639627510076 0
      vertex -24.81288005125655 28.352566213878944 0
    endloop
  endfacet
  facet normal 0 0 -1
    outer loop
      vertex -23.157084194356845 25.743449435824274 0
      vertex -23.039426493427612 25.126666167821522 0
      vertex -23 24.5 0
    endloop
  endfacet
  facet normal -0.9980267284282714 0.06279051952931593 0
    outer loop
      vertex -37 24.5 0
      vertex -37 24.5 3
      vertex -36.96057350657239 25.12666616782152 0
    endloop
  endfacet
  facet normal -0.9822872507286902 0.18738131458571636 0
    outer loop
      vertex -36.96057350657239 25.12666616782152 0
      vertex -36.84291580564316 25.743449435824274 3
      vertex -36.84291580564316 25.743449435824274 0
    endloop
  endfacet
  facet normal -0.9510565162951524 0.30901699437495084 0
    outer loop
      vertex -36.84291580564316 25.743449435824274 0
      vertex -36.64888242944126 26.34062276342339 3
      vertex -36.64888242944126 26.34062276342339 0
    endloop
  endfacet
  facet normal -0.9048270524660187 0.42577929156507455 0
    outer loop
      vertex -36.64888242944126 26.34062276342339 0
      vertex -36.38153340021932 26.908768370508575 3
      vertex -36.38153340021932 26.908768370508575 0
    endloop
  endfacet
  facet normal -0.8443279255020154 0.5358267949789961 0
    outer loop
      vertex -36.38153340021932 26.908768370508575 0
      vertex -36.38153340021932 26.908768370508575 3
      vertex -36.045084971874736 27.438926261462367 0
    endloop
  endfacet
  facet normal -0.7705132427757907 0.6374239897486881 0
    outer loop
      vertex -36.045084971874736 27.438926261462367 0
      vertex -35.64484313710706 27.922735529643443 3
      vertex -35.64484313710706 27.922735529643443 0
    endloop
  endfacet
  facet normal -0.6845471059286904 0.7289686274214099 0
    outer loop
      vertex -35.64484313710706 27.922735529643443 0
      vertex -35.64484313710706 27.922735529643443 3
      vertex -35.18711994874345 28.352566213878948 0
    endloop
  endfacet
  facet normal -0.5877852522924681 0.809016994374951 0
    outer loop
      vertex -35.18711994874345 28.352566213878948 0
      vertex -35.18711994874345 28.352566213878948 3
      vertex -34.67913397489498 28.721639627510076 0
    endloop
  endfacet
  facet normal -0.48175367410171693 0.8763066800438627 0
    outer loop
      vertex -34.67913397489498 28.721639627510076 0
      vertex -34.67913397489498 28.721639627510076 3
      vertex -34.12889645782536 29.0241352623301 0
    endloop
  endfacet
  facet normal -0.3681245526846774 0.9297764858882517 0
    outer loop
      vertex -34.12889645782536 29.0241352623301 0
      vertex -33.545084971874736 29.255282581475768 3
      vertex -33.545084971874736 29.255282581475768 0
    endloop
  endfacet
  facet normal -0.24868988716485468 0.9685831611286311 0
    outer loop
      vertex -33.545084971874736 29.255282581475768 0
      vertex -32.93690657292862 29.411436253643444 3
      vertex -32.93690657292862 29.411436253643444 0
    endloop
  endfacet
  facet normal -0.12533323356430573 0.9921147013144777 0
    outer loop
      vertex -32.93690657292862 29.411436253643444 0
      vertex -32.93690657292862 29.411436253643444 3
      vertex -32.31395259764657 29.49013364214136 0
    endloop
  endfacet
  facet normal 0 1 0
    outer loop
      vertex -32.31395259764657 29.49013364214136 0
      vertex -32.31395259764657 29.49013364214136 3
      vertex -31.686047402353434 29.49013364214136 0
    endloop
  endfacet
  facet normal 0 1 0
    outer loop
      vertex -31.686047402353434 29.49013364214136 0
      vertex -27.686047402353434 29.49013364214136 3
      vertex -27.686047402353434 29.49013364214136 0
    endloop
  endfacet
  facet normal 0.12533323356430434 0.9921147013144779 0
    outer loop
      vertex -27.686047402353434 29.49013364214136 0
      vertex -27.063093427071376 29.411436253643444 3
      vertex -27.063093427071376 29.411436253643444 0
    endloop
  endfacet
  facet normal 0.24868988716485604 0.9685831611286309 0
    outer loop
      vertex -27.063093427071376 29.411436253643444 0
      vertex -27.063093427071376 29.411436253643444 3
      vertex -26.454915028125264 29.255282581475768 0
    endloop
  endfacet
  facet normal 0.3681245526846774 0.9297764858882517 0
    outer loop
      vertex -26.454915028125264 29.255282581475768 0
      vertex -26.454915028125264 29.255282581475768 3
      vertex -25.871103542174637 29.0241352623301 0
    endloop
  endfacet
  facet normal 0.48175367410171693 0.8763066800438627 0
    outer loop
      vertex -25.871103542174637 29.0241352623301 0
      vertex -25.32086602510502 28.721639627510076 3
      vertex -25.32086602510502 28.721639627510076 0
    endloop
  endfacet
  facet normal 0.9510565162951541 0.30901699437494573 0
    outer loop
      vertex -23.157084194356845 25.743449435824274 0
      vertex -23.351117570558742 26.34062276342339 0
      vertex -23.351117570558742 26.34062276342339 3
    endloop
  endfacet
  facet normal 0.9048270524660187 0.42577929156507455 0
    outer loop
      vertex -23.351117570558742 26.34062276342339 0
      vertex -23.61846659978068 26.908768370508575 0
      vertex -23.61846659978068 26.908768370508575 3
    endloop
  endfacet
  facet normal 0.8443279255020154 0.5358267949789961 0
    outer loop
      vertex -23.954915028125264 27.438926261462367 0
      vertex -23.61846659978068 26.908768370508575 3
      vertex -23.61846659978068 26.908768370508575 0
    endloop
  endfacet
  facet normal 0.5877852522924719 0.8090169943749483 0
    outer loop
      vertex -24.81288005125655 28.352566213878944 0
      vertex -25.32086602510502 28.721639627510076 0
      vertex -24.81288005125655 28.352566213878944 3
    endloop
  endfacet
  facet normal 0.6845471059286874 0.7289686274214127 0
    outer loop
      vertex -24.35515686289294 27.922735529643443 0
      vertex -24.81288005125655 28.352566213878944 0
      vertex -24.35515686289294 27.922735529643443 3
    endloop
  endfacet
  facet normal 0.7705132427757907 0.6374239897486881 0
    outer loop
      vertex -23.954915028125264 27.438926261462367 0
      vertex -24.35515686289294 27.922735529643443 0
      vertex -24.35515686289294 27.922735529643443 3
    endloop
  endfacet
  facet normal 0.9980267284282714 0.06279051952931557 0
    outer loop
      vertex -23 24.5 0
      vertex -23.039426493427612 25.126666167821522 0
      vertex -23.039426493427612 25.126666167821522 3
    endloop
  endfacet
  facet normal 0.9822872507286889 0.18738131458572285 0
    outer loop
      vertex -23.157084194356845 25.743449435824274 0
      vertex -23.039426493427612 25.126666167821522 3
      vertex -23.039426493427612 25.126666167821522 0
    endloop
  endfacet
  facet normal -1 0 0
    outer loop
      vertex -37 -20.5 3
      vertex -37 24.5 3
      vertex -37 24.5 0
    endloop
  endfacet
  facet normal 0 0 1
    outer loop
      vertex -33.02177357913682 -6.303595203774797 3
      vertex -31.8 0 3
      vertex -33.02177357913682 6.303595203774797 3
    endloop
  endfacet
  facet normal 0 0 1
    outer loop
      vertex -37 24.5 3
      vertex -33.25 -7.5 3
      vertex -33.22437277927205 -7.092666990916012 3
    endloop
  endfacet
  facet normal 0 0 1
    outer loop
      vertex -33.14789527366805 -6.691757866714221 3
      vertex -33.02177357913682 6.303595203774797 3
      vertex -33.14789527366805 6.691757866714221 3
    endloop
  endfacet
  facet normal 0 0 1
    outer loop
      vertex -33.22437277927205 -7.092666990916012 3
      vertex -33.14789527366805 6.691757866714221 3
      vertex -33.22437277927205 7.092666990916012 3
    endloop
  endfacet
  facet normal 0 0 1
    outer loop
      vertex -31.743449690031536 0.4476417968967387 3
      vertex -32.629305231718575 5.5896979300494625 3
      vertex -32.84799671014255 5.934300559169425 3
    endloop
  endfacet
  facet normal 0 0 1
    outer loop
      vertex -31.78580646236606 0.22559982041574733 3
      vertex -32.84799671014255 5.934300559169425 3
      vertex -33.02177357913682 6.303595203774797 3
    endloop
  endfacet
  facet normal 0 0 1
    outer loop
      vertex -31.8 0 3
      vertex -31.78580646236606 0.22559982041574733 3
      vertex -33.02177357913682 6.303595203774797 3
    endloop
  endfacet
  facet normal 0 0 1
    outer loop
      vertex -31.78580646236606 0.22559982041574733 3
      vertex -31.743449690031536 0.4476417968967387 3
      vertex -32.84799671014255 5.934300559169425 3
    endloop
  endfacet
  facet normal 0 0 1
    outer loop
      vertex -31.743449690031536 0.4476417968967387 3
      vertex -31.673597674598852 0.6626241948324202 3
      vertex -32.629305231718575 5.5896979300494625 3
    endloop
  endfacet
  facet normal 0 0 1
    outer loop
      vertex -31.673597674598852 0.6626241948324202 3
      vertex -31.577352024078955 0.8671566133830877 3
      vertex -32.36914803911959 5.275221905731762 3
    endloop
  endfacet
  facet normal 0 0 1
    outer loop
      vertex -31.577352024078955 0.8671566133830877 3
      vertex -31.456230589874906 1.0580134541264516 3
      vertex -32.07162796668324 4.995831960978684 3
    endloop
  endfacet
  facet normal 0 0 1
    outer loop
      vertex -31.456230589874906 1.0580134541264516 3
      vertex -31.31214352935854 1.2321847906716394 3
      vertex -32.07162796668324 4.995831960978684 3
    endloop
  endfacet
  facet normal 0 0 1
    outer loop
      vertex -31.31214352935854 1.2321847906716394 3
      vertex -31.14736318154764 1.386923836996421 3
      vertex -31.74143708368174 4.755934242118451 3
    endloop
  endfacet
  facet normal 0 0 1
    outer loop
      vertex -31.31214352935854 1.2321847906716394 3
      vertex -31.74143708368174 4.755934242118451 3
      vertex -32.07162796668324 4.995831960978684 3
    endloop
  endfacet
  facet normal 0 0 1
    outer loop
      vertex -31.14736318154764 1.386923836996421 3
      vertex -31.383782697586486 4.559312079485436 3
      vertex -31.74143708368174 4.755934242118451 3
    endloop
  endfacet
  facet normal 0 0 1
    outer loop
      vertex -31.14736318154764 1.386923836996421 3
      vertex -30.964488230962193 1.5197902659036269 3
      vertex -31.383782697586486 4.559312079485436 3
    endloop
  endfacet
  facet normal 0 0 1
    outer loop
      vertex -31.383782697586486 4.559312079485436 3
      vertex -30.964488230962193 1.5197902659036269 3
      vertex -30.76640272481713 1.628688694438835 3
    endloop
  endfacet
  facet normal 0 0 1
    outer loop
      vertex -31.383782697586486 4.559312079485436 3
      vertex -30.76640272481713 1.628688694438835 3
      vertex -30.556230589874904 1.7119017293312764 3
    endloop
  endfacet
  facet normal 0 0 1
    outer loop
      vertex -30.337286366254304 1.7681170513116398 3
      vertex -31.383782697586486 4.559312079485436 3
      vertex -30.556230589874904 1.7119017293312764 3
    endloop
  endfacet
  facet normal 0 0 1
    outer loop
      vertex -30.337286366254304 1.7681170513116398 3
      vertex -30.113022935152763 1.7964481111708888 3
      vertex -30.20406918847027 4.256413132608118 3
    endloop
  endfacet
  facet normal 0 0 1
    outer loop
      vertex -30.337286366254304 1.7681170513116398 3
      vertex -31.00430523171858 4.409066322040751 3
      vertex -31.383782697586486 4.559312079485436 3
    endloop
  endfacet
  facet normal 0 0 1
    outer loop
      vertex -30.337286366254304 1.7681170513116398 3
      vertex -30.608989272403605 4.307566435131762 3
      vertex -31.00430523171858 4.409066322040751 3
    endloop
  endfacet
  facet normal 0 0 1
    outer loop
      vertex -30.337286366254304 1.7681170513116398 3
      vertex -30.20406918847027 4.256413132608118 3
      vertex -30.608989272403605 4.307566435131762 3
    endloop
  endfacet
  facet normal 0 0 1
    outer loop
      vertex -30.113022935152763 1.7964481111708888 3
      vertex -29.886977064847237 1.7964481111708888 3
      vertex -29.79593081152973 4.256413132608118 3
    endloop
  endfacet
  facet normal 0 0 1
    outer loop
      vertex -29.886977064847237 1.7964481111708888 3
      vertex -29.662713633745696 1.7681170513116398 3
      vertex -29.79593081152973 4.256413132608118 3
    endloop
  endfacet
  facet normal 0 0 1
    outer loop
      vertex -29.662713633745696 1.7681170513116398 3
      vertex -29.443769410125096 1.7119017293312764 3
      vertex -29.391010727596395 4.307566435131762 3
    endloop
  endfacet
  facet normal 0 0 1
    outer loop
      vertex -29.23359727518287 1.628688694438835 3
      vertex -28.99569476828142 4.409066322040751 3
      vertex -29.443769410125096 1.7119017293312764 3
    endloop
  endfacet
  facet normal 0 0 1
    outer loop
      vertex -29.23359727518287 1.628688694438835 3
      vertex -29.035511769037807 1.519790265903627 3
      vertex -28.99569476828142 4.409066322040751 3
    endloop
  endfacet
  facet normal 0 0 1
    outer loop
      vertex -30.113022935152763 1.7964481111708888 3
      vertex -29.79593081152973 4.256413132608118 3
      vertex -30.20406918847027 4.256413132608118 3
    endloop
  endfacet
  facet normal 0 0 1
    outer loop
      vertex -29.662713633745696 1.7681170513116398 3
      vertex -29.391010727596395 4.307566435131762 3
      vertex -29.79593081152973 4.256413132608118 3
    endloop
  endfacet
  facet normal 0 0 1
    outer loop
      vertex -29.443769410125096 1.7119017293312764 3
      vertex -28.99569476828142 4.409066322040751 3
      vertex -29.391010727596395 4.307566435131762 3
    endloop
  endfacet
  facet normal 0 0 1
    outer loop
      vertex -29.035511769037807 1.519790265903627 3
      vertex -28.852636818452357 1.3869238369964205 3
      vertex -28.616217302413514 4.559312079485436 3
    endloop
  endfacet
  facet normal 0 0 1
    outer loop
      vertex -28.68785647064146 1.2321847906716397 3
      vertex -28.25856291631826 4.7559342421184505 3
      vertex -28.852636818452357 1.3869238369964205 3
    endloop
  endfacet
  facet normal 0 0 1
    outer loop
      vertex -28.68785647064146 1.2321847906716397 3
      vertex -28.543769410125094 1.0580134541264516 3
      vertex -27.92837203331676 4.995831960978686 3
    endloop
  endfacet
  facet normal 0 0 1
    outer loop
      vertex -28.422647975921045 0.8671566133830876 3
      vertex -28.326402325401148 0.6626241948324204 3
      vertex -27.630851960880413 5.275221905731762 3
    endloop
  endfacet
  facet normal 0 0 1
    outer loop
      vertex -28.256550309968464 0.44764179689673866 3
      vertex -27.37069476828142 5.5896979300494625 3
      vertex -28.326402325401148 0.6626241948324204 3
    endloop
  endfacet
  facet normal 0 0 1
    outer loop
      vertex -28.2 0 3
      vertex -26.978226420863184 6.303595203774796 3
      vertex -28.21419353763394 0.22559982041574766 3
    endloop
  endfacet
  facet normal 0 0 1
    outer loop
      vertex -28.21419353763394 0.22559982041574766 3
      vertex -27.152003289857443 5.934300559169425 3
      vertex -28.256550309968464 0.44764179689673866 3
    endloop
  endfacet
  facet normal 0 0 1
    outer loop
      vertex -28.422647975921045 0.8671566133830876 3
      vertex -27.92837203331676 4.995831960978686 3
      vertex -28.543769410125094 1.0580134541264516 3
    endloop
  endfacet
  facet normal 0 0 1
    outer loop
      vertex -28.99569476828142 4.409066322040751 3
      vertex -29.035511769037807 1.519790265903627 3
      vertex -28.616217302413514 4.559312079485436 3
    endloop
  endfacet
  facet normal 0 0 1
    outer loop
      vertex -28.852636818452357 1.3869238369964205 3
      vertex -28.25856291631826 4.7559342421184505 3
      vertex -28.616217302413514 4.559312079485436 3
    endloop
  endfacet
  facet normal 0 0 1
    outer loop
      vertex -28.68785647064146 1.2321847906716397 3
      vertex -27.92837203331676 4.995831960978686 3
      vertex -28.25856291631826 4.7559342421184505 3
    endloop
  endfacet
  facet normal 0 0 1
    outer loop
      vertex -31.673597674598852 0.6626241948324202 3
      vertex -32.36914803911959 5.275221905731762 3
      vertex -32.629305231718575 5.5896979300494625 3
    endloop
  endfacet
  facet normal 0 0 1
    outer loop
      vertex -31.577352024078955 0.8671566133830877 3
      vertex -32.07162796668324 4.995831960978684 3
      vertex -32.36914803911959 5.275221905731762 3
    endloop
  endfacet
  facet normal 0 0 1
    outer loop
      vertex -28.422647975921045 0.8671566133830876 3
      vertex -27.630851960880413 5.275221905731762 3
      vertex -27.92837203331676 4.995831960978686 3
    endloop
  endfacet
  facet normal 0 0 1
    outer loop
      vertex -28.326402325401148 0.6626241948324204 3
      vertex -27.37069476828142 5.5896979300494625 3
      vertex -27.630851960880413 5.275221905731762 3
    endloop
  endfacet
  facet normal 0 0 1
    outer loop
      vertex -37 24.5 3
      vertex -33.22437277927205 -7.092666990916012 3
      vertex -33.22437277927205 7.092666990916012 3
    endloop
  endfacet
  facet normal 0 0 1
    outer loop
      vertex -37 24.5 3
      vertex -33.22437277927205 7.092666990916012 3
      vertex -33.25 7.5 3
    endloop
  endfacet
  facet normal 0 0 1
    outer loop
      vertex -37 24.5 3
      vertex -33.25 7.5 3
      vertex -33.22437277927205 7.907333009083988 3
    endloop
  endfacet
  facet normal 0 0 1
    outer loop
      vertex -37 24.5 3
      vertex -33.22437277927205 7.907333009083988 3
      vertex -33.14789527366805 8.308242133285779 3
    endloop
  endfacet
  facet normal 0 0 1
    outer loop
      vertex -37 24.5 3
      vertex -33.14789527366805 8.308242133285779 3
      vertex -33.02177357913682 8.696404796225202 3
    endloop
  endfacet
  facet normal 0 0 1
    outer loop
      vertex -37 24.5 3
      vertex -33.02177357913682 8.696404796225202 3
      vertex -32.84799671014255 9.065699440830574 3
    endloop
  endfacet
  facet normal 0 0 1
    outer loop
      vertex -37 24.5 3
      vertex -32.84799671014255 9.065699440830574 3
      vertex -32.629305231718575 9.410302069950538 3
    endloop
  endfacet
  facet normal 0 0 1
    outer loop
      vertex -37 24.5 3
      vertex -32.629305231718575 9.410302069950538 3
      vertex -32.36914803911959 9.724778094268238 3
    endloop
  endfacet
  facet normal 0 0 1
    outer loop
      vertex -37 24.5 3
      vertex -32.36914803911959 9.724778094268238 3
      vertex -32.07162796668324 10.004168039021316 3
    endloop
  endfacet
  facet normal 0 0 1
    outer loop
      vertex -30.204069188470267 10.743586867391883 3
      vertex -31.31214352935854 13.767815209328361 3
      vertex -31.456230589874906 13.941986545873549 3
    endloop
  endfacet
  facet normal 0 0 1
    outer loop
      vertex -30.204069188470267 10.743586867391883 3
      vertex -30.76640272481713 13.371311305561164 3
      vertex -30.964488230962193 13.480209734096373 3
    endloop
  endfacet
  facet normal 0 0 1
    outer loop
      vertex -30.204069188470267 10.743586867391883 3
      vertex -30.964488230962193 13.480209734096373 3
      vertex -31.14736318154764 13.61307616300358 3
    endloop
  endfacet
  facet normal 0 0 1
    outer loop
      vertex -30.204069188470267 10.743586867391883 3
      vertex -31.14736318154764 13.61307616300358 3
      vertex -31.31214352935854 13.767815209328361 3
    endloop
  endfacet
  facet normal 0 0 1
    outer loop
      vertex -30.204069188470267 10.743586867391883 3
      vertex -30.337286366254304 13.23188294868836 3
      vertex -30.556230589874904 13.288098270668723 3
    endloop
  endfacet
  facet normal 0 0 1
    outer loop
      vertex -30.204069188470267 10.743586867391883 3
      vertex -30.113022935152763 13.20355188882911 3
      vertex -30.337286366254304 13.23188294868836 3
    endloop
  endfacet
  facet normal 0 0 1
    outer loop
      vertex -30.204069188470267 10.743586867391883 3
      vertex -29.886977064847237 13.20355188882911 3
      vertex -30.113022935152763 13.20355188882911 3
    endloop
  endfacet
  facet normal 0 0 1
    outer loop
      vertex -30.204069188470267 10.743586867391883 3
      vertex -30.556230589874904 13.288098270668723 3
      vertex -30.76640272481713 13.371311305561164 3
    endloop
  endfacet
  facet normal 0 0 1
    outer loop
      vertex -30.204069188470267 10.743586867391883 3
      vertex -31.456230589874906 13.941986545873549 3
      vertex -31.577352024078955 14.132843386616912 3
    endloop
  endfacet
  facet normal 0 0 1
    outer loop
      vertex -30.204069188470267 10.743586867391883 3
      vertex -29.795930811529733 10.743586867391883 3
      vertex -29.886977064847237 13.20355188882911 3
    endloop
  endfacet
  facet normal 0 0 1
    outer loop
      vertex -29.795930811529733 10.743586867391883 3
      vertex -29.391010727596395 10.692433564868239 3
      vertex -29.662713633745696 13.23188294868836 3
    endloop
  endfacet
  facet normal 0 0 1
    outer loop
      vertex -29.391010727596395 10.692433564868239 3
      vertex -28.99569476828142 10.59093367795925 3
      vertex -29.23359727518287 13.371311305561164 3
    endloop
  endfacet
  facet normal 0 0 1
    outer loop
      vertex -29.795930811529733 10.743586867391883 3
      vertex -29.662713633745696 13.23188294868836 3
      vertex -29.886977064847237 13.20355188882911 3
    endloop
  endfacet
  facet normal 0 0 1
    outer loop
      vertex -29.391010727596395 10.692433564868239 3
      vertex -29.443769410125096 13.288098270668723 3
      vertex -29.662713633745696 13.23188294868836 3
    endloop
  endfacet
  facet normal 0 0 1
    outer loop
      vertex -29.391010727596395 10.692433564868239 3
      vertex -29.23359727518287 13.371311305561164 3
      vertex -29.443769410125096 13.288098270668723 3
    endloop
  endfacet
  facet normal 0 0 1
    outer loop
      vertex -28.99569476828142 10.59093367795925 3
      vertex -29.035511769037807 13.480209734096373 3
      vertex -29.23359727518287 13.371311305561164 3
    endloop
  endfacet
  facet normal 0 0 1
    outer loop
      vertex -28.616217302413514 10.440687920514563 3
      vertex -29.035511769037807 13.480209734096373 3
      vertex -28.99569476828142 10.59093367795925 3
    endloop
  endfacet
  facet normal 0 0 1
    outer loop
      vertex -28.616217302413514 10.440687920514563 3
      vertex -28.25856291631826 10.244065757881549 3
      vertex -28.68785647064146 13.767815209328361 3
    endloop
  endfacet
  facet normal 0 0 1
    outer loop
      vertex -27.92837203331676 10.004168039021314 3
      vertex -28.543769410125094 13.941986545873549 3
      vertex -28.25856291631826 10.244065757881549 3
    endloop
  endfacet
  facet normal 0 0 1
    outer loop
      vertex -27.630851960880413 9.724778094268238 3
      vertex -27.37069476828142 9.410302069950538 3
      vertex -28.256550309968464 14.552358203103262 3
    endloop
  endfacet
  facet normal 0 0 1
    outer loop
      vertex -27.630851960880413 9.724778094268238 3
      vertex -28.326402325401148 14.337375805167579 3
      vertex -27.92837203331676 10.004168039021314 3
    endloop
  endfacet
  facet normal 0 0 1
    outer loop
      vertex -28.616217302413514 10.440687920514563 3
      vertex -28.852636818452357 13.61307616300358 3
      vertex -29.035511769037807 13.480209734096373 3
    endloop
  endfacet
  facet normal 0 0 1
    outer loop
      vertex -28.616217302413514 10.440687920514563 3
      vertex -28.68785647064146 13.767815209328361 3
      vertex -28.852636818452357 13.61307616300358 3
    endloop
  endfacet
  facet normal 0 0 1
    outer loop
      vertex -28.25856291631826 10.244065757881549 3
      vertex -28.543769410125094 13.941986545873549 3
      vertex -28.68785647064146 13.767815209328361 3
    endloop
  endfacet
  facet normal 0 0 1
    outer loop
      vertex -27.92837203331676 10.004168039021314 3
      vertex -28.422647975921045 14.132843386616912 3
      vertex -28.543769410125094 13.941986545873549 3
    endloop
  endfacet
  facet normal 0 0 1
    outer loop
      vertex -27.92837203331676 10.004168039021314 3
      vertex -28.326402325401148 14.337375805167579 3
      vertex -28.422647975921045 14.132843386616912 3
    endloop
  endfacet
  facet normal 0 0 1
    outer loop
      vertex -27.630851960880413 9.724778094268238 3
      vertex -28.256550309968464 14.552358203103262 3
      vertex -28.326402325401148 14.337375805167579 3
    endloop
  endfacet
  facet normal 0 0 1
    outer loop
      vertex -26.978226420863184 -6.303595203774797 3
      vertex -26.978226420863184 6.303595203774796 3
      vertex -28.2 0 3
    endloop
  endfacet
  facet normal 0 0 1
    outer loop
      vertex -26.852104726331948 -6.691757866714222 3
      vertex -26.852104726331948 6.691757866714223 3
      vertex -26.978226420863184 6.303595203774796 3
    endloop
  endfacet
  facet normal 0 0 1
    outer loop
      vertex -26.852104726331948 -6.691757866714222 3
      vertex -26.775627220727948 7.092666990916012 3
      vertex -26.852104726331948 6.691757866714223 3
    endloop
  endfacet
  facet normal 0 0 1
    outer loop
      vertex -25.3309520434109 -16.34166784806185 3
      vertex -23.157084194356845 25.743449435824274 3
      vertex -26.75 -7.5 3
    endloop
  endfacet
  facet normal 0 0 1
    outer loop
      vertex -28.256550309968464 0.44764179689673866 3
      vertex -27.152003289857443 5.934300559169425 3
      vertex -27.37069476828142 5.5896979300494625 3
    endloop
  endfacet
  facet normal 0 0 1
    outer loop
      vertex -28.21419353763394 0.22559982041574766 3
      vertex -26.978226420863184 6.303595203774796 3
      vertex -27.152003289857443 5.934300559169425 3
    endloop
  endfacet
  facet normal 0 0 1
    outer loop
      vertex -23.157084194356845 25.743449435824274 3
      vertex -26.775627220727948 -7.092666990916011 3
      vertex -26.75 -7.5 3
    endloop
  endfacet
  facet normal 0 0 1
    outer loop
      vertex -23.157084194356845 25.743449435824274 3
      vertex -26.775627220727948 7.092666990916012 3
      vertex -26.775627220727948 -7.092666990916011 3
    endloop
  endfacet
  facet normal 0 0 1
    outer loop
      vertex -27.152003289857443 9.065699440830574 3
      vertex -26.978226420863184 8.696404796225202 3
      vertex -28.256550309968464 14.552358203103262 3
    endloop
  endfacet
  facet normal 0 0 1
    outer loop
      vertex -27.152003289857443 9.065699440830574 3
      vertex -28.256550309968464 14.552358203103262 3
      vertex -27.37069476828142 9.410302069950538 3
    endloop
  endfacet
  facet normal 0 0 1
    outer loop
      vertex -23.157084194356845 25.743449435824274 3
      vertex -26.75 7.5 3
      vertex -26.775627220727948 7.092666990916012 3
    endloop
  endfacet
  facet normal 0 0 1
    outer loop
      vertex -23.157084194356845 25.743449435824274 3
      vertex -26.775627220727948 7.907333009083989 3
      vertex -26.75 7.5 3
    endloop
  endfacet
  facet normal 0 0 1
    outer loop
      vertex -23.157084194356845 25.743449435824274 3
      vertex -26.852104726331948 8.308242133285779 3
      vertex -26.775627220727948 7.907333009083989 3
    endloop
  endfacet
  facet normal 0 0 1
    outer loop
      vertex -23.157084194356845 25.743449435824274 3
      vertex -26.978226420863184 8.696404796225202 3
      vertex -26.852104726331948 8.308242133285779 3
    endloop
  endfacet
  facet normal 0 0 1
    outer loop
      vertex -23 -15.509866357858641 3
      vertex -23 24.5 3
      vertex -23.157084194356845 25.743449435824274 3
    endloop
  endfacet
  facet normal -0.9980267284282714 0.06279051952931593 0
    outer loop
      vertex -36.96057350657239 25.12666616782152 0
      vertex -37 24.5 3
      vertex -36.96057350657239 25.12666616782152 3
    endloop
  endfacet
  facet normal -0.9822872507286902 0.18738131458571636 0
    outer loop
      vertex -36.96057350657239 25.12666616782152 0
      vertex -36.96057350657239 25.12666616782152 3
      vertex -36.84291580564316 25.743449435824274 3
    endloop
  endfacet
  facet normal -0.9510565162951524 0.30901699437495084 0
    outer loop
      vertex -36.84291580564316 25.743449435824274 0
      vertex -36.84291580564316 25.743449435824274 3
      vertex -36.64888242944126 26.34062276342339 3
    endloop
  endfacet
  facet normal -0.9048270524660187 0.42577929156507455 0
    outer loop
      vertex -36.64888242944126 26.34062276342339 0
      vertex -36.64888242944126 26.34062276342339 3
      vertex -36.38153340021932 26.908768370508575 3
    endloop
  endfacet
  facet normal -0.8443279255020154 0.5358267949789961 0
    outer loop
      vertex -36.045084971874736 27.438926261462367 0
      vertex -36.38153340021932 26.908768370508575 3
      vertex -36.045084971874736 27.438926261462367 3
    endloop
  endfacet
  facet normal -0.7705132427757907 0.6374239897486881 0
    outer loop
      vertex -36.045084971874736 27.438926261462367 0
      vertex -36.045084971874736 27.438926261462367 3
      vertex -35.64484313710706 27.922735529643443 3
    endloop
  endfacet
  facet normal -0.6845471059286904 0.7289686274214099 0
    outer loop
      vertex -35.18711994874345 28.352566213878948 0
      vertex -35.64484313710706 27.922735529643443 3
      vertex -35.18711994874345 28.352566213878948 3
    endloop
  endfacet
  facet normal -0.5877852522924681 0.809016994374951 0
    outer loop
      vertex -34.67913397489498 28.721639627510076 0
      vertex -35.18711994874345 28.352566213878948 3
      vertex -34.67913397489498 28.721639627510076 3
    endloop
  endfacet
  facet normal -0.48175367410171693 0.8763066800438627 0
    outer loop
      vertex -34.12889645782536 29.0241352623301 0
      vertex -34.67913397489498 28.721639627510076 3
      vertex -34.12889645782536 29.0241352623301 3
    endloop
  endfacet
  facet normal -0.3681245526846774 0.9297764858882517 0
    outer loop
      vertex -34.12889645782536 29.0241352623301 0
      vertex -34.12889645782536 29.0241352623301 3
      vertex -33.545084971874736 29.255282581475768 3
    endloop
  endfacet
  facet normal -0.24868988716485468 0.9685831611286311 0
    outer loop
      vertex -33.545084971874736 29.255282581475768 0
      vertex -33.545084971874736 29.255282581475768 3
      vertex -32.93690657292862 29.411436253643444 3
    endloop
  endfacet
  facet normal -0.12533323356430573 0.9921147013144777 0
    outer loop
      vertex -32.31395259764657 29.49013364214136 0
      vertex -32.93690657292862 29.411436253643444 3
      vertex -32.31395259764657 29.49013364214136 3
    endloop
  endfacet
  facet normal 0 1 0
    outer loop
      vertex -31.686047402353434 29.49013364214136 0
      vertex -32.31395259764657 29.49013364214136 3
      vertex -27.686047402353434 29.49013364214136 3
    endloop
  endfacet
  facet normal 0.12533323356430434 0.9921147013144779 0
    outer loop
      vertex -27.686047402353434 29.49013364214136 0
      vertex -27.686047402353434 29.49013364214136 3
      vertex -27.063093427071376 29.411436253643444 3
    endloop
  endfacet
  facet normal 0.24868988716485604 0.9685831611286309 0
    outer loop
      vertex -26.454915028125264 29.255282581475768 0
      vertex -27.063093427071376 29.411436253643444 3
      vertex -26.454915028125264 29.255282581475768 3
    endloop
  endfacet
  facet normal 0.3681245526846774 0.9297764858882517 0
    outer loop
      vertex -25.871103542174637 29.0241352623301 0
      vertex -26.454915028125264 29.255282581475768 3
      vertex -25.871103542174637 29.0241352623301 3
    endloop
  endfacet
  facet normal 0.48175367410171693 0.8763066800438627 0
    outer loop
      vertex -25.871103542174637 29.0241352623301 0
      vertex -25.871103542174637 29.0241352623301 3
      vertex -25.32086602510502 28.721639627510076 3
    endloop
  endfacet
  facet normal 0.9510565162951541 0.30901699437494573 0
    outer loop
      vertex -23.157084194356845 25.743449435824274 0
      vertex -23.351117570558742 26.34062276342339 3
      vertex -23.157084194356845 25.743449435824274 3
    endloop
  endfacet
  facet normal 0.9048270524660187 0.42577929156507455 0
    outer loop
      vertex -23.351117570558742 26.34062276342339 0
      vertex -23.61846659978068 26.908768370508575 3
      vertex -23.351117570558742 26.34062276342339 3
    endloop
  endfacet
  facet normal 0.7705132427757907 0.6374239897486881 0
    outer loop
      vertex -23.954915028125264 27.438926261462367 0
      vertex -24.35515686289294 27.922735529643443 3
      vertex -23.954915028125264 27.438926261462367 3
    endloop
  endfacet
  facet normal 0.8443279255020154 0.5358267949789961 0
    outer loop
      vertex -23.954915028125264 27.438926261462367 0
      vertex -23.954915028125264 27.438926261462367 3
      vertex -23.61846659978068 26.908768370508575 3
    endloop
  endfacet
  facet normal 0.6845471059286874 0.7289686274214127 0
    outer loop
      vertex -24.81288005125655 28.352566213878944 0
      vertex -24.81288005125655 28.352566213878944 3
      vertex -24.35515686289294 27.922735529643443 3
    endloop
  endfacet
  facet normal 0.5877852522924719 0.8090169943749483 0
    outer loop
      vertex -25.32086602510502 28.721639627510076 0
      vertex -25.32086602510502 28.721639627510076 3
      vertex -24.81288005125655 28.352566213878944 3
    endloop
  endfacet
  facet normal 0.9980267284282714 0.06279051952931557 0
    outer loop
      vertex -23 24.5 0
      vertex -23.039426493427612 25.126666167821522 3
      vertex -23 24.5 3
    endloop
  endfacet
  facet normal 0.9822872507286889 0.18738131458572285 0
    outer loop
      vertex -23.157084194356845 25.743449435824274 0
      vertex -23.157084194356845 25.743449435824274 3
      vertex -23.039426493427612 25.126666167821522 3
    endloop
  endfacet
  facet normal 0 0 1
    outer loop
      vertex -37 24.5 3
      vertex -32.07162796668324 10.004168039021316 3
      vertex -31.74143708368174 10.244065757881549 3
    endloop
  endfacet
  facet normal 0 0 1
    outer loop
      vertex -37 24.5 3
      vertex -31.74143708368174 10.244065757881549 3
      vertex -31.383782697586486 10.440687920514563 3
    endloop
  endfacet
  facet normal 0 0 1
    outer loop
      vertex -37 24.5 3
      vertex -31.383782697586486 10.440687920514563 3
      vertex -31.00430523171858 10.59093367795925 3
    endloop
  endfacet
  facet normal 0 0 1
    outer loop
      vertex -37 24.5 3
      vertex -31.00430523171858 10.59093367795925 3
      vertex -30.608989272403605 10.692433564868239 3
    endloop
  endfacet
  facet normal 0 0 1
    outer loop
      vertex -37 24.5 3
      vertex -30.608989272403605 10.692433564868239 3
      vertex -30.204069188470267 10.743586867391883 3
    endloop
  endfacet
  facet normal 0 0 1
    outer loop
      vertex -37 24.5 3
      vertex -30.204069188470267 10.743586867391883 3
      vertex -31.577352024078955 14.132843386616912 3
    endloop
  endfacet
  facet normal 0 0 1
    outer loop
      vertex -37 24.5 3
      vertex -31.577352024078955 14.132843386616912 3
      vertex -31.673597674598852 14.33737580516758 3
    endloop
  endfacet
  facet normal 0 0 1
    outer loop
      vertex -37 24.5 3
      vertex -31.673597674598852 14.33737580516758 3
      vertex -31.743449690031536 14.552358203103262 3
    endloop
  endfacet
  facet normal 0 0 1
    outer loop
      vertex -37 24.5 3
      vertex -31.743449690031536 14.552358203103262 3
      vertex -31.78580646236606 14.774400179584253 3
    endloop
  endfacet
  facet normal 0 0 1
    outer loop
      vertex -37 24.5 3
      vertex -31.78580646236606 14.774400179584253 3
      vertex -31.8 15 3
    endloop
  endfacet
  facet normal 0 0 1
    outer loop
      vertex -37 24.5 3
      vertex -31.8 15 3
      vertex -31.78580646236606 15.225599820415747 3
    endloop
  endfacet
  facet normal 0 0 1
    outer loop
      vertex -37 24.5 3
      vertex -31.78580646236606 15.225599820415747 3
      vertex -31.743449690031536 15.447641796896738 3
    endloop
  endfacet
  facet normal 0 0 1
    outer loop
      vertex -31.743449690031536 15.447641796896738 3
      vertex -32.629305231718575 20.58969793004946 3
      vertex -32.84799671014255 20.934300559169426 3
    endloop
  endfacet
  facet normal 0 0 1
    outer loop
      vertex -37 24.5 3
      vertex -31.743449690031536 15.447641796896738 3
      vertex -32.84799671014255 20.934300559169426 3
    endloop
  endfacet
  facet normal 0 0 1
    outer loop
      vertex -31.743449690031536 15.447641796896738 3
      vertex -31.673597674598852 15.66262419483242 3
      vertex -32.629305231718575 20.58969793004946 3
    endloop
  endfacet
  facet normal 0 0 1
    outer loop
      vertex -31.673597674598852 15.66262419483242 3
      vertex -31.577352024078955 15.867156613383088 3
      vertex -32.36914803911959 20.27522190573176 3
    endloop
  endfacet
  facet normal 0 0 1
    outer loop
      vertex -31.577352024078955 15.867156613383088 3
      vertex -31.456230589874906 16.058013454126453 3
      vertex -32.07162796668324 19.995831960978684 3
    endloop
  endfacet
  facet normal 0 0 1
    outer loop
      vertex -31.456230589874906 16.058013454126453 3
      vertex -31.31214352935854 16.23218479067164 3
      vertex -32.07162796668324 19.995831960978684 3
    endloop
  endfacet
  facet normal 0 0 1
    outer loop
      vertex -31.31214352935854 16.23218479067164 3
      vertex -31.14736318154764 16.38692383699642 3
      vertex -31.74143708368174 19.75593424211845 3
    endloop
  endfacet
  facet normal 0 0 1
    outer loop
      vertex -31.14736318154764 16.38692383699642 3
      vertex -30.964488230962193 16.519790265903627 3
      vertex -31.383782697586486 19.559312079485437 3
    endloop
  endfacet
  facet normal 0 0 1
    outer loop
      vertex -30.964488230962193 16.519790265903627 3
      vertex -30.76640272481713 16.628688694438836 3
      vertex -31.00430523171858 19.40906632204075 3
    endloop
  endfacet
  facet normal 0 0 1
    outer loop
      vertex -30.76640272481713 16.628688694438836 3
      vertex -30.556230589874904 16.711901729331277 3
      vertex -31.00430523171858 19.40906632204075 3
    endloop
  endfacet
  facet normal 0 0 1
    outer loop
      vertex -30.556230589874904 16.711901729331277 3
      vertex -30.337286366254304 16.76811705131164 3
      vertex -30.608989272403605 19.30756643513176 3
    endloop
  endfacet
  facet normal 0 0 1
    outer loop
      vertex -30.337286366254304 16.76811705131164 3
      vertex -30.113022935152763 16.79644811117089 3
      vertex -30.20406918847027 19.256413132608117 3
    endloop
  endfacet
  facet normal 0 0 1
    outer loop
      vertex -30.113022935152763 16.79644811117089 3
      vertex -29.886977064847237 16.79644811117089 3
      vertex -30.20406918847027 19.256413132608117 3
    endloop
  endfacet
  facet normal 0 0 1
    outer loop
      vertex -29.886977064847237 16.79644811117089 3
      vertex -29.662713633745696 16.76811705131164 3
      vertex -29.79593081152973 19.256413132608117 3
    endloop
  endfacet
  facet normal 0 0 1
    outer loop
      vertex -29.662713633745696 16.76811705131164 3
      vertex -29.443769410125096 16.711901729331277 3
      vertex -29.391010727596395 19.30756643513176 3
    endloop
  endfacet
  facet normal 0 0 1
    outer loop
      vertex -29.443769410125096 16.711901729331277 3
      vertex -29.23359727518287 16.628688694438836 3
      vertex -29.391010727596395 19.30756643513176 3
    endloop
  endfacet
  facet normal 0 0 1
    outer loop
      vertex -29.23359727518287 16.628688694438836 3
      vertex -29.035511769037807 16.519790265903627 3
      vertex -28.99569476828142 19.40906632204075 3
    endloop
  endfacet
  facet normal 0 0 1
    outer loop
      vertex -29.035511769037807 16.519790265903627 3
      vertex -28.852636818452357 16.38692383699642 3
      vertex -28.616217302413514 19.559312079485437 3
    endloop
  endfacet
  facet normal 0 0 1
    outer loop
      vertex -28.852636818452357 16.38692383699642 3
      vertex -28.68785647064146 16.23218479067164 3
      vertex -28.616217302413514 19.559312079485437 3
    endloop
  endfacet
  facet normal 0 0 1
    outer loop
      vertex -28.543769410125094 16.058013454126453 3
      vertex -28.25856291631826 19.75593424211845 3
      vertex -28.68785647064146 16.23218479067164 3
    endloop
  endfacet
  facet normal 0 0 1
    outer loop
      vertex -28.2 15 3
      vertex -27.37069476828142 20.58969793004946 3
      vertex -28.21419353763394 15.225599820415749 3
    endloop
  endfacet
  facet normal 0 0 1
    outer loop
      vertex -28.326402325401148 15.66262419483242 3
      vertex -27.92837203331676 19.995831960978684 3
      vertex -28.422647975921045 15.867156613383088 3
    endloop
  endfacet
  facet normal 0 0 1
    outer loop
      vertex -28.256550309968464 15.447641796896738 3
      vertex -27.630851960880413 20.27522190573176 3
      vertex -28.326402325401148 15.66262419483242 3
    endloop
  endfacet
  facet normal 0 0 1
    outer loop
      vertex -28.422647975921045 15.867156613383088 3
      vertex -27.92837203331676 19.995831960978684 3
      vertex -28.543769410125094 16.058013454126453 3
    endloop
  endfacet
  facet normal 0 0 1
    outer loop
      vertex -28.21419353763394 15.225599820415749 3
      vertex -27.37069476828142 20.58969793004946 3
      vertex -28.256550309968464 15.447641796896738 3
    endloop
  endfacet
  facet normal 0 0 1
    outer loop
      vertex -31.673597674598852 15.66262419483242 3
      vertex -32.36914803911959 20.27522190573176 3
      vertex -32.629305231718575 20.58969793004946 3
    endloop
  endfacet
  facet normal 0 0 1
    outer loop
      vertex -31.577352024078955 15.867156613383088 3
      vertex -32.07162796668324 19.995831960978684 3
      vertex -32.36914803911959 20.27522190573176 3
    endloop
  endfacet
  facet normal 0 0 1
    outer loop
      vertex -31.31214352935854 16.23218479067164 3
      vertex -31.74143708368174 19.75593424211845 3
      vertex -32.07162796668324 19.995831960978684 3
    endloop
  endfacet
  facet normal 0 0 1
    outer loop
      vertex -31.14736318154764 16.38692383699642 3
      vertex -31.383782697586486 19.559312079485437 3
      vertex -31.74143708368174 19.75593424211845 3
    endloop
  endfacet
  facet normal 0 0 1
    outer loop
      vertex -30.964488230962193 16.519790265903627 3
      vertex -31.00430523171858 19.40906632204075 3
      vertex -31.383782697586486 19.559312079485437 3
    endloop
  endfacet
  facet normal 0 0 1
    outer loop
      vertex -30.556230589874904 16.711901729331277 3
      vertex -30.608989272403605 19.30756643513176 3
      vertex -31.00430523171858 19.40906632204075 3
    endloop
  endfacet
  facet normal 0 0 1
    outer loop
      vertex -30.337286366254304 16.76811705131164 3
      vertex -30.20406918847027 19.256413132608117 3
      vertex -30.608989272403605 19.30756643513176 3
    endloop
  endfacet
  facet normal 0 0 1
    outer loop
      vertex -29.886977064847237 16.79644811117089 3
      vertex -29.79593081152973 19.256413132608117 3
      vertex -30.20406918847027 19.256413132608117 3
    endloop
  endfacet
  facet normal 0 0 1
    outer loop
      vertex -29.662713633745696 16.76811705131164 3
      vertex -29.391010727596395 19.30756643513176 3
      vertex -29.79593081152973 19.256413132608117 3
    endloop
  endfacet
  facet normal 0 0 1
    outer loop
      vertex -29.23359727518287 16.628688694438836 3
      vertex -28.99569476828142 19.40906632204075 3
      vertex -29.391010727596395 19.30756643513176 3
    endloop
  endfacet
  facet normal 0 0 1
    outer loop
      vertex -29.035511769037807 16.519790265903627 3
      vertex -28.616217302413514 19.559312079485437 3
      vertex -28.99569476828142 19.40906632204075 3
    endloop
  endfacet
  facet normal 0 0 1
    outer loop
      vertex -28.68785647064146 16.23218479067164 3
      vertex -28.25856291631826 19.75593424211845 3
      vertex -28.616217302413514 19.559312079485437 3
    endloop
  endfacet
  facet normal 0 0 1
    outer loop
      vertex -28.543769410125094 16.058013454126453 3
      vertex -27.92837203331676 19.995831960978684 3
      vertex -28.25856291631826 19.75593424211845 3
    endloop
  endfacet
  facet normal 0 0 1
    outer loop
      vertex -28.326402325401148 15.66262419483242 3
      vertex -27.630851960880413 20.27522190573176 3
      vertex -27.92837203331676 19.995831960978684 3
    endloop
  endfacet
  facet normal 0 0 1
    outer loop
      vertex -28.256550309968464 15.447641796896738 3
      vertex -27.37069476828142 20.58969793004946 3
      vertex -27.630851960880413 20.27522190573176 3
    endloop
  endfacet
  facet normal 0 0 1
    outer loop
      vertex -37 24.5 3
      vertex -36.84291580564316 25.743449435824274 3
      vertex -36.96057350657239 25.12666616782152 3
    endloop
  endfacet
  facet normal 0 0 1
    outer loop
      vertex -37 24.5 3
      vertex -36.64888242944126 26.34062276342339 3
      vertex -36.84291580564316 25.743449435824274 3
    endloop
  endfacet
  facet normal 0 0 1
    outer loop
      vertex -37 24.5 3
      vertex -32.84799671014255 20.934300559169426 3
      vertex -33.02177357913682 21.303595203774798 3
    endloop
  endfacet
  facet normal 0 0 1
    outer loop
      vertex -37 24.5 3
      vertex -33.02177357913682 21.303595203774798 3
      vertex -33.14789527366805 21.691757866714223 3
    endloop
  endfacet
  facet normal 0 0 1
    outer loop
      vertex -37 24.5 3
      vertex -33.14789527366805 21.691757866714223 3
      vertex -33.22437277927205 22.092666990916012 3
    endloop
  endfacet
  facet normal 0 0 1
    outer loop
      vertex -37 24.5 3
      vertex -33.22437277927205 22.092666990916012 3
      vertex -33.25 22.5 3
    endloop
  endfacet
  facet normal 0 0 1
    outer loop
      vertex -37 24.5 3
      vertex -33.25 22.5 3
      vertex -33.22437277927205 22.907333009083988 3
    endloop
  endfacet
  facet normal 0 0 1
    outer loop
      vertex -37 24.5 3
      vertex -33.22437277927205 22.907333009083988 3
      vertex -33.14789527366805 23.308242133285777 3
    endloop
  endfacet
  facet normal 0 0 1
    outer loop
      vertex -37 24.5 3
      vertex -33.14789527366805 23.308242133285777 3
      vertex -33.02177357913682 23.696404796225202 3
    endloop
  endfacet
  facet normal 0 0 1
    outer loop
      vertex -37 24.5 3
      vertex -33.02177357913682 23.696404796225202 3
      vertex -32.84799671014255 24.065699440830574 3
    endloop
  endfacet
  facet normal 0 0 1
    outer loop
      vertex -37 24.5 3
      vertex -32.84799671014255 24.065699440830574 3
      vertex -32.629305231718575 24.41030206995054 3
    endloop
  endfacet
  facet normal 0 0 1
    outer loop
      vertex -37 24.5 3
      vertex -32.629305231718575 24.41030206995054 3
      vertex -32.36914803911959 24.72477809426824 3
    endloop
  endfacet
  facet normal 0 0 1
    outer loop
      vertex -37 24.5 3
      vertex -32.36914803911959 24.72477809426824 3
      vertex -32.07162796668324 25.004168039021316 3
    endloop
  endfacet
  facet normal 0 0 1
    outer loop
      vertex -37 24.5 3
      vertex -35.64484313710706 27.922735529643443 3
      vertex -36.64888242944126 26.34062276342339 3
    endloop
  endfacet
  facet normal 0 0 1
    outer loop
      vertex -36.64888242944126 26.34062276342339 3
      vertex -35.64484313710706 27.922735529643443 3
      vertex -36.38153340021932 26.908768370508575 3
    endloop
  endfacet
  facet normal 0 0 1
    outer loop
      vertex -36.38153340021932 26.908768370508575 3
      vertex -35.64484313710706 27.922735529643443 3
      vertex -36.045084971874736 27.438926261462367 3
    endloop
  endfacet
  facet normal 0 0 1
    outer loop
      vertex -37 24.5 3
      vertex -32.31395259764657 29.49013364214136 3
      vertex -35.64484313710706 27.922735529643443 3
    endloop
  endfacet
  facet normal 0 0 1
    outer loop
      vertex -35.64484313710706 27.922735529643443 3
      vertex -34.67913397489498 28.721639627510076 3
      vertex -35.18711994874345 28.352566213878948 3
    endloop
  endfacet
  facet normal 0 0 1
    outer loop
      vertex -37 24.5 3
      vertex -32.07162796668324 25.004168039021316 3
      vertex -32.31395259764657 29.49013364214136 3
    endloop
  endfacet
  facet normal 0 0 1
    outer loop
      vertex -35.64484313710706 27.922735529643443 3
      vertex -32.31395259764657 29.49013364214136 3
      vertex -34.67913397489498 28.721639627510076 3
    endloop
  endfacet
  facet normal 0 0 1
    outer loop
      vertex -34.67913397489498 28.721639627510076 3
      vertex -33.545084971874736 29.255282581475768 3
      vertex -34.12889645782536 29.0241352623301 3
    endloop
  endfacet
  facet normal 0 0 1
    outer loop
      vertex -34.67913397489498 28.721639627510076 3
      vertex -32.31395259764657 29.49013364214136 3
      vertex -33.545084971874736 29.255282581475768 3
    endloop
  endfacet
  facet normal 0 0 1
    outer loop
      vertex -33.545084971874736 29.255282581475768 3
      vertex -32.31395259764657 29.49013364214136 3
      vertex -32.93690657292862 29.411436253643444 3
    endloop
  endfacet
  facet normal 0 0 1
    outer loop
      vertex -32.31395259764657 29.49013364214136 3
      vertex -32.07162796668324 25.004168039021316 3
      vertex -31.74143708368174 25.24406575788155 3
    endloop
  endfacet
  facet normal 0 0 1
    outer loop
      vertex -32.31395259764657 29.49013364214136 3
      vertex -31.74143708368174 25.24406575788155 3
      vertex -31.383782697586486 25.440687920514563 3
    endloop
  endfacet
  facet normal 0 0 1
    outer loop
      vertex -32.31395259764657 29.49013364214136 3
      vertex -31.383782697586486 25.440687920514563 3
      vertex -31.00430523171858 25.59093367795925 3
    endloop
  endfacet
  facet normal 0 0 1
    outer loop
      vertex -32.31395259764657 29.49013364214136 3
      vertex -31.00430523171858 25.59093367795925 3
      vertex -30.608989272403605 25.69243356486824 3
    endloop
  endfacet
  facet normal 0 0 1
    outer loop
      vertex -32.31395259764657 29.49013364214136 3
      vertex -30.608989272403605 25.69243356486824 3
      vertex -30.204069188470267 25.743586867391883 3
    endloop
  endfacet
  facet normal 0 0 1
    outer loop
      vertex -32.31395259764657 29.49013364214136 3
      vertex -30.204069188470267 25.743586867391883 3
      vertex -29.795930811529733 25.743586867391883 3
    endloop
  endfacet
  facet normal 0 0 1
    outer loop
      vertex -32.31395259764657 29.49013364214136 3
      vertex -29.795930811529733 25.743586867391883 3
      vertex -29.391010727596395 25.69243356486824 3
    endloop
  endfacet
  facet normal 0 0 1
    outer loop
      vertex -32.31395259764657 29.49013364214136 3
      vertex -29.391010727596395 25.69243356486824 3
      vertex -23.157084194356845 25.743449435824274 3
    endloop
  endfacet
  facet normal 0 0 1
    outer loop
      vertex -32.31395259764657 29.49013364214136 3
      vertex -25.871103542174637 29.0241352623301 3
      vertex -27.686047402353434 29.49013364214136 3
    endloop
  endfacet
  facet normal 0 0 1
    outer loop
      vertex -23.157084194356845 25.743449435824274 3
      vertex -28.256550309968464 14.552358203103262 3
      vertex -26.978226420863184 8.696404796225202 3
    endloop
  endfacet
  facet normal 0 0 1
    outer loop
      vertex -23.157084194356845 25.743449435824274 3
      vertex -28.21419353763394 14.774400179584253 3
      vertex -28.256550309968464 14.552358203103262 3
    endloop
  endfacet
  facet normal 0 0 1
    outer loop
      vertex -28.2 15 3
      vertex -27.152003289857443 20.934300559169426 3
      vertex -27.37069476828142 20.58969793004946 3
    endloop
  endfacet
  facet normal 0 0 1
    outer loop
      vertex -28.2 15 3
      vertex -26.978226420863184 21.303595203774794 3
      vertex -27.152003289857443 20.934300559169426 3
    endloop
  endfacet
  facet normal 0 0 1
    outer loop
      vertex -28.2 15 3
      vertex -26.852104726331948 21.691757866714223 3
      vertex -26.978226420863184 21.303595203774794 3
    endloop
  endfacet
  facet normal 0 0 1
    outer loop
      vertex -23.157084194356845 25.743449435824274 3
      vertex -28.2 15 3
      vertex -28.21419353763394 14.774400179584253 3
    endloop
  endfacet
  facet normal 0 0 1
    outer loop
      vertex -23.157084194356845 25.743449435824274 3
      vertex -26.852104726331948 21.691757866714223 3
      vertex -28.2 15 3
    endloop
  endfacet
  facet normal 0 0 1
    outer loop
      vertex -23.157084194356845 25.743449435824274 3
      vertex -26.775627220727948 22.092666990916012 3
      vertex -26.852104726331948 21.691757866714223 3
    endloop
  endfacet
  facet normal 0 0 1
    outer loop
      vertex -23.157084194356845 25.743449435824274 3
      vertex -26.75 22.5 3
      vertex -26.775627220727948 22.092666990916012 3
    endloop
  endfacet
  facet normal 0 0 1
    outer loop
      vertex -23.157084194356845 25.743449435824274 3
      vertex -26.775627220727948 22.907333009083988 3
      vertex -26.75 22.5 3
    endloop
  endfacet
  facet normal 0 0 1
    outer loop
      vertex -23.157084194356845 25.743449435824274 3
      vertex -29.391010727596395 25.69243356486824 3
      vertex -28.99569476828142 25.59093367795925 3
    endloop
  endfacet
  facet normal 0 0 1
    outer loop
      vertex -23.157084194356845 25.743449435824274 3
      vertex -28.99569476828142 25.59093367795925 3
      vertex -28.616217302413514 25.440687920514563 3
    endloop
  endfacet
  facet normal 0 0 1
    outer loop
      vertex -23.157084194356845 25.743449435824274 3
      vertex -28.616217302413514 25.440687920514563 3
      vertex -28.25856291631826 25.24406575788155 3
    endloop
  endfacet
  facet normal 0 0 1
    outer loop
      vertex -23.157084194356845 25.743449435824274 3
      vertex -26.852104726331948 23.308242133285777 3
      vertex -26.775627220727948 22.907333009083988 3
    endloop
  endfacet
  facet normal 0 0 1
    outer loop
      vertex -23.157084194356845 25.743449435824274 3
      vertex -26.978226420863184 23.696404796225202 3
      vertex -26.852104726331948 23.308242133285777 3
    endloop
  endfacet
  facet normal 0 0 1
    outer loop
      vertex -23.157084194356845 25.743449435824274 3
      vertex -27.152003289857443 24.065699440830574 3
      vertex -26.978226420863184 23.696404796225202 3
    endloop
  endfacet
  facet normal 0 0 1
    outer loop
      vertex -23.157084194356845 25.743449435824274 3
      vertex -27.37069476828142 24.41030206995054 3
      vertex -27.152003289857443 24.065699440830574 3
    endloop
  endfacet
  facet normal 0 0 1
    outer loop
      vertex -23.157084194356845 25.743449435824274 3
      vertex -28.25856291631826 25.24406575788155 3
      vertex -27.92837203331676 25.004168039021316 3
    endloop
  endfacet
  facet normal 0 0 1
    outer loop
      vertex -23.157084194356845 25.743449435824274 3
      vertex -27.630851960880413 24.72477809426824 3
      vertex -27.37069476828142 24.41030206995054 3
    endloop
  endfacet
  facet normal 0 0 1
    outer loop
      vertex -23.157084194356845 25.743449435824274 3
      vertex -27.92837203331676 25.004168039021316 3
      vertex -27.630851960880413 24.72477809426824 3
    endloop
  endfacet
  facet normal 0 0 1
    outer loop
      vertex -32.31395259764657 29.49013364214136 3
      vertex -23.157084194356845 25.743449435824274 3
      vertex -25.871103542174637 29.0241352623301 3
    endloop
  endfacet
  facet normal 0 0 1
    outer loop
      vertex -27.686047402353434 29.49013364214136 3
      vertex -26.454915028125264 29.255282581475768 3
      vertex -27.063093427071376 29.411436253643444 3
    endloop
  endfacet
  facet normal 0 0 1
    outer loop
      vertex -27.686047402353434 29.49013364214136 3
      vertex -25.871103542174637 29.0241352623301 3
      vertex -26.454915028125264 29.255282581475768 3
    endloop
  endfacet
  facet normal 0 0 1
    outer loop
      vertex -23.157084194356845 25.743449435824274 3
      vertex -23.954915028125264 27.438926261462367 3
      vertex -25.871103542174637 29.0241352623301 3
    endloop
  endfacet
  facet normal 0 0 1
    outer loop
      vertex -23.157084194356845 25.743449435824274 3
      vertex -23.351117570558742 26.34062276342339 3
      vertex -23.954915028125264 27.438926261462367 3
    endloop
  endfacet
  facet normal 0 0 1
    outer loop
      vertex -23.351117570558742 26.34062276342339 3
      vertex -23.61846659978068 26.908768370508575 3
      vertex -23.954915028125264 27.438926261462367 3
    endloop
  endfacet
  facet normal 0 0 1
    outer loop
      vertex -25.871103542174637 29.0241352623301 3
      vertex -23.954915028125264 27.438926261462367 3
      vertex -24.81288005125655 28.352566213878944 3
    endloop
  endfacet
  facet normal 0 0 1
    outer loop
      vertex -23.954915028125264 27.438926261462367 3
      vertex -24.35515686289294 27.922735529643443 3
      vertex -24.81288005125655 28.352566213878944 3
    endloop
  endfacet
  facet normal 0 0 1
    outer loop
      vertex -25.871103542174637 29.0241352623301 3
      vertex -24.81288005125655 28.352566213878944 3
      vertex -25.32086602510502 28.721639627510076 3
    endloop
  endfacet
  facet normal 0 0 1
    outer loop
      vertex -23.157084194356845 25.743449435824274 3
      vertex -23 24.5 3
      vertex -23.039426493427612 25.126666167821522 3
    endloop
  endfacet
  facet normal 0 0 -1
    outer loop
      vertex -35.64484313710706 -27.922735529643443 0
      vertex -36.0940337118993 -27.214924442696486 0
      vertex -34.12889645782536 -29.0241352623301 0
    endloop
  endfacet
  facet normal 0 0 -1
    outer loop
      vertex -35.64484313710706 -27.922735529643443 0
      vertex -34.12889645782536 -29.0241352623301 0
      vertex -35.18711994874345 -28.352566213878948 0
    endloop
  endfacet
  facet normal 0 0 -1
    outer loop
      vertex -35.64484313710706 -27.922735529643443 0
      vertex -36.38153340021932 -26.908768370508575 0
      vertex -36.0940337118993 -27.214924442696486 0
    endloop
  endfacet
  facet normal 0 0 -1
    outer loop
      vertex -36.0940337118993 -27.214924442696486 0
      vertex -36.64888242944126 -26.34062276342339 0
      vertex -36.727113636942875 -26.035932326973928 0
    endloop
  endfacet
  facet normal 0 0 -1
    outer loop
      vertex -36.64888242944126 -26.34062276342339 0
      vertex -36.84291580564316 -25.743449435824274 0
      vertex -36.727113636942875 -26.035932326973928 0
    endloop
  endfacet
  facet normal 0 0 -1
    outer loop
      vertex -36.0940337118993 -27.214924442696486 0
      vertex -36.727113636942875 -26.035932326973928 0
      vertex -36.96057350657239 -25.12666616782152 0
    endloop
  endfacet
  facet normal 0 0 -1
    outer loop
      vertex -36.0940337118993 -27.214924442696486 0
      vertex -32.31395259764657 -29.49013364214136 0
      vertex -34.12889645782536 -29.0241352623301 0
    endloop
  endfacet
  facet normal 0 0 -1
    outer loop
      vertex -34.12889645782536 -29.0241352623301 0
      vertex -32.31395259764657 -29.49013364214136 0
      vertex -33.545084971874736 -29.255282581475768 0
    endloop
  endfacet
  facet normal 0 0 -1
    outer loop
      vertex -32.31395259764657 -29.49013364214136 0
      vertex -32.629305231718575 -24.41030206995054 0
      vertex -32.36914803911959 -24.72477809426824 0
    endloop
  endfacet
  facet normal 0 0 -1
    outer loop
      vertex -32.31395259764657 -29.49013364214136 0
      vertex -32.84799671014255 -24.065699440830574 0
      vertex -32.629305231718575 -24.41030206995054 0
    endloop
  endfacet
  facet normal 0 0 -1
    outer loop
      vertex -36.0940337118993 -27.214924442696486 0
      vertex -36.96057350657239 -25.12666616782152 0
      vertex -37 -20.5 0
    endloop
  endfacet
  facet normal 0 0 -1
    outer loop
      vertex -36.0940337118993 -27.214924442696486 0
      vertex -37 -20.5 0
      vertex -32.31395259764657 -29.49013364214136 0
    endloop
  endfacet
  facet normal 0 0 -1
    outer loop
      vertex -36.96057350657239 -25.12666616782152 0
      vertex -37 -24.5 0
      vertex -37 -20.5 0
    endloop
  endfacet
  facet normal 0 0 -1
    outer loop
      vertex -32.31395259764657 -29.49013364214136 0
      vertex -37 -20.5 0
      vertex -33.14789527366805 -23.308242133285777 0
    endloop
  endfacet
  facet normal 0 0 -1
    outer loop
      vertex -32.31395259764657 -29.49013364214136 0
      vertex -33.02177357913682 -23.696404796225202 0
      vertex -32.84799671014255 -24.065699440830574 0
    endloop
  endfacet
  facet normal 0 0 -1
    outer loop
      vertex -32.31395259764657 -29.49013364214136 0
      vertex -33.14789527366805 -23.308242133285777 0
      vertex -33.02177357913682 -23.696404796225202 0
    endloop
  endfacet
  facet normal 0 0 -1
    outer loop
      vertex -37 -20.5 0
      vertex -33.22437277927205 -22.907333009083988 0
      vertex -33.14789527366805 -23.308242133285777 0
    endloop
  endfacet
  facet normal 0 0 -1
    outer loop
      vertex -32.31395259764657 -29.49013364214136 0
      vertex -31.383782697586486 -25.440687920514563 0
      vertex -31.00430523171858 -25.59093367795925 0
    endloop
  endfacet
  facet normal 0 0 -1
    outer loop
      vertex -32.31395259764657 -29.49013364214136 0
      vertex -31.00430523171858 -25.59093367795925 0
      vertex -30.608989272403605 -25.69243356486824 0
    endloop
  endfacet
  facet normal 0 0 -1
    outer loop
      vertex -32.31395259764657 -29.49013364214136 0
      vertex -32.36914803911959 -24.72477809426824 0
      vertex -32.07162796668324 -25.004168039021316 0
    endloop
  endfacet
  facet normal 0 0 -1
    outer loop
      vertex -32.31395259764657 -29.49013364214136 0
      vertex -32.07162796668324 -25.004168039021316 0
      vertex -31.74143708368174 -25.24406575788155 0
    endloop
  endfacet
  facet normal 0 0 -1
    outer loop
      vertex -32.31395259764657 -29.49013364214136 0
      vertex -31.74143708368174 -25.24406575788155 0
      vertex -31.383782697586486 -25.440687920514563 0
    endloop
  endfacet
  facet normal 0 0 -1
    outer loop
      vertex -32.31395259764657 -29.49013364214136 0
      vertex -30.608989272403605 -25.69243356486824 0
      vertex -30.20406918847027 -25.743586867391883 0
    endloop
  endfacet
  facet normal 0 0 -1
    outer loop
      vertex -32.31395259764657 -29.49013364214136 0
      vertex -30.20406918847027 -25.743586867391883 0
      vertex -29.79593081152973 -25.743586867391883 0
    endloop
  endfacet
  facet normal 0 0 -1
    outer loop
      vertex -32.31395259764657 -29.49013364214136 0
      vertex -29.79593081152973 -25.743586867391883 0
      vertex -29.391010727596395 -25.69243356486824 0
    endloop
  endfacet
  facet normal 0 0 -1
    outer loop
      vertex -32.31395259764657 -29.49013364214136 0
      vertex -29.391010727596395 -25.69243356486824 0
      vertex -28.99569476828142 -25.59093367795925 0
    endloop
  endfacet
  facet normal 0 0 -1
    outer loop
      vertex -32.31395259764657 -29.49013364214136 0
      vertex -28.99569476828142 -25.59093367795925 0
      vertex -28.616217302413514 -25.440687920514563 0
    endloop
  endfacet
  facet normal 0 0 -1
    outer loop
      vertex -32.31395259764657 -29.49013364214136 0
      vertex -28.616217302413514 -25.440687920514563 0
      vertex -28.25856291631826 -25.24406575788155 0
    endloop
  endfacet
  facet normal 0 0 -1
    outer loop
      vertex -32.31395259764657 -29.49013364214136 0
      vertex -28.25856291631826 -25.24406575788155 0
      vertex -22.837286366254304 -24.26811705131164 0
    endloop
  endfacet
  facet normal 0 0 -1
    outer loop
      vertex -37 -20.5 0
      vertex -36.96469503370657 -19.9388436300379 0
      vertex -36.96430947331087 -20.42415377002865 0
    endloop
  endfacet
  facet normal 0 0 -1
    outer loop
      vertex -37 -20.5 0
      vertex -36.96430947331087 -20.42415377002865 0
      vertex -33.476859952922126 -16.0917366277995 0
    endloop
  endfacet
  facet normal 0 0 -1
    outer loop
      vertex -37 -20.5 0
      vertex -33.25 -22.5 0
      vertex -33.22437277927205 -22.907333009083988 0
    endloop
  endfacet
  facet normal 0 0 -1
    outer loop
      vertex -37 -20.5 0
      vertex -33.22437277927205 -22.092666990916012 0
      vertex -33.25 -22.5 0
    endloop
  endfacet
  facet normal 0 0 -1
    outer loop
      vertex -37 -20.5 0
      vertex -33.14789527366805 -21.691757866714223 0
      vertex -33.22437277927205 -22.092666990916012 0
    endloop
  endfacet
  facet normal 0 0 -1
    outer loop
      vertex -37 -20.5 0
      vertex -33.02177357913682 -21.303595203774798 0
      vertex -33.14789527366805 -21.691757866714223 0
    endloop
  endfacet
  facet normal 0 0 -1
    outer loop
      vertex -37 -20.5 0
      vertex -32.84799671014255 -20.934300559169426 0
      vertex -33.02177357913682 -21.303595203774798 0
    endloop
  endfacet
  facet normal 0 0 -1
    outer loop
      vertex -37 -20.5 0
      vertex -32.629305231718575 -20.58969793004946 0
      vertex -32.84799671014255 -20.934300559169426 0
    endloop
  endfacet
  facet normal 0 0 -1
    outer loop
      vertex -37 -20.5 0
      vertex -32.36914803911959 -20.27522190573176 0
      vertex -32.629305231718575 -20.58969793004946 0
    endloop
  endfacet
  facet normal 0 0 -1
    outer loop
      vertex -37 -20.5 0
      vertex -32.07162796668324 -19.995831960978684 0
      vertex -32.36914803911959 -20.27522190573176 0
    endloop
  endfacet
  facet normal 0 0 -1
    outer loop
      vertex -37 -20.5 0
      vertex -31.74143708368174 -19.75593424211845 0
      vertex -32.07162796668324 -19.995831960978684 0
    endloop
  endfacet
  facet normal 0 0 -1
    outer loop
      vertex -37 -20.5 0
      vertex -31.383782697586486 -19.559312079485437 0
      vertex -31.74143708368174 -19.75593424211845 0
    endloop
  endfacet
  facet normal 0 0 -1
    outer loop
      vertex -37 -20.5 0
      vertex -33.476859952922126 -16.0917366277995 0
      vertex -32.169956142156096 -15.964286911644711 0
    endloop
  endfacet
  facet normal 0 0 -1
    outer loop
      vertex -37 -20.5 0
      vertex -32.169956142156096 -15.964286911644711 0
      vertex -31.456230589874906 -16.058013454126453 0
    endloop
  endfacet
  facet normal 0 0 -1
    outer loop
      vertex -37 -20.5 0
      vertex -31.456230589874906 -16.058013454126453 0
      vertex -31.31214352935854 -16.23218479067164 0
    endloop
  endfacet
  facet normal 0 0 -1
    outer loop
      vertex -37 -20.5 0
      vertex -31.14736318154764 -16.38692383699642 0
      vertex -30.964488230962193 -16.519790265903627 0
    endloop
  endfacet
  facet normal 0 0 -1
    outer loop
      vertex -37 -20.5 0
      vertex -31.31214352935854 -16.23218479067164 0
      vertex -31.14736318154764 -16.38692383699642 0
    endloop
  endfacet
  facet normal 0 0 -1
    outer loop
      vertex -37 -20.5 0
      vertex -30.556230589874904 -16.711901729331277 0
      vertex -30.337286366254304 -16.76811705131164 0
    endloop
  endfacet
  facet normal 0 0 -1
    outer loop
      vertex -37 -20.5 0
      vertex -30.337286366254304 -16.76811705131164 0
      vertex -30.113022935152763 -16.79644811117089 0
    endloop
  endfacet
  facet normal 0 0 -1
    outer loop
      vertex -37 -20.5 0
      vertex -30.964488230962193 -16.519790265903627 0
      vertex -30.76640272481713 -16.628688694438836 0
    endloop
  endfacet
  facet normal 0 0 -1
    outer loop
      vertex -37 -20.5 0
      vertex -30.76640272481713 -16.628688694438836 0
      vertex -30.556230589874904 -16.711901729331277 0
    endloop
  endfacet
  facet normal 0 0 -1
    outer loop
      vertex -33.476859952922126 -16.0917366277995 0
      vertex -33.50759995364969 -15.737566768867454 0
      vertex -32.16511837115728 -15.509866357858641 0
    endloop
  endfacet
  facet normal 0 0 -1
    outer loop
      vertex -33.476859952922126 -16.0917366277995 0
      vertex -32.16511837115728 -15.509866357858641 0
      vertex -32.169956142156096 -15.964286911644711 0
    endloop
  endfacet
  facet normal 0 0 -1
    outer loop
      vertex -37 -20.5 0
      vertex -24.36073128899307 -16.042060417046084 0
      vertex -31.383782697586486 -19.559312079485437 0
    endloop
  endfacet
  facet normal 0 0 -1
    outer loop
      vertex -37 -20.5 0
      vertex -30.113022935152763 -16.79644811117089 0
      vertex -29.886977064847237 -16.79644811117089 0
    endloop
  endfacet
  facet normal 0 0 -1
    outer loop
      vertex -37 -20.5 0
      vertex -29.886977064847237 -16.79644811117089 0
      vertex -29.662713633745696 -16.76811705131164 0
    endloop
  endfacet
  facet normal 0 0 -1
    outer loop
      vertex -37 -20.5 0
      vertex -29.662713633745696 -16.76811705131164 0
      vertex -29.443769410125096 -16.711901729331277 0
    endloop
  endfacet
  facet normal 0 0 -1
    outer loop
      vertex -37 -20.5 0
      vertex -29.443769410125096 -16.711901729331277 0
      vertex -29.23359727518287 -16.628688694438836 0
    endloop
  endfacet
  facet normal 0 0 -1
    outer loop
      vertex -37 -20.5 0
      vertex -29.23359727518287 -16.628688694438836 0
      vertex -24.36073128899307 -16.042060417046084 0
    endloop
  endfacet
  facet normal 0 0 -1
    outer loop
      vertex -32.169956142156096 -15.964286911644711 0
      vertex -31.511549944180477 -15.970844099964602 0
      vertex -31.456230589874906 -16.058013454126453 0
    endloop
  endfacet
  facet normal 0 0 -1
    outer loop
      vertex -24.36073128899307 -16.042060417046084 0
      vertex -31.00430523171858 -19.40906632204075 0
      vertex -31.383782697586486 -19.559312079485437 0
    endloop
  endfacet
  facet normal 0 0 -1
    outer loop
      vertex -24.36073128899307 -16.042060417046084 0
      vertex -30.608989272403605 -19.30756643513176 0
      vertex -31.00430523171858 -19.40906632204075 0
    endloop
  endfacet
  facet normal 0 0 -1
    outer loop
      vertex -24.36073128899307 -16.042060417046084 0
      vertex -30.204069188470267 -19.256413132608117 0
      vertex -30.608989272403605 -19.30756643513176 0
    endloop
  endfacet
  facet normal 0 0 -1
    outer loop
      vertex -24.36073128899307 -16.042060417046084 0
      vertex -29.795930811529733 -19.256413132608117 0
      vertex -30.204069188470267 -19.256413132608117 0
    endloop
  endfacet
  facet normal 0 0 -1
    outer loop
      vertex -24.36073128899307 -16.042060417046084 0
      vertex -29.391010727596395 -19.30756643513176 0
      vertex -29.795930811529733 -19.256413132608117 0
    endloop
  endfacet
  facet normal 0 0 -1
    outer loop
      vertex -32.31395259764657 -29.49013364214136 0
      vertex -22.837286366254304 -24.26811705131164 0
      vertex -22.613022935152763 -24.29644811117089 0
    endloop
  endfacet
  facet normal 0 0 -1
    outer loop
      vertex -32.31395259764657 -29.49013364214136 0
      vertex -22.613022935152763 -24.29644811117089 0
      vertex -22.386977064847237 -24.29644811117089 0
    endloop
  endfacet
  facet normal 0 0 -1
    outer loop
      vertex -32.31395259764657 -29.49013364214136 0
      vertex -22.386977064847237 -24.29644811117089 0
      vertex -22.162713633745696 -24.26811705131164 0
    endloop
  endfacet
  facet normal 0 0 -1
    outer loop
      vertex -32.31395259764657 -29.49013364214136 0
      vertex -22.162713633745696 -24.26811705131164 0
      vertex -21.943769410125096 -24.211901729331277 0
    endloop
  endfacet
  facet normal 0 0 -1
    outer loop
      vertex -32.31395259764657 -29.49013364214136 0
      vertex -21.943769410125096 -24.211901729331277 0
      vertex -17.07162796668324 -25.004168039021316 0
    endloop
  endfacet
  facet normal 0 0 -1
    outer loop
      vertex -28.25856291631826 -25.24406575788155 0
      vertex -27.92837203331676 -25.004168039021316 0
      vertex -23.056230589874904 -24.211901729331277 0
    endloop
  endfacet
  facet normal 0 0 -1
    outer loop
      vertex -27.630851960880413 -24.72477809426824 0
      vertex -23.26640272481713 -24.128688694438836 0
      vertex -27.92837203331676 -25.004168039021316 0
    endloop
  endfacet
  facet normal 0 0 -1
    outer loop
      vertex -27.630851960880413 -24.72477809426824 0
      vertex -27.37069476828142 -24.41030206995054 0
      vertex -23.464488230962193 -24.019790265903627 0
    endloop
  endfacet
  facet normal 0 0 -1
    outer loop
      vertex -27.37069476828142 -24.41030206995054 0
      vertex -27.152003289857443 -24.065699440830574 0
      vertex -23.81214352935854 -23.73218479067164 0
    endloop
  endfacet
  facet normal 0 0 -1
    outer loop
      vertex -27.152003289857443 -24.065699440830574 0
      vertex -26.978226420863184 -23.696404796225206 0
      vertex -23.956230589874906 -23.558013454126453 0
    endloop
  endfacet
  facet normal 0 0 -1
    outer loop
      vertex -26.978226420863184 -23.696404796225206 0
      vertex -26.852104726331948 -23.308242133285777 0
      vertex -24.173597674598852 -23.16262419483242 0
    endloop
  endfacet
  facet normal 0 0 -1
    outer loop
      vertex -26.852104726331948 -23.308242133285777 0
      vertex -26.775627220727948 -22.907333009083988 0
      vertex -24.243449690031536 -22.94764179689674 0
    endloop
  endfacet
  facet normal 0 0 -1
    outer loop
      vertex -26.775627220727948 -22.907333009083988 0
      vertex -26.75 -22.5 0
      vertex -24.28580646236606 -22.72559982041575 0
    endloop
  endfacet
  facet normal 0 0 -1
    outer loop
      vertex -26.75 -22.5 0
      vertex -26.775627220727948 -22.092666990916012 0
      vertex -24.28580646236606 -22.27440017958425 0
    endloop
  endfacet
  facet normal 0 0 -1
    outer loop
      vertex -27.37069476828142 -24.41030206995054 0
      vertex -23.81214352935854 -23.73218479067164 0
      vertex -23.64736318154764 -23.88692383699642 0
    endloop
  endfacet
  facet normal 0 0 -1
    outer loop
      vertex -28.25856291631826 -25.24406575788155 0
      vertex -23.056230589874904 -24.211901729331277 0
      vertex -22.837286366254304 -24.26811705131164 0
    endloop
  endfacet
  facet normal 0 0 -1
    outer loop
      vertex -27.92837203331676 -25.004168039021316 0
      vertex -23.26640272481713 -24.128688694438836 0
      vertex -23.056230589874904 -24.211901729331277 0
    endloop
  endfacet
  facet normal 0 0 -1
    outer loop
      vertex -27.630851960880413 -24.72477809426824 0
      vertex -23.464488230962193 -24.019790265903627 0
      vertex -23.26640272481713 -24.128688694438836 0
    endloop
  endfacet
  facet normal 0 0 -1
    outer loop
      vertex -27.37069476828142 -24.41030206995054 0
      vertex -23.64736318154764 -23.88692383699642 0
      vertex -23.464488230962193 -24.019790265903627 0
    endloop
  endfacet
  facet normal 0 0 -1
    outer loop
      vertex -27.152003289857443 -24.065699440830574 0
      vertex -23.956230589874906 -23.558013454126453 0
      vertex -23.81214352935854 -23.73218479067164 0
    endloop
  endfacet
  facet normal 0 0 -1
    outer loop
      vertex -26.978226420863184 -23.696404796225206 0
      vertex -24.077352024078955 -23.367156613383088 0
      vertex -23.956230589874906 -23.558013454126453 0
    endloop
  endfacet
  facet normal 0 0 -1
    outer loop
      vertex -26.978226420863184 -23.696404796225206 0
      vertex -24.173597674598852 -23.16262419483242 0
      vertex -24.077352024078955 -23.367156613383088 0
    endloop
  endfacet
  facet normal 0 0 -1
    outer loop
      vertex -26.852104726331948 -23.308242133285777 0
      vertex -24.243449690031536 -22.94764179689674 0
      vertex -24.173597674598852 -23.16262419483242 0
    endloop
  endfacet
  facet normal 0 0 -1
    outer loop
      vertex -26.775627220727948 -22.907333009083988 0
      vertex -24.28580646236606 -22.72559982041575 0
      vertex -24.243449690031536 -22.94764179689674 0
    endloop
  endfacet
  facet normal 0 0 -1
    outer loop
      vertex -26.75 -22.5 0
      vertex -24.3 -22.5 0
      vertex -24.28580646236606 -22.72559982041575 0
    endloop
  endfacet
  facet normal 0 0 -1
    outer loop
      vertex -26.75 -22.5 0
      vertex -24.28580646236606 -22.27440017958425 0
      vertex -24.3 -22.5 0
    endloop
  endfacet
  facet normal 0 0 -1
    outer loop
      vertex -26.775627220727948 -22.092666990916012 0
      vertex -24.243449690031536 -22.05235820310326 0
      vertex -24.28580646236606 -22.27440017958425 0
    endloop
  endfacet
  facet normal 0 0 -1
    outer loop
      vertex -32.31395259764657 -29.49013364214136 0
      vertex -17.07162796668324 -25.004168039021316 0
      vertex -16.74143708368174 -25.24406575788155 0
    endloop
  endfacet
  facet normal 0 0 -1
    outer loop
      vertex -32.31395259764657 -29.49013364214136 0
      vertex -16.383782697586486 -25.440687920514563 0
      vertex -16.00430523171858 -25.59093367795925 0
    endloop
  endfacet
  facet normal 0 0 -1
    outer loop
      vertex -32.31395259764657 -29.49013364214136 0
      vertex -16.00430523171858 -25.59093367795925 0
      vertex -15.608989272403605 -25.69243356486824 0
    endloop
  endfacet
  facet normal 0 0 -1
    outer loop
      vertex -32.31395259764657 -29.49013364214136 0
      vertex -15.608989272403605 -25.69243356486824 0
      vertex -15.20406918847027 -25.743586867391883 0
    endloop
  endfacet
  facet normal 0 0 -1
    outer loop
      vertex -32.31395259764657 -29.49013364214136 0
      vertex -16.74143708368174 -25.24406575788155 0
      vertex -16.383782697586486 -25.440687920514563 0
    endloop
  endfacet
  facet normal 0 0 -1
    outer loop
      vertex -32.31395259764657 -29.49013364214136 0
      vertex -15.20406918847027 -25.743586867391883 0
      vertex -14.79593081152973 -25.743586867391883 0
    endloop
  endfacet
  facet normal 0 0 -1
    outer loop
      vertex -32.31395259764657 -29.49013364214136 0
      vertex -14.79593081152973 -25.743586867391883 0
      vertex -14.391010727596395 -25.69243356486824 0
    endloop
  endfacet
  facet normal 0 0 -1
    outer loop
      vertex -21.943769410125096 -24.211901729331277 0
      vertex -21.73359727518287 -24.128688694438836 0
      vertex -17.07162796668324 -25.004168039021316 0
    endloop
  endfacet
  facet normal 0 0 -1
    outer loop
      vertex -21.73359727518287 -24.128688694438836 0
      vertex -21.535511769037807 -24.019790265903627 0
      vertex -17.369148039119587 -24.72477809426824 0
    endloop
  endfacet
  facet normal 0 0 -1
    outer loop
      vertex -21.535511769037807 -24.019790265903627 0
      vertex -21.352636818452357 -23.88692383699642 0
      vertex -17.62930523171858 -24.41030206995054 0
    endloop
  endfacet
  facet normal 0 0 -1
    outer loop
      vertex -21.18785647064146 -23.73218479067164 0
      vertex -17.62930523171858 -24.41030206995054 0
      vertex -21.352636818452357 -23.88692383699642 0
    endloop
  endfacet
  facet normal 0 0 -1
    outer loop
      vertex -21.73359727518287 -24.128688694438836 0
      vertex -17.369148039119587 -24.72477809426824 0
      vertex -17.07162796668324 -25.004168039021316 0
    endloop
  endfacet
  facet normal 0 0 -1
    outer loop
      vertex -21.535511769037807 -24.019790265903627 0
      vertex -17.62930523171858 -24.41030206995054 0
      vertex -17.369148039119587 -24.72477809426824 0
    endloop
  endfacet
  facet normal 0 0 -1
    outer loop
      vertex -21.18785647064146 -23.73218479067164 0
      vertex -17.847996710142557 -24.065699440830574 0
      vertex -17.62930523171858 -24.41030206995054 0
    endloop
  endfacet
  facet normal 0 0 -1
    outer loop
      vertex -21.18785647064146 -23.73218479067164 0
      vertex -21.043769410125094 -23.558013454126453 0
      vertex -17.847996710142557 -24.065699440830574 0
    endloop
  endfacet
  facet normal 0 0 -1
    outer loop
      vertex -21.043769410125094 -23.558013454126453 0
      vertex -20.922647975921045 -23.367156613383088 0
      vertex -18.021773579136816 -23.696404796225202 0
    endloop
  endfacet
  facet normal 0 0 -1
    outer loop
      vertex -20.922647975921045 -23.367156613383088 0
      vertex -20.826402325401148 -23.16262419483242 0
      vertex -18.021773579136816 -23.696404796225202 0
    endloop
  endfacet
  facet normal 0 0 -1
    outer loop
      vertex -20.826402325401148 -23.16262419483242 0
      vertex -20.756550309968464 -22.94764179689674 0
      vertex -18.147895273668052 -23.308242133285777 0
    endloop
  endfacet
  facet normal 0 0 -1
    outer loop
      vertex -20.756550309968464 -22.94764179689674 0
      vertex -20.71419353763394 -22.72559982041575 0
      vertex -18.224372779272052 -22.907333009083988 0
    endloop
  endfacet
  facet normal 0 0 -1
    outer loop
      vertex -20.71419353763394 -22.72559982041575 0
      vertex -20.7 -22.5 0
      vertex -18.25 -22.5 0
    endloop
  endfacet
  facet normal 0 0 -1
    outer loop
      vertex -20.7 -22.5 0
      vertex -20.71419353763394 -22.27440017958425 0
      vertex -18.25 -22.5 0
    endloop
  endfacet
  facet normal 0 0 -1
    outer loop
      vertex -20.71419353763394 -22.27440017958425 0
      vertex -20.756550309968464 -22.05235820310326 0
      vertex -18.224372779272052 -22.092666990916012 0
    endloop
  endfacet
  facet normal 0 0 -1
    outer loop
      vertex -21.043769410125094 -23.558013454126453 0
      vertex -18.021773579136816 -23.696404796225202 0
      vertex -17.847996710142557 -24.065699440830574 0
    endloop
  endfacet
  facet normal 0 0 -1
    outer loop
      vertex -20.826402325401148 -23.16262419483242 0
      vertex -18.147895273668052 -23.308242133285777 0
      vertex -18.021773579136816 -23.696404796225202 0
    endloop
  endfacet
  facet normal 0 0 -1
    outer loop
      vertex -20.756550309968464 -22.94764179689674 0
      vertex -18.224372779272052 -22.907333009083988 0
      vertex -18.147895273668052 -23.308242133285777 0
    endloop
  endfacet
  facet normal 0 0 -1
    outer loop
      vertex -20.71419353763394 -22.72559982041575 0
      vertex -18.25 -22.5 0
      vertex -18.224372779272052 -22.907333009083988 0
    endloop
  endfacet
  facet normal 0 0 -1
    outer loop
      vertex -20.71419353763394 -22.27440017958425 0
      vertex -18.224372779272052 -22.092666990916012 0
      vertex -18.25 -22.5 0
    endloop
  endfacet
  facet normal 0 0 -1
    outer loop
      vertex -27.152003289857443 -20.934300559169426 0
      vertex -23.956230589874906 -21.441986545873547 0
      vertex -26.978226420863184 -21.303595203774798 0
    endloop
  endfacet
  facet normal 0 0 -1
    outer loop
      vertex -26.775627220727948 -22.092666990916012 0
      vertex -26.852104726331948 -21.691757866714223 0
      vertex -24.243449690031536 -22.05235820310326 0
    endloop
  endfacet
  facet normal 0 0 -1
    outer loop
      vertex -26.852104726331948 -21.691757866714223 0
      vertex -26.978226420863184 -21.303595203774798 0
      vertex -24.173597674598852 -21.83737580516758 0
    endloop
  endfacet
  facet normal 0 0 -1
    outer loop
      vertex -23.81214352935854 -21.26781520932836 0
      vertex -27.152003289857443 -20.934300559169426 0
      vertex -27.37069476828142 -20.58969793004946 0
    endloop
  endfacet
  facet normal 0 0 -1
    outer loop
      vertex -27.630851960880413 -20.27522190573176 0
      vertex -23.464488230962193 -20.980209734096373 0
      vertex -27.37069476828142 -20.58969793004946 0
    endloop
  endfacet
  facet normal 0 0 -1
    outer loop
      vertex -26.852104726331948 -21.691757866714223 0
      vertex -24.173597674598852 -21.83737580516758 0
      vertex -24.243449690031536 -22.05235820310326 0
    endloop
  endfacet
  facet normal 0 0 -1
    outer loop
      vertex -26.978226420863184 -21.303595203774798 0
      vertex -24.077352024078955 -21.632843386616912 0
      vertex -24.173597674598852 -21.83737580516758 0
    endloop
  endfacet
  facet normal 0 0 -1
    outer loop
      vertex -26.978226420863184 -21.303595203774798 0
      vertex -23.956230589874906 -21.441986545873547 0
      vertex -24.077352024078955 -21.632843386616912 0
    endloop
  endfacet
  facet normal 0 0 -1
    outer loop
      vertex -23.81214352935854 -21.26781520932836 0
      vertex -23.956230589874906 -21.441986545873547 0
      vertex -27.152003289857443 -20.934300559169426 0
    endloop
  endfacet
  facet normal 0 0 -1
    outer loop
      vertex -23.81214352935854 -21.26781520932836 0
      vertex -27.37069476828142 -20.58969793004946 0
      vertex -23.64736318154764 -21.11307616300358 0
    endloop
  endfacet
  facet normal 0 0 -1
    outer loop
      vertex -27.37069476828142 -20.58969793004946 0
      vertex -23.464488230962193 -20.980209734096373 0
      vertex -23.64736318154764 -21.11307616300358 0
    endloop
  endfacet
  facet normal 0 0 -1
    outer loop
      vertex -27.630851960880413 -20.27522190573176 0
      vertex -23.26640272481713 -20.871311305561164 0
      vertex -23.464488230962193 -20.980209734096373 0
    endloop
  endfacet
  facet normal 0 0 -1
    outer loop
      vertex -27.630851960880413 -20.27522190573176 0
      vertex -23.056230589874904 -20.788098270668723 0
      vertex -23.26640272481713 -20.871311305561164 0
    endloop
  endfacet
  facet normal 0 0 -1
    outer loop
      vertex -27.630851960880413 -20.27522190573176 0
      vertex -22.837286366254304 -20.73188294868836 0
      vertex -23.056230589874904 -20.788098270668723 0
    endloop
  endfacet
  facet normal 0 0 -1
    outer loop
      vertex -27.630851960880413 -20.27522190573176 0
      vertex -22.613022935152763 -20.70355188882911 0
      vertex -22.837286366254304 -20.73188294868836 0
    endloop
  endfacet
  facet normal 0 0 -1
    outer loop
      vertex -28.25856291631826 -19.75593424211845 0
      vertex -16.74143708368174 -19.75593424211845 0
      vertex -27.92837203331676 -19.995831960978684 0
    endloop
  endfacet
  facet normal 0 0 -1
    outer loop
      vertex -28.616217302413514 -19.559312079485437 0
      vertex -16.383782697586486 -19.559312079485437 0
      vertex -28.25856291631826 -19.75593424211845 0
    endloop
  endfacet
  facet normal 0 0 -1
    outer loop
      vertex -28.99569476828142 -19.40906632204075 0
      vertex -16.00430523171858 -19.40906632204075 0
      vertex -28.616217302413514 -19.559312079485437 0
    endloop
  endfacet
  facet normal 0 0 -1
    outer loop
      vertex -27.630851960880413 -20.27522190573176 0
      vertex -27.92837203331676 -19.995831960978684 0
      vertex -17.07162796668324 -19.995831960978684 0
    endloop
  endfacet
  facet normal 0 0 -1
    outer loop
      vertex -24.36073128899307 -16.042060417046084 0
      vertex -28.99569476828142 -19.40906632204075 0
      vertex -29.391010727596395 -19.30756643513176 0
    endloop
  endfacet
  facet normal 0 0 -1
    outer loop
      vertex -24.36073128899307 -16.042060417046084 0
      vertex -29.23359727518287 -16.628688694438836 0
      vertex -29.035511769037807 -16.519790265903627 0
    endloop
  endfacet
  facet normal 0 0 -1
    outer loop
      vertex -24.36073128899307 -16.042060417046084 0
      vertex -29.035511769037807 -16.519790265903627 0
      vertex -28.852636818452357 -16.38692383699642 0
    endloop
  endfacet
  facet normal 0 0 -1
    outer loop
      vertex -24.36073128899307 -16.042060417046084 0
      vertex -28.852636818452357 -16.38692383699642 0
      vertex -28.68785647064146 -16.23218479067164 0
    endloop
  endfacet
  facet normal 0 0 -1
    outer loop
      vertex -24.36073128899307 -16.042060417046084 0
      vertex -28.68785647064146 -16.23218479067164 0
      vertex -28.543769410125094 -16.058013454126453 0
    endloop
  endfacet
  facet normal 0 0 -1
    outer loop
      vertex -24.36073128899307 -16.042060417046084 0
      vertex -28.543769410125094 -16.058013454126453 0
      vertex -28.507436921935376 -16.00076261361417 0
    endloop
  endfacet
  facet normal 0 0 -1
    outer loop
      vertex -24.36073128899307 -16.042060417046084 0
      vertex -24.446351799881096 -15.509866357858641 0
      vertex -23 -15.509866357858641 0
    endloop
  endfacet
  facet normal 0 0 -1
    outer loop
      vertex -27.630851960880413 -20.27522190573176 0
      vertex -17.62930523171858 -20.58969793004946 0
      vertex -22.613022935152763 -20.70355188882911 0
    endloop
  endfacet
  facet normal 0 0 -1
    outer loop
      vertex -17.62930523171858 -20.58969793004946 0
      vertex -22.386977064847237 -20.70355188882911 0
      vertex -22.613022935152763 -20.70355188882911 0
    endloop
  endfacet
  facet normal 0 0 -1
    outer loop
      vertex -27.630851960880413 -20.27522190573176 0
      vertex -17.369148039119587 -20.27522190573176 0
      vertex -17.62930523171858 -20.58969793004946 0
    endloop
  endfacet
  facet normal 0 0 -1
    outer loop
      vertex -20.826402325401148 -21.83737580516758 0
      vertex -20.922647975921045 -21.632843386616912 0
      vertex -18.147895273668052 -21.691757866714223 0
    endloop
  endfacet
  facet normal 0 0 -1
    outer loop
      vertex -20.826402325401148 -21.83737580516758 0
      vertex -18.147895273668052 -21.691757866714223 0
      vertex -20.756550309968464 -22.05235820310326 0
    endloop
  endfacet
  facet normal 0 0 -1
    outer loop
      vertex -20.922647975921045 -21.632843386616912 0
      vertex -21.043769410125094 -21.441986545873547 0
      vertex -18.021773579136816 -21.303595203774798 0
    endloop
  endfacet
  facet normal 0 0 -1
    outer loop
      vertex -21.043769410125094 -21.441986545873547 0
      vertex -21.18785647064146 -21.26781520932836 0
      vertex -17.847996710142557 -20.934300559169426 0
    endloop
  endfacet
  facet normal 0 0 -1
    outer loop
      vertex -17.62930523171858 -20.58969793004946 0
      vertex -21.73359727518287 -20.871311305561164 0
      vertex -21.943769410125096 -20.788098270668723 0
    endloop
  endfacet
  facet normal 0 0 -1
    outer loop
      vertex -17.62930523171858 -20.58969793004946 0
      vertex -21.535511769037807 -20.980209734096373 0
      vertex -21.73359727518287 -20.871311305561164 0
    endloop
  endfacet
  facet normal 0 0 -1
    outer loop
      vertex -17.62930523171858 -20.58969793004946 0
      vertex -22.162713633745696 -20.73188294868836 0
      vertex -22.386977064847237 -20.70355188882911 0
    endloop
  endfacet
  facet normal 0 0 -1
    outer loop
      vertex -17.62930523171858 -20.58969793004946 0
      vertex -21.943769410125096 -20.788098270668723 0
      vertex -22.162713633745696 -20.73188294868836 0
    endloop
  endfacet
  facet normal 0 0 -1
    outer loop
      vertex -21.352636818452357 -21.11307616300358 0
      vertex -17.847996710142557 -20.934300559169426 0
      vertex -21.18785647064146 -21.26781520932836 0
    endloop
  endfacet
  facet normal 0 0 -1
    outer loop
      vertex -21.535511769037807 -20.980209734096373 0
      vertex -17.62930523171858 -20.58969793004946 0
      vertex -21.352636818452357 -21.11307616300358 0
    endloop
  endfacet
  facet normal 0 0 -1
    outer loop
      vertex -20.756550309968464 -22.05235820310326 0
      vertex -18.147895273668052 -21.691757866714223 0
      vertex -18.224372779272052 -22.092666990916012 0
    endloop
  endfacet
  facet normal 0 0 -1
    outer loop
      vertex -20.922647975921045 -21.632843386616912 0
      vertex -18.021773579136816 -21.303595203774798 0
      vertex -18.147895273668052 -21.691757866714223 0
    endloop
  endfacet
  facet normal 0 0 -1
    outer loop
      vertex -21.043769410125094 -21.441986545873547 0
      vertex -17.847996710142557 -20.934300559169426 0
      vertex -18.021773579136816 -21.303595203774798 0
    endloop
  endfacet
  facet normal 0 0 -1
    outer loop
      vertex -21.352636818452357 -21.11307616300358 0
      vertex -17.62930523171858 -20.58969793004946 0
      vertex -17.847996710142557 -20.934300559169426 0
    endloop
  endfacet
  facet normal 0 0 -1
    outer loop
      vertex -17.369148039119587 -20.27522190573176 0
      vertex -27.630851960880413 -20.27522190573176 0
      vertex -17.07162796668324 -19.995831960978684 0
    endloop
  endfacet
  facet normal 0 0 -1
    outer loop
      vertex -27.92837203331676 -19.995831960978684 0
      vertex -16.74143708368174 -19.75593424211845 0
      vertex -17.07162796668324 -19.995831960978684 0
    endloop
  endfacet
  facet normal 0 0 -1
    outer loop
      vertex -28.25856291631826 -19.75593424211845 0
      vertex -16.383782697586486 -19.559312079485437 0
      vertex -16.74143708368174 -19.75593424211845 0
    endloop
  endfacet
  facet normal 0 0 -1
    outer loop
      vertex -28.616217302413514 -19.559312079485437 0
      vertex -16.00430523171858 -19.40906632204075 0
      vertex -16.383782697586486 -19.559312079485437 0
    endloop
  endfacet
  facet normal 0 0 -1
    outer loop
      vertex -24.36073128899307 -16.042060417046084 0
      vertex -16.00430523171858 -19.40906632204075 0
      vertex -28.99569476828142 -19.40906632204075 0
    endloop
  endfacet
  facet normal 0 0 -1
    outer loop
      vertex -24.36073128899307 -16.042060417046084 0
      vertex -15.608989272403605 -19.30756643513176 0
      vertex -16.00430523171858 -19.40906632204075 0
    endloop
  endfacet
  facet normal -0.5877852522924681 -0.809016994374951 0
    outer loop
      vertex -35.18711994874345 -28.352566213878948 0
      vertex -34.67913397489498 -28.721639627510076 0
      vertex -34.67913397489498 -28.721639627510076 3
    endloop
  endfacet
  facet normal -0.6845471059286904 -0.7289686274214099 0
    outer loop
      vertex -35.64484313710706 -27.922735529643443 0
      vertex -35.18711994874345 -28.352566213878948 0
      vertex -35.64484313710706 -27.922735529643443 3
    endloop
  endfacet
  facet normal -0.8443279255020154 -0.5358267949789961 0
    outer loop
      vertex -36.045084971874736 -27.438926261462367 0
      vertex -36.38153340021932 -26.908768370508575 3
      vertex -36.38153340021932 -26.908768370508575 0
    endloop
  endfacet
  facet normal -0.9048270524660187 -0.42577929156507455 0
    outer loop
      vertex -36.38153340021932 -26.908768370508575 0
      vertex -36.38153340021932 -26.908768370508575 3
      vertex -36.64888242944126 -26.34062276342339 0
    endloop
  endfacet
  facet normal -0.9510565162951524 -0.30901699437495084 0
    outer loop
      vertex -36.64888242944126 -26.34062276342339 0
      vertex -36.84291580564316 -25.743449435824274 3
      vertex -36.84291580564316 -25.743449435824274 0
    endloop
  endfacet
  facet normal -0.3681245526846774 -0.9297764858882517 0
    outer loop
      vertex -34.12889645782536 -29.0241352623301 0
      vertex -33.545084971874736 -29.255282581475768 0
      vertex -34.12889645782536 -29.0241352623301 3
    endloop
  endfacet
  facet normal -0.24868988716485468 -0.9685831611286311 0
    outer loop
      vertex -33.545084971874736 -29.255282581475768 0
      vertex -32.93690657292862 -29.411436253643444 0
      vertex -33.545084971874736 -29.255282581475768 3
    endloop
  endfacet
  facet normal -0.9980267284282714 -0.06279051952931593 0
    outer loop
      vertex -36.96057350657239 -25.12666616782152 0
      vertex -36.96057350657239 -25.12666616782152 3
      vertex -37 -24.5 0
    endloop
  endfacet
  facet normal -1 0 0
    outer loop
      vertex -37 -24.5 0
      vertex -37 -20.5 3
      vertex -37 -20.5 0
    endloop
  endfacet
  facet normal 0 0 -1
    outer loop
      vertex -32.31395259764657 -29.49013364214136 0
      vertex -14.391010727596395 -25.69243356486824 0
      vertex -7.386977064847235 -24.29644811117089 0
    endloop
  endfacet
  facet normal 0 0 -1
    outer loop
      vertex -32.31395259764657 -29.49013364214136 0
      vertex -7.386977064847235 -24.29644811117089 0
      vertex -7.162713633745695 -24.26811705131164 0
    endloop
  endfacet
  facet normal 0 0 -1
    outer loop
      vertex -32.31395259764657 -29.49013364214136 0
      vertex -7.162713633745695 -24.26811705131164 0
      vertex -2.369148039119588 -24.72477809426824 0
    endloop
  endfacet
  facet normal 0 0 -1
    outer loop
      vertex -32.31395259764657 -29.49013364214136 0
      vertex -1.3837826975864855 -25.440687920514563 0
      vertex -1.004305231718579 -25.59093367795925 0
    endloop
  endfacet
  facet normal 0 0 -1
    outer loop
      vertex -32.31395259764657 -29.49013364214136 0
      vertex -2.369148039119588 -24.72477809426824 0
      vertex -2.0716279666832413 -25.004168039021316 0
    endloop
  endfacet
  facet normal 0 0 -1
    outer loop
      vertex -32.31395259764657 -29.49013364214136 0
      vertex -2.0716279666832413 -25.004168039021316 0
      vertex -1.7414370836817394 -25.24406575788155 0
    endloop
  endfacet
  facet normal 0 0 -1
    outer loop
      vertex -32.31395259764657 -29.49013364214136 0
      vertex -1.7414370836817394 -25.24406575788155 0
      vertex -1.3837826975864855 -25.440687920514563 0
    endloop
  endfacet
  facet normal 0 0 -1
    outer loop
      vertex -32.31395259764657 -29.49013364214136 0
      vertex -1.004305231718579 -25.59093367795925 0
      vertex -0.6089892724036057 -25.69243356486824 0
    endloop
  endfacet
  facet normal 0 0 -1
    outer loop
      vertex -32.31395259764657 -29.49013364214136 0
      vertex -0.6089892724036057 -25.69243356486824 0
      vertex -0.20406918847026972 -25.743586867391883 0
    endloop
  endfacet
  facet normal 0 0 -1
    outer loop
      vertex -32.31395259764657 -29.49013364214136 0
      vertex -0.20406918847026972 -25.743586867391883 0
      vertex 0.20406918847026972 -25.743586867391883 0
    endloop
  endfacet
  facet normal 0 0 -1
    outer loop
      vertex -14.391010727596395 -25.69243356486824 0
      vertex -13.995694768281421 -25.59093367795925 0
      vertex -7.386977064847235 -24.29644811117089 0
    endloop
  endfacet
  facet normal 0 0 -1
    outer loop
      vertex -13.995694768281421 -25.59093367795925 0
      vertex -13.616217302413514 -25.440687920514563 0
      vertex -7.613022935152765 -24.29644811117089 0
    endloop
  endfacet
  facet normal 0 0 -1
    outer loop
      vertex -13.616217302413514 -25.440687920514563 0
      vertex -13.258562916318262 -25.24406575788155 0
      vertex -7.837286366254305 -24.26811705131164 0
    endloop
  endfacet
  facet normal 0 0 -1
    outer loop
      vertex -13.258562916318262 -25.24406575788155 0
      vertex -12.928372033316759 -25.004168039021316 0
      vertex -8.056230589874906 -24.211901729331277 0
    endloop
  endfacet
  facet normal 0 0 -1
    outer loop
      vertex -12.630851960880412 -24.72477809426824 0
      vertex -8.26640272481713 -24.128688694438836 0
      vertex -12.928372033316759 -25.004168039021316 0
    endloop
  endfacet
  facet normal 0 0 -1
    outer loop
      vertex -12.630851960880412 -24.72477809426824 0
      vertex -12.370694768281421 -24.41030206995054 0
      vertex -8.464488230962194 -24.019790265903627 0
    endloop
  endfacet
  facet normal 0 0 -1
    outer loop
      vertex -12.370694768281421 -24.41030206995054 0
      vertex -12.152003289857443 -24.065699440830574 0
      vertex -8.812143529358542 -23.73218479067164 0
    endloop
  endfacet
  facet normal 0 0 -1
    outer loop
      vertex -12.370694768281421 -24.41030206995054 0
      vertex -8.812143529358542 -23.73218479067164 0
      vertex -8.647363181547641 -23.88692383699642 0
    endloop
  endfacet
  facet normal 0 0 -1
    outer loop
      vertex -13.616217302413514 -25.440687920514563 0
      vertex -7.837286366254305 -24.26811705131164 0
      vertex -7.613022935152765 -24.29644811117089 0
    endloop
  endfacet
  facet normal 0 0 -1
    outer loop
      vertex -13.995694768281421 -25.59093367795925 0
      vertex -7.613022935152765 -24.29644811117089 0
      vertex -7.386977064847235 -24.29644811117089 0
    endloop
  endfacet
  facet normal 0 0 -1
    outer loop
      vertex -13.258562916318262 -25.24406575788155 0
      vertex -8.056230589874906 -24.211901729331277 0
      vertex -7.837286366254305 -24.26811705131164 0
    endloop
  endfacet
  facet normal 0 0 -1
    outer loop
      vertex -12.928372033316759 -25.004168039021316 0
      vertex -8.26640272481713 -24.128688694438836 0
      vertex -8.056230589874906 -24.211901729331277 0
    endloop
  endfacet
  facet normal 0 0 -1
    outer loop
      vertex -12.630851960880412 -24.72477809426824 0
      vertex -8.464488230962194 -24.019790265903627 0
      vertex -8.26640272481713 -24.128688694438836 0
    endloop
  endfacet
  facet normal 0 0 -1
    outer loop
      vertex -12.370694768281421 -24.41030206995054 0
      vertex -8.647363181547641 -23.88692383699642 0
      vertex -8.464488230962194 -24.019790265903627 0
    endloop
  endfacet
  facet normal 0 0 -1
    outer loop
      vertex -12.152003289857443 -24.065699440830574 0
      vertex -11.978226420863184 -23.696404796225206 0
      vertex -8.956230589874906 -23.558013454126453 0
    endloop
  endfacet
  facet normal 0 0 -1
    outer loop
      vertex -11.978226420863184 -23.696404796225206 0
      vertex -11.852104726331948 -23.308242133285777 0
      vertex -9.173597674598852 -23.16262419483242 0
    endloop
  endfacet
  facet normal 0 0 -1
    outer loop
      vertex -11.852104726331948 -23.308242133285777 0
      vertex -11.775627220727948 -22.907333009083988 0
      vertex -9.243449690031536 -22.94764179689674 0
    endloop
  endfacet
  facet normal 0 0 -1
    outer loop
      vertex -11.775627220727948 -22.907333009083988 0
      vertex -11.75 -22.5 0
      vertex -9.285806462366061 -22.72559982041575 0
    endloop
  endfacet
  facet normal 0 0 -1
    outer loop
      vertex -11.75 -22.5 0
      vertex -11.775627220727948 -22.092666990916012 0
      vertex -9.285806462366061 -22.27440017958425 0
    endloop
  endfacet
  facet normal 0 0 -1
    outer loop
      vertex -12.152003289857443 -24.065699440830574 0
      vertex -8.956230589874906 -23.558013454126453 0
      vertex -8.812143529358542 -23.73218479067164 0
    endloop
  endfacet
  facet normal 0 0 -1
    outer loop
      vertex -11.978226420863184 -23.696404796225206 0
      vertex -9.077352024078955 -23.367156613383088 0
      vertex -8.956230589874906 -23.558013454126453 0
    endloop
  endfacet
  facet normal 0 0 -1
    outer loop
      vertex -11.978226420863184 -23.696404796225206 0
      vertex -9.173597674598852 -23.16262419483242 0
      vertex -9.077352024078955 -23.367156613383088 0
    endloop
  endfacet
  facet normal 0 0 -1
    outer loop
      vertex -11.852104726331948 -23.308242133285777 0
      vertex -9.243449690031536 -22.94764179689674 0
      vertex -9.173597674598852 -23.16262419483242 0
    endloop
  endfacet
  facet normal 0 0 -1
    outer loop
      vertex -11.775627220727948 -22.907333009083988 0
      vertex -9.285806462366061 -22.72559982041575 0
      vertex -9.243449690031536 -22.94764179689674 0
    endloop
  endfacet
  facet normal 0 0 -1
    outer loop
      vertex -11.75 -22.5 0
      vertex -9.3 -22.5 0
      vertex -9.285806462366061 -22.72559982041575 0
    endloop
  endfacet
  facet normal 0 0 -1
    outer loop
      vertex -11.75 -22.5 0
      vertex -9.285806462366061 -22.27440017958425 0
      vertex -9.3 -22.5 0
    endloop
  endfacet
  facet normal 0 0 -1
    outer loop
      vertex -11.775627220727948 -22.092666990916012 0
      vertex -9.243449690031536 -22.05235820310326 0
      vertex -9.285806462366061 -22.27440017958425 0
    endloop
  endfacet
  facet normal 0 0 -1
    outer loop
      vertex -24.36073128899307 -16.042060417046084 0
      vertex -15.204069188470267 -19.256413132608117 0
      vertex -15.608989272403605 -19.30756643513176 0
    endloop
  endfacet
  facet normal 0 0 -1
    outer loop
      vertex -24.36073128899307 -16.042060417046084 0
      vertex -14.795930811529733 -19.256413132608117 0
      vertex -15.204069188470267 -19.256413132608117 0
    endloop
  endfacet
  facet normal 0 0 -1
    outer loop
      vertex -24.36073128899307 -16.042060417046084 0
      vertex -14.391010727596395 -19.30756643513176 0
      vertex -14.795930811529733 -19.256413132608117 0
    endloop
  endfacet
  facet normal 0 0 -1
    outer loop
      vertex -11.852104726331948 -21.691757866714223 0
      vertex -11.978226420863184 -21.303595203774798 0
      vertex -9.173597674598852 -21.83737580516758 0
    endloop
  endfacet
  facet normal 0 0 -1
    outer loop
      vertex -12.152003289857443 -20.934300559169426 0
      vertex -8.956230589874906 -21.441986545873547 0
      vertex -11.978226420863184 -21.303595203774798 0
    endloop
  endfacet
  facet normal 0 0 -1
    outer loop
      vertex -11.775627220727948 -22.092666990916012 0
      vertex -11.852104726331948 -21.691757866714223 0
      vertex -9.243449690031536 -22.05235820310326 0
    endloop
  endfacet
  facet normal 0 0 -1
    outer loop
      vertex -8.812143529358542 -21.26781520932836 0
      vertex -12.152003289857443 -20.934300559169426 0
      vertex -12.370694768281421 -20.58969793004946 0
    endloop
  endfacet
  facet normal 0 0 -1
    outer loop
      vertex -12.630851960880413 -20.27522190573176 0
      vertex -8.464488230962194 -20.980209734096373 0
      vertex -12.370694768281421 -20.58969793004946 0
    endloop
  endfacet
  facet normal 0 0 -1
    outer loop
      vertex -11.852104726331948 -21.691757866714223 0
      vertex -9.173597674598852 -21.83737580516758 0
      vertex -9.243449690031536 -22.05235820310326 0
    endloop
  endfacet
  facet normal 0 0 -1
    outer loop
      vertex -11.978226420863184 -21.303595203774798 0
      vertex -9.077352024078955 -21.632843386616912 0
      vertex -9.173597674598852 -21.83737580516758 0
    endloop
  endfacet
  facet normal 0 0 -1
    outer loop
      vertex -11.978226420863184 -21.303595203774798 0
      vertex -8.956230589874906 -21.441986545873547 0
      vertex -9.077352024078955 -21.632843386616912 0
    endloop
  endfacet
  facet normal 0 0 -1
    outer loop
      vertex -8.812143529358542 -21.26781520932836 0
      vertex -8.956230589874906 -21.441986545873547 0
      vertex -12.152003289857443 -20.934300559169426 0
    endloop
  endfacet
  facet normal 0 0 -1
    outer loop
      vertex -8.812143529358542 -21.26781520932836 0
      vertex -12.370694768281421 -20.58969793004946 0
      vertex -8.647363181547641 -21.11307616300358 0
    endloop
  endfacet
  facet normal 0 0 -1
    outer loop
      vertex -12.370694768281421 -20.58969793004946 0
      vertex -8.464488230962194 -20.980209734096373 0
      vertex -8.647363181547641 -21.11307616300358 0
    endloop
  endfacet
  facet normal 0 0 -1
    outer loop
      vertex -12.630851960880413 -20.27522190573176 0
      vertex -8.26640272481713 -20.871311305561164 0
      vertex -8.464488230962194 -20.980209734096373 0
    endloop
  endfacet
  facet normal 0 0 -1
    outer loop
      vertex -12.630851960880413 -20.27522190573176 0
      vertex -8.056230589874906 -20.788098270668723 0
      vertex -8.26640272481713 -20.871311305561164 0
    endloop
  endfacet
  facet normal 0 0 -1
    outer loop
      vertex -12.630851960880413 -20.27522190573176 0
      vertex -7.837286366254304 -20.73188294868836 0
      vertex -8.056230589874906 -20.788098270668723 0
    endloop
  endfacet
  facet normal 0 0 -1
    outer loop
      vertex -12.630851960880413 -20.27522190573176 0
      vertex -7.613022935152764 -20.70355188882911 0
      vertex -7.837286366254304 -20.73188294868836 0
    endloop
  endfacet
  facet normal 0 0 -1
    outer loop
      vertex -2.369148039119588 -20.27522190573176 0
      vertex -12.630851960880413 -20.27522190573176 0
      vertex -12.928372033316759 -19.995831960978684 0
    endloop
  endfacet
  facet normal 0 0 -1
    outer loop
      vertex -12.928372033316759 -19.995831960978684 0
      vertex -13.258562916318262 -19.75593424211845 0
      vertex -1.7414370836817394 -19.75593424211845 0
    endloop
  endfacet
  facet normal 0 0 -1
    outer loop
      vertex -13.616217302413514 -19.559312079485437 0
      vertex -1.7414370836817394 -19.75593424211845 0
      vertex -13.258562916318262 -19.75593424211845 0
    endloop
  endfacet
  facet normal 0 0 -1
    outer loop
      vertex -13.995694768281421 -19.40906632204075 0
      vertex -1.004305231718579 -19.40906632204075 0
      vertex -13.616217302413514 -19.559312079485437 0
    endloop
  endfacet
  facet normal 0 0 -1
    outer loop
      vertex -13.995694768281421 -19.40906632204075 0
      vertex -14.391010727596395 -19.30756643513176 0
      vertex -0.6089892724036049 -19.30756643513176 0
    endloop
  endfacet
  facet normal 0 0 -1
    outer loop
      vertex -24.36073128899307 -16.042060417046084 0
      vertex -0.6089892724036049 -19.30756643513176 0
      vertex -14.391010727596395 -19.30756643513176 0
    endloop
  endfacet
  facet normal 0 0 -1
    outer loop
      vertex -32.31395259764657 -29.49013364214136 0
      vertex 0.20406918847026972 -25.743586867391883 0
      vertex 13.995694768281421 -25.59093367795925 0
    endloop
  endfacet
  facet normal 0 0 -1
    outer loop
      vertex -7.162713633745695 -24.26811705131164 0
      vertex -6.943769410125094 -24.211901729331277 0
      vertex -2.369148039119588 -24.72477809426824 0
    endloop
  endfacet
  facet normal 0 0 -1
    outer loop
      vertex -6.943769410125094 -24.211901729331277 0
      vertex -6.73359727518287 -24.128688694438836 0
      vertex -2.369148039119588 -24.72477809426824 0
    endloop
  endfacet
  facet normal 0 0 -1
    outer loop
      vertex -6.73359727518287 -24.128688694438836 0
      vertex -6.535511769037807 -24.019790265903627 0
      vertex -2.369148039119588 -24.72477809426824 0
    endloop
  endfacet
  facet normal 0 0 -1
    outer loop
      vertex -6.535511769037807 -24.019790265903627 0
      vertex -6.352636818452358 -23.88692383699642 0
      vertex -2.629305231718579 -24.41030206995054 0
    endloop
  endfacet
  facet normal 0 0 -1
    outer loop
      vertex -6.187856470641459 -23.73218479067164 0
      vertex -2.629305231718579 -24.41030206995054 0
      vertex -6.352636818452358 -23.88692383699642 0
    endloop
  endfacet
  facet normal 0 0 -1
    outer loop
      vertex -6.187856470641459 -23.73218479067164 0
      vertex -6.043769410125094 -23.558013454126453 0
      vertex -2.8479967101425565 -24.065699440830574 0
    endloop
  endfacet
  facet normal 0 0 -1
    outer loop
      vertex -6.043769410125094 -23.558013454126453 0
      vertex -5.922647975921046 -23.367156613383088 0
      vertex -3.021773579136817 -23.696404796225202 0
    endloop
  endfacet
  facet normal 0 0 -1
    outer loop
      vertex -5.922647975921046 -23.367156613383088 0
      vertex -5.826402325401148 -23.16262419483242 0
      vertex -3.021773579136817 -23.696404796225202 0
    endloop
  endfacet
  facet normal 0 0 -1
    outer loop
      vertex -5.826402325401148 -23.16262419483242 0
      vertex -5.756550309968464 -22.94764179689674 0
      vertex -3.147895273668051 -23.308242133285777 0
    endloop
  endfacet
  facet normal 0 0 -1
    outer loop
      vertex -5.756550309968464 -22.94764179689674 0
      vertex -5.71419353763394 -22.72559982041575 0
      vertex -3.224372779272053 -22.907333009083988 0
    endloop
  endfacet
  facet normal 0 0 -1
    outer loop
      vertex -5.71419353763394 -22.72559982041575 0
      vertex -5.7 -22.5 0
      vertex -3.25 -22.5 0
    endloop
  endfacet
  facet normal 0 0 -1
    outer loop
      vertex -5.7 -22.5 0
      vertex -5.71419353763394 -22.27440017958425 0
      vertex -3.25 -22.5 0
    endloop
  endfacet
  facet normal 0 0 -1
    outer loop
      vertex -5.756550309968464 -22.05235820310326 0
      vertex -3.224372779272053 -22.092666990916012 0
      vertex -5.71419353763394 -22.27440017958425 0
    endloop
  endfacet
  facet normal 0 0 -1
    outer loop
      vertex -32.31395259764657 -29.49013364214136 0
      vertex 13.995694768281421 -25.59093367795925 0
      vertex 14.391010727596395 -25.69243356486824 0
    endloop
  endfacet
  facet normal 0 0 -1
    outer loop
      vertex -32.31395259764657 -29.49013364214136 0
      vertex 14.391010727596395 -25.69243356486824 0
      vertex 14.79593081152973 -25.743586867391883 0
    endloop
  endfacet
  facet normal 0 0 -1
    outer loop
      vertex -32.31395259764657 -29.49013364214136 0
      vertex 14.79593081152973 -25.743586867391883 0
      vertex 15.20406918847027 -25.743586867391883 0
    endloop
  endfacet
  facet normal 0 0 -1
    outer loop
      vertex -6.535511769037807 -24.019790265903627 0
      vertex -2.629305231718579 -24.41030206995054 0
      vertex -2.369148039119588 -24.72477809426824 0
    endloop
  endfacet
  facet normal 0 0 -1
    outer loop
      vertex -6.187856470641459 -23.73218479067164 0
      vertex -2.8479967101425565 -24.065699440830574 0
      vertex -2.629305231718579 -24.41030206995054 0
    endloop
  endfacet
  facet normal 0 0 -1
    outer loop
      vertex -6.043769410125094 -23.558013454126453 0
      vertex -3.021773579136817 -23.696404796225202 0
      vertex -2.8479967101425565 -24.065699440830574 0
    endloop
  endfacet
  facet normal 0 0 -1
    outer loop
      vertex -5.826402325401148 -23.16262419483242 0
      vertex -3.147895273668051 -23.308242133285777 0
      vertex -3.021773579136817 -23.696404796225202 0
    endloop
  endfacet
  facet normal 0 0 -1
    outer loop
      vertex -5.756550309968464 -22.94764179689674 0
      vertex -3.224372779272053 -22.907333009083988 0
      vertex -3.147895273668051 -23.308242133285777 0
    endloop
  endfacet
  facet normal 0 0 -1
    outer loop
      vertex -5.71419353763394 -22.72559982041575 0
      vertex -3.25 -22.5 0
      vertex -3.224372779272053 -22.907333009083988 0
    endloop
  endfacet
  facet normal 0 0 -1
    outer loop
      vertex -5.71419353763394 -22.27440017958425 0
      vertex -3.224372779272053 -22.092666990916012 0
      vertex -3.25 -22.5 0
    endloop
  endfacet
  facet normal 0 0 -1
    outer loop
      vertex -12.630851960880413 -20.27522190573176 0
      vertex -2.629305231718579 -20.58969793004946 0
      vertex -7.613022935152764 -20.70355188882911 0
    endloop
  endfacet
  facet normal 0 0 -1
    outer loop
      vertex -2.629305231718579 -20.58969793004946 0
      vertex -7.386977064847236 -20.70355188882911 0
      vertex -7.613022935152764 -20.70355188882911 0
    endloop
  endfacet
  facet normal 0 0 -1
    outer loop
      vertex -12.630851960880413 -20.27522190573176 0
      vertex -2.369148039119588 -20.27522190573176 0
      vertex -2.629305231718579 -20.58969793004946 0
    endloop
  endfacet
  facet normal 0 0 -1
    outer loop
      vertex -5.826402325401148 -21.83737580516758 0
      vertex -5.922647975921046 -21.632843386616912 0
      vertex -3.147895273668051 -21.691757866714223 0
    endloop
  endfacet
  facet normal 0 0 -1
    outer loop
      vertex -5.756550309968464 -22.05235820310326 0
      vertex -5.826402325401148 -21.83737580516758 0
      vertex -3.147895273668051 -21.691757866714223 0
    endloop
  endfacet
  facet normal 0 0 -1
    outer loop
      vertex -6.043769410125094 -21.441986545873547 0
      vertex -3.021773579136817 -21.303595203774798 0
      vertex -5.922647975921046 -21.632843386616912 0
    endloop
  endfacet
  facet normal 0 0 -1
    outer loop
      vertex -6.187856470641459 -21.26781520932836 0
      vertex -2.8479967101425565 -20.934300559169426 0
      vertex -6.043769410125094 -21.441986545873547 0
    endloop
  endfacet
  facet normal 0 0 -1
    outer loop
      vertex -2.629305231718579 -20.58969793004946 0
      vertex -6.733597275182869 -20.871311305561164 0
      vertex -6.943769410125094 -20.788098270668723 0
    endloop
  endfacet
  facet normal 0 0 -1
    outer loop
      vertex -2.629305231718579 -20.58969793004946 0
      vertex -6.5355117690378055 -20.980209734096373 0
      vertex -6.733597275182869 -20.871311305561164 0
    endloop
  endfacet
  facet normal 0 0 -1
    outer loop
      vertex -2.629305231718579 -20.58969793004946 0
      vertex -7.162713633745696 -20.73188294868836 0
      vertex -7.386977064847236 -20.70355188882911 0
    endloop
  endfacet
  facet normal 0 0 -1
    outer loop
      vertex -2.629305231718579 -20.58969793004946 0
      vertex -6.943769410125094 -20.788098270668723 0
      vertex -7.162713633745696 -20.73188294868836 0
    endloop
  endfacet
  facet normal 0 0 -1
    outer loop
      vertex -6.187856470641459 -21.26781520932836 0
      vertex -6.352636818452359 -21.11307616300358 0
      vertex -2.8479967101425565 -20.934300559169426 0
    endloop
  endfacet
  facet normal 0 0 -1
    outer loop
      vertex -6.5355117690378055 -20.980209734096373 0
      vertex -2.629305231718579 -20.58969793004946 0
      vertex -6.352636818452359 -21.11307616300358 0
    endloop
  endfacet
  facet normal 0 0 -1
    outer loop
      vertex -2.369148039119588 -20.27522190573176 0
      vertex -12.928372033316759 -19.995831960978684 0
      vertex -2.0716279666832413 -19.995831960978684 0
    endloop
  endfacet
  facet normal 0 0 -1
    outer loop
      vertex -12.928372033316759 -19.995831960978684 0
      vertex -1.7414370836817394 -19.75593424211845 0
      vertex -2.0716279666832413 -19.995831960978684 0
    endloop
  endfacet
  facet normal 0 0 -1
    outer loop
      vertex -13.616217302413514 -19.559312079485437 0
      vertex -1.3837826975864864 -19.559312079485437 0
      vertex -1.7414370836817394 -19.75593424211845 0
    endloop
  endfacet
  facet normal 0 0 -1
    outer loop
      vertex -13.616217302413514 -19.559312079485437 0
      vertex -1.004305231718579 -19.40906632204075 0
      vertex -1.3837826975864864 -19.559312079485437 0
    endloop
  endfacet
  facet normal 0 0 -1
    outer loop
      vertex -13.995694768281421 -19.40906632204075 0
      vertex -0.6089892724036049 -19.30756643513176 0
      vertex -1.004305231718579 -19.40906632204075 0
    endloop
  endfacet
  facet normal 0 0 -1
    outer loop
      vertex -24.36073128899307 -16.042060417046084 0
      vertex -0.20406918847026814 -19.256413132608117 0
      vertex -0.6089892724036049 -19.30756643513176 0
    endloop
  endfacet
  facet normal 0 0 -1
    outer loop
      vertex -24.36073128899307 -16.042060417046084 0
      vertex 0.20406918847026814 -19.256413132608117 0
      vertex -0.20406918847026814 -19.256413132608117 0
    endloop
  endfacet
  facet normal 0 0 -1
    outer loop
      vertex -24.36073128899307 -16.042060417046084 0
      vertex -23 -15.509866357858641 0
      vertex 32.31395259764657 -15.509866357858641 0
    endloop
  endfacet
  facet normal 0 0 -1
    outer loop
      vertex -5.756550309968464 -22.05235820310326 0
      vertex -3.147895273668051 -21.691757866714223 0
      vertex -3.224372779272053 -22.092666990916012 0
    endloop
  endfacet
  facet normal 0 0 -1
    outer loop
      vertex -5.922647975921046 -21.632843386616912 0
      vertex -3.021773579136817 -21.303595203774798 0
      vertex -3.147895273668051 -21.691757866714223 0
    endloop
  endfacet
  facet normal 0 0 -1
    outer loop
      vertex -6.043769410125094 -21.441986545873547 0
      vertex -2.8479967101425565 -20.934300559169426 0
      vertex -3.021773579136817 -21.303595203774798 0
    endloop
  endfacet
  facet normal 0 0 -1
    outer loop
      vertex -6.352636818452359 -21.11307616300358 0
      vertex -2.629305231718579 -20.58969793004946 0
      vertex -2.8479967101425565 -20.934300559169426 0
    endloop
  endfacet
  facet normal 0 0 -1
    outer loop
      vertex -24.36073128899307 -16.042060417046084 0
      vertex 14.795930811529733 -19.256413132608117 0
      vertex 0.20406918847026814 -19.256413132608117 0
    endloop
  endfacet
  facet normal -0.6845471059286904 -0.7289686274214099 0
    outer loop
      vertex -35.18711994874345 -28.352566213878948 0
      vertex -35.18711994874345 -28.352566213878948 3
      vertex -35.64484313710706 -27.922735529643443 3
    endloop
  endfacet
  facet normal -0.5877852522924681 -0.809016994374951 0
    outer loop
      vertex -35.18711994874345 -28.352566213878948 0
      vertex -34.67913397489498 -28.721639627510076 3
      vertex -35.18711994874345 -28.352566213878948 3
    endloop
  endfacet
  facet normal -0.8443279255020154 -0.5358267949789961 0
    outer loop
      vertex -36.045084971874736 -27.438926261462367 0
      vertex -36.045084971874736 -27.438926261462367 3
      vertex -36.38153340021932 -26.908768370508575 3
    endloop
  endfacet
  facet normal -0.9048270524660187 -0.42577929156507455 0
    outer loop
      vertex -36.64888242944126 -26.34062276342339 0
      vertex -36.38153340021932 -26.908768370508575 3
      vertex -36.64888242944126 -26.34062276342339 3
    endloop
  endfacet
  facet normal -0.9510565162951524 -0.30901699437495084 0
    outer loop
      vertex -36.64888242944126 -26.34062276342339 0
      vertex -36.64888242944126 -26.34062276342339 3
      vertex -36.84291580564316 -25.743449435824274 3
    endloop
  endfacet
  facet normal -0.3681245526846774 -0.9297764858882517 0
    outer loop
      vertex -33.545084971874736 -29.255282581475768 0
      vertex -33.545084971874736 -29.255282581475768 3
      vertex -34.12889645782536 -29.0241352623301 3
    endloop
  endfacet
  facet normal -0.24868988716485468 -0.9685831611286311 0
    outer loop
      vertex -32.93690657292862 -29.411436253643444 0
      vertex -32.93690657292862 -29.411436253643444 3
      vertex -33.545084971874736 -29.255282581475768 3
    endloop
  endfacet
  facet normal -0.9980267284282714 -0.06279051952931593 0
    outer loop
      vertex -37 -24.5 0
      vertex -36.96057350657239 -25.12666616782152 3
      vertex -37 -24.5 3
    endloop
  endfacet
  facet normal -1 0 0
    outer loop
      vertex -37 -24.5 0
      vertex -37 -24.5 3
      vertex -37 -20.5 3
    endloop
  endfacet
  facet normal 0 0 1
    outer loop
      vertex -35.64484313710706 -27.922735529643443 3
      vertex -35.18711994874345 -28.352566213878948 3
      vertex -34.67913397489498 -28.721639627510076 3
    endloop
  endfacet
  facet normal 0 0 1
    outer loop
      vertex -35.82974470492998 -27.6682403546252 3
      vertex -36.38153340021932 -26.908768370508575 3
      vertex -36.045084971874736 -27.438926261462367 3
    endloop
  endfacet
  facet normal 0 0 1
    outer loop
      vertex -36.38153340021932 -26.908768370508575 3
      vertex -36.497335568919596 -26.616285479358936 3
      vertex -36.64888242944126 -26.34062276342339 3
    endloop
  endfacet
  facet normal 0 0 1
    outer loop
      vertex -36.497335568919596 -26.616285479358936 3
      vertex -36.84291580564316 -25.743449435824274 3
      vertex -36.64888242944126 -26.34062276342339 3
    endloop
  endfacet
  facet normal 0 0 1
    outer loop
      vertex -36.497335568919596 -26.616285479358936 3
      vertex -36.575566776421205 -26.311595042909484 3
      vertex -36.84291580564316 -25.743449435824274 3
    endloop
  endfacet
  facet normal 0 0 1
    outer loop
      vertex -34.39449951025499 -28.85557843977163 3
      vertex -34.12889645782536 -29.0241352623301 3
      vertex -33.545084971874736 -29.255282581475768 3
    endloop
  endfacet
  facet normal 0 0 1
    outer loop
      vertex -36.575566776421205 -26.311595042909484 3
      vertex -36.89555391523972 -25.326775893659946 3
      vertex -36.84291580564316 -25.743449435824274 3
    endloop
  endfacet
  facet normal 0 0 1
    outer loop
      vertex -36.96057350657239 -25.12666616782152 3
      vertex -37 -20.5 3
      vertex -37 -24.5 3
    endloop
  endfacet
  facet normal 0 0 1
    outer loop
      vertex -32.12664791722567 -25.319807428071964 3
      vertex -27.350486733116067 -29.132797823536567 3
      vertex -31.74143708368174 -25.24406575788155 3
    endloop
  endfacet
  facet normal 0 0 1
    outer loop
      vertex -27.350486733116067 -29.132797823536567 3
      vertex -31.383782697586486 -25.440687920514563 3
      vertex -31.74143708368174 -25.24406575788155 3
    endloop
  endfacet
  facet normal 0 0 1
    outer loop
      vertex -27.350486733116067 -29.132797823536567 3
      vertex -30.608989272403605 -25.69243356486824 3
      vertex -31.00430523171858 -25.59093367795925 3
    endloop
  endfacet
  facet normal 0 0 1
    outer loop
      vertex -27.350486733116067 -29.132797823536567 3
      vertex -30.20406918847027 -25.743586867391883 3
      vertex -30.608989272403605 -25.69243356486824 3
    endloop
  endfacet
  facet normal 0 0 1
    outer loop
      vertex -27.350486733116067 -29.132797823536567 3
      vertex -29.79593081152973 -25.743586867391883 3
      vertex -30.20406918847027 -25.743586867391883 3
    endloop
  endfacet
  facet normal 0 0 1
    outer loop
      vertex -27.350486733116067 -29.132797823536567 3
      vertex -31.00430523171858 -25.59093367795925 3
      vertex -31.383782697586486 -25.440687920514563 3
    endloop
  endfacet
  facet normal 0 0 1
    outer loop
      vertex -27.350486733116067 -29.132797823536567 3
      vertex -29.391010727596395 -25.69243356486824 3
      vertex -29.79593081152973 -25.743586867391883 3
    endloop
  endfacet
  facet normal 0 0 1
    outer loop
      vertex -27.350486733116067 -29.132797823536567 3
      vertex -28.99569476828142 -25.59093367795925 3
      vertex -29.391010727596395 -25.69243356486824 3
    endloop
  endfacet
  facet normal 0 0 1
    outer loop
      vertex -27.350486733116067 -29.132797823536567 3
      vertex -28.616217302413514 -25.440687920514563 3
      vertex -28.99569476828142 -25.59093367795925 3
    endloop
  endfacet
  facet normal 0 0 1
    outer loop
      vertex -27.350486733116067 -29.132797823536567 3
      vertex -28.25856291631826 -25.24406575788155 3
      vertex -28.616217302413514 -25.440687920514563 3
    endloop
  endfacet
  facet normal 0 0 1
    outer loop
      vertex -27.350486733116067 -29.132797823536567 3
      vertex -27.92837203331676 -25.004168039021316 3
      vertex -28.25856291631826 -25.24406575788155 3
    endloop
  endfacet
  facet normal 0 0 1
    outer loop
      vertex -32.12664791722567 -25.319807428071964 3
      vertex -31.74143708368174 -25.24406575788155 3
      vertex -31.95298240572004 -25.090369084820132 3
    endloop
  endfacet
  facet normal 0 0 1
    outer loop
      vertex -27.350486733116067 -29.132797823536567 3
      vertex -27.630851960880413 -24.72477809426824 3
      vertex -27.92837203331676 -25.004168039021316 3
    endloop
  endfacet
  facet normal 0 0 1
    outer loop
      vertex -27.350486733116067 -29.132797823536567 3
      vertex -27.37069476828142 -24.41030206995054 3
      vertex -27.630851960880413 -24.72477809426824 3
    endloop
  endfacet
  facet normal 0 0 1
    outer loop
      vertex -27.350486733116067 -29.132797823536567 3
      vertex -27.152003289857443 -24.065699440830574 3
      vertex -27.37069476828142 -24.41030206995054 3
    endloop
  endfacet
  facet normal 0 0 1
    outer loop
      vertex -27.350486733116067 -29.132797823536567 3
      vertex -23.056230589874904 -24.211901729331277 3
      vertex -23.26640272481713 -24.128688694438836 3
    endloop
  endfacet
  facet normal 0 0 1
    outer loop
      vertex -27.350486733116067 -29.132797823536567 3
      vertex -22.837286366254304 -24.26811705131164 3
      vertex -23.056230589874904 -24.211901729331277 3
    endloop
  endfacet
  facet normal 0 0 1
    outer loop
      vertex -27.350486733116067 -29.132797823536567 3
      vertex -22.613022935152763 -24.29644811117089 3
      vertex -22.837286366254304 -24.26811705131164 3
    endloop
  endfacet
  facet normal 0 0 1
    outer loop
      vertex -27.350486733116067 -29.132797823536567 3
      vertex -26.978226420863184 -23.696404796225206 3
      vertex -27.152003289857443 -24.065699440830574 3
    endloop
  endfacet
  facet normal 0 0 1
    outer loop
      vertex -27.350486733116067 -29.132797823536567 3
      vertex -26.852104726331948 -23.308242133285777 3
      vertex -26.978226420863184 -23.696404796225206 3
    endloop
  endfacet
  facet normal 0 0 1
    outer loop
      vertex -27.350486733116067 -29.132797823536567 3
      vertex -25.3309520434109 -16.34166784806185 3
      vertex -26.852104726331948 -23.308242133285777 3
    endloop
  endfacet
  facet normal 0 0 1
    outer loop
      vertex -27.350486733116067 -29.132797823536567 3
      vertex -24.28580646236606 -22.72559982041575 3
      vertex -25.3309520434109 -16.34166784806185 3
    endloop
  endfacet
  facet normal 0 0 1
    outer loop
      vertex -27.350486733116067 -29.132797823536567 3
      vertex -23.64736318154764 -23.88692383699642 3
      vertex -23.81214352935854 -23.73218479067164 3
    endloop
  endfacet
  facet normal 0 0 1
    outer loop
      vertex -27.350486733116067 -29.132797823536567 3
      vertex -23.81214352935854 -23.73218479067164 3
      vertex -23.956230589874906 -23.558013454126453 3
    endloop
  endfacet
  facet normal 0 0 1
    outer loop
      vertex -27.350486733116067 -29.132797823536567 3
      vertex -23.956230589874906 -23.558013454126453 3
      vertex -24.077352024078955 -23.367156613383088 3
    endloop
  endfacet
  facet normal 0 0 1
    outer loop
      vertex -27.350486733116067 -29.132797823536567 3
      vertex -24.077352024078955 -23.367156613383088 3
      vertex -24.173597674598852 -23.16262419483242 3
    endloop
  endfacet
  facet normal 0 0 1
    outer loop
      vertex -27.350486733116067 -29.132797823536567 3
      vertex -24.243449690031536 -22.94764179689674 3
      vertex -24.28580646236606 -22.72559982041575 3
    endloop
  endfacet
  facet normal 0 0 1
    outer loop
      vertex -27.350486733116067 -29.132797823536567 3
      vertex -24.173597674598852 -23.16262419483242 3
      vertex -24.243449690031536 -22.94764179689674 3
    endloop
  endfacet
  facet normal 0 0 1
    outer loop
      vertex -27.350486733116067 -29.132797823536567 3
      vertex -23.464488230962193 -24.019790265903627 3
      vertex -23.64736318154764 -23.88692383699642 3
    endloop
  endfacet
  facet normal 0 0 1
    outer loop
      vertex -27.350486733116067 -29.132797823536567 3
      vertex -23.26640272481713 -24.128688694438836 3
      vertex -23.464488230962193 -24.019790265903627 3
    endloop
  endfacet
  facet normal 0 0 1
    outer loop
      vertex -27.350486733116067 -29.132797823536567 3
      vertex -16.00430523171858 -25.59093367795925 3
      vertex -22.613022935152763 -24.29644811117089 3
    endloop
  endfacet
  facet normal 0 0 1
    outer loop
      vertex -27.350486733116067 -29.132797823536567 3
      vertex -15.608989272403605 -25.69243356486824 3
      vertex -16.00430523171858 -25.59093367795925 3
    endloop
  endfacet
  facet normal 0 0 1
    outer loop
      vertex -27.350486733116067 -29.132797823536567 3
      vertex -15.20406918847027 -25.743586867391883 3
      vertex -15.608989272403605 -25.69243356486824 3
    endloop
  endfacet
  facet normal 0 0 1
    outer loop
      vertex -27.350486733116067 -29.132797823536567 3
      vertex -14.79593081152973 -25.743586867391883 3
      vertex -15.20406918847027 -25.743586867391883 3
    endloop
  endfacet
  facet normal 0 0 1
    outer loop
      vertex -22.613022935152763 -24.29644811117089 3
      vertex -16.00430523171858 -25.59093367795925 3
      vertex -22.386977064847237 -24.29644811117089 3
    endloop
  endfacet
  facet normal 0 0 1
    outer loop
      vertex -22.386977064847237 -24.29644811117089 3
      vertex -16.383782697586486 -25.440687920514563 3
      vertex -22.162713633745696 -24.26811705131164 3
    endloop
  endfacet
  facet normal 0 0 1
    outer loop
      vertex -22.162713633745696 -24.26811705131164 3
      vertex -16.74143708368174 -25.24406575788155 3
      vertex -21.943769410125096 -24.211901729331277 3
    endloop
  endfacet
  facet normal 0 0 1
    outer loop
      vertex -21.943769410125096 -24.211901729331277 3
      vertex -17.07162796668324 -25.004168039021316 3
      vertex -21.73359727518287 -24.128688694438836 3
    endloop
  endfacet
  facet normal 0 0 1
    outer loop
      vertex -21.73359727518287 -24.128688694438836 3
      vertex -17.369148039119587 -24.72477809426824 3
      vertex -21.535511769037807 -24.019790265903627 3
    endloop
  endfacet
  facet normal 0 0 1
    outer loop
      vertex -21.535511769037807 -24.019790265903627 3
      vertex -17.62930523171858 -24.41030206995054 3
      vertex -21.352636818452357 -23.88692383699642 3
    endloop
  endfacet
  facet normal 0 0 1
    outer loop
      vertex -21.352636818452357 -23.88692383699642 3
      vertex -17.62930523171858 -24.41030206995054 3
      vertex -21.18785647064146 -23.73218479067164 3
    endloop
  endfacet
  facet normal 0 0 1
    outer loop
      vertex -21.943769410125096 -24.211901729331277 3
      vertex -16.74143708368174 -25.24406575788155 3
      vertex -17.07162796668324 -25.004168039021316 3
    endloop
  endfacet
  facet normal 0 0 1
    outer loop
      vertex -21.73359727518287 -24.128688694438836 3
      vertex -17.07162796668324 -25.004168039021316 3
      vertex -17.369148039119587 -24.72477809426824 3
    endloop
  endfacet
  facet normal 0 0 1
    outer loop
      vertex -21.535511769037807 -24.019790265903627 3
      vertex -17.369148039119587 -24.72477809426824 3
      vertex -17.62930523171858 -24.41030206995054 3
    endloop
  endfacet
  facet normal 0 0 1
    outer loop
      vertex -21.18785647064146 -23.73218479067164 3
      vertex -17.62930523171858 -24.41030206995054 3
      vertex -17.847996710142557 -24.065699440830574 3
    endloop
  endfacet
  facet normal 0 0 1
    outer loop
      vertex -21.18785647064146 -23.73218479067164 3
      vertex -17.847996710142557 -24.065699440830574 3
      vertex -21.043769410125094 -23.558013454126453 3
    endloop
  endfacet
  facet normal 0 0 1
    outer loop
      vertex -21.043769410125094 -23.558013454126453 3
      vertex -18.021773579136816 -23.696404796225202 3
      vertex -20.922647975921045 -23.367156613383088 3
    endloop
  endfacet
  facet normal 0 0 1
    outer loop
      vertex -20.922647975921045 -23.367156613383088 3
      vertex -18.021773579136816 -23.696404796225202 3
      vertex -20.826402325401148 -23.16262419483242 3
    endloop
  endfacet
  facet normal 0 0 1
    outer loop
      vertex -20.826402325401148 -23.16262419483242 3
      vertex -18.147895273668052 -23.308242133285777 3
      vertex -20.756550309968464 -22.94764179689674 3
    endloop
  endfacet
  facet normal 0 0 1
    outer loop
      vertex -20.756550309968464 -22.94764179689674 3
      vertex -18.224372779272052 -22.907333009083988 3
      vertex -20.71419353763394 -22.72559982041575 3
    endloop
  endfacet
  facet normal 0 0 1
    outer loop
      vertex -20.71419353763394 -22.72559982041575 3
      vertex -18.25 -22.5 3
      vertex -20.7 -22.5 3
    endloop
  endfacet
  facet normal 0 0 1
    outer loop
      vertex -20.7 -22.5 3
      vertex -18.25 -22.5 3
      vertex -20.71419353763394 -22.27440017958425 3
    endloop
  endfacet
  facet normal 0 0 1
    outer loop
      vertex -20.71419353763394 -22.27440017958425 3
      vertex -18.224372779272052 -22.092666990916012 3
      vertex -20.756550309968464 -22.05235820310326 3
    endloop
  endfacet
  facet normal 0 0 1
    outer loop
      vertex -21.043769410125094 -23.558013454126453 3
      vertex -17.847996710142557 -24.065699440830574 3
      vertex -18.021773579136816 -23.696404796225202 3
    endloop
  endfacet
  facet normal 0 0 1
    outer loop
      vertex -20.826402325401148 -23.16262419483242 3
      vertex -18.021773579136816 -23.696404796225202 3
      vertex -18.147895273668052 -23.308242133285777 3
    endloop
  endfacet
  facet normal 0 0 1
    outer loop
      vertex -20.756550309968464 -22.94764179689674 3
      vertex -18.147895273668052 -23.308242133285777 3
      vertex -18.224372779272052 -22.907333009083988 3
    endloop
  endfacet
  facet normal 0 0 1
    outer loop
      vertex -20.71419353763394 -22.72559982041575 3
      vertex -18.224372779272052 -22.907333009083988 3
      vertex -18.25 -22.5 3
    endloop
  endfacet
  facet normal 0 0 1
    outer loop
      vertex -20.71419353763394 -22.27440017958425 3
      vertex -18.25 -22.5 3
      vertex -18.224372779272052 -22.092666990916012 3
    endloop
  endfacet
  facet normal 0 0 1
    outer loop
      vertex -25.3309520434109 -16.34166784806185 3
      vertex -26.775627220727948 -22.907333009083988 3
      vertex -26.852104726331948 -23.308242133285777 3
    endloop
  endfacet
  facet normal 0 0 1
    outer loop
      vertex -25.3309520434109 -16.34166784806185 3
      vertex -26.75 -22.5 3
      vertex -26.775627220727948 -22.907333009083988 3
    endloop
  endfacet
  facet normal 0 0 1
    outer loop
      vertex -25.3309520434109 -16.34166784806185 3
      vertex -26.775627220727948 -22.092666990916012 3
      vertex -26.75 -22.5 3
    endloop
  endfacet
  facet normal 0 0 1
    outer loop
      vertex -25.3309520434109 -16.34166784806185 3
      vertex -27.37069476828142 -20.58969793004946 3
      vertex -27.152003289857443 -20.934300559169426 3
    endloop
  endfacet
  facet normal 0 0 1
    outer loop
      vertex -25.3309520434109 -16.34166784806185 3
      vertex -27.630851960880413 -20.27522190573176 3
      vertex -27.37069476828142 -20.58969793004946 3
    endloop
  endfacet
  facet normal 0 0 1
    outer loop
      vertex -25.3309520434109 -16.34166784806185 3
      vertex -28.03707014613142 -19.91685815930491 3
      vertex -27.92837203331676 -19.995831960978684 3
    endloop
  endfacet
  facet normal 0 0 1
    outer loop
      vertex -25.3309520434109 -16.34166784806185 3
      vertex -27.92837203331676 -19.995831960978684 3
      vertex -27.630851960880413 -20.27522190573176 3
    endloop
  endfacet
  facet normal 0 0 1
    outer loop
      vertex -25.3309520434109 -16.34166784806185 3
      vertex -26.852104726331948 -21.691757866714223 3
      vertex -26.775627220727948 -22.092666990916012 3
    endloop
  endfacet
  facet normal 0 0 1
    outer loop
      vertex -25.3309520434109 -16.34166784806185 3
      vertex -26.978226420863184 -21.303595203774798 3
      vertex -26.852104726331948 -21.691757866714223 3
    endloop
  endfacet
  facet normal 0 0 1
    outer loop
      vertex -25.3309520434109 -16.34166784806185 3
      vertex -27.152003289857443 -20.934300559169426 3
      vertex -26.978226420863184 -21.303595203774798 3
    endloop
  endfacet
  facet normal 0 0 1
    outer loop
      vertex -25.3309520434109 -16.34166784806185 3
      vertex -24.28580646236606 -22.72559982041575 3
      vertex -24.3 -22.5 3
    endloop
  endfacet
  facet normal 0 0 1
    outer loop
      vertex -25.3309520434109 -16.34166784806185 3
      vertex -24.3 -22.5 3
      vertex -24.28580646236606 -22.27440017958425 3
    endloop
  endfacet
  facet normal 0 0 1
    outer loop
      vertex -25.3309520434109 -16.34166784806185 3
      vertex -24.28580646236606 -22.27440017958425 3
      vertex -24.243449690031536 -22.05235820310326 3
    endloop
  endfacet
  facet normal 0 0 1
    outer loop
      vertex -25.3309520434109 -16.34166784806185 3
      vertex -24.243449690031536 -22.05235820310326 3
      vertex -24.173597674598852 -21.83737580516758 3
    endloop
  endfacet
  facet normal 0 0 1
    outer loop
      vertex -25.3309520434109 -16.34166784806185 3
      vertex -24.173597674598852 -21.83737580516758 3
      vertex -24.077352024078955 -21.632843386616912 3
    endloop
  endfacet
  facet normal 0 0 1
    outer loop
      vertex -25.3309520434109 -16.34166784806185 3
      vertex -24.077352024078955 -21.632843386616912 3
      vertex -23.956230589874906 -21.441986545873547 3
    endloop
  endfacet
  facet normal 0 0 1
    outer loop
      vertex -25.3309520434109 -16.34166784806185 3
      vertex -23.956230589874906 -21.441986545873547 3
      vertex -23.81214352935854 -21.26781520932836 3
    endloop
  endfacet
  facet normal 0 0 1
    outer loop
      vertex -25.3309520434109 -16.34166784806185 3
      vertex -23.81214352935854 -21.26781520932836 3
      vertex -23.64736318154764 -21.11307616300358 3
    endloop
  endfacet
  facet normal 0 0 1
    outer loop
      vertex -25.3309520434109 -16.34166784806185 3
      vertex -23.64736318154764 -21.11307616300358 3
      vertex -23.464488230962193 -20.980209734096373 3
    endloop
  endfacet
  facet normal 0 0 1
    outer loop
      vertex -25.3309520434109 -16.34166784806185 3
      vertex -23.464488230962193 -20.980209734096373 3
      vertex -23.26640272481713 -20.871311305561164 3
    endloop
  endfacet
  facet normal 0 0 1
    outer loop
      vertex -25.3309520434109 -16.34166784806185 3
      vertex -23.26640272481713 -20.871311305561164 3
      vertex -23.056230589874904 -20.788098270668723 3
    endloop
  endfacet
  facet normal 0 0 1
    outer loop
      vertex -25.3309520434109 -16.34166784806185 3
      vertex -23.056230589874904 -20.788098270668723 3
      vertex -22.837286366254304 -20.73188294868836 3
    endloop
  endfacet
  facet normal 0 0 1
    outer loop
      vertex -25.3309520434109 -16.34166784806185 3
      vertex -22.837286366254304 -20.73188294868836 3
      vertex -22.613022935152763 -20.70355188882911 3
    endloop
  endfacet
  facet normal 0 0 1
    outer loop
      vertex -25.3309520434109 -16.34166784806185 3
      vertex -22.613022935152763 -20.70355188882911 3
      vertex -16.00430523171858 -19.40906632204075 3
    endloop
  endfacet
  facet normal 0 0 1
    outer loop
      vertex -20.826402325401148 -21.83737580516758 3
      vertex -20.756550309968464 -22.05235820310326 3
      vertex -18.147895273668052 -21.691757866714223 3
    endloop
  endfacet
  facet normal 0 0 1
    outer loop
      vertex -20.922647975921045 -21.632843386616912 3
      vertex -18.021773579136816 -21.303595203774798 3
      vertex -21.043769410125094 -21.441986545873547 3
    endloop
  endfacet
  facet normal 0 0 1
    outer loop
      vertex -21.18785647064146 -21.26781520932836 3
      vertex -21.043769410125094 -21.441986545873547 3
      vertex -17.847996710142557 -20.934300559169426 3
    endloop
  endfacet
  facet normal 0 0 1
    outer loop
      vertex -20.826402325401148 -21.83737580516758 3
      vertex -18.021773579136816 -21.303595203774798 3
      vertex -20.922647975921045 -21.632843386616912 3
    endloop
  endfacet
  facet normal 0 0 1
    outer loop
      vertex -21.73359727518287 -20.871311305561164 3
      vertex -17.07162796668324 -19.995831960978684 3
      vertex -21.943769410125096 -20.788098270668723 3
    endloop
  endfacet
  facet normal 0 0 1
    outer loop
      vertex -22.162713633745696 -20.73188294868836 3
      vertex -21.943769410125096 -20.788098270668723 3
      vertex -16.74143708368174 -19.75593424211845 3
    endloop
  endfacet
  facet normal 0 0 1
    outer loop
      vertex -22.386977064847237 -20.70355188882911 3
      vertex -22.162713633745696 -20.73188294868836 3
      vertex -16.383782697586486 -19.559312079485437 3
    endloop
  endfacet
  facet normal 0 0 1
    outer loop
      vertex -21.18785647064146 -21.26781520932836 3
      vertex -17.62930523171858 -20.58969793004946 3
      vertex -21.352636818452357 -21.11307616300358 3
    endloop
  endfacet
  facet normal 0 0 1
    outer loop
      vertex -21.535511769037807 -20.980209734096373 3
      vertex -21.352636818452357 -21.11307616300358 3
      vertex -17.62930523171858 -20.58969793004946 3
    endloop
  endfacet
  facet normal 0 0 1
    outer loop
      vertex -21.73359727518287 -20.871311305561164 3
      vertex -21.535511769037807 -20.980209734096373 3
      vertex -17.369148039119587 -20.27522190573176 3
    endloop
  endfacet
  facet normal 0 0 1
    outer loop
      vertex -20.756550309968464 -22.05235820310326 3
      vertex -18.224372779272052 -22.092666990916012 3
      vertex -18.147895273668052 -21.691757866714223 3
    endloop
  endfacet
  facet normal 0 0 1
    outer loop
      vertex -20.826402325401148 -21.83737580516758 3
      vertex -18.147895273668052 -21.691757866714223 3
      vertex -18.021773579136816 -21.303595203774798 3
    endloop
  endfacet
  facet normal 0 0 1
    outer loop
      vertex -21.043769410125094 -21.441986545873547 3
      vertex -18.021773579136816 -21.303595203774798 3
      vertex -17.847996710142557 -20.934300559169426 3
    endloop
  endfacet
  facet normal 0 0 1
    outer loop
      vertex -21.18785647064146 -21.26781520932836 3
      vertex -17.847996710142557 -20.934300559169426 3
      vertex -17.62930523171858 -20.58969793004946 3
    endloop
  endfacet
  facet normal 0 0 1
    outer loop
      vertex -21.535511769037807 -20.980209734096373 3
      vertex -17.62930523171858 -20.58969793004946 3
      vertex -17.369148039119587 -20.27522190573176 3
    endloop
  endfacet
  facet normal 0 0 1
    outer loop
      vertex -21.73359727518287 -20.871311305561164 3
      vertex -17.369148039119587 -20.27522190573176 3
      vertex -17.07162796668324 -19.995831960978684 3
    endloop
  endfacet
  facet normal 0 0 1
    outer loop
      vertex -22.613022935152763 -20.70355188882911 3
      vertex -22.386977064847237 -20.70355188882911 3
      vertex -16.00430523171858 -19.40906632204075 3
    endloop
  endfacet
  facet normal 0 0 1
    outer loop
      vertex -21.943769410125096 -20.788098270668723 3
      vertex -17.07162796668324 -19.995831960978684 3
      vertex -16.74143708368174 -19.75593424211845 3
    endloop
  endfacet
  facet normal 0 0 1
    outer loop
      vertex -25.3309520434109 -16.34166784806185 3
      vertex -16.00430523171858 -19.40906632204075 3
      vertex -15.608989272403605 -19.30756643513176 3
    endloop
  endfacet
  facet normal 0 0 1
    outer loop
      vertex -25.3309520434109 -16.34166784806185 3
      vertex -15.608989272403605 -19.30756643513176 3
      vertex -15.204069188470267 -19.256413132608117 3
    endloop
  endfacet
  facet normal 0 -1 0
    outer loop
      vertex -32.31395259764657 -29.49013364214136 0
      vertex 32.31395259764657 -29.49013364214136 3
      vertex -32.31395259764657 -29.49013364214136 3
    endloop
  endfacet
  facet normal 0 1 0
    outer loop
      vertex -23 -15.509866357858641 0
      vertex -23 -15.509866357858641 3
      vertex 32.31395259764657 -15.509866357858641 3
    endloop
  endfacet
  facet normal 0 0 1
    outer loop
      vertex -27.350486733116067 -29.132797823536567 3
      vertex -0.20406918847026972 -25.743586867391883 3
      vertex -14.79593081152973 -25.743586867391883 3
    endloop
  endfacet
  facet normal 0 0 1
    outer loop
      vertex -22.162713633745696 -24.26811705131164 3
      vertex -16.383782697586486 -25.440687920514563 3
      vertex -16.74143708368174 -25.24406575788155 3
    endloop
  endfacet
  facet normal 0 0 1
    outer loop
      vertex -22.386977064847237 -24.29644811117089 3
      vertex -16.00430523171858 -25.59093367795925 3
      vertex -16.383782697586486 -25.440687920514563 3
    endloop
  endfacet
  facet normal 0 0 1
    outer loop
      vertex -13.995694768281421 -25.59093367795925 3
      vertex -7.613022935152765 -24.29644811117089 3
      vertex -13.616217302413514 -25.440687920514563 3
    endloop
  endfacet
  facet normal 0 0 1
    outer loop
      vertex -13.616217302413514 -25.440687920514563 3
      vertex -7.837286366254305 -24.26811705131164 3
      vertex -13.258562916318262 -25.24406575788155 3
    endloop
  endfacet
  facet normal 0 0 1
    outer loop
      vertex -13.258562916318262 -25.24406575788155 3
      vertex -8.056230589874906 -24.211901729331277 3
      vertex -12.928372033316759 -25.004168039021316 3
    endloop
  endfacet
  facet normal 0 0 1
    outer loop
      vertex -12.928372033316759 -25.004168039021316 3
      vertex -8.26640272481713 -24.128688694438836 3
      vertex -12.630851960880412 -24.72477809426824 3
    endloop
  endfacet
  facet normal 0 0 1
    outer loop
      vertex -12.630851960880412 -24.72477809426824 3
      vertex -8.464488230962194 -24.019790265903627 3
      vertex -12.370694768281421 -24.41030206995054 3
    endloop
  endfacet
  facet normal 0 0 1
    outer loop
      vertex -12.370694768281421 -24.41030206995054 3
      vertex -8.812143529358542 -23.73218479067164 3
      vertex -12.152003289857443 -24.065699440830574 3
    endloop
  endfacet
  facet normal 0 0 1
    outer loop
      vertex -14.79593081152973 -25.743586867391883 3
      vertex -0.20406918847026972 -25.743586867391883 3
      vertex -14.391010727596395 -25.69243356486824 3
    endloop
  endfacet
  facet normal 0 0 1
    outer loop
      vertex -14.391010727596395 -25.69243356486824 3
      vertex -0.6089892724036057 -25.69243356486824 3
      vertex -13.995694768281421 -25.59093367795925 3
    endloop
  endfacet
  facet normal 0 0 1
    outer loop
      vertex -12.370694768281421 -24.41030206995054 3
      vertex -8.647363181547641 -23.88692383699642 3
      vertex -8.812143529358542 -23.73218479067164 3
    endloop
  endfacet
  facet normal 0 0 1
    outer loop
      vertex -13.616217302413514 -25.440687920514563 3
      vertex -7.613022935152765 -24.29644811117089 3
      vertex -7.837286366254305 -24.26811705131164 3
    endloop
  endfacet
  facet normal 0 0 1
    outer loop
      vertex -13.995694768281421 -25.59093367795925 3
      vertex -7.386977064847235 -24.29644811117089 3
      vertex -7.613022935152765 -24.29644811117089 3
    endloop
  endfacet
  facet normal 0 0 1
    outer loop
      vertex -13.258562916318262 -25.24406575788155 3
      vertex -7.837286366254305 -24.26811705131164 3
      vertex -8.056230589874906 -24.211901729331277 3
    endloop
  endfacet
  facet normal 0 0 1
    outer loop
      vertex -12.928372033316759 -25.004168039021316 3
      vertex -8.056230589874906 -24.211901729331277 3
      vertex -8.26640272481713 -24.128688694438836 3
    endloop
  endfacet
  facet normal 0 0 1
    outer loop
      vertex -12.630851960880412 -24.72477809426824 3
      vertex -8.26640272481713 -24.128688694438836 3
      vertex -8.464488230962194 -24.019790265903627 3
    endloop
  endfacet
  facet normal 0 0 1
    outer loop
      vertex -12.370694768281421 -24.41030206995054 3
      vertex -8.464488230962194 -24.019790265903627 3
      vertex -8.647363181547641 -23.88692383699642 3
    endloop
  endfacet
  facet normal 0 0 1
    outer loop
      vertex -12.152003289857443 -24.065699440830574 3
      vertex -8.956230589874906 -23.558013454126453 3
      vertex -11.978226420863184 -23.696404796225206 3
    endloop
  endfacet
  facet normal 0 0 1
    outer loop
      vertex -11.978226420863184 -23.696404796225206 3
      vertex -9.173597674598852 -23.16262419483242 3
      vertex -11.852104726331948 -23.308242133285777 3
    endloop
  endfacet
  facet normal 0 0 1
    outer loop
      vertex -11.852104726331948 -23.308242133285777 3
      vertex -9.243449690031536 -22.94764179689674 3
      vertex -11.775627220727948 -22.907333009083988 3
    endloop
  endfacet
  facet normal 0 0 1
    outer loop
      vertex -11.775627220727948 -22.907333009083988 3
      vertex -9.285806462366061 -22.72559982041575 3
      vertex -11.75 -22.5 3
    endloop
  endfacet
  facet normal 0 0 1
    outer loop
      vertex -11.75 -22.5 3
      vertex -9.285806462366061 -22.27440017958425 3
      vertex -11.775627220727948 -22.092666990916012 3
    endloop
  endfacet
  facet normal 0 0 1
    outer loop
      vertex -12.152003289857443 -24.065699440830574 3
      vertex -8.812143529358542 -23.73218479067164 3
      vertex -8.956230589874906 -23.558013454126453 3
    endloop
  endfacet
  facet normal 0 0 1
    outer loop
      vertex -11.978226420863184 -23.696404796225206 3
      vertex -8.956230589874906 -23.558013454126453 3
      vertex -9.077352024078955 -23.367156613383088 3
    endloop
  endfacet
  facet normal 0 0 1
    outer loop
      vertex -11.978226420863184 -23.696404796225206 3
      vertex -9.077352024078955 -23.367156613383088 3
      vertex -9.173597674598852 -23.16262419483242 3
    endloop
  endfacet
  facet normal 0 0 1
    outer loop
      vertex -11.852104726331948 -23.308242133285777 3
      vertex -9.173597674598852 -23.16262419483242 3
      vertex -9.243449690031536 -22.94764179689674 3
    endloop
  endfacet
  facet normal 0 0 1
    outer loop
      vertex -11.775627220727948 -22.907333009083988 3
      vertex -9.243449690031536 -22.94764179689674 3
      vertex -9.285806462366061 -22.72559982041575 3
    endloop
  endfacet
  facet normal 0 0 1
    outer loop
      vertex -11.75 -22.5 3
      vertex -9.285806462366061 -22.72559982041575 3
      vertex -9.3 -22.5 3
    endloop
  endfacet
  facet normal 0 0 1
    outer loop
      vertex -11.75 -22.5 3
      vertex -9.3 -22.5 3
      vertex -9.285806462366061 -22.27440017958425 3
    endloop
  endfacet
  facet normal 0 0 1
    outer loop
      vertex -11.775627220727948 -22.092666990916012 3
      vertex -9.285806462366061 -22.27440017958425 3
      vertex -9.243449690031536 -22.05235820310326 3
    endloop
  endfacet
  facet normal 0 0 1
    outer loop
      vertex -22.162713633745696 -20.73188294868836 3
      vertex -16.74143708368174 -19.75593424211845 3
      vertex -16.383782697586486 -19.559312079485437 3
    endloop
  endfacet
  facet normal 0 0 1
    outer loop
      vertex -22.386977064847237 -20.70355188882911 3
      vertex -16.383782697586486 -19.559312079485437 3
      vertex -16.00430523171858 -19.40906632204075 3
    endloop
  endfacet
  facet normal 0 0 1
    outer loop
      vertex -25.3309520434109 -16.34166784806185 3
      vertex -14.391010727596395 -19.30756643513176 3
      vertex -3.021773579136817 -21.303595203774798 3
    endloop
  endfacet
  facet normal 0 0 1
    outer loop
      vertex -25.3309520434109 -16.34166784806185 3
      vertex -15.204069188470267 -19.256413132608117 3
      vertex -14.795930811529733 -19.256413132608117 3
    endloop
  endfacet
  facet normal 0 0 1
    outer loop
      vertex -25.3309520434109 -16.34166784806185 3
      vertex -14.795930811529733 -19.256413132608117 3
      vertex -14.391010727596395 -19.30756643513176 3
    endloop
  endfacet
  facet normal 0 0 1
    outer loop
      vertex -25.3309520434109 -16.34166784806185 3
      vertex -3.021773579136817 -21.303595203774798 3
      vertex -23 -16.64675994720291 3
    endloop
  endfacet
  facet normal 0 0 1
    outer loop
      vertex -13.995694768281421 -19.40906632204075 3
      vertex -13.616217302413514 -19.559312079485437 3
      vertex -7.613022935152764 -20.70355188882911 3
    endloop
  endfacet
  facet normal 0 0 1
    outer loop
      vertex -13.258562916318262 -19.75593424211845 3
      vertex -7.837286366254304 -20.73188294868836 3
      vertex -13.616217302413514 -19.559312079485437 3
    endloop
  endfacet
  facet normal 0 0 1
    outer loop
      vertex -11.852104726331948 -21.691757866714223 3
      vertex -9.173597674598852 -21.83737580516758 3
      vertex -11.978226420863184 -21.303595203774798 3
    endloop
  endfacet
  facet normal 0 0 1
    outer loop
      vertex -12.152003289857443 -20.934300559169426 3
      vertex -11.978226420863184 -21.303595203774798 3
      vertex -8.956230589874906 -21.441986545873547 3
    endloop
  endfacet
  facet normal 0 0 1
    outer loop
      vertex -11.775627220727948 -22.092666990916012 3
      vertex -9.243449690031536 -22.05235820310326 3
      vertex -11.852104726331948 -21.691757866714223 3
    endloop
  endfacet
  facet normal 0 0 1
    outer loop
      vertex -12.152003289857443 -20.934300559169426 3
      vertex -8.812143529358542 -21.26781520932836 3
      vertex -12.370694768281421 -20.58969793004946 3
    endloop
  endfacet
  facet normal 0 0 1
    outer loop
      vertex -12.928372033316759 -19.995831960978684 3
      vertex -12.630851960880413 -20.27522190573176 3
      vertex -8.26640272481713 -20.871311305561164 3
    endloop
  endfacet
  facet normal 0 0 1
    outer loop
      vertex -12.630851960880413 -20.27522190573176 3
      vertex -12.370694768281421 -20.58969793004946 3
      vertex -8.464488230962194 -20.980209734096373 3
    endloop
  endfacet
  facet normal 0 0 1
    outer loop
      vertex -11.852104726331948 -21.691757866714223 3
      vertex -9.243449690031536 -22.05235820310326 3
      vertex -9.173597674598852 -21.83737580516758 3
    endloop
  endfacet
  facet normal 0 0 1
    outer loop
      vertex -11.978226420863184 -21.303595203774798 3
      vertex -9.173597674598852 -21.83737580516758 3
      vertex -9.077352024078955 -21.632843386616912 3
    endloop
  endfacet
  facet normal 0 0 1
    outer loop
      vertex -11.978226420863184 -21.303595203774798 3
      vertex -9.077352024078955 -21.632843386616912 3
      vertex -8.956230589874906 -21.441986545873547 3
    endloop
  endfacet
  facet normal 0 0 1
    outer loop
      vertex -12.152003289857443 -20.934300559169426 3
      vertex -8.956230589874906 -21.441986545873547 3
      vertex -8.812143529358542 -21.26781520932836 3
    endloop
  endfacet
  facet normal 0 0 1
    outer loop
      vertex -12.370694768281421 -20.58969793004946 3
      vertex -8.812143529358542 -21.26781520932836 3
      vertex -8.647363181547641 -21.11307616300358 3
    endloop
  endfacet
  facet normal 0 0 1
    outer loop
      vertex -12.370694768281421 -20.58969793004946 3
      vertex -8.647363181547641 -21.11307616300358 3
      vertex -8.464488230962194 -20.980209734096373 3
    endloop
  endfacet
  facet normal 0 0 1
    outer loop
      vertex -12.630851960880413 -20.27522190573176 3
      vertex -8.464488230962194 -20.980209734096373 3
      vertex -8.26640272481713 -20.871311305561164 3
    endloop
  endfacet
  facet normal 0 0 1
    outer loop
      vertex -12.928372033316759 -19.995831960978684 3
      vertex -8.26640272481713 -20.871311305561164 3
      vertex -8.056230589874906 -20.788098270668723 3
    endloop
  endfacet
  facet normal 0 0 1
    outer loop
      vertex -13.258562916318262 -19.75593424211845 3
      vertex -8.056230589874906 -20.788098270668723 3
      vertex -7.837286366254304 -20.73188294868836 3
    endloop
  endfacet
  facet normal 0 0 1
    outer loop
      vertex -13.616217302413514 -19.559312079485437 3
      vertex -7.837286366254304 -20.73188294868836 3
      vertex -7.613022935152764 -20.70355188882911 3
    endloop
  endfacet
  facet normal 0 0 1
    outer loop
      vertex -13.995694768281421 -19.40906632204075 3
      vertex -7.386977064847236 -20.70355188882911 3
      vertex -7.162713633745696 -20.73188294868836 3
    endloop
  endfacet
  facet normal 0 0 1
    outer loop
      vertex -12.928372033316759 -19.995831960978684 3
      vertex -8.056230589874906 -20.788098270668723 3
      vertex -13.258562916318262 -19.75593424211845 3
    endloop
  endfacet
  facet normal 0 0 1
    outer loop
      vertex -3.021773579136817 -21.303595203774798 3
      vertex -14.391010727596395 -19.30756643513176 3
      vertex -13.995694768281421 -19.40906632204075 3
    endloop
  endfacet
  facet normal 0 0 1
    outer loop
      vertex -13.995694768281421 -19.40906632204075 3
      vertex -7.613022935152764 -20.70355188882911 3
      vertex -7.386977064847236 -20.70355188882911 3
    endloop
  endfacet
  facet normal 0 0 1
    outer loop
      vertex -23 -16.64675994720291 3
      vertex -3.021773579136817 -21.303595203774798 3
      vertex -2.8479967101425565 -20.934300559169426 3
    endloop
  endfacet
  facet normal 0 0 1
    outer loop
      vertex -23 -16.64675994720291 3
      vertex -2.8479967101425565 -20.934300559169426 3
      vertex -2.629305231718579 -20.58969793004946 3
    endloop
  endfacet
  facet normal 0 0 1
    outer loop
      vertex -23 -16.64675994720291 3
      vertex -2.629305231718579 -20.58969793004946 3
      vertex -2.369148039119588 -20.27522190573176 3
    endloop
  endfacet
  facet normal 0 0 1
    outer loop
      vertex -32.31395259764657 -29.49013364214136 3
      vertex 32.31395259764657 -29.49013364214136 3
      vertex -27.350486733116067 -29.132797823536567 3
    endloop
  endfacet
  facet normal 0 0 1
    outer loop
      vertex -27.350486733116067 -29.132797823536567 3
      vertex 0.20406918847026972 -25.743586867391883 3
      vertex -0.20406918847026972 -25.743586867391883 3
    endloop
  endfacet
  facet normal 0 0 1
    outer loop
      vertex -13.995694768281421 -25.59093367795925 3
      vertex -1.3837826975864855 -25.440687920514563 3
      vertex -7.386977064847235 -24.29644811117089 3
    endloop
  endfacet
  facet normal 0 0 1
    outer loop
      vertex -13.995694768281421 -25.59093367795925 3
      vertex -1.004305231718579 -25.59093367795925 3
      vertex -1.3837826975864855 -25.440687920514563 3
    endloop
  endfacet
  facet normal 0 0 1
    outer loop
      vertex -14.391010727596395 -25.69243356486824 3
      vertex -0.20406918847026972 -25.743586867391883 3
      vertex -0.6089892724036057 -25.69243356486824 3
    endloop
  endfacet
  facet normal 0 0 1
    outer loop
      vertex -13.995694768281421 -25.59093367795925 3
      vertex -0.6089892724036057 -25.69243356486824 3
      vertex -1.004305231718579 -25.59093367795925 3
    endloop
  endfacet
  facet normal 0 0 1
    outer loop
      vertex -7.386977064847235 -24.29644811117089 3
      vertex -1.3837826975864855 -25.440687920514563 3
      vertex -7.162713633745695 -24.26811705131164 3
    endloop
  endfacet
  facet normal 0 0 1
    outer loop
      vertex -7.162713633745695 -24.26811705131164 3
      vertex -1.7414370836817394 -25.24406575788155 3
      vertex -6.943769410125094 -24.211901729331277 3
    endloop
  endfacet
  facet normal 0 0 1
    outer loop
      vertex -6.943769410125094 -24.211901729331277 3
      vertex -2.0716279666832413 -25.004168039021316 3
      vertex -6.73359727518287 -24.128688694438836 3
    endloop
  endfacet
  facet normal 0 0 1
    outer loop
      vertex -6.73359727518287 -24.128688694438836 3
      vertex -2.369148039119588 -24.72477809426824 3
      vertex -6.535511769037807 -24.019790265903627 3
    endloop
  endfacet
  facet normal 0 0 1
    outer loop
      vertex -6.535511769037807 -24.019790265903627 3
      vertex -2.629305231718579 -24.41030206995054 3
      vertex -6.352636818452358 -23.88692383699642 3
    endloop
  endfacet
  facet normal 0 0 1
    outer loop
      vertex -6.352636818452358 -23.88692383699642 3
      vertex -2.629305231718579 -24.41030206995054 3
      vertex -6.187856470641459 -23.73218479067164 3
    endloop
  endfacet
  facet normal 0 0 1
    outer loop
      vertex -6.187856470641459 -23.73218479067164 3
      vertex -2.8479967101425565 -24.065699440830574 3
      vertex -6.043769410125094 -23.558013454126453 3
    endloop
  endfacet
  facet normal 0 0 1
    outer loop
      vertex -6.043769410125094 -23.558013454126453 3
      vertex -3.021773579136817 -23.696404796225202 3
      vertex -5.922647975921046 -23.367156613383088 3
    endloop
  endfacet
  facet normal 0 0 1
    outer loop
      vertex -5.922647975921046 -23.367156613383088 3
      vertex -3.021773579136817 -23.696404796225202 3
      vertex -5.826402325401148 -23.16262419483242 3
    endloop
  endfacet
  facet normal 0 0 1
    outer loop
      vertex -5.826402325401148 -23.16262419483242 3
      vertex -3.147895273668051 -23.308242133285777 3
      vertex -5.756550309968464 -22.94764179689674 3
    endloop
  endfacet
  facet normal 0 0 1
    outer loop
      vertex -5.756550309968464 -22.94764179689674 3
      vertex -3.224372779272053 -22.907333009083988 3
      vertex -5.71419353763394 -22.72559982041575 3
    endloop
  endfacet
  facet normal 0 0 1
    outer loop
      vertex -5.71419353763394 -22.72559982041575 3
      vertex -3.25 -22.5 3
      vertex -5.7 -22.5 3
    endloop
  endfacet
  facet normal 0 0 1
    outer loop
      vertex -5.7 -22.5 3
      vertex -3.25 -22.5 3
      vertex -5.71419353763394 -22.27440017958425 3
    endloop
  endfacet
  facet normal 0 0 1
    outer loop
      vertex -5.756550309968464 -22.05235820310326 3
      vertex -5.71419353763394 -22.27440017958425 3
      vertex -3.224372779272053 -22.092666990916012 3
    endloop
  endfacet
  facet normal 0 0 1
    outer loop
      vertex -27.350486733116067 -29.132797823536567 3
      vertex 13.616217302413514 -25.440687920514563 3
      vertex 0.20406918847026972 -25.743586867391883 3
    endloop
  endfacet
  facet normal 0 0 1
    outer loop
      vertex -6.943769410125094 -24.211901729331277 3
      vertex -1.7414370836817394 -25.24406575788155 3
      vertex -2.0716279666832413 -25.004168039021316 3
    endloop
  endfacet
  facet normal 0 0 1
    outer loop
      vertex -6.73359727518287 -24.128688694438836 3
      vertex -2.0716279666832413 -25.004168039021316 3
      vertex -2.369148039119588 -24.72477809426824 3
    endloop
  endfacet
  facet normal 0 0 1
    outer loop
      vertex -6.535511769037807 -24.019790265903627 3
      vertex -2.369148039119588 -24.72477809426824 3
      vertex -2.629305231718579 -24.41030206995054 3
    endloop
  endfacet
  facet normal 0 0 1
    outer loop
      vertex -6.187856470641459 -23.73218479067164 3
      vertex -2.629305231718579 -24.41030206995054 3
      vertex -2.8479967101425565 -24.065699440830574 3
    endloop
  endfacet
  facet normal 0 0 1
    outer loop
      vertex -7.162713633745695 -24.26811705131164 3
      vertex -1.3837826975864855 -25.440687920514563 3
      vertex -1.7414370836817394 -25.24406575788155 3
    endloop
  endfacet
  facet normal 0 0 1
    outer loop
      vertex -6.043769410125094 -23.558013454126453 3
      vertex -2.8479967101425565 -24.065699440830574 3
      vertex -3.021773579136817 -23.696404796225202 3
    endloop
  endfacet
  facet normal 0 0 1
    outer loop
      vertex -5.826402325401148 -23.16262419483242 3
      vertex -3.021773579136817 -23.696404796225202 3
      vertex -3.147895273668051 -23.308242133285777 3
    endloop
  endfacet
  facet normal 0 0 1
    outer loop
      vertex -5.756550309968464 -22.94764179689674 3
      vertex -3.147895273668051 -23.308242133285777 3
      vertex -3.224372779272053 -22.907333009083988 3
    endloop
  endfacet
  facet normal 0 0 1
    outer loop
      vertex -5.71419353763394 -22.72559982041575 3
      vertex -3.224372779272053 -22.907333009083988 3
      vertex -3.25 -22.5 3
    endloop
  endfacet
  facet normal 0 0 1
    outer loop
      vertex -5.71419353763394 -22.27440017958425 3
      vertex -3.25 -22.5 3
      vertex -3.224372779272053 -22.092666990916012 3
    endloop
  endfacet
  facet normal 0 0 1
    outer loop
      vertex -3.021773579136817 -21.303595203774798 3
      vertex -13.995694768281421 -19.40906632204075 3
      vertex -7.162713633745696 -20.73188294868836 3
    endloop
  endfacet
  facet normal 0 0 1
    outer loop
      vertex -23 -16.64675994720291 3
      vertex -2.369148039119588 -20.27522190573176 3
      vertex -2.0716279666832413 -19.995831960978684 3
    endloop
  endfacet
  facet normal 0 0 1
    outer loop
      vertex -23 -16.64675994720291 3
      vertex -2.0716279666832413 -19.995831960978684 3
      vertex -1.7414370836817394 -19.75593424211845 3
    endloop
  endfacet
  facet normal 0 0 1
    outer loop
      vertex -23 -16.64675994720291 3
      vertex -1.7414370836817394 -19.75593424211845 3
      vertex -1.3837826975864864 -19.559312079485437 3
    endloop
  endfacet
  facet normal 0 0 1
    outer loop
      vertex -23 -16.64675994720291 3
      vertex -1.3837826975864864 -19.559312079485437 3
      vertex -1.004305231718579 -19.40906632204075 3
    endloop
  endfacet
  facet normal 0 0 1
    outer loop
      vertex -23 -16.64675994720291 3
      vertex -1.004305231718579 -19.40906632204075 3
      vertex -0.6089892724036049 -19.30756643513176 3
    endloop
  endfacet
  facet normal 0 0 1
    outer loop
      vertex -5.756550309968464 -22.05235820310326 3
      vertex -3.147895273668051 -21.691757866714223 3
      vertex -5.826402325401148 -21.83737580516758 3
    endloop
  endfacet
  facet normal 0 0 1
    outer loop
      vertex -3.021773579136817 -21.303595203774798 3
      vertex -5.922647975921046 -21.632843386616912 3
      vertex -5.826402325401148 -21.83737580516758 3
    endloop
  endfacet
  facet normal 0 0 1
    outer loop
      vertex -3.021773579136817 -21.303595203774798 3
      vertex -6.043769410125094 -21.441986545873547 3
      vertex -5.922647975921046 -21.632843386616912 3
    endloop
  endfacet
  facet normal 0 0 1
    outer loop
      vertex -3.021773579136817 -21.303595203774798 3
      vertex -6.187856470641459 -21.26781520932836 3
      vertex -6.043769410125094 -21.441986545873547 3
    endloop
  endfacet
  facet normal 0 0 1
    outer loop
      vertex -3.021773579136817 -21.303595203774798 3
      vertex -6.352636818452359 -21.11307616300358 3
      vertex -6.187856470641459 -21.26781520932836 3
    endloop
  endfacet
  facet normal 0 0 1
    outer loop
      vertex -3.021773579136817 -21.303595203774798 3
      vertex -6.943769410125094 -20.788098270668723 3
      vertex -6.733597275182869 -20.871311305561164 3
    endloop
  endfacet
  facet normal 0 0 1
    outer loop
      vertex -3.021773579136817 -21.303595203774798 3
      vertex -7.162713633745696 -20.73188294868836 3
      vertex -6.943769410125094 -20.788098270668723 3
    endloop
  endfacet
  facet normal 0 0 1
    outer loop
      vertex -3.021773579136817 -21.303595203774798 3
      vertex -6.733597275182869 -20.871311305561164 3
      vertex -6.5355117690378055 -20.980209734096373 3
    endloop
  endfacet
  facet normal 0 0 1
    outer loop
      vertex -3.021773579136817 -21.303595203774798 3
      vertex -6.5355117690378055 -20.980209734096373 3
      vertex -6.352636818452359 -21.11307616300358 3
    endloop
  endfacet
  facet normal 0 0 1
    outer loop
      vertex -23 -16.64675994720291 3
      vertex -0.6089892724036049 -19.30756643513176 3
      vertex -0.20406918847026814 -19.256413132608117 3
    endloop
  endfacet
  facet normal 0 0 1
    outer loop
      vertex -23 -16.64675994720291 3
      vertex -0.20406918847026814 -19.256413132608117 3
      vertex 0.20406918847026814 -19.256413132608117 3
    endloop
  endfacet
  facet normal 0 0 1
    outer loop
      vertex -5.756550309968464 -22.05235820310326 3
      vertex -3.224372779272053 -22.092666990916012 3
      vertex -3.147895273668051 -21.691757866714223 3
    endloop
  endfacet
  facet normal 0 0 1
    outer loop
      vertex -3.021773579136817 -21.303595203774798 3
      vertex -5.826402325401148 -21.83737580516758 3
      vertex -3.147895273668051 -21.691757866714223 3
    endloop
  endfacet
  facet normal 0 0 1
    outer loop
      vertex -23 -16.64675994720291 3
      vertex 0.20406918847026814 -19.256413132608117 3
      vertex 13.995694768281421 -19.40906632204075 3
    endloop
  endfacet
  facet normal 0 0 1
    outer loop
      vertex -23 -16.64675994720291 3
      vertex 32.93690657292862 -15.588563746356556 3
      vertex -23 -15.509866357858641 3
    endloop
  endfacet
  facet normal 0 0 -1
    outer loop
      vertex 2.369148039119588 -24.72477809426824 0
      vertex 6.73359727518287 -24.128688694438836 0
      vertex 2.0716279666832422 -25.004168039021316 0
    endloop
  endfacet
  facet normal 0 0 -1
    outer loop
      vertex 2.369148039119588 -24.72477809426824 0
      vertex 2.629305231718579 -24.41030206995054 0
      vertex 6.5355117690378055 -24.019790265903627 0
    endloop
  endfacet
  facet normal 0 0 -1
    outer loop
      vertex 2.629305231718579 -24.41030206995054 0
      vertex 2.8479967101425565 -24.065699440830574 0
      vertex 6.187856470641459 -23.73218479067164 0
    endloop
  endfacet
  facet normal 0 0 -1
    outer loop
      vertex 2.8479967101425565 -24.065699440830574 0
      vertex 3.0217735791368163 -23.696404796225206 0
      vertex 6.043769410125094 -23.558013454126453 0
    endloop
  endfacet
  facet normal 0 0 -1
    outer loop
      vertex 3.0217735791368163 -23.696404796225206 0
      vertex 3.1478952736680514 -23.308242133285777 0
      vertex 5.826402325401148 -23.16262419483242 0
    endloop
  endfacet
  facet normal 0 0 -1
    outer loop
      vertex 3.1478952736680514 -23.308242133285777 0
      vertex 3.224372779272053 -22.907333009083988 0
      vertex 5.756550309968464 -22.94764179689674 0
    endloop
  endfacet
  facet normal 0 0 -1
    outer loop
      vertex 3.224372779272053 -22.907333009083988 0
      vertex 3.25 -22.5 0
      vertex 5.71419353763394 -22.72559982041575 0
    endloop
  endfacet
  facet normal 0 0 -1
    outer loop
      vertex 3.25 -22.5 0
      vertex 3.224372779272053 -22.092666990916012 0
      vertex 5.71419353763394 -22.27440017958425 0
    endloop
  endfacet
  facet normal 0 0 -1
    outer loop
      vertex -32.31395259764657 -29.49013364214136 0
      vertex 15.20406918847027 -25.743586867391883 0
      vertex 32.93690657292862 -29.411436253643444 0
    endloop
  endfacet
  facet normal 0 0 -1
    outer loop
      vertex 0.20406918847026972 -25.743586867391883 0
      vertex 0.6089892724036057 -25.69243356486824 0
      vertex 13.995694768281421 -25.59093367795925 0
    endloop
  endfacet
  facet normal 0 0 -1
    outer loop
      vertex 0.6089892724036057 -25.69243356486824 0
      vertex 1.004305231718579 -25.59093367795925 0
      vertex 13.995694768281421 -25.59093367795925 0
    endloop
  endfacet
  facet normal 0 0 -1
    outer loop
      vertex 1.004305231718579 -25.59093367795925 0
      vertex 1.3837826975864855 -25.440687920514563 0
      vertex 13.616217302413514 -25.440687920514563 0
    endloop
  endfacet
  facet normal 0 0 -1
    outer loop
      vertex 1.3837826975864855 -25.440687920514563 0
      vertex 1.7414370836817377 -25.24406575788155 0
      vertex 13.25856291631826 -25.24406575788155 0
    endloop
  endfacet
  facet normal 0 0 -1
    outer loop
      vertex 2.0716279666832422 -25.004168039021316 0
      vertex 13.25856291631826 -25.24406575788155 0
      vertex 1.7414370836817377 -25.24406575788155 0
    endloop
  endfacet
  facet normal 0 0 -1
    outer loop
      vertex 2.629305231718579 -24.41030206995054 0
      vertex 6.187856470641459 -23.73218479067164 0
      vertex 6.352636818452359 -23.88692383699642 0
    endloop
  endfacet
  facet normal 0 0 -1
    outer loop
      vertex 2.629305231718579 -24.41030206995054 0
      vertex 6.352636818452359 -23.88692383699642 0
      vertex 6.5355117690378055 -24.019790265903627 0
    endloop
  endfacet
  facet normal 0 0 -1
    outer loop
      vertex 2.0716279666832422 -25.004168039021316 0
      vertex 6.73359727518287 -24.128688694438836 0
      vertex 6.943769410125094 -24.211901729331277 0
    endloop
  endfacet
  facet normal 0 0 -1
    outer loop
      vertex 2.0716279666832422 -25.004168039021316 0
      vertex 6.943769410125094 -24.211901729331277 0
      vertex 7.162713633745695 -24.26811705131164 0
    endloop
  endfacet
  facet normal 0 0 -1
    outer loop
      vertex 2.0716279666832422 -25.004168039021316 0
      vertex 7.162713633745695 -24.26811705131164 0
      vertex 7.386977064847235 -24.29644811117089 0
    endloop
  endfacet
  facet normal 0 0 -1
    outer loop
      vertex 2.0716279666832422 -25.004168039021316 0
      vertex 7.386977064847235 -24.29644811117089 0
      vertex 7.613022935152765 -24.29644811117089 0
    endloop
  endfacet
  facet normal 0 0 -1
    outer loop
      vertex 2.369148039119588 -24.72477809426824 0
      vertex 6.5355117690378055 -24.019790265903627 0
      vertex 6.73359727518287 -24.128688694438836 0
    endloop
  endfacet
  facet normal 0 0 -1
    outer loop
      vertex 2.8479967101425565 -24.065699440830574 0
      vertex 6.043769410125094 -23.558013454126453 0
      vertex 6.187856470641459 -23.73218479067164 0
    endloop
  endfacet
  facet normal 0 0 -1
    outer loop
      vertex 3.0217735791368163 -23.696404796225206 0
      vertex 5.922647975921046 -23.367156613383088 0
      vertex 6.043769410125094 -23.558013454126453 0
    endloop
  endfacet
  facet normal 0 0 -1
    outer loop
      vertex 3.1478952736680514 -23.308242133285777 0
      vertex 5.756550309968464 -22.94764179689674 0
      vertex 5.826402325401148 -23.16262419483242 0
    endloop
  endfacet
  facet normal 0 0 -1
    outer loop
      vertex 3.0217735791368163 -23.696404796225206 0
      vertex 5.826402325401148 -23.16262419483242 0
      vertex 5.922647975921046 -23.367156613383088 0
    endloop
  endfacet
  facet normal 0 0 -1
    outer loop
      vertex 3.224372779272053 -22.907333009083988 0
      vertex 5.71419353763394 -22.72559982041575 0
      vertex 5.756550309968464 -22.94764179689674 0
    endloop
  endfacet
  facet normal 0 0 -1
    outer loop
      vertex 3.25 -22.5 0
      vertex 5.7 -22.5 0
      vertex 5.71419353763394 -22.72559982041575 0
    endloop
  endfacet
  facet normal 0 0 -1
    outer loop
      vertex 3.25 -22.5 0
      vertex 5.71419353763394 -22.27440017958425 0
      vertex 5.7 -22.5 0
    endloop
  endfacet
  facet normal 0 0 -1
    outer loop
      vertex 3.224372779272053 -22.092666990916012 0
      vertex 5.756550309968464 -22.05235820310326 0
      vertex 5.71419353763394 -22.27440017958425 0
    endloop
  endfacet
  facet normal 0 0 -1
    outer loop
      vertex 2.0716279666832422 -25.004168039021316 0
      vertex 7.613022935152765 -24.29644811117089 0
      vertex 12.152003289857443 -24.065699440830574 0
    endloop
  endfacet
  facet normal 0 0 -1
    outer loop
      vertex 2.0716279666832422 -25.004168039021316 0
      vertex 12.630851960880412 -24.72477809426824 0
      vertex 12.928372033316759 -25.004168039021316 0
    endloop
  endfacet
  facet normal 0 0 -1
    outer loop
      vertex 2.0716279666832422 -25.004168039021316 0
      vertex 12.152003289857443 -24.065699440830574 0
      vertex 12.370694768281421 -24.41030206995054 0
    endloop
  endfacet
  facet normal 0 0 -1
    outer loop
      vertex 2.0716279666832422 -25.004168039021316 0
      vertex 12.370694768281421 -24.41030206995054 0
      vertex 12.630851960880412 -24.72477809426824 0
    endloop
  endfacet
  facet normal 0 0 -1
    outer loop
      vertex 12.152003289857443 -24.065699440830574 0
      vertex 7.613022935152765 -24.29644811117089 0
      vertex 7.837286366254305 -24.26811705131164 0
    endloop
  endfacet
  facet normal 0 0 -1
    outer loop
      vertex 3.224372779272053 -22.092666990916012 0
      vertex 3.147895273668051 -21.691757866714223 0
      vertex 5.756550309968464 -22.05235820310326 0
    endloop
  endfacet
  facet normal 0 0 -1
    outer loop
      vertex 3.0217735791368168 -21.303595203774798 0
      vertex 5.826402325401148 -21.83737580516758 0
      vertex 3.147895273668051 -21.691757866714223 0
    endloop
  endfacet
  facet normal 0 0 -1
    outer loop
      vertex 3.0217735791368168 -21.303595203774798 0
      vertex 2.8479967101425565 -20.934300559169426 0
      vertex 6.043769410125094 -21.441986545873547 0
    endloop
  endfacet
  facet normal 0 0 -1
    outer loop
      vertex 6.187856470641459 -21.26781520932836 0
      vertex 2.8479967101425565 -20.934300559169426 0
      vertex 2.629305231718579 -20.58969793004946 0
    endloop
  endfacet
  facet normal 0 0 -1
    outer loop
      vertex 2.3691480391195876 -20.27522190573176 0
      vertex 6.5355117690378055 -20.980209734096373 0
      vertex 2.629305231718579 -20.58969793004946 0
    endloop
  endfacet
  facet normal 0 0 -1
    outer loop
      vertex -24.36073128899307 -16.042060417046084 0
      vertex 15.204069188470267 -19.256413132608117 0
      vertex 14.795930811529733 -19.256413132608117 0
    endloop
  endfacet
  facet normal 0 0 -1
    outer loop
      vertex 3.147895273668051 -21.691757866714223 0
      vertex 5.826402325401148 -21.83737580516758 0
      vertex 5.756550309968464 -22.05235820310326 0
    endloop
  endfacet
  facet normal 0 0 -1
    outer loop
      vertex 3.0217735791368168 -21.303595203774798 0
      vertex 5.922647975921046 -21.632843386616912 0
      vertex 5.826402325401148 -21.83737580516758 0
    endloop
  endfacet
  facet normal 0 0 -1
    outer loop
      vertex 3.0217735791368168 -21.303595203774798 0
      vertex 6.043769410125094 -21.441986545873547 0
      vertex 5.922647975921046 -21.632843386616912 0
    endloop
  endfacet
  facet normal 0 0 -1
    outer loop
      vertex 6.187856470641459 -21.26781520932836 0
      vertex 6.043769410125094 -21.441986545873547 0
      vertex 2.8479967101425565 -20.934300559169426 0
    endloop
  endfacet
  facet normal 0 0 -1
    outer loop
      vertex 6.187856470641459 -21.26781520932836 0
      vertex 2.629305231718579 -20.58969793004946 0
      vertex 6.352636818452359 -21.11307616300358 0
    endloop
  endfacet
  facet normal 0 0 -1
    outer loop
      vertex 2.629305231718579 -20.58969793004946 0
      vertex 6.5355117690378055 -20.980209734096373 0
      vertex 6.352636818452359 -21.11307616300358 0
    endloop
  endfacet
  facet normal 0 0 -1
    outer loop
      vertex 2.3691480391195876 -20.27522190573176 0
      vertex 6.733597275182869 -20.871311305561164 0
      vertex 6.5355117690378055 -20.980209734096373 0
    endloop
  endfacet
  facet normal 0 0 -1
    outer loop
      vertex 2.3691480391195876 -20.27522190573176 0
      vertex 6.943769410125094 -20.788098270668723 0
      vertex 6.733597275182869 -20.871311305561164 0
    endloop
  endfacet
  facet normal 0 0 -1
    outer loop
      vertex 2.3691480391195876 -20.27522190573176 0
      vertex 7.162713633745696 -20.73188294868836 0
      vertex 6.943769410125094 -20.788098270668723 0
    endloop
  endfacet
  facet normal 0 0 -1
    outer loop
      vertex 2.3691480391195876 -20.27522190573176 0
      vertex 7.386977064847236 -20.70355188882911 0
      vertex 7.162713633745696 -20.73188294868836 0
    endloop
  endfacet
  facet normal 0 0 -1
    outer loop
      vertex 1.004305231718579 -19.40906632204075 0
      vertex 0.6089892724036049 -19.30756643513176 0
      vertex 13.995694768281421 -19.40906632204075 0
    endloop
  endfacet
  facet normal 0 0 -1
    outer loop
      vertex 12.630851960880412 -20.27522190573176 0
      vertex 2.3691480391195876 -20.27522190573176 0
      vertex 2.071627966683242 -19.995831960978684 0
    endloop
  endfacet
  facet normal 0 0 -1
    outer loop
      vertex 2.071627966683242 -19.995831960978684 0
      vertex 1.7414370836817392 -19.75593424211845 0
      vertex 13.25856291631826 -19.75593424211845 0
    endloop
  endfacet
  facet normal 0 0 -1
    outer loop
      vertex 1.3837826975864864 -19.559312079485437 0
      vertex 13.25856291631826 -19.75593424211845 0
      vertex 1.7414370836817392 -19.75593424211845 0
    endloop
  endfacet
  facet normal 0 0 -1
    outer loop
      vertex 1.004305231718579 -19.40906632204075 0
      vertex 13.995694768281421 -19.40906632204075 0
      vertex 1.3837826975864864 -19.559312079485437 0
    endloop
  endfacet
  facet normal 0 0 -1
    outer loop
      vertex 0.20406918847026814 -19.256413132608117 0
      vertex 14.795930811529733 -19.256413132608117 0
      vertex 0.6089892724036049 -19.30756643513176 0
    endloop
  endfacet
  facet normal 0 0 -1
    outer loop
      vertex -24.36073128899307 -16.042060417046084 0
      vertex 27.92837203331676 -19.995831960978684 0
      vertex 15.204069188470267 -19.256413132608117 0
    endloop
  endfacet
  facet normal 0 0 -1
    outer loop
      vertex 2.3691480391195876 -20.27522190573176 0
      vertex 12.370694768281421 -20.58969793004946 0
      vertex 7.386977064847236 -20.70355188882911 0
    endloop
  endfacet
  facet normal 0 0 -1
    outer loop
      vertex 12.370694768281421 -20.58969793004946 0
      vertex 7.613022935152764 -20.70355188882911 0
      vertex 7.386977064847236 -20.70355188882911 0
    endloop
  endfacet
  facet normal 0 0 -1
    outer loop
      vertex 2.3691480391195876 -20.27522190573176 0
      vertex 12.630851960880412 -20.27522190573176 0
      vertex 12.370694768281421 -20.58969793004946 0
    endloop
  endfacet
  facet normal 0 0 -1
    outer loop
      vertex 12.630851960880412 -20.27522190573176 0
      vertex 2.071627966683242 -19.995831960978684 0
      vertex 12.928372033316759 -19.995831960978684 0
    endloop
  endfacet
  facet normal 0 0 -1
    outer loop
      vertex -32.31395259764657 -29.49013364214136 0
      vertex 32.93690657292862 -29.411436253643444 0
      vertex 32.31395259764657 -29.49013364214136 0
    endloop
  endfacet
  facet normal 0 0 -1
    outer loop
      vertex 1.004305231718579 -25.59093367795925 0
      vertex 13.616217302413514 -25.440687920514563 0
      vertex 13.995694768281421 -25.59093367795925 0
    endloop
  endfacet
  facet normal 0 0 -1
    outer loop
      vertex 1.3837826975864855 -25.440687920514563 0
      vertex 13.25856291631826 -25.24406575788155 0
      vertex 13.616217302413514 -25.440687920514563 0
    endloop
  endfacet
  facet normal 0 0 -1
    outer loop
      vertex 2.0716279666832422 -25.004168039021316 0
      vertex 12.928372033316759 -25.004168039021316 0
      vertex 13.25856291631826 -25.24406575788155 0
    endloop
  endfacet
  facet normal 0 0 -1
    outer loop
      vertex 12.152003289857443 -24.065699440830574 0
      vertex 7.837286366254305 -24.26811705131164 0
      vertex 8.056230589874906 -24.211901729331277 0
    endloop
  endfacet
  facet normal 0 0 -1
    outer loop
      vertex 12.152003289857443 -24.065699440830574 0
      vertex 8.056230589874906 -24.211901729331277 0
      vertex 8.26640272481713 -24.128688694438836 0
    endloop
  endfacet
  facet normal 0 0 -1
    outer loop
      vertex 12.152003289857443 -24.065699440830574 0
      vertex 8.26640272481713 -24.128688694438836 0
      vertex 8.464488230962193 -24.019790265903627 0
    endloop
  endfacet
  facet normal 0 0 -1
    outer loop
      vertex 12.152003289857443 -24.065699440830574 0
      vertex 8.464488230962193 -24.019790265903627 0
      vertex 8.647363181547641 -23.88692383699642 0
    endloop
  endfacet
  facet normal 0 0 -1
    outer loop
      vertex 12.152003289857443 -24.065699440830574 0
      vertex 8.647363181547641 -23.88692383699642 0
      vertex 8.812143529358542 -23.73218479067164 0
    endloop
  endfacet
  facet normal 0 0 -1
    outer loop
      vertex 12.152003289857443 -24.065699440830574 0
      vertex 8.812143529358542 -23.73218479067164 0
      vertex 8.956230589874906 -23.558013454126453 0
    endloop
  endfacet
  facet normal 0 0 -1
    outer loop
      vertex 8.956230589874906 -23.558013454126453 0
      vertex 9.077352024078955 -23.367156613383088 0
      vertex 11.978226420863184 -23.696404796225202 0
    endloop
  endfacet
  facet normal 0 0 -1
    outer loop
      vertex 9.077352024078955 -23.367156613383088 0
      vertex 9.173597674598852 -23.16262419483242 0
      vertex 11.978226420863184 -23.696404796225202 0
    endloop
  endfacet
  facet normal 0 0 -1
    outer loop
      vertex 9.173597674598852 -23.16262419483242 0
      vertex 9.243449690031536 -22.94764179689674 0
      vertex 11.852104726331948 -23.308242133285777 0
    endloop
  endfacet
  facet normal 0 0 -1
    outer loop
      vertex 9.243449690031536 -22.94764179689674 0
      vertex 9.285806462366061 -22.72559982041575 0
      vertex 11.775627220727948 -22.907333009083988 0
    endloop
  endfacet
  facet normal 0 0 -1
    outer loop
      vertex 9.285806462366061 -22.72559982041575 0
      vertex 9.3 -22.5 0
      vertex 11.75 -22.5 0
    endloop
  endfacet
  facet normal 0 0 -1
    outer loop
      vertex 9.3 -22.5 0
      vertex 9.285806462366061 -22.27440017958425 0
      vertex 11.75 -22.5 0
    endloop
  endfacet
  facet normal 0 0 -1
    outer loop
      vertex 9.285806462366061 -22.27440017958425 0
      vertex 9.243449690031536 -22.05235820310326 0
      vertex 11.775627220727948 -22.092666990916012 0
    endloop
  endfacet
  facet normal 0 0 -1
    outer loop
      vertex 9.243449690031536 -22.94764179689674 0
      vertex 11.775627220727948 -22.907333009083988 0
      vertex 11.852104726331948 -23.308242133285777 0
    endloop
  endfacet
  facet normal 0 0 -1
    outer loop
      vertex 12.152003289857443 -24.065699440830574 0
      vertex 8.956230589874906 -23.558013454126453 0
      vertex 11.978226420863184 -23.696404796225202 0
    endloop
  endfacet
  facet normal 0 0 -1
    outer loop
      vertex 9.173597674598852 -23.16262419483242 0
      vertex 11.852104726331948 -23.308242133285777 0
      vertex 11.978226420863184 -23.696404796225202 0
    endloop
  endfacet
  facet normal 0 0 -1
    outer loop
      vertex 9.285806462366061 -22.72559982041575 0
      vertex 11.75 -22.5 0
      vertex 11.775627220727948 -22.907333009083988 0
    endloop
  endfacet
  facet normal 0 0 -1
    outer loop
      vertex 9.285806462366061 -22.27440017958425 0
      vertex 11.775627220727948 -22.092666990916012 0
      vertex 11.75 -22.5 0
    endloop
  endfacet
  facet normal 0 0 -1
    outer loop
      vertex 16.383782697586486 -25.440687920514563 0
      vertex 16.74143708368174 -25.24406575788155 0
      vertex 22.162713633745696 -24.26811705131164 0
    endloop
  endfacet
  facet normal 0 0 -1
    outer loop
      vertex 9.243449690031536 -22.05235820310326 0
      vertex 9.173597674598852 -21.83737580516758 0
      vertex 11.852104726331948 -21.691757866714223 0
    endloop
  endfacet
  facet normal 0 0 -1
    outer loop
      vertex 9.173597674598852 -21.83737580516758 0
      vertex 9.077352024078955 -21.632843386616912 0
      vertex 11.852104726331948 -21.691757866714223 0
    endloop
  endfacet
  facet normal 0 0 -1
    outer loop
      vertex 8.956230589874906 -21.441986545873547 0
      vertex 11.978226420863184 -21.303595203774798 0
      vertex 9.077352024078955 -21.632843386616912 0
    endloop
  endfacet
  facet normal 0 0 -1
    outer loop
      vertex 8.81214352935854 -21.26781520932836 0
      vertex 12.152003289857443 -20.934300559169426 0
      vertex 8.956230589874906 -21.441986545873547 0
    endloop
  endfacet
  facet normal 0 0 -1
    outer loop
      vertex 12.370694768281421 -20.58969793004946 0
      vertex 8.26640272481713 -20.871311305561164 0
      vertex 8.056230589874906 -20.788098270668723 0
    endloop
  endfacet
  facet normal 0 0 -1
    outer loop
      vertex 8.464488230962194 -20.980209734096373 0
      vertex 12.370694768281421 -20.58969793004946 0
      vertex 8.647363181547641 -21.11307616300358 0
    endloop
  endfacet
  facet normal 0 0 -1
    outer loop
      vertex 12.370694768281421 -20.58969793004946 0
      vertex 8.464488230962194 -20.980209734096373 0
      vertex 8.26640272481713 -20.871311305561164 0
    endloop
  endfacet
  facet normal 0 0 -1
    outer loop
      vertex 12.370694768281421 -20.58969793004946 0
      vertex 7.837286366254304 -20.73188294868836 0
      vertex 7.613022935152764 -20.70355188882911 0
    endloop
  endfacet
  facet normal 0 0 -1
    outer loop
      vertex 12.370694768281421 -20.58969793004946 0
      vertex 8.056230589874906 -20.788098270668723 0
      vertex 7.837286366254304 -20.73188294868836 0
    endloop
  endfacet
  facet normal 0 0 -1
    outer loop
      vertex 8.81214352935854 -21.26781520932836 0
      vertex 8.647363181547641 -21.11307616300358 0
      vertex 12.152003289857443 -20.934300559169426 0
    endloop
  endfacet
  facet normal 0 0 -1
    outer loop
      vertex 9.243449690031536 -22.05235820310326 0
      vertex 11.852104726331948 -21.691757866714223 0
      vertex 11.775627220727948 -22.092666990916012 0
    endloop
  endfacet
  facet normal 0 0 -1
    outer loop
      vertex 9.077352024078955 -21.632843386616912 0
      vertex 11.978226420863184 -21.303595203774798 0
      vertex 11.852104726331948 -21.691757866714223 0
    endloop
  endfacet
  facet normal 0 0 -1
    outer loop
      vertex 8.956230589874906 -21.441986545873547 0
      vertex 12.152003289857443 -20.934300559169426 0
      vertex 11.978226420863184 -21.303595203774798 0
    endloop
  endfacet
  facet normal 0 0 -1
    outer loop
      vertex 8.647363181547641 -21.11307616300358 0
      vertex 12.370694768281421 -20.58969793004946 0
      vertex 12.152003289857443 -20.934300559169426 0
    endloop
  endfacet
  facet normal 0 0 -1
    outer loop
      vertex 2.071627966683242 -19.995831960978684 0
      vertex 13.25856291631826 -19.75593424211845 0
      vertex 12.928372033316759 -19.995831960978684 0
    endloop
  endfacet
  facet normal 0 0 -1
    outer loop
      vertex 1.3837826975864864 -19.559312079485437 0
      vertex 13.616217302413514 -19.559312079485437 0
      vertex 13.25856291631826 -19.75593424211845 0
    endloop
  endfacet
  facet normal 0 0 -1
    outer loop
      vertex 1.3837826975864864 -19.559312079485437 0
      vertex 13.995694768281421 -19.40906632204075 0
      vertex 13.616217302413514 -19.559312079485437 0
    endloop
  endfacet
  facet normal 0 0 -1
    outer loop
      vertex 0.6089892724036049 -19.30756643513176 0
      vertex 14.391010727596395 -19.30756643513176 0
      vertex 13.995694768281421 -19.40906632204075 0
    endloop
  endfacet
  facet normal 0 0 -1
    outer loop
      vertex 0.6089892724036049 -19.30756643513176 0
      vertex 14.795930811529733 -19.256413132608117 0
      vertex 14.391010727596395 -19.30756643513176 0
    endloop
  endfacet
  facet normal 0 0 -1
    outer loop
      vertex -24.36073128899307 -16.042060417046084 0
      vertex 28.25856291631826 -19.75593424211845 0
      vertex 27.92837203331676 -19.995831960978684 0
    endloop
  endfacet
  facet normal 0 0 -1
    outer loop
      vertex -24.36073128899307 -16.042060417046084 0
      vertex 28.616217302413514 -19.559312079485437 0
      vertex 28.25856291631826 -19.75593424211845 0
    endloop
  endfacet
  facet normal 0 0 -1
    outer loop
      vertex -24.36073128899307 -16.042060417046084 0
      vertex 28.99569476828142 -19.40906632204075 0
      vertex 28.616217302413514 -19.559312079485437 0
    endloop
  endfacet
  facet normal 0 0 -1
    outer loop
      vertex -24.36073128899307 -16.042060417046084 0
      vertex 29.391010727596395 -19.30756643513176 0
      vertex 28.99569476828142 -19.40906632204075 0
    endloop
  endfacet
  facet normal 0 0 -1
    outer loop
      vertex -24.36073128899307 -16.042060417046084 0
      vertex 29.795930811529733 -19.256413132608117 0
      vertex 29.391010727596395 -19.30756643513176 0
    endloop
  endfacet
  facet normal 0 0 -1
    outer loop
      vertex -24.36073128899307 -16.042060417046084 0
      vertex 30.204069188470267 -19.256413132608117 0
      vertex 29.795930811529733 -19.256413132608117 0
    endloop
  endfacet
  facet normal 0 0 -1
    outer loop
      vertex -24.36073128899307 -16.042060417046084 0
      vertex 32.31395259764657 -15.509866357858641 0
      vertex 30.204069188470267 -19.256413132608117 0
    endloop
  endfacet
  facet normal 0 -1 0
    outer loop
      vertex -32.31395259764657 -29.49013364214136 0
      vertex 32.31395259764657 -29.49013364214136 0
      vertex 32.31395259764657 -29.49013364214136 3
    endloop
  endfacet
  facet normal 0 1 0
    outer loop
      vertex -23 -15.509866357858641 0
      vertex 32.31395259764657 -15.509866357858641 3
      vertex 32.31395259764657 -15.509866357858641 0
    endloop
  endfacet
  facet normal 0 0 -1
    outer loop
      vertex 32.93690657292862 -29.411436253643444 0
      vertex 15.20406918847027 -25.743586867391883 0
      vertex 15.608989272403605 -25.69243356486824 0
    endloop
  endfacet
  facet normal 0 0 -1
    outer loop
      vertex 32.93690657292862 -29.411436253643444 0
      vertex 15.608989272403605 -25.69243356486824 0
      vertex 16.00430523171858 -25.59093367795925 0
    endloop
  endfacet
  facet normal 0 0 -1
    outer loop
      vertex 32.93690657292862 -29.411436253643444 0
      vertex 16.00430523171858 -25.59093367795925 0
      vertex 16.383782697586486 -25.440687920514563 0
    endloop
  endfacet
  facet normal 0 0 -1
    outer loop
      vertex 16.74143708368174 -25.24406575788155 0
      vertex 17.07162796668324 -25.004168039021316 0
      vertex 21.943769410125096 -24.211901729331277 0
    endloop
  endfacet
  facet normal 0 0 -1
    outer loop
      vertex 17.369148039119587 -24.72477809426824 0
      vertex 21.73359727518287 -24.128688694438836 0
      vertex 17.07162796668324 -25.004168039021316 0
    endloop
  endfacet
  facet normal 0 0 -1
    outer loop
      vertex 17.369148039119587 -24.72477809426824 0
      vertex 17.62930523171858 -24.41030206995054 0
      vertex 21.535511769037807 -24.019790265903627 0
    endloop
  endfacet
  facet normal 0 0 -1
    outer loop
      vertex 17.62930523171858 -24.41030206995054 0
      vertex 17.847996710142557 -24.065699440830574 0
      vertex 21.18785647064146 -23.73218479067164 0
    endloop
  endfacet
  facet normal 0 0 -1
    outer loop
      vertex 17.369148039119587 -24.72477809426824 0
      vertex 21.535511769037807 -24.019790265903627 0
      vertex 21.73359727518287 -24.128688694438836 0
    endloop
  endfacet
  facet normal 0 0 -1
    outer loop
      vertex 17.62930523171858 -24.41030206995054 0
      vertex 21.18785647064146 -23.73218479067164 0
      vertex 21.35263681845236 -23.88692383699642 0
    endloop
  endfacet
  facet normal 0 0 -1
    outer loop
      vertex 17.62930523171858 -24.41030206995054 0
      vertex 21.35263681845236 -23.88692383699642 0
      vertex 21.535511769037807 -24.019790265903627 0
    endloop
  endfacet
  facet normal 0 0 -1
    outer loop
      vertex 16.383782697586486 -25.440687920514563 0
      vertex 22.162713633745696 -24.26811705131164 0
      vertex 22.386977064847237 -24.29644811117089 0
    endloop
  endfacet
  facet normal 0 0 -1
    outer loop
      vertex 16.74143708368174 -25.24406575788155 0
      vertex 21.943769410125096 -24.211901729331277 0
      vertex 22.162713633745696 -24.26811705131164 0
    endloop
  endfacet
  facet normal 0 0 -1
    outer loop
      vertex 17.07162796668324 -25.004168039021316 0
      vertex 21.73359727518287 -24.128688694438836 0
      vertex 21.943769410125096 -24.211901729331277 0
    endloop
  endfacet
  facet normal 0 0 -1
    outer loop
      vertex 17.847996710142557 -24.065699440830574 0
      vertex 18.021773579136816 -23.696404796225206 0
      vertex 21.043769410125094 -23.558013454126453 0
    endloop
  endfacet
  facet normal 0 0 -1
    outer loop
      vertex 18.021773579136816 -23.696404796225206 0
      vertex 18.147895273668052 -23.308242133285777 0
      vertex 20.826402325401148 -23.16262419483242 0
    endloop
  endfacet
  facet normal 0 0 -1
    outer loop
      vertex 18.224372779272052 -22.907333009083988 0
      vertex 20.756550309968464 -22.94764179689674 0
      vertex 18.147895273668052 -23.308242133285777 0
    endloop
  endfacet
  facet normal 0 0 -1
    outer loop
      vertex 20.71419353763394 -22.72559982041575 0
      vertex 18.224372779272052 -22.907333009083988 0
      vertex 18.25 -22.5 0
    endloop
  endfacet
  facet normal 0 0 -1
    outer loop
      vertex 18.25 -22.5 0
      vertex 18.224372779272052 -22.092666990916012 0
      vertex 20.71419353763394 -22.27440017958425 0
    endloop
  endfacet
  facet normal 0 0 -1
    outer loop
      vertex 17.847996710142557 -24.065699440830574 0
      vertex 21.043769410125094 -23.558013454126453 0
      vertex 21.18785647064146 -23.73218479067164 0
    endloop
  endfacet
  facet normal 0 0 -1
    outer loop
      vertex 18.021773579136816 -23.696404796225206 0
      vertex 20.922647975921045 -23.367156613383088 0
      vertex 21.043769410125094 -23.558013454126453 0
    endloop
  endfacet
  facet normal 0 0 -1
    outer loop
      vertex 18.021773579136816 -23.696404796225206 0
      vertex 20.826402325401148 -23.16262419483242 0
      vertex 20.922647975921045 -23.367156613383088 0
    endloop
  endfacet
  facet normal 0 0 -1
    outer loop
      vertex 18.147895273668052 -23.308242133285777 0
      vertex 20.756550309968464 -22.94764179689674 0
      vertex 20.826402325401148 -23.16262419483242 0
    endloop
  endfacet
  facet normal 0 0 -1
    outer loop
      vertex 18.224372779272052 -22.907333009083988 0
      vertex 20.71419353763394 -22.72559982041575 0
      vertex 20.756550309968464 -22.94764179689674 0
    endloop
  endfacet
  facet normal 0 0 -1
    outer loop
      vertex 20.71419353763394 -22.72559982041575 0
      vertex 18.25 -22.5 0
      vertex 20.7 -22.5 0
    endloop
  endfacet
  facet normal 0 0 -1
    outer loop
      vertex 18.25 -22.5 0
      vertex 20.71419353763394 -22.27440017958425 0
      vertex 20.7 -22.5 0
    endloop
  endfacet
  facet normal 0 0 -1
    outer loop
      vertex 18.224372779272052 -22.092666990916012 0
      vertex 20.756550309968464 -22.05235820310326 0
      vertex 20.71419353763394 -22.27440017958425 0
    endloop
  endfacet
  facet normal 0 0 -1
    outer loop
      vertex 32.93690657292862 -29.411436253643444 0
      vertex 16.383782697586486 -25.440687920514563 0
      vertex 22.386977064847237 -24.29644811117089 0
    endloop
  endfacet
  facet normal 0 0 -1
    outer loop
      vertex 32.93690657292862 -29.411436253643444 0
      vertex 22.386977064847237 -24.29644811117089 0
      vertex 22.613022935152763 -24.29644811117089 0
    endloop
  endfacet
  facet normal 0 0 -1
    outer loop
      vertex 32.93690657292862 -29.411436253643444 0
      vertex 22.613022935152763 -24.29644811117089 0
      vertex 22.837286366254304 -24.26811705131164 0
    endloop
  endfacet
  facet normal 0 0 -1
    outer loop
      vertex 22.837286366254304 -24.26811705131164 0
      vertex 23.056230589874904 -24.211901729331277 0
      vertex 28.25856291631826 -25.24406575788155 0
    endloop
  endfacet
  facet normal 0 0 -1
    outer loop
      vertex 23.056230589874904 -24.211901729331277 0
      vertex 23.26640272481713 -24.128688694438836 0
      vertex 27.92837203331676 -25.004168039021316 0
    endloop
  endfacet
  facet normal 0 0 -1
    outer loop
      vertex 23.26640272481713 -24.128688694438836 0
      vertex 23.464488230962193 -24.019790265903627 0
      vertex 27.630851960880413 -24.72477809426824 0
    endloop
  endfacet
  facet normal 0 0 -1
    outer loop
      vertex 23.464488230962193 -24.019790265903627 0
      vertex 23.647363181547643 -23.88692383699642 0
      vertex 27.37069476828142 -24.41030206995054 0
    endloop
  endfacet
  facet normal 0 0 -1
    outer loop
      vertex 23.81214352935854 -23.73218479067164 0
      vertex 27.37069476828142 -24.41030206995054 0
      vertex 23.647363181547643 -23.88692383699642 0
    endloop
  endfacet
  facet normal 0 0 -1
    outer loop
      vertex 23.81214352935854 -23.73218479067164 0
      vertex 23.956230589874906 -23.558013454126453 0
      vertex 27.152003289857443 -24.065699440830574 0
    endloop
  endfacet
  facet normal 0 0 -1
    outer loop
      vertex 23.956230589874906 -23.558013454126453 0
      vertex 24.077352024078955 -23.367156613383088 0
      vertex 26.978226420863184 -23.696404796225202 0
    endloop
  endfacet
  facet normal 0 0 -1
    outer loop
      vertex 24.077352024078955 -23.367156613383088 0
      vertex 24.173597674598852 -23.16262419483242 0
      vertex 26.978226420863184 -23.696404796225202 0
    endloop
  endfacet
  facet normal 0 0 -1
    outer loop
      vertex 24.173597674598852 -23.16262419483242 0
      vertex 24.243449690031536 -22.94764179689674 0
      vertex 26.852104726331948 -23.308242133285777 0
    endloop
  endfacet
  facet normal 0 0 -1
    outer loop
      vertex 24.243449690031536 -22.94764179689674 0
      vertex 24.28580646236606 -22.72559982041575 0
      vertex 26.775627220727948 -22.907333009083988 0
    endloop
  endfacet
  facet normal 0 0 -1
    outer loop
      vertex 24.28580646236606 -22.72559982041575 0
      vertex 24.3 -22.5 0
      vertex 26.75 -22.5 0
    endloop
  endfacet
  facet normal 0 0 -1
    outer loop
      vertex 24.3 -22.5 0
      vertex 24.28580646236606 -22.27440017958425 0
      vertex 26.75 -22.5 0
    endloop
  endfacet
  facet normal 0 0 -1
    outer loop
      vertex 24.243449690031536 -22.05235820310326 0
      vertex 26.775627220727948 -22.092666990916012 0
      vertex 24.28580646236606 -22.27440017958425 0
    endloop
  endfacet
  facet normal 0 0 -1
    outer loop
      vertex 22.837286366254304 -24.26811705131164 0
      vertex 28.25856291631826 -25.24406575788155 0
      vertex 28.616217302413514 -25.440687920514563 0
    endloop
  endfacet
  facet normal 0 0 -1
    outer loop
      vertex 23.26640272481713 -24.128688694438836 0
      vertex 27.630851960880413 -24.72477809426824 0
      vertex 27.92837203331676 -25.004168039021316 0
    endloop
  endfacet
  facet normal 0 0 -1
    outer loop
      vertex 23.056230589874904 -24.211901729331277 0
      vertex 27.92837203331676 -25.004168039021316 0
      vertex 28.25856291631826 -25.24406575788155 0
    endloop
  endfacet
  facet normal 0 0 -1
    outer loop
      vertex 23.464488230962193 -24.019790265903627 0
      vertex 27.37069476828142 -24.41030206995054 0
      vertex 27.630851960880413 -24.72477809426824 0
    endloop
  endfacet
  facet normal 0 0 -1
    outer loop
      vertex 23.81214352935854 -23.73218479067164 0
      vertex 27.152003289857443 -24.065699440830574 0
      vertex 27.37069476828142 -24.41030206995054 0
    endloop
  endfacet
  facet normal 0 0 -1
    outer loop
      vertex 24.173597674598852 -23.16262419483242 0
      vertex 26.852104726331948 -23.308242133285777 0
      vertex 26.978226420863184 -23.696404796225202 0
    endloop
  endfacet
  facet normal 0 0 -1
    outer loop
      vertex 24.243449690031536 -22.94764179689674 0
      vertex 26.775627220727948 -22.907333009083988 0
      vertex 26.852104726331948 -23.308242133285777 0
    endloop
  endfacet
  facet normal 0 0 -1
    outer loop
      vertex 23.956230589874906 -23.558013454126453 0
      vertex 26.978226420863184 -23.696404796225202 0
      vertex 27.152003289857443 -24.065699440830574 0
    endloop
  endfacet
  facet normal 0 0 -1
    outer loop
      vertex 24.28580646236606 -22.72559982041575 0
      vertex 26.75 -22.5 0
      vertex 26.775627220727948 -22.907333009083988 0
    endloop
  endfacet
  facet normal 0 0 -1
    outer loop
      vertex 24.28580646236606 -22.27440017958425 0
      vertex 26.775627220727948 -22.092666990916012 0
      vertex 26.75 -22.5 0
    endloop
  endfacet
  facet normal 0 0 -1
    outer loop
      vertex 18.147895273668052 -21.691757866714223 0
      vertex 20.756550309968464 -22.05235820310326 0
      vertex 18.224372779272052 -22.092666990916012 0
    endloop
  endfacet
  facet normal 0 0 -1
    outer loop
      vertex 18.147895273668052 -21.691757866714223 0
      vertex 18.021773579136816 -21.303595203774798 0
      vertex 20.826402325401148 -21.83737580516758 0
    endloop
  endfacet
  facet normal 0 0 -1
    outer loop
      vertex 18.021773579136816 -21.303595203774798 0
      vertex 17.847996710142557 -20.934300559169426 0
      vertex 21.043769410125094 -21.441986545873547 0
    endloop
  endfacet
  facet normal 0 0 -1
    outer loop
      vertex 21.18785647064146 -21.26781520932836 0
      vertex 17.847996710142557 -20.934300559169426 0
      vertex 17.62930523171858 -20.58969793004946 0
    endloop
  endfacet
  facet normal 0 0 -1
    outer loop
      vertex 17.369148039119587 -20.27522190573176 0
      vertex 21.535511769037807 -20.980209734096373 0
      vertex 17.62930523171858 -20.58969793004946 0
    endloop
  endfacet
  facet normal 0 0 -1
    outer loop
      vertex 18.147895273668052 -21.691757866714223 0
      vertex 20.826402325401148 -21.83737580516758 0
      vertex 20.756550309968464 -22.05235820310326 0
    endloop
  endfacet
  facet normal 0 0 -1
    outer loop
      vertex 18.021773579136816 -21.303595203774798 0
      vertex 20.922647975921045 -21.632843386616912 0
      vertex 20.826402325401148 -21.83737580516758 0
    endloop
  endfacet
  facet normal 0 0 -1
    outer loop
      vertex 18.021773579136816 -21.303595203774798 0
      vertex 21.043769410125094 -21.441986545873547 0
      vertex 20.922647975921045 -21.632843386616912 0
    endloop
  endfacet
  facet normal 0 0 -1
    outer loop
      vertex 21.18785647064146 -21.26781520932836 0
      vertex 21.043769410125094 -21.441986545873547 0
      vertex 17.847996710142557 -20.934300559169426 0
    endloop
  endfacet
  facet normal 0 0 -1
    outer loop
      vertex 21.18785647064146 -21.26781520932836 0
      vertex 17.62930523171858 -20.58969793004946 0
      vertex 21.35263681845236 -21.11307616300358 0
    endloop
  endfacet
  facet normal 0 0 -1
    outer loop
      vertex 17.62930523171858 -20.58969793004946 0
      vertex 21.535511769037807 -20.980209734096373 0
      vertex 21.35263681845236 -21.11307616300358 0
    endloop
  endfacet
  facet normal 0 0 -1
    outer loop
      vertex 17.369148039119587 -20.27522190573176 0
      vertex 21.73359727518287 -20.871311305561164 0
      vertex 21.535511769037807 -20.980209734096373 0
    endloop
  endfacet
  facet normal 0 0 -1
    outer loop
      vertex 17.369148039119587 -20.27522190573176 0
      vertex 21.943769410125096 -20.788098270668723 0
      vertex 21.73359727518287 -20.871311305561164 0
    endloop
  endfacet
  facet normal 0 0 -1
    outer loop
      vertex 17.369148039119587 -20.27522190573176 0
      vertex 22.162713633745696 -20.73188294868836 0
      vertex 21.943769410125096 -20.788098270668723 0
    endloop
  endfacet
  facet normal 0 0 -1
    outer loop
      vertex 17.369148039119587 -20.27522190573176 0
      vertex 22.386977064847237 -20.70355188882911 0
      vertex 22.162713633745696 -20.73188294868836 0
    endloop
  endfacet
  facet normal 0 0 -1
    outer loop
      vertex 27.92837203331676 -19.995831960978684 0
      vertex 15.608989272403605 -19.30756643513176 0
      vertex 15.204069188470267 -19.256413132608117 0
    endloop
  endfacet
  facet normal 0 0 -1
    outer loop
      vertex 27.92837203331676 -19.995831960978684 0
      vertex 16.00430523171858 -19.40906632204075 0
      vertex 15.608989272403605 -19.30756643513176 0
    endloop
  endfacet
  facet normal 0 0 -1
    outer loop
      vertex 27.92837203331676 -19.995831960978684 0
      vertex 16.383782697586486 -19.559312079485437 0
      vertex 16.00430523171858 -19.40906632204075 0
    endloop
  endfacet
  facet normal 0 0 -1
    outer loop
      vertex 17.369148039119587 -20.27522190573176 0
      vertex 17.07162796668324 -19.995831960978684 0
      vertex 27.92837203331676 -19.995831960978684 0
    endloop
  endfacet
  facet normal 0 0 -1
    outer loop
      vertex 27.92837203331676 -19.995831960978684 0
      vertex 17.07162796668324 -19.995831960978684 0
      vertex 16.74143708368174 -19.75593424211845 0
    endloop
  endfacet
  facet normal 0 0 -1
    outer loop
      vertex 27.92837203331676 -19.995831960978684 0
      vertex 16.74143708368174 -19.75593424211845 0
      vertex 16.383782697586486 -19.559312079485437 0
    endloop
  endfacet
  facet normal 0 0 -1
    outer loop
      vertex 17.369148039119587 -20.27522190573176 0
      vertex 27.37069476828142 -20.58969793004946 0
      vertex 22.386977064847237 -20.70355188882911 0
    endloop
  endfacet
  facet normal 0 0 -1
    outer loop
      vertex 27.37069476828142 -20.58969793004946 0
      vertex 22.613022935152763 -20.70355188882911 0
      vertex 22.386977064847237 -20.70355188882911 0
    endloop
  endfacet
  facet normal 0 0 -1
    outer loop
      vertex 27.37069476828142 -20.58969793004946 0
      vertex 22.837286366254304 -20.73188294868836 0
      vertex 22.613022935152763 -20.70355188882911 0
    endloop
  endfacet
  facet normal 0 0 -1
    outer loop
      vertex 17.369148039119587 -20.27522190573176 0
      vertex 27.630851960880413 -20.27522190573176 0
      vertex 27.37069476828142 -20.58969793004946 0
    endloop
  endfacet
  facet normal 0 0 -1
    outer loop
      vertex 26.775627220727948 -22.092666990916012 0
      vertex 24.243449690031536 -22.05235820310326 0
      vertex 24.173597674598852 -21.83737580516758 0
    endloop
  endfacet
  facet normal 0 0 -1
    outer loop
      vertex 24.173597674598852 -21.83737580516758 0
      vertex 24.077352024078955 -21.632843386616912 0
      vertex 26.978226420863184 -21.303595203774798 0
    endloop
  endfacet
  facet normal 0 0 -1
    outer loop
      vertex 24.077352024078955 -21.632843386616912 0
      vertex 23.956230589874906 -21.441986545873547 0
      vertex 26.978226420863184 -21.303595203774798 0
    endloop
  endfacet
  facet normal 0 0 -1
    outer loop
      vertex 23.81214352935854 -21.26781520932836 0
      vertex 27.152003289857443 -20.934300559169426 0
      vertex 23.956230589874906 -21.441986545873547 0
    endloop
  endfacet
  facet normal 0 0 -1
    outer loop
      vertex 27.37069476828142 -20.58969793004946 0
      vertex 23.26640272481713 -20.871311305561164 0
      vertex 23.056230589874904 -20.788098270668723 0
    endloop
  endfacet
  facet normal 0 0 -1
    outer loop
      vertex 27.37069476828142 -20.58969793004946 0
      vertex 23.464488230962193 -20.980209734096373 0
      vertex 23.26640272481713 -20.871311305561164 0
    endloop
  endfacet
  facet normal 0 0 -1
    outer loop
      vertex 23.464488230962193 -20.980209734096373 0
      vertex 27.37069476828142 -20.58969793004946 0
      vertex 23.647363181547643 -21.11307616300358 0
    endloop
  endfacet
  facet normal 0 0 -1
    outer loop
      vertex 27.37069476828142 -20.58969793004946 0
      vertex 23.056230589874904 -20.788098270668723 0
      vertex 22.837286366254304 -20.73188294868836 0
    endloop
  endfacet
  facet normal 0 0 -1
    outer loop
      vertex 23.647363181547643 -21.11307616300358 0
      vertex 27.37069476828142 -20.58969793004946 0
      vertex 23.81214352935854 -21.26781520932836 0
    endloop
  endfacet
  facet normal 0 0 -1
    outer loop
      vertex 27.630851960880413 -20.27522190573176 0
      vertex 17.369148039119587 -20.27522190573176 0
      vertex 27.92837203331676 -19.995831960978684 0
    endloop
  endfacet
  facet normal 0 0 -1
    outer loop
      vertex 26.775627220727948 -22.092666990916012 0
      vertex 24.173597674598852 -21.83737580516758 0
      vertex 26.852104726331948 -21.691757866714223 0
    endloop
  endfacet
  facet normal 0 0 -1
    outer loop
      vertex 24.173597674598852 -21.83737580516758 0
      vertex 26.978226420863184 -21.303595203774798 0
      vertex 26.852104726331948 -21.691757866714223 0
    endloop
  endfacet
  facet normal 0 0 -1
    outer loop
      vertex 23.956230589874906 -21.441986545873547 0
      vertex 27.152003289857443 -20.934300559169426 0
      vertex 26.978226420863184 -21.303595203774798 0
    endloop
  endfacet
  facet normal 0 0 -1
    outer loop
      vertex 23.81214352935854 -21.26781520932836 0
      vertex 27.37069476828142 -20.58969793004946 0
      vertex 27.152003289857443 -20.934300559169426 0
    endloop
  endfacet
  facet normal 0 0 -1
    outer loop
      vertex 32.93690657292862 -29.411436253643444 0
      vertex 22.837286366254304 -24.26811705131164 0
      vertex 28.616217302413514 -25.440687920514563 0
    endloop
  endfacet
  facet normal 0 0 -1
    outer loop
      vertex 32.93690657292862 -29.411436253643444 0
      vertex 28.616217302413514 -25.440687920514563 0
      vertex 28.99569476828142 -25.59093367795925 0
    endloop
  endfacet
  facet normal 0 0 -1
    outer loop
      vertex 32.93690657292862 -29.411436253643444 0
      vertex 28.99569476828142 -25.59093367795925 0
      vertex 29.391010727596395 -25.69243356486824 0
    endloop
  endfacet
  facet normal 0 0 -1
    outer loop
      vertex 32.93690657292862 -29.411436253643444 0
      vertex 29.391010727596395 -25.69243356486824 0
      vertex 29.79593081152973 -25.743586867391883 0
    endloop
  endfacet
  facet normal 0 0 -1
    outer loop
      vertex 32.93690657292862 -29.411436253643444 0
      vertex 29.79593081152973 -25.743586867391883 0
      vertex 30.20406918847027 -25.743586867391883 0
    endloop
  endfacet
  facet normal 0 0 -1
    outer loop
      vertex 32.93690657292862 -29.411436253643444 0
      vertex 30.20406918847027 -25.743586867391883 0
      vertex 30.608989272403605 -25.69243356486824 0
    endloop
  endfacet
  facet normal 0 0 -1
    outer loop
      vertex 32.93690657292862 -29.411436253643444 0
      vertex 30.608989272403605 -25.69243356486824 0
      vertex 31.00430523171858 -25.59093367795925 0
    endloop
  endfacet
  facet normal 0 0 -1
    outer loop
      vertex 32.93690657292862 -29.411436253643444 0
      vertex 31.00430523171858 -25.59093367795925 0
      vertex 31.383782697586486 -25.440687920514563 0
    endloop
  endfacet
  facet normal 0 0 -1
    outer loop
      vertex 32.93690657292862 -29.411436253643444 0
      vertex 31.383782697586486 -25.440687920514563 0
      vertex 31.74143708368174 -25.24406575788155 0
    endloop
  endfacet
  facet normal 0 0 -1
    outer loop
      vertex 32.93690657292862 -29.411436253643444 0
      vertex 31.74143708368174 -25.24406575788155 0
      vertex 32.071627966683245 -25.004168039021316 0
    endloop
  endfacet
  facet normal 0 0 -1
    outer loop
      vertex 32.93690657292862 -29.411436253643444 0
      vertex 34.12889645782536 -29.0241352623301 0
      vertex 33.545084971874736 -29.255282581475768 0
    endloop
  endfacet
  facet normal 0 0 -1
    outer loop
      vertex 32.93690657292862 -29.411436253643444 0
      vertex 35.18711994874345 -28.352566213878944 0
      vertex 34.12889645782536 -29.0241352623301 0
    endloop
  endfacet
  facet normal 0 0 -1
    outer loop
      vertex 34.12889645782536 -29.0241352623301 0
      vertex 35.18711994874345 -28.352566213878944 0
      vertex 34.67913397489498 -28.721639627510076 0
    endloop
  endfacet
  facet normal 0 0 -1
    outer loop
      vertex 32.93690657292862 -29.411436253643444 0
      vertex 32.071627966683245 -25.004168039021316 0
      vertex 32.36914803911959 -24.72477809426824 0
    endloop
  endfacet
  facet normal 0 0 -1
    outer loop
      vertex 32.93690657292862 -29.411436253643444 0
      vertex 32.36914803911959 -24.72477809426824 0
      vertex 32.629305231718575 -24.41030206995054 0
    endloop
  endfacet
  facet normal 0 0 -1
    outer loop
      vertex 32.93690657292862 -29.411436253643444 0
      vertex 32.629305231718575 -24.41030206995054 0
      vertex 32.84799671014255 -24.065699440830574 0
    endloop
  endfacet
  facet normal 0 0 -1
    outer loop
      vertex 32.93690657292862 -29.411436253643444 0
      vertex 36.64888242944126 -26.34062276342339 0
      vertex 35.18711994874345 -28.352566213878944 0
    endloop
  endfacet
  facet normal 0 0 -1
    outer loop
      vertex 35.18711994874345 -28.352566213878944 0
      vertex 36.045084971874736 -27.438926261462367 0
      vertex 35.64484313710706 -27.922735529643443 0
    endloop
  endfacet
  facet normal 0 0 -1
    outer loop
      vertex 35.18711994874345 -28.352566213878944 0
      vertex 36.64888242944126 -26.34062276342339 0
      vertex 36.045084971874736 -27.438926261462367 0
    endloop
  endfacet
  facet normal 0 0 -1
    outer loop
      vertex 36.045084971874736 -27.438926261462367 0
      vertex 36.64888242944126 -26.34062276342339 0
      vertex 36.38153340021932 -26.908768370508575 0
    endloop
  endfacet
  facet normal 0 0 -1
    outer loop
      vertex 32.93690657292862 -29.411436253643444 0
      vertex 32.84799671014255 -24.065699440830574 0
      vertex 33.02177357913682 -23.696404796225206 0
    endloop
  endfacet
  facet normal 0 0 -1
    outer loop
      vertex 32.93690657292862 -29.411436253643444 0
      vertex 33.02177357913682 -23.696404796225206 0
      vertex 33.14789527366805 -23.308242133285777 0
    endloop
  endfacet
  facet normal 0 0 -1
    outer loop
      vertex 32.93690657292862 -29.411436253643444 0
      vertex 33.14789527366805 -23.308242133285777 0
      vertex 37 -20.5 0
    endloop
  endfacet
  facet normal 0 0 -1
    outer loop
      vertex 37 -20.5 0
      vertex 33.14789527366805 -23.308242133285777 0
      vertex 33.22437277927205 -22.907333009083988 0
    endloop
  endfacet
  facet normal 0 0 -1
    outer loop
      vertex 32.93690657292862 -29.411436253643444 0
      vertex 37 -20.5 0
      vertex 36.64888242944126 -26.34062276342339 0
    endloop
  endfacet
  facet normal 0 0 -1
    outer loop
      vertex 36.64888242944126 -26.34062276342339 0
      vertex 37 -24.5 0
      vertex 36.84291580564316 -25.74344943582427 0
    endloop
  endfacet
  facet normal 0 0 -1
    outer loop
      vertex 36.84291580564316 -25.74344943582427 0
      vertex 37 -24.5 0
      vertex 36.96057350657239 -25.12666616782152 0
    endloop
  endfacet
  facet normal 0 0 -1
    outer loop
      vertex 36.64888242944126 -26.34062276342339 0
      vertex 37 -20.5 0
      vertex 37 -24.5 0
    endloop
  endfacet
  facet normal 0 0 -1
    outer loop
      vertex 32.31395259764657 -15.509866357858641 0
      vertex 30.608989272403605 -19.30756643513176 0
      vertex 30.204069188470267 -19.256413132608117 0
    endloop
  endfacet
  facet normal 0 0 -1
    outer loop
      vertex 32.31395259764657 -15.509866357858641 0
      vertex 31.00430523171858 -19.40906632204075 0
      vertex 30.608989272403605 -19.30756643513176 0
    endloop
  endfacet
  facet normal 0 0 -1
    outer loop
      vertex 32.31395259764657 -15.509866357858641 0
      vertex 31.383782697586486 -19.559312079485437 0
      vertex 31.00430523171858 -19.40906632204075 0
    endloop
  endfacet
  facet normal 0 0 -1
    outer loop
      vertex 32.31395259764657 -15.509866357858641 0
      vertex 31.74143708368174 -19.75593424211845 0
      vertex 31.383782697586486 -19.559312079485437 0
    endloop
  endfacet
  facet normal 0 0 -1
    outer loop
      vertex 32.31395259764657 -15.509866357858641 0
      vertex 32.071627966683245 -19.995831960978684 0
      vertex 31.74143708368174 -19.75593424211845 0
    endloop
  endfacet
  facet normal 0 0 -1
    outer loop
      vertex 37 -20.5 0
      vertex 33.22437277927205 -22.907333009083988 0
      vertex 33.25 -22.5 0
    endloop
  endfacet
  facet normal 0 0 -1
    outer loop
      vertex 37 -20.5 0
      vertex 33.25 -22.5 0
      vertex 33.22437277927205 -22.092666990916012 0
    endloop
  endfacet
  facet normal 0 0 -1
    outer loop
      vertex 37 -20.5 0
      vertex 33.22437277927205 -22.092666990916012 0
      vertex 33.14789527366805 -21.691757866714223 0
    endloop
  endfacet
  facet normal 0 0 -1
    outer loop
      vertex 37 -20.5 0
      vertex 32.629305231718575 -20.58969793004946 0
      vertex 32.36914803911959 -20.27522190573176 0
    endloop
  endfacet
  facet normal 0 0 -1
    outer loop
      vertex 37 -20.5 0
      vertex 33.14789527366805 -21.691757866714223 0
      vertex 33.02177357913682 -21.303595203774798 0
    endloop
  endfacet
  facet normal 0 0 -1
    outer loop
      vertex 37 -20.5 0
      vertex 33.02177357913682 -21.303595203774798 0
      vertex 32.84799671014255 -20.934300559169426 0
    endloop
  endfacet
  facet normal 0 0 -1
    outer loop
      vertex 37 -20.5 0
      vertex 32.84799671014255 -20.934300559169426 0
      vertex 32.629305231718575 -20.58969793004946 0
    endloop
  endfacet
  facet normal 0 0 -1
    outer loop
      vertex 37 -20.5 0
      vertex 32.36914803911959 -20.27522190573176 0
      vertex 32.071627966683245 -19.995831960978684 0
    endloop
  endfacet
  facet normal 0 0 -1
    outer loop
      vertex 32.31395259764657 -15.509866357858641 0
      vertex 37 -20.5 0
      vertex 32.071627966683245 -19.995831960978684 0
    endloop
  endfacet
  facet normal 0 0 -1
    outer loop
      vertex 37 -20.5 0
      vertex 36.84291580564316 -19.256550564175726 0
      vertex 36.96057350657239 -19.873333832178478 0
    endloop
  endfacet
  facet normal 0 0 -1
    outer loop
      vertex 37 -20.5 0
      vertex 36.64888242944126 -18.65937723657661 0
      vertex 36.84291580564316 -19.256550564175726 0
    endloop
  endfacet
  facet normal 0 0 -1
    outer loop
      vertex 37 -20.5 0
      vertex 35.64484313710706 -17.077264470356557 0
      vertex 36.64888242944126 -18.65937723657661 0
    endloop
  endfacet
  facet normal 0 0 -1
    outer loop
      vertex 32.31395259764657 -15.509866357858641 0
      vertex 32.93690657292862 -15.588563746356556 0
      vertex 34.12889645782536 -15.975864737669902 0
    endloop
  endfacet
  facet normal 0 0 -1
    outer loop
      vertex 32.31395259764657 -15.509866357858641 0
      vertex 34.12889645782536 -15.975864737669902 0
      vertex 35.64484313710706 -17.077264470356557 0
    endloop
  endfacet
  facet normal 0 0 -1
    outer loop
      vertex 32.93690657292862 -15.588563746356556 0
      vertex 33.545084971874736 -15.744717418524232 0
      vertex 34.12889645782536 -15.975864737669902 0
    endloop
  endfacet
  facet normal 0 0 -1
    outer loop
      vertex 34.67913397489498 -16.278360372489924 0
      vertex 35.18711994874345 -16.647433786121056 0
      vertex 34.12889645782536 -15.975864737669902 0
    endloop
  endfacet
  facet normal 0 0 -1
    outer loop
      vertex 32.31395259764657 -15.509866357858641 0
      vertex 35.64484313710706 -17.077264470356557 0
      vertex 37 -20.5 0
    endloop
  endfacet
  facet normal 0 0 -1
    outer loop
      vertex 35.64484313710706 -17.077264470356557 0
      vertex 36.045084971874736 -17.561073738537633 0
      vertex 36.38153340021932 -18.091231629491425 0
    endloop
  endfacet
  facet normal 0 0 -1
    outer loop
      vertex 36.64888242944126 -18.65937723657661 0
      vertex 35.64484313710706 -17.077264470356557 0
      vertex 36.38153340021932 -18.091231629491425 0
    endloop
  endfacet
  facet normal 0 0 -1
    outer loop
      vertex 34.12889645782536 -15.975864737669902 0
      vertex 35.18711994874345 -16.647433786121056 0
      vertex 35.64484313710706 -17.077264470356557 0
    endloop
  endfacet
  facet normal 0.12533323356430573 -0.9921147013144777 0
    outer loop
      vertex 32.31395259764657 -29.49013364214136 0
      vertex 32.93690657292862 -29.411436253643444 0
      vertex 32.31395259764657 -29.49013364214136 3
    endloop
  endfacet
  facet normal 0.24868988716485468 -0.9685831611286311 0
    outer loop
      vertex 32.93690657292862 -29.411436253643444 0
      vertex 33.545084971874736 -29.255282581475768 0
      vertex 33.545084971874736 -29.255282581475768 3
    endloop
  endfacet
  facet normal 0.3681245526846774 -0.9297764858882517 0
    outer loop
      vertex 33.545084971874736 -29.255282581475768 0
      vertex 34.12889645782536 -29.0241352623301 0
      vertex 33.545084971874736 -29.255282581475768 3
    endloop
  endfacet
  facet normal 0.48175367410171693 -0.8763066800438627 0
    outer loop
      vertex 34.12889645782536 -29.0241352623301 0
      vertex 34.67913397489498 -28.721639627510076 0
      vertex 34.67913397489498 -28.721639627510076 3
    endloop
  endfacet
  facet normal 0.5877852522924719 -0.8090169943749483 0
    outer loop
      vertex 34.67913397489498 -28.721639627510076 0
      vertex 35.18711994874345 -28.352566213878944 0
      vertex 34.67913397489498 -28.721639627510076 3
    endloop
  endfacet
  facet normal 0.6845471059286874 -0.7289686274214127 0
    outer loop
      vertex 35.18711994874345 -28.352566213878944 0
      vertex 35.64484313710706 -27.922735529643443 0
      vertex 35.18711994874345 -28.352566213878944 3
    endloop
  endfacet
  facet normal 0.7705132427757907 -0.6374239897486881 0
    outer loop
      vertex 35.64484313710706 -27.922735529643443 0
      vertex 36.045084971874736 -27.438926261462367 0
      vertex 36.045084971874736 -27.438926261462367 3
    endloop
  endfacet
  facet normal 0.8443279255020154 -0.5358267949789961 0
    outer loop
      vertex 36.045084971874736 -27.438926261462367 0
      vertex 36.38153340021932 -26.908768370508575 0
      vertex 36.38153340021932 -26.908768370508575 3
    endloop
  endfacet
  facet normal 0.9048270524660187 -0.42577929156507455 0
    outer loop
      vertex 36.38153340021932 -26.908768370508575 0
      vertex 36.64888242944126 -26.34062276342339 0
      vertex 36.38153340021932 -26.908768370508575 3
    endloop
  endfacet
  facet normal 0.951056516295153 -0.30901699437494917 0
    outer loop
      vertex 36.64888242944126 -26.34062276342339 0
      vertex 36.84291580564316 -25.74344943582427 0
      vertex 36.64888242944126 -26.34062276342339 3
    endloop
  endfacet
  facet normal 0.98228725072869 -0.1873813145857174 0
    outer loop
      vertex 36.84291580564316 -25.74344943582427 0
      vertex 36.96057350657239 -25.12666616782152 0
      vertex 36.84291580564316 -25.74344943582427 3
    endloop
  endfacet
  facet normal 0.9980267284282714 -0.06279051952931593 0
    outer loop
      vertex 36.96057350657239 -25.12666616782152 0
      vertex 37 -24.5 0
      vertex 37 -24.5 3
    endloop
  endfacet
  facet normal 1 0 0
    outer loop
      vertex 37 -24.5 0
      vertex 37 -20.5 0
      vertex 37 -24.5 3
    endloop
  endfacet
  facet normal 0.9980267284282714 0.06279051952931557 0
    outer loop
      vertex 37 -20.5 0
      vertex 36.96057350657239 -19.873333832178478 0
      vertex 36.96057350657239 -19.873333832178478 3
    endloop
  endfacet
  facet normal 0.98228725072869 0.1873813145857174 0
    outer loop
      vertex 36.96057350657239 -19.873333832178478 0
      vertex 36.84291580564316 -19.256550564175726 0
      vertex 36.96057350657239 -19.873333832178478 3
    endloop
  endfacet
  facet normal 0.9048270524660187 0.42577929156507455 0
    outer loop
      vertex 36.64888242944126 -18.65937723657661 0
      vertex 36.38153340021932 -18.091231629491425 0
      vertex 36.64888242944126 -18.65937723657661 3
    endloop
  endfacet
  facet normal 0.9510565162951524 0.30901699437495084 0
    outer loop
      vertex 36.84291580564316 -19.256550564175726 0
      vertex 36.64888242944126 -18.65937723657661 0
      vertex 36.64888242944126 -18.65937723657661 3
    endloop
  endfacet
  facet normal 0.12533323356430573 0.9921147013144777 0
    outer loop
      vertex 32.31395259764657 -15.509866357858641 0
      vertex 32.93690657292862 -15.588563746356556 3
      vertex 32.93690657292862 -15.588563746356556 0
    endloop
  endfacet
  facet normal 0.24868988716485468 0.9685831611286311 0
    outer loop
      vertex 32.93690657292862 -15.588563746356556 0
      vertex 32.93690657292862 -15.588563746356556 3
      vertex 33.545084971874736 -15.744717418524232 0
    endloop
  endfacet
  facet normal 0.3681245526846774 0.9297764858882517 0
    outer loop
      vertex 33.545084971874736 -15.744717418524232 0
      vertex 34.12889645782536 -15.975864737669902 3
      vertex 34.12889645782536 -15.975864737669902 0
    endloop
  endfacet
  facet normal 0.48175367410171693 0.8763066800438627 0
    outer loop
      vertex 34.67913397489498 -16.278360372489924 0
      vertex 34.12889645782536 -15.975864737669902 0
      vertex 34.67913397489498 -16.278360372489924 3
    endloop
  endfacet
  facet normal 0.7705132427757907 0.6374239897486881 0
    outer loop
      vertex 35.64484313710706 -17.077264470356557 0
      vertex 35.64484313710706 -17.077264470356557 3
      vertex 36.045084971874736 -17.561073738537633 0
    endloop
  endfacet
  facet normal 0.6845471059286874 0.7289686274214127 0
    outer loop
      vertex 35.18711994874345 -16.647433786121056 0
      vertex 35.64484313710706 -17.077264470356557 3
      vertex 35.64484313710706 -17.077264470356557 0
    endloop
  endfacet
  facet normal 0.8443279255020154 0.5358267949789961 0
    outer loop
      vertex 36.38153340021932 -18.091231629491425 0
      vertex 36.045084971874736 -17.561073738537633 0
      vertex 36.045084971874736 -17.561073738537633 3
    endloop
  endfacet
  facet normal 0.5877852522924719 0.8090169943749483 0
    outer loop
      vertex 34.67913397489498 -16.278360372489924 0
      vertex 34.67913397489498 -16.278360372489924 3
      vertex 35.18711994874345 -16.647433786121056 0
    endloop
  endfacet
  facet normal 0 0 1
    outer loop
      vertex -27.350486733116067 -29.132797823536567 3
      vertex 14.391010727596395 -25.69243356486824 3
      vertex 13.995694768281421 -25.59093367795925 3
    endloop
  endfacet
  facet normal 0 0 1
    outer loop
      vertex -27.350486733116067 -29.132797823536567 3
      vertex 14.79593081152973 -25.743586867391883 3
      vertex 14.391010727596395 -25.69243356486824 3
    endloop
  endfacet
  facet normal 0 0 1
    outer loop
      vertex -27.350486733116067 -29.132797823536567 3
      vertex 15.20406918847027 -25.743586867391883 3
      vertex 14.79593081152973 -25.743586867391883 3
    endloop
  endfacet
  facet normal 0 0 1
    outer loop
      vertex -27.350486733116067 -29.132797823536567 3
      vertex 13.995694768281421 -25.59093367795925 3
      vertex 13.616217302413514 -25.440687920514563 3
    endloop
  endfacet
  facet normal 0 0 1
    outer loop
      vertex 1.004305231718579 -25.59093367795925 3
      vertex 7.386977064847235 -24.29644811117089 3
      vertex 1.3837826975864855 -25.440687920514563 3
    endloop
  endfacet
  facet normal 0 0 1
    outer loop
      vertex 1.3837826975864855 -25.440687920514563 3
      vertex 7.162713633745695 -24.26811705131164 3
      vertex 1.7414370836817377 -25.24406575788155 3
    endloop
  endfacet
  facet normal 0 0 1
    outer loop
      vertex 1.7414370836817377 -25.24406575788155 3
      vertex 6.943769410125094 -24.211901729331277 3
      vertex 2.0716279666832422 -25.004168039021316 3
    endloop
  endfacet
  facet normal 0 0 1
    outer loop
      vertex 2.0716279666832422 -25.004168039021316 3
      vertex 6.73359727518287 -24.128688694438836 3
      vertex 2.369148039119588 -24.72477809426824 3
    endloop
  endfacet
  facet normal 0 0 1
    outer loop
      vertex 2.369148039119588 -24.72477809426824 3
      vertex 6.5355117690378055 -24.019790265903627 3
      vertex 2.629305231718579 -24.41030206995054 3
    endloop
  endfacet
  facet normal 0 0 1
    outer loop
      vertex 2.629305231718579 -24.41030206995054 3
      vertex 6.187856470641459 -23.73218479067164 3
      vertex 2.8479967101425565 -24.065699440830574 3
    endloop
  endfacet
  facet normal 0 0 1
    outer loop
      vertex 2.8479967101425565 -24.065699440830574 3
      vertex 6.043769410125094 -23.558013454126453 3
      vertex 3.0217735791368163 -23.696404796225206 3
    endloop
  endfacet
  facet normal 0 0 1
    outer loop
      vertex 5.922647975921046 -23.367156613383088 3
      vertex 3.1478952736680514 -23.308242133285777 3
      vertex 3.0217735791368163 -23.696404796225206 3
    endloop
  endfacet
  facet normal 0 0 1
    outer loop
      vertex 5.922647975921046 -23.367156613383088 3
      vertex 3.224372779272053 -22.907333009083988 3
      vertex 3.1478952736680514 -23.308242133285777 3
    endloop
  endfacet
  facet normal 0 0 1
    outer loop
      vertex 3.224372779272053 -22.907333009083988 3
      vertex 5.71419353763394 -22.72559982041575 3
      vertex 3.25 -22.5 3
    endloop
  endfacet
  facet normal 0 0 1
    outer loop
      vertex 3.25 -22.5 3
      vertex 5.71419353763394 -22.27440017958425 3
      vertex 3.224372779272053 -22.092666990916012 3
    endloop
  endfacet
  facet normal 0 0 1
    outer loop
      vertex -27.350486733116067 -29.132797823536567 3
      vertex 32.31395259764657 -29.49013364214136 3
      vertex 15.20406918847027 -25.743586867391883 3
    endloop
  endfacet
  facet normal 0 0 1
    outer loop
      vertex 0.20406918847026972 -25.743586867391883 3
      vertex 13.616217302413514 -25.440687920514563 3
      vertex 0.6089892724036057 -25.69243356486824 3
    endloop
  endfacet
  facet normal 0 0 1
    outer loop
      vertex 0.6089892724036057 -25.69243356486824 3
      vertex 13.616217302413514 -25.440687920514563 3
      vertex 1.004305231718579 -25.59093367795925 3
    endloop
  endfacet
  facet normal 0 0 1
    outer loop
      vertex 2.629305231718579 -24.41030206995054 3
      vertex 6.352636818452359 -23.88692383699642 3
      vertex 6.187856470641459 -23.73218479067164 3
    endloop
  endfacet
  facet normal 0 0 1
    outer loop
      vertex 2.629305231718579 -24.41030206995054 3
      vertex 6.5355117690378055 -24.019790265903627 3
      vertex 6.352636818452359 -23.88692383699642 3
    endloop
  endfacet
  facet normal 0 0 1
    outer loop
      vertex 1.004305231718579 -25.59093367795925 3
      vertex 7.613022935152765 -24.29644811117089 3
      vertex 7.386977064847235 -24.29644811117089 3
    endloop
  endfacet
  facet normal 0 0 1
    outer loop
      vertex 1.3837826975864855 -25.440687920514563 3
      vertex 7.386977064847235 -24.29644811117089 3
      vertex 7.162713633745695 -24.26811705131164 3
    endloop
  endfacet
  facet normal 0 0 1
    outer loop
      vertex 1.7414370836817377 -25.24406575788155 3
      vertex 7.162713633745695 -24.26811705131164 3
      vertex 6.943769410125094 -24.211901729331277 3
    endloop
  endfacet
  facet normal 0 0 1
    outer loop
      vertex 2.0716279666832422 -25.004168039021316 3
      vertex 6.943769410125094 -24.211901729331277 3
      vertex 6.73359727518287 -24.128688694438836 3
    endloop
  endfacet
  facet normal 0 0 1
    outer loop
      vertex 2.369148039119588 -24.72477809426824 3
      vertex 6.73359727518287 -24.128688694438836 3
      vertex 6.5355117690378055 -24.019790265903627 3
    endloop
  endfacet
  facet normal 0 0 1
    outer loop
      vertex 2.8479967101425565 -24.065699440830574 3
      vertex 6.187856470641459 -23.73218479067164 3
      vertex 6.043769410125094 -23.558013454126453 3
    endloop
  endfacet
  facet normal 0 0 1
    outer loop
      vertex 5.922647975921046 -23.367156613383088 3
      vertex 3.0217735791368163 -23.696404796225206 3
      vertex 6.043769410125094 -23.558013454126453 3
    endloop
  endfacet
  facet normal 0 0 1
    outer loop
      vertex 3.224372779272053 -22.907333009083988 3
      vertex 5.922647975921046 -23.367156613383088 3
      vertex 5.826402325401148 -23.16262419483242 3
    endloop
  endfacet
  facet normal 0 0 1
    outer loop
      vertex 3.224372779272053 -22.907333009083988 3
      vertex 5.756550309968464 -22.94764179689674 3
      vertex 5.71419353763394 -22.72559982041575 3
    endloop
  endfacet
  facet normal 0 0 1
    outer loop
      vertex 3.224372779272053 -22.907333009083988 3
      vertex 5.826402325401148 -23.16262419483242 3
      vertex 5.756550309968464 -22.94764179689674 3
    endloop
  endfacet
  facet normal 0 0 1
    outer loop
      vertex 3.25 -22.5 3
      vertex 5.71419353763394 -22.72559982041575 3
      vertex 5.7 -22.5 3
    endloop
  endfacet
  facet normal 0 0 1
    outer loop
      vertex 3.25 -22.5 3
      vertex 5.7 -22.5 3
      vertex 5.71419353763394 -22.27440017958425 3
    endloop
  endfacet
  facet normal 0 0 1
    outer loop
      vertex 3.224372779272053 -22.092666990916012 3
      vertex 5.71419353763394 -22.27440017958425 3
      vertex 5.756550309968464 -22.05235820310326 3
    endloop
  endfacet
  facet normal 0 0 1
    outer loop
      vertex 1.004305231718579 -25.59093367795925 3
      vertex 13.616217302413514 -25.440687920514563 3
      vertex 7.613022935152765 -24.29644811117089 3
    endloop
  endfacet
  facet normal 0 0 1
    outer loop
      vertex -23 -16.64675994720291 3
      vertex 13.995694768281421 -19.40906632204075 3
      vertex 14.391010727596395 -19.30756643513176 3
    endloop
  endfacet
  facet normal 0 0 1
    outer loop
      vertex 3.224372779272053 -22.092666990916012 3
      vertex 5.756550309968464 -22.05235820310326 3
      vertex 3.147895273668051 -21.691757866714223 3
    endloop
  endfacet
  facet normal 0 0 1
    outer loop
      vertex 3.0217735791368168 -21.303595203774798 3
      vertex 3.147895273668051 -21.691757866714223 3
      vertex 5.826402325401148 -21.83737580516758 3
    endloop
  endfacet
  facet normal 0 0 1
    outer loop
      vertex 3.0217735791368168 -21.303595203774798 3
      vertex 6.043769410125094 -21.441986545873547 3
      vertex 2.8479967101425565 -20.934300559169426 3
    endloop
  endfacet
  facet normal 0 0 1
    outer loop
      vertex 2.8479967101425565 -20.934300559169426 3
      vertex 6.187856470641459 -21.26781520932836 3
      vertex 2.629305231718579 -20.58969793004946 3
    endloop
  endfacet
  facet normal 0 0 1
    outer loop
      vertex 2.071627966683242 -19.995831960978684 3
      vertex 2.3691480391195876 -20.27522190573176 3
      vertex 6.733597275182869 -20.871311305561164 3
    endloop
  endfacet
  facet normal 0 0 1
    outer loop
      vertex 2.3691480391195876 -20.27522190573176 3
      vertex 2.629305231718579 -20.58969793004946 3
      vertex 6.5355117690378055 -20.980209734096373 3
    endloop
  endfacet
  facet normal 0 0 1
    outer loop
      vertex -23 -16.64675994720291 3
      vertex 14.391010727596395 -19.30756643513176 3
      vertex 14.795930811529733 -19.256413132608117 3
    endloop
  endfacet
  facet normal 0 0 1
    outer loop
      vertex -23 -16.64675994720291 3
      vertex 14.795930811529733 -19.256413132608117 3
      vertex 15.204069188470267 -19.256413132608117 3
    endloop
  endfacet
  facet normal 0 0 1
    outer loop
      vertex 3.147895273668051 -21.691757866714223 3
      vertex 5.756550309968464 -22.05235820310326 3
      vertex 5.826402325401148 -21.83737580516758 3
    endloop
  endfacet
  facet normal 0 0 1
    outer loop
      vertex 3.0217735791368168 -21.303595203774798 3
      vertex 5.826402325401148 -21.83737580516758 3
      vertex 5.922647975921046 -21.632843386616912 3
    endloop
  endfacet
  facet normal 0 0 1
    outer loop
      vertex 3.0217735791368168 -21.303595203774798 3
      vertex 5.922647975921046 -21.632843386616912 3
      vertex 6.043769410125094 -21.441986545873547 3
    endloop
  endfacet
  facet normal 0 0 1
    outer loop
      vertex 2.8479967101425565 -20.934300559169426 3
      vertex 6.043769410125094 -21.441986545873547 3
      vertex 6.187856470641459 -21.26781520932836 3
    endloop
  endfacet
  facet normal 0 0 1
    outer loop
      vertex 2.629305231718579 -20.58969793004946 3
      vertex 6.187856470641459 -21.26781520932836 3
      vertex 6.352636818452359 -21.11307616300358 3
    endloop
  endfacet
  facet normal 0 0 1
    outer loop
      vertex 2.629305231718579 -20.58969793004946 3
      vertex 6.352636818452359 -21.11307616300358 3
      vertex 6.5355117690378055 -20.980209734096373 3
    endloop
  endfacet
  facet normal 0 0 1
    outer loop
      vertex 2.3691480391195876 -20.27522190573176 3
      vertex 6.5355117690378055 -20.980209734096373 3
      vertex 6.733597275182869 -20.871311305561164 3
    endloop
  endfacet
  facet normal 0 0 1
    outer loop
      vertex 2.071627966683242 -19.995831960978684 3
      vertex 6.733597275182869 -20.871311305561164 3
      vertex 6.943769410125094 -20.788098270668723 3
    endloop
  endfacet
  facet normal 0 0 1
    outer loop
      vertex 2.071627966683242 -19.995831960978684 3
      vertex 6.943769410125094 -20.788098270668723 3
      vertex 7.162713633745696 -20.73188294868836 3
    endloop
  endfacet
  facet normal 0 0 1
    outer loop
      vertex 2.071627966683242 -19.995831960978684 3
      vertex 7.162713633745696 -20.73188294868836 3
      vertex 7.386977064847236 -20.70355188882911 3
    endloop
  endfacet
  facet normal 0 0 1
    outer loop
      vertex 2.071627966683242 -19.995831960978684 3
      vertex 7.386977064847236 -20.70355188882911 3
      vertex 7.613022935152764 -20.70355188882911 3
    endloop
  endfacet
  facet normal 0 0 1
    outer loop
      vertex 0.6089892724036049 -19.30756643513176 3
      vertex 1.004305231718579 -19.40906632204075 3
      vertex 13.995694768281421 -19.40906632204075 3
    endloop
  endfacet
  facet normal 0 0 1
    outer loop
      vertex 2.071627966683242 -19.995831960978684 3
      vertex 13.25856291631826 -19.75593424211845 3
      vertex 1.7414370836817392 -19.75593424211845 3
    endloop
  endfacet
  facet normal 0 0 1
    outer loop
      vertex 1.7414370836817392 -19.75593424211845 3
      vertex 13.25856291631826 -19.75593424211845 3
      vertex 1.3837826975864864 -19.559312079485437 3
    endloop
  endfacet
  facet normal 0 0 1
    outer loop
      vertex 1.004305231718579 -19.40906632204075 3
      vertex 1.3837826975864864 -19.559312079485437 3
      vertex 13.616217302413514 -19.559312079485437 3
    endloop
  endfacet
  facet normal 0 0 1
    outer loop
      vertex 0.6089892724036049 -19.30756643513176 3
      vertex 13.995694768281421 -19.40906632204075 3
      vertex 0.20406918847026814 -19.256413132608117 3
    endloop
  endfacet
  facet normal 0 0 1
    outer loop
      vertex 2.071627966683242 -19.995831960978684 3
      vertex 7.613022935152764 -20.70355188882911 3
      vertex 12.152003289857443 -20.934300559169426 3
    endloop
  endfacet
  facet normal 0 0 1
    outer loop
      vertex 12.152003289857443 -20.934300559169426 3
      vertex 7.613022935152764 -20.70355188882911 3
      vertex 7.837286366254304 -20.73188294868836 3
    endloop
  endfacet
  facet normal 0 0 1
    outer loop
      vertex 2.071627966683242 -19.995831960978684 3
      vertex 12.152003289857443 -20.934300559169426 3
      vertex 12.370694768281421 -20.58969793004946 3
    endloop
  endfacet
  facet normal 0 0 1
    outer loop
      vertex 2.071627966683242 -19.995831960978684 3
      vertex 12.370694768281421 -20.58969793004946 3
      vertex 12.630851960880412 -20.27522190573176 3
    endloop
  endfacet
  facet normal 0 0 1
    outer loop
      vertex 2.071627966683242 -19.995831960978684 3
      vertex 12.630851960880412 -20.27522190573176 3
      vertex 12.928372033316759 -19.995831960978684 3
    endloop
  endfacet
  facet normal 0 0 1
    outer loop
      vertex -23 -16.64675994720291 3
      vertex 15.204069188470267 -19.256413132608117 3
      vertex 32.93690657292862 -15.588563746356556 3
    endloop
  endfacet
  facet normal 0 0 1
    outer loop
      vertex 7.613022935152765 -24.29644811117089 3
      vertex 13.616217302413514 -25.440687920514563 3
      vertex 7.837286366254305 -24.26811705131164 3
    endloop
  endfacet
  facet normal 0 0 1
    outer loop
      vertex 7.837286366254305 -24.26811705131164 3
      vertex 13.25856291631826 -25.24406575788155 3
      vertex 8.056230589874906 -24.211901729331277 3
    endloop
  endfacet
  facet normal 0 0 1
    outer loop
      vertex 12.928372033316759 -25.004168039021316 3
      vertex 8.26640272481713 -24.128688694438836 3
      vertex 8.056230589874906 -24.211901729331277 3
    endloop
  endfacet
  facet normal 0 0 1
    outer loop
      vertex 8.464488230962193 -24.019790265903627 3
      vertex 12.370694768281421 -24.41030206995054 3
      vertex 8.647363181547641 -23.88692383699642 3
    endloop
  endfacet
  facet normal 0 0 1
    outer loop
      vertex 8.26640272481713 -24.128688694438836 3
      vertex 12.928372033316759 -25.004168039021316 3
      vertex 8.464488230962193 -24.019790265903627 3
    endloop
  endfacet
  facet normal 0 0 1
    outer loop
      vertex 12.928372033316759 -25.004168039021316 3
      vertex 8.056230589874906 -24.211901729331277 3
      vertex 13.25856291631826 -25.24406575788155 3
    endloop
  endfacet
  facet normal 0 0 1
    outer loop
      vertex 8.464488230962193 -24.019790265903627 3
      vertex 12.928372033316759 -25.004168039021316 3
      vertex 12.630851960880412 -24.72477809426824 3
    endloop
  endfacet
  facet normal 0 0 1
    outer loop
      vertex 8.464488230962193 -24.019790265903627 3
      vertex 12.630851960880412 -24.72477809426824 3
      vertex 12.370694768281421 -24.41030206995054 3
    endloop
  endfacet
  facet normal 0 0 1
    outer loop
      vertex 8.647363181547641 -23.88692383699642 3
      vertex 12.370694768281421 -24.41030206995054 3
      vertex 12.152003289857443 -24.065699440830574 3
    endloop
  endfacet
  facet normal 0 0 1
    outer loop
      vertex 8.647363181547641 -23.88692383699642 3
      vertex 12.152003289857443 -24.065699440830574 3
      vertex 8.812143529358542 -23.73218479067164 3
    endloop
  endfacet
  facet normal 0 0 1
    outer loop
      vertex 8.812143529358542 -23.73218479067164 3
      vertex 12.152003289857443 -24.065699440830574 3
      vertex 8.956230589874906 -23.558013454126453 3
    endloop
  endfacet
  facet normal 0 0 1
    outer loop
      vertex 8.956230589874906 -23.558013454126453 3
      vertex 11.978226420863184 -23.696404796225202 3
      vertex 9.077352024078955 -23.367156613383088 3
    endloop
  endfacet
  facet normal 0 0 1
    outer loop
      vertex 9.077352024078955 -23.367156613383088 3
      vertex 11.852104726331948 -23.308242133285777 3
      vertex 9.173597674598852 -23.16262419483242 3
    endloop
  endfacet
  facet normal 0 0 1
    outer loop
      vertex 9.173597674598852 -23.16262419483242 3
      vertex 11.852104726331948 -23.308242133285777 3
      vertex 9.243449690031536 -22.94764179689674 3
    endloop
  endfacet
  facet normal 0 0 1
    outer loop
      vertex 9.243449690031536 -22.94764179689674 3
      vertex 11.775627220727948 -22.907333009083988 3
      vertex 9.285806462366061 -22.72559982041575 3
    endloop
  endfacet
  facet normal 0 0 1
    outer loop
      vertex 9.285806462366061 -22.72559982041575 3
      vertex 11.75 -22.5 3
      vertex 9.3 -22.5 3
    endloop
  endfacet
  facet normal 0 0 1
    outer loop
      vertex 9.3 -22.5 3
      vertex 11.75 -22.5 3
      vertex 9.285806462366061 -22.27440017958425 3
    endloop
  endfacet
  facet normal 0 0 1
    outer loop
      vertex 9.285806462366061 -22.27440017958425 3
      vertex 11.775627220727948 -22.092666990916012 3
      vertex 9.243449690031536 -22.05235820310326 3
    endloop
  endfacet
  facet normal 0 0 1
    outer loop
      vertex 9.077352024078955 -23.367156613383088 3
      vertex 11.978226420863184 -23.696404796225202 3
      vertex 11.852104726331948 -23.308242133285777 3
    endloop
  endfacet
  facet normal 0 0 1
    outer loop
      vertex 9.243449690031536 -22.94764179689674 3
      vertex 11.852104726331948 -23.308242133285777 3
      vertex 11.775627220727948 -22.907333009083988 3
    endloop
  endfacet
  facet normal 0 0 1
    outer loop
      vertex 8.956230589874906 -23.558013454126453 3
      vertex 12.152003289857443 -24.065699440830574 3
      vertex 11.978226420863184 -23.696404796225202 3
    endloop
  endfacet
  facet normal 0 0 1
    outer loop
      vertex 9.285806462366061 -22.72559982041575 3
      vertex 11.775627220727948 -22.907333009083988 3
      vertex 11.75 -22.5 3
    endloop
  endfacet
  facet normal 0 0 1
    outer loop
      vertex 9.285806462366061 -22.27440017958425 3
      vertex 11.75 -22.5 3
      vertex 11.775627220727948 -22.092666990916012 3
    endloop
  endfacet
  facet normal 0 0 1
    outer loop
      vertex 7.837286366254305 -24.26811705131164 3
      vertex 13.616217302413514 -25.440687920514563 3
      vertex 13.25856291631826 -25.24406575788155 3
    endloop
  endfacet
  facet normal 0 0 1
    outer loop
      vertex 9.243449690031536 -22.05235820310326 3
      vertex 11.852104726331948 -21.691757866714223 3
      vertex 9.173597674598852 -21.83737580516758 3
    endloop
  endfacet
  facet normal 0 0 1
    outer loop
      vertex 9.173597674598852 -21.83737580516758 3
      vertex 11.978226420863184 -21.303595203774798 3
      vertex 9.077352024078955 -21.632843386616912 3
    endloop
  endfacet
  facet normal 0 0 1
    outer loop
      vertex 8.956230589874906 -21.441986545873547 3
      vertex 9.077352024078955 -21.632843386616912 3
      vertex 11.978226420863184 -21.303595203774798 3
    endloop
  endfacet
  facet normal 0 0 1
    outer loop
      vertex 12.152003289857443 -20.934300559169426 3
      vertex 8.81214352935854 -21.26781520932836 3
      vertex 8.956230589874906 -21.441986545873547 3
    endloop
  endfacet
  facet normal 0 0 1
    outer loop
      vertex 12.152003289857443 -20.934300559169426 3
      vertex 7.837286366254304 -20.73188294868836 3
      vertex 8.056230589874906 -20.788098270668723 3
    endloop
  endfacet
  facet normal 0 0 1
    outer loop
      vertex 12.152003289857443 -20.934300559169426 3
      vertex 8.056230589874906 -20.788098270668723 3
      vertex 8.26640272481713 -20.871311305561164 3
    endloop
  endfacet
  facet normal 0 0 1
    outer loop
      vertex 12.152003289857443 -20.934300559169426 3
      vertex 8.464488230962194 -20.980209734096373 3
      vertex 8.647363181547641 -21.11307616300358 3
    endloop
  endfacet
  facet normal 0 0 1
    outer loop
      vertex 12.152003289857443 -20.934300559169426 3
      vertex 8.26640272481713 -20.871311305561164 3
      vertex 8.464488230962194 -20.980209734096373 3
    endloop
  endfacet
  facet normal 0 0 1
    outer loop
      vertex 12.152003289857443 -20.934300559169426 3
      vertex 8.647363181547641 -21.11307616300358 3
      vertex 8.81214352935854 -21.26781520932836 3
    endloop
  endfacet
  facet normal 0 0 1
    outer loop
      vertex 9.243449690031536 -22.05235820310326 3
      vertex 11.775627220727948 -22.092666990916012 3
      vertex 11.852104726331948 -21.691757866714223 3
    endloop
  endfacet
  facet normal 0 0 1
    outer loop
      vertex 9.173597674598852 -21.83737580516758 3
      vertex 11.852104726331948 -21.691757866714223 3
      vertex 11.978226420863184 -21.303595203774798 3
    endloop
  endfacet
  facet normal 0 0 1
    outer loop
      vertex 12.152003289857443 -20.934300559169426 3
      vertex 8.956230589874906 -21.441986545873547 3
      vertex 11.978226420863184 -21.303595203774798 3
    endloop
  endfacet
  facet normal 0 0 1
    outer loop
      vertex 2.071627966683242 -19.995831960978684 3
      vertex 12.928372033316759 -19.995831960978684 3
      vertex 13.25856291631826 -19.75593424211845 3
    endloop
  endfacet
  facet normal 0 0 1
    outer loop
      vertex 1.3837826975864864 -19.559312079485437 3
      vertex 13.25856291631826 -19.75593424211845 3
      vertex 13.616217302413514 -19.559312079485437 3
    endloop
  endfacet
  facet normal 0 0 1
    outer loop
      vertex 1.004305231718579 -19.40906632204075 3
      vertex 13.616217302413514 -19.559312079485437 3
      vertex 13.995694768281421 -19.40906632204075 3
    endloop
  endfacet
  facet normal 0 0 1
    outer loop
      vertex 16.383782697586486 -19.559312079485437 3
      vertex 16.74143708368174 -19.75593424211845 3
      vertex 22.162713633745696 -20.73188294868836 3
    endloop
  endfacet
  facet normal 0 0 1
    outer loop
      vertex -23 -15.509866357858641 3
      vertex 32.93690657292862 -15.588563746356556 3
      vertex 32.31395259764657 -15.509866357858641 3
    endloop
  endfacet
  facet normal 0.12533323356430573 -0.9921147013144777 0
    outer loop
      vertex 32.93690657292862 -29.411436253643444 0
      vertex 32.93690657292862 -29.411436253643444 3
      vertex 32.31395259764657 -29.49013364214136 3
    endloop
  endfacet
  facet normal 0.24868988716485468 -0.9685831611286311 0
    outer loop
      vertex 32.93690657292862 -29.411436253643444 0
      vertex 33.545084971874736 -29.255282581475768 3
      vertex 32.93690657292862 -29.411436253643444 3
    endloop
  endfacet
  facet normal 0.3681245526846774 -0.9297764858882517 0
    outer loop
      vertex 34.12889645782536 -29.0241352623301 0
      vertex 34.12889645782536 -29.0241352623301 3
      vertex 33.545084971874736 -29.255282581475768 3
    endloop
  endfacet
  facet normal 0.48175367410171693 -0.8763066800438627 0
    outer loop
      vertex 34.12889645782536 -29.0241352623301 0
      vertex 34.67913397489498 -28.721639627510076 3
      vertex 34.12889645782536 -29.0241352623301 3
    endloop
  endfacet
  facet normal 0.5877852522924719 -0.8090169943749483 0
    outer loop
      vertex 35.18711994874345 -28.352566213878944 0
      vertex 35.18711994874345 -28.352566213878944 3
      vertex 34.67913397489498 -28.721639627510076 3
    endloop
  endfacet
  facet normal 0.6845471059286874 -0.7289686274214127 0
    outer loop
      vertex 35.64484313710706 -27.922735529643443 0
      vertex 35.64484313710706 -27.922735529643443 3
      vertex 35.18711994874345 -28.352566213878944 3
    endloop
  endfacet
  facet normal 0.7705132427757907 -0.6374239897486881 0
    outer loop
      vertex 35.64484313710706 -27.922735529643443 0
      vertex 36.045084971874736 -27.438926261462367 3
      vertex 35.64484313710706 -27.922735529643443 3
    endloop
  endfacet
  facet normal 0.8443279255020154 -0.5358267949789961 0
    outer loop
      vertex 36.045084971874736 -27.438926261462367 0
      vertex 36.38153340021932 -26.908768370508575 3
      vertex 36.045084971874736 -27.438926261462367 3
    endloop
  endfacet
  facet normal 0.9048270524660187 -0.42577929156507455 0
    outer loop
      vertex 36.64888242944126 -26.34062276342339 0
      vertex 36.64888242944126 -26.34062276342339 3
      vertex 36.38153340021932 -26.908768370508575 3
    endloop
  endfacet
  facet normal 0.951056516295153 -0.30901699437494917 0
    outer loop
      vertex 36.84291580564316 -25.74344943582427 0
      vertex 36.84291580564316 -25.74344943582427 3
      vertex 36.64888242944126 -26.34062276342339 3
    endloop
  endfacet
  facet normal 0.98228725072869 -0.1873813145857174 0
    outer loop
      vertex 36.96057350657239 -25.12666616782152 0
      vertex 36.96057350657239 -25.12666616782152 3
      vertex 36.84291580564316 -25.74344943582427 3
    endloop
  endfacet
  facet normal 0.9980267284282714 -0.06279051952931593 0
    outer loop
      vertex 36.96057350657239 -25.12666616782152 0
      vertex 37 -24.5 3
      vertex 36.96057350657239 -25.12666616782152 3
    endloop
  endfacet
  facet normal 1 0 0
    outer loop
      vertex 37 -20.5 0
      vertex 37 -20.5 3
      vertex 37 -24.5 3
    endloop
  endfacet
  facet normal 0.9980267284282714 0.06279051952931557 0
    outer loop
      vertex 37 -20.5 0
      vertex 36.96057350657239 -19.873333832178478 3
      vertex 37 -20.5 3
    endloop
  endfacet
  facet normal 0.98228725072869 0.1873813145857174 0
    outer loop
      vertex 36.84291580564316 -19.256550564175726 0
      vertex 36.84291580564316 -19.256550564175726 3
      vertex 36.96057350657239 -19.873333832178478 3
    endloop
  endfacet
  facet normal 0.9510565162951524 0.30901699437495084 0
    outer loop
      vertex 36.84291580564316 -19.256550564175726 0
      vertex 36.64888242944126 -18.65937723657661 3
      vertex 36.84291580564316 -19.256550564175726 3
    endloop
  endfacet
  facet normal 0.24868988716485468 0.9685831611286311 0
    outer loop
      vertex 33.545084971874736 -15.744717418524232 0
      vertex 32.93690657292862 -15.588563746356556 3
      vertex 33.545084971874736 -15.744717418524232 3
    endloop
  endfacet
  facet normal 0.12533323356430573 0.9921147013144777 0
    outer loop
      vertex 32.31395259764657 -15.509866357858641 0
      vertex 32.31395259764657 -15.509866357858641 3
      vertex 32.93690657292862 -15.588563746356556 3
    endloop
  endfacet
  facet normal 0.3681245526846774 0.9297764858882517 0
    outer loop
      vertex 33.545084971874736 -15.744717418524232 0
      vertex 33.545084971874736 -15.744717418524232 3
      vertex 34.12889645782536 -15.975864737669902 3
    endloop
  endfacet
  facet normal 0.48175367410171693 0.8763066800438627 0
    outer loop
      vertex 34.12889645782536 -15.975864737669902 0
      vertex 34.12889645782536 -15.975864737669902 3
      vertex 34.67913397489498 -16.278360372489924 3
    endloop
  endfacet
  facet normal 0.6845471059286874 0.7289686274214127 0
    outer loop
      vertex 35.18711994874345 -16.647433786121056 0
      vertex 35.18711994874345 -16.647433786121056 3
      vertex 35.64484313710706 -17.077264470356557 3
    endloop
  endfacet
  facet normal 0.8443279255020154 0.5358267949789961 0
    outer loop
      vertex 36.38153340021932 -18.091231629491425 0
      vertex 36.045084971874736 -17.561073738537633 3
      vertex 36.38153340021932 -18.091231629491425 3
    endloop
  endfacet
  facet normal 0.9048270524660187 0.42577929156507455 0
    outer loop
      vertex 36.38153340021932 -18.091231629491425 0
      vertex 36.38153340021932 -18.091231629491425 3
      vertex 36.64888242944126 -18.65937723657661 3
    endloop
  endfacet
  facet normal 0.7705132427757907 0.6374239897486881 0
    outer loop
      vertex 36.045084971874736 -17.561073738537633 0
      vertex 35.64484313710706 -17.077264470356557 3
      vertex 36.045084971874736 -17.561073738537633 3
    endloop
  endfacet
  facet normal 0.5877852522924719 0.8090169943749483 0
    outer loop
      vertex 35.18711994874345 -16.647433786121056 0
      vertex 34.67913397489498 -16.278360372489924 3
      vertex 35.18711994874345 -16.647433786121056 3
    endloop
  endfacet
  facet normal 0 0 1
    outer loop
      vertex 32.31395259764657 -29.49013364214136 3
      vertex 15.608989272403605 -25.69243356486824 3
      vertex 15.20406918847027 -25.743586867391883 3
    endloop
  endfacet
  facet normal 0 0 1
    outer loop
      vertex 32.31395259764657 -29.49013364214136 3
      vertex 16.00430523171858 -25.59093367795925 3
      vertex 15.608989272403605 -25.69243356486824 3
    endloop
  endfacet
  facet normal 0 0 1
    outer loop
      vertex 32.31395259764657 -29.49013364214136 3
      vertex 16.383782697586486 -25.440687920514563 3
      vertex 16.00430523171858 -25.59093367795925 3
    endloop
  endfacet
  facet normal 0 0 1
    outer loop
      vertex 32.31395259764657 -29.49013364214136 3
      vertex 16.74143708368174 -25.24406575788155 3
      vertex 16.383782697586486 -25.440687920514563 3
    endloop
  endfacet
  facet normal 0 0 1
    outer loop
      vertex 32.31395259764657 -29.49013364214136 3
      vertex 17.07162796668324 -25.004168039021316 3
      vertex 16.74143708368174 -25.24406575788155 3
    endloop
  endfacet
  facet normal 0 0 1
    outer loop
      vertex 17.07162796668324 -25.004168039021316 3
      vertex 21.73359727518287 -24.128688694438836 3
      vertex 17.369148039119587 -24.72477809426824 3
    endloop
  endfacet
  facet normal 0 0 1
    outer loop
      vertex 17.369148039119587 -24.72477809426824 3
      vertex 21.535511769037807 -24.019790265903627 3
      vertex 17.62930523171858 -24.41030206995054 3
    endloop
  endfacet
  facet normal 0 0 1
    outer loop
      vertex 17.62930523171858 -24.41030206995054 3
      vertex 21.18785647064146 -23.73218479067164 3
      vertex 17.847996710142557 -24.065699440830574 3
    endloop
  endfacet
  facet normal 0 0 1
    outer loop
      vertex 17.369148039119587 -24.72477809426824 3
      vertex 21.73359727518287 -24.128688694438836 3
      vertex 21.535511769037807 -24.019790265903627 3
    endloop
  endfacet
  facet normal 0 0 1
    outer loop
      vertex 17.62930523171858 -24.41030206995054 3
      vertex 21.35263681845236 -23.88692383699642 3
      vertex 21.18785647064146 -23.73218479067164 3
    endloop
  endfacet
  facet normal 0 0 1
    outer loop
      vertex 17.62930523171858 -24.41030206995054 3
      vertex 21.535511769037807 -24.019790265903627 3
      vertex 21.35263681845236 -23.88692383699642 3
    endloop
  endfacet
  facet normal 0 0 1
    outer loop
      vertex 17.07162796668324 -25.004168039021316 3
      vertex 21.943769410125096 -24.211901729331277 3
      vertex 21.73359727518287 -24.128688694438836 3
    endloop
  endfacet
  facet normal 0 0 1
    outer loop
      vertex 17.847996710142557 -24.065699440830574 3
      vertex 21.043769410125094 -23.558013454126453 3
      vertex 18.021773579136816 -23.696404796225206 3
    endloop
  endfacet
  facet normal 0 0 1
    outer loop
      vertex 18.021773579136816 -23.696404796225206 3
      vertex 20.826402325401148 -23.16262419483242 3
      vertex 18.147895273668052 -23.308242133285777 3
    endloop
  endfacet
  facet normal 0 0 1
    outer loop
      vertex 18.147895273668052 -23.308242133285777 3
      vertex 20.756550309968464 -22.94764179689674 3
      vertex 18.224372779272052 -22.907333009083988 3
    endloop
  endfacet
  facet normal 0 0 1
    outer loop
      vertex 18.224372779272052 -22.907333009083988 3
      vertex 20.71419353763394 -22.72559982041575 3
      vertex 18.25 -22.5 3
    endloop
  endfacet
  facet normal 0 0 1
    outer loop
      vertex 20.71419353763394 -22.27440017958425 3
      vertex 18.224372779272052 -22.092666990916012 3
      vertex 18.25 -22.5 3
    endloop
  endfacet
  facet normal 0 0 1
    outer loop
      vertex 17.847996710142557 -24.065699440830574 3
      vertex 21.18785647064146 -23.73218479067164 3
      vertex 21.043769410125094 -23.558013454126453 3
    endloop
  endfacet
  facet normal 0 0 1
    outer loop
      vertex 18.021773579136816 -23.696404796225206 3
      vertex 21.043769410125094 -23.558013454126453 3
      vertex 20.922647975921045 -23.367156613383088 3
    endloop
  endfacet
  facet normal 0 0 1
    outer loop
      vertex 18.021773579136816 -23.696404796225206 3
      vertex 20.922647975921045 -23.367156613383088 3
      vertex 20.826402325401148 -23.16262419483242 3
    endloop
  endfacet
  facet normal 0 0 1
    outer loop
      vertex 18.147895273668052 -23.308242133285777 3
      vertex 20.826402325401148 -23.16262419483242 3
      vertex 20.756550309968464 -22.94764179689674 3
    endloop
  endfacet
  facet normal 0 0 1
    outer loop
      vertex 18.224372779272052 -22.907333009083988 3
      vertex 20.756550309968464 -22.94764179689674 3
      vertex 20.71419353763394 -22.72559982041575 3
    endloop
  endfacet
  facet normal 0 0 1
    outer loop
      vertex 18.25 -22.5 3
      vertex 20.71419353763394 -22.72559982041575 3
      vertex 20.7 -22.5 3
    endloop
  endfacet
  facet normal 0 0 1
    outer loop
      vertex 20.71419353763394 -22.27440017958425 3
      vertex 18.25 -22.5 3
      vertex 20.7 -22.5 3
    endloop
  endfacet
  facet normal 0 0 1
    outer loop
      vertex 18.224372779272052 -22.092666990916012 3
      vertex 20.71419353763394 -22.27440017958425 3
      vertex 20.756550309968464 -22.05235820310326 3
    endloop
  endfacet
  facet normal 0 0 1
    outer loop
      vertex 32.31395259764657 -29.49013364214136 3
      vertex 21.943769410125096 -24.211901729331277 3
      vertex 17.07162796668324 -25.004168039021316 3
    endloop
  endfacet
  facet normal 0 0 1
    outer loop
      vertex 32.31395259764657 -29.49013364214136 3
      vertex 22.162713633745696 -24.26811705131164 3
      vertex 21.943769410125096 -24.211901729331277 3
    endloop
  endfacet
  facet normal 0 0 1
    outer loop
      vertex 32.31395259764657 -29.49013364214136 3
      vertex 28.616217302413514 -25.440687920514563 3
      vertex 22.162713633745696 -24.26811705131164 3
    endloop
  endfacet
  facet normal 0 0 1
    outer loop
      vertex 22.162713633745696 -24.26811705131164 3
      vertex 28.616217302413514 -25.440687920514563 3
      vertex 22.386977064847237 -24.29644811117089 3
    endloop
  endfacet
  facet normal 0 0 1
    outer loop
      vertex 22.386977064847237 -24.29644811117089 3
      vertex 28.25856291631826 -25.24406575788155 3
      vertex 22.613022935152763 -24.29644811117089 3
    endloop
  endfacet
  facet normal 0 0 1
    outer loop
      vertex 22.613022935152763 -24.29644811117089 3
      vertex 28.25856291631826 -25.24406575788155 3
      vertex 22.837286366254304 -24.26811705131164 3
    endloop
  endfacet
  facet normal 0 0 1
    outer loop
      vertex 22.837286366254304 -24.26811705131164 3
      vertex 27.92837203331676 -25.004168039021316 3
      vertex 23.056230589874904 -24.211901729331277 3
    endloop
  endfacet
  facet normal 0 0 1
    outer loop
      vertex 23.056230589874904 -24.211901729331277 3
      vertex 27.92837203331676 -25.004168039021316 3
      vertex 23.26640272481713 -24.128688694438836 3
    endloop
  endfacet
  facet normal 0 0 1
    outer loop
      vertex 23.26640272481713 -24.128688694438836 3
      vertex 27.630851960880413 -24.72477809426824 3
      vertex 23.464488230962193 -24.019790265903627 3
    endloop
  endfacet
  facet normal 0 0 1
    outer loop
      vertex 23.464488230962193 -24.019790265903627 3
      vertex 27.37069476828142 -24.41030206995054 3
      vertex 23.647363181547643 -23.88692383699642 3
    endloop
  endfacet
  facet normal 0 0 1
    outer loop
      vertex 23.647363181547643 -23.88692383699642 3
      vertex 27.37069476828142 -24.41030206995054 3
      vertex 23.81214352935854 -23.73218479067164 3
    endloop
  endfacet
  facet normal 0 0 1
    outer loop
      vertex 23.81214352935854 -23.73218479067164 3
      vertex 27.152003289857443 -24.065699440830574 3
      vertex 23.956230589874906 -23.558013454126453 3
    endloop
  endfacet
  facet normal 0 0 1
    outer loop
      vertex 23.956230589874906 -23.558013454126453 3
      vertex 26.978226420863184 -23.696404796225202 3
      vertex 24.077352024078955 -23.367156613383088 3
    endloop
  endfacet
  facet normal 0 0 1
    outer loop
      vertex 24.077352024078955 -23.367156613383088 3
      vertex 26.978226420863184 -23.696404796225202 3
      vertex 24.173597674598852 -23.16262419483242 3
    endloop
  endfacet
  facet normal 0 0 1
    outer loop
      vertex 26.775627220727948 -22.907333009083988 3
      vertex 24.243449690031536 -22.94764179689674 3
      vertex 24.173597674598852 -23.16262419483242 3
    endloop
  endfacet
  facet normal 0 0 1
    outer loop
      vertex 24.243449690031536 -22.94764179689674 3
      vertex 26.775627220727948 -22.907333009083988 3
      vertex 24.28580646236606 -22.72559982041575 3
    endloop
  endfacet
  facet normal 0 0 1
    outer loop
      vertex 24.28580646236606 -22.72559982041575 3
      vertex 26.75 -22.5 3
      vertex 24.3 -22.5 3
    endloop
  endfacet
  facet normal 0 0 1
    outer loop
      vertex 24.3 -22.5 3
      vertex 26.75 -22.5 3
      vertex 24.28580646236606 -22.27440017958425 3
    endloop
  endfacet
  facet normal 0 0 1
    outer loop
      vertex 24.28580646236606 -22.27440017958425 3
      vertex 26.775627220727948 -22.092666990916012 3
      vertex 24.243449690031536 -22.05235820310326 3
    endloop
  endfacet
  facet normal 0 0 1
    outer loop
      vertex 22.386977064847237 -24.29644811117089 3
      vertex 28.616217302413514 -25.440687920514563 3
      vertex 28.25856291631826 -25.24406575788155 3
    endloop
  endfacet
  facet normal 0 0 1
    outer loop
      vertex 23.26640272481713 -24.128688694438836 3
      vertex 27.92837203331676 -25.004168039021316 3
      vertex 27.630851960880413 -24.72477809426824 3
    endloop
  endfacet
  facet normal 0 0 1
    outer loop
      vertex 22.837286366254304 -24.26811705131164 3
      vertex 28.25856291631826 -25.24406575788155 3
      vertex 27.92837203331676 -25.004168039021316 3
    endloop
  endfacet
  facet normal 0 0 1
    outer loop
      vertex 23.464488230962193 -24.019790265903627 3
      vertex 27.630851960880413 -24.72477809426824 3
      vertex 27.37069476828142 -24.41030206995054 3
    endloop
  endfacet
  facet normal 0 0 1
    outer loop
      vertex 23.81214352935854 -23.73218479067164 3
      vertex 27.37069476828142 -24.41030206995054 3
      vertex 27.152003289857443 -24.065699440830574 3
    endloop
  endfacet
  facet normal 0 0 1
    outer loop
      vertex 24.173597674598852 -23.16262419483242 3
      vertex 26.978226420863184 -23.696404796225202 3
      vertex 26.852104726331948 -23.308242133285777 3
    endloop
  endfacet
  facet normal 0 0 1
    outer loop
      vertex 26.775627220727948 -22.907333009083988 3
      vertex 24.173597674598852 -23.16262419483242 3
      vertex 26.852104726331948 -23.308242133285777 3
    endloop
  endfacet
  facet normal 0 0 1
    outer loop
      vertex 23.956230589874906 -23.558013454126453 3
      vertex 27.152003289857443 -24.065699440830574 3
      vertex 26.978226420863184 -23.696404796225202 3
    endloop
  endfacet
  facet normal 0 0 1
    outer loop
      vertex 24.28580646236606 -22.72559982041575 3
      vertex 26.775627220727948 -22.907333009083988 3
      vertex 26.75 -22.5 3
    endloop
  endfacet
  facet normal 0 0 1
    outer loop
      vertex 24.28580646236606 -22.27440017958425 3
      vertex 26.75 -22.5 3
      vertex 26.775627220727948 -22.092666990916012 3
    endloop
  endfacet
  facet normal 0 0 1
    outer loop
      vertex 18.224372779272052 -22.092666990916012 3
      vertex 20.756550309968464 -22.05235820310326 3
      vertex 18.147895273668052 -21.691757866714223 3
    endloop
  endfacet
  facet normal 0 0 1
    outer loop
      vertex 18.147895273668052 -21.691757866714223 3
      vertex 20.826402325401148 -21.83737580516758 3
      vertex 18.021773579136816 -21.303595203774798 3
    endloop
  endfacet
  facet normal 0 0 1
    outer loop
      vertex 18.021773579136816 -21.303595203774798 3
      vertex 21.043769410125094 -21.441986545873547 3
      vertex 17.847996710142557 -20.934300559169426 3
    endloop
  endfacet
  facet normal 0 0 1
    outer loop
      vertex 17.847996710142557 -20.934300559169426 3
      vertex 21.18785647064146 -21.26781520932836 3
      vertex 17.62930523171858 -20.58969793004946 3
    endloop
  endfacet
  facet normal 0 0 1
    outer loop
      vertex 17.07162796668324 -19.995831960978684 3
      vertex 17.369148039119587 -20.27522190573176 3
      vertex 21.73359727518287 -20.871311305561164 3
    endloop
  endfacet
  facet normal 0 0 1
    outer loop
      vertex 17.369148039119587 -20.27522190573176 3
      vertex 17.62930523171858 -20.58969793004946 3
      vertex 21.535511769037807 -20.980209734096373 3
    endloop
  endfacet
  facet normal 0 0 1
    outer loop
      vertex 18.147895273668052 -21.691757866714223 3
      vertex 20.756550309968464 -22.05235820310326 3
      vertex 20.826402325401148 -21.83737580516758 3
    endloop
  endfacet
  facet normal 0 0 1
    outer loop
      vertex 18.021773579136816 -21.303595203774798 3
      vertex 20.826402325401148 -21.83737580516758 3
      vertex 20.922647975921045 -21.632843386616912 3
    endloop
  endfacet
  facet normal 0 0 1
    outer loop
      vertex 18.021773579136816 -21.303595203774798 3
      vertex 20.922647975921045 -21.632843386616912 3
      vertex 21.043769410125094 -21.441986545873547 3
    endloop
  endfacet
  facet normal 0 0 1
    outer loop
      vertex 17.847996710142557 -20.934300559169426 3
      vertex 21.043769410125094 -21.441986545873547 3
      vertex 21.18785647064146 -21.26781520932836 3
    endloop
  endfacet
  facet normal 0 0 1
    outer loop
      vertex 17.62930523171858 -20.58969793004946 3
      vertex 21.18785647064146 -21.26781520932836 3
      vertex 21.35263681845236 -21.11307616300358 3
    endloop
  endfacet
  facet normal 0 0 1
    outer loop
      vertex 17.62930523171858 -20.58969793004946 3
      vertex 21.35263681845236 -21.11307616300358 3
      vertex 21.535511769037807 -20.980209734096373 3
    endloop
  endfacet
  facet normal 0 0 1
    outer loop
      vertex 17.369148039119587 -20.27522190573176 3
      vertex 21.535511769037807 -20.980209734096373 3
      vertex 21.73359727518287 -20.871311305561164 3
    endloop
  endfacet
  facet normal 0 0 1
    outer loop
      vertex 17.07162796668324 -19.995831960978684 3
      vertex 21.73359727518287 -20.871311305561164 3
      vertex 21.943769410125096 -20.788098270668723 3
    endloop
  endfacet
  facet normal 0 0 1
    outer loop
      vertex 16.74143708368174 -19.75593424211845 3
      vertex 21.943769410125096 -20.788098270668723 3
      vertex 22.162713633745696 -20.73188294868836 3
    endloop
  endfacet
  facet normal 0 0 1
    outer loop
      vertex 16.383782697586486 -19.559312079485437 3
      vertex 22.162713633745696 -20.73188294868836 3
      vertex 22.386977064847237 -20.70355188882911 3
    endloop
  endfacet
  facet normal 0 0 1
    outer loop
      vertex 17.07162796668324 -19.995831960978684 3
      vertex 21.943769410125096 -20.788098270668723 3
      vertex 16.74143708368174 -19.75593424211845 3
    endloop
  endfacet
  facet normal 0 0 1
    outer loop
      vertex 32.93690657292862 -15.588563746356556 3
      vertex 15.204069188470267 -19.256413132608117 3
      vertex 15.608989272403605 -19.30756643513176 3
    endloop
  endfacet
  facet normal 0 0 1
    outer loop
      vertex 32.93690657292862 -15.588563746356556 3
      vertex 15.608989272403605 -19.30756643513176 3
      vertex 16.00430523171858 -19.40906632204075 3
    endloop
  endfacet
  facet normal 0 0 1
    outer loop
      vertex 32.93690657292862 -15.588563746356556 3
      vertex 16.00430523171858 -19.40906632204075 3
      vertex 16.383782697586486 -19.559312079485437 3
    endloop
  endfacet
  facet normal 0 0 1
    outer loop
      vertex 24.243449690031536 -22.05235820310326 3
      vertex 26.852104726331948 -21.691757866714223 3
      vertex 24.173597674598852 -21.83737580516758 3
    endloop
  endfacet
  facet normal 0 0 1
    outer loop
      vertex 24.173597674598852 -21.83737580516758 3
      vertex 26.978226420863184 -21.303595203774798 3
      vertex 24.077352024078955 -21.632843386616912 3
    endloop
  endfacet
  facet normal 0 0 1
    outer loop
      vertex 24.077352024078955 -21.632843386616912 3
      vertex 26.978226420863184 -21.303595203774798 3
      vertex 23.956230589874906 -21.441986545873547 3
    endloop
  endfacet
  facet normal 0 0 1
    outer loop
      vertex 23.81214352935854 -21.26781520932836 3
      vertex 23.956230589874906 -21.441986545873547 3
      vertex 27.152003289857443 -20.934300559169426 3
    endloop
  endfacet
  facet normal 0 0 1
    outer loop
      vertex 23.464488230962193 -20.980209734096373 3
      vertex 23.647363181547643 -21.11307616300358 3
      vertex 27.37069476828142 -20.58969793004946 3
    endloop
  endfacet
  facet normal 0 0 1
    outer loop
      vertex 23.26640272481713 -20.871311305561164 3
      vertex 23.464488230962193 -20.980209734096373 3
      vertex 27.630851960880413 -20.27522190573176 3
    endloop
  endfacet
  facet normal 0 0 1
    outer loop
      vertex 23.26640272481713 -20.871311305561164 3
      vertex 27.92837203331676 -19.995831960978684 3
      vertex 23.056230589874904 -20.788098270668723 3
    endloop
  endfacet
  facet normal 0 0 1
    outer loop
      vertex 22.837286366254304 -20.73188294868836 3
      vertex 23.056230589874904 -20.788098270668723 3
      vertex 28.25856291631826 -19.75593424211845 3
    endloop
  endfacet
  facet normal 0 0 1
    outer loop
      vertex 23.81214352935854 -21.26781520932836 3
      vertex 27.37069476828142 -20.58969793004946 3
      vertex 23.647363181547643 -21.11307616300358 3
    endloop
  endfacet
  facet normal 0 0 1
    outer loop
      vertex 32.93690657292862 -15.588563746356556 3
      vertex 16.383782697586486 -19.559312079485437 3
      vertex 22.386977064847237 -20.70355188882911 3
    endloop
  endfacet
  facet normal 0 0 1
    outer loop
      vertex 24.243449690031536 -22.05235820310326 3
      vertex 26.775627220727948 -22.092666990916012 3
      vertex 26.852104726331948 -21.691757866714223 3
    endloop
  endfacet
  facet normal 0 0 1
    outer loop
      vertex 24.173597674598852 -21.83737580516758 3
      vertex 26.852104726331948 -21.691757866714223 3
      vertex 26.978226420863184 -21.303595203774798 3
    endloop
  endfacet
  facet normal 0 0 1
    outer loop
      vertex 23.956230589874906 -21.441986545873547 3
      vertex 26.978226420863184 -21.303595203774798 3
      vertex 27.152003289857443 -20.934300559169426 3
    endloop
  endfacet
  facet normal 0 0 1
    outer loop
      vertex 23.81214352935854 -21.26781520932836 3
      vertex 27.152003289857443 -20.934300559169426 3
      vertex 27.37069476828142 -20.58969793004946 3
    endloop
  endfacet
  facet normal 0 0 1
    outer loop
      vertex 23.464488230962193 -20.980209734096373 3
      vertex 27.37069476828142 -20.58969793004946 3
      vertex 27.630851960880413 -20.27522190573176 3
    endloop
  endfacet
  facet normal 0 0 1
    outer loop
      vertex 23.26640272481713 -20.871311305561164 3
      vertex 27.630851960880413 -20.27522190573176 3
      vertex 27.92837203331676 -19.995831960978684 3
    endloop
  endfacet
  facet normal 0 0 1
    outer loop
      vertex 23.056230589874904 -20.788098270668723 3
      vertex 27.92837203331676 -19.995831960978684 3
      vertex 28.25856291631826 -19.75593424211845 3
    endloop
  endfacet
  facet normal 0 0 1
    outer loop
      vertex 22.837286366254304 -20.73188294868836 3
      vertex 28.25856291631826 -19.75593424211845 3
      vertex 28.616217302413514 -19.559312079485437 3
    endloop
  endfacet
  facet normal 0 0 1
    outer loop
      vertex 32.93690657292862 -15.588563746356556 3
      vertex 22.386977064847237 -20.70355188882911 3
      vertex 22.613022935152763 -20.70355188882911 3
    endloop
  endfacet
  facet normal 0 0 1
    outer loop
      vertex 32.93690657292862 -15.588563746356556 3
      vertex 22.613022935152763 -20.70355188882911 3
      vertex 22.837286366254304 -20.73188294868836 3
    endloop
  endfacet
  facet normal 0 0 1
    outer loop
      vertex 32.31395259764657 -29.49013364214136 3
      vertex 28.99569476828142 -25.59093367795925 3
      vertex 28.616217302413514 -25.440687920514563 3
    endloop
  endfacet
  facet normal 0 0 1
    outer loop
      vertex 32.31395259764657 -29.49013364214136 3
      vertex 29.391010727596395 -25.69243356486824 3
      vertex 28.99569476828142 -25.59093367795925 3
    endloop
  endfacet
  facet normal 0 0 1
    outer loop
      vertex 32.31395259764657 -29.49013364214136 3
      vertex 29.79593081152973 -25.743586867391883 3
      vertex 29.391010727596395 -25.69243356486824 3
    endloop
  endfacet
  facet normal 0 0 1
    outer loop
      vertex 32.31395259764657 -29.49013364214136 3
      vertex 30.20406918847027 -25.743586867391883 3
      vertex 29.79593081152973 -25.743586867391883 3
    endloop
  endfacet
  facet normal 0 0 1
    outer loop
      vertex 32.31395259764657 -29.49013364214136 3
      vertex 30.608989272403605 -25.69243356486824 3
      vertex 30.20406918847027 -25.743586867391883 3
    endloop
  endfacet
  facet normal 0 0 1
    outer loop
      vertex 32.31395259764657 -29.49013364214136 3
      vertex 31.00430523171858 -25.59093367795925 3
      vertex 30.608989272403605 -25.69243356486824 3
    endloop
  endfacet
  facet normal 0 0 1
    outer loop
      vertex 32.31395259764657 -29.49013364214136 3
      vertex 31.383782697586486 -25.440687920514563 3
      vertex 31.00430523171858 -25.59093367795925 3
    endloop
  endfacet
  facet normal 0 0 1
    outer loop
      vertex 32.31395259764657 -29.49013364214136 3
      vertex 31.74143708368174 -25.24406575788155 3
      vertex 31.383782697586486 -25.440687920514563 3
    endloop
  endfacet
  facet normal 0 0 1
    outer loop
      vertex 32.31395259764657 -29.49013364214136 3
      vertex 32.071627966683245 -25.004168039021316 3
      vertex 31.74143708368174 -25.24406575788155 3
    endloop
  endfacet
  facet normal 0 0 1
    outer loop
      vertex 32.31395259764657 -29.49013364214136 3
      vertex 32.36914803911959 -24.72477809426824 3
      vertex 32.071627966683245 -25.004168039021316 3
    endloop
  endfacet
  facet normal 0 0 1
    outer loop
      vertex 32.31395259764657 -29.49013364214136 3
      vertex 32.93690657292862 -29.411436253643444 3
      vertex 34.12889645782536 -29.0241352623301 3
    endloop
  endfacet
  facet normal 0 0 1
    outer loop
      vertex 32.93690657292862 -29.411436253643444 3
      vertex 33.545084971874736 -29.255282581475768 3
      vertex 34.12889645782536 -29.0241352623301 3
    endloop
  endfacet
  facet normal 0 0 1
    outer loop
      vertex 32.31395259764657 -29.49013364214136 3
      vertex 34.12889645782536 -29.0241352623301 3
      vertex 35.64484313710706 -27.922735529643443 3
    endloop
  endfacet
  facet normal 0 0 1
    outer loop
      vertex 32.31395259764657 -29.49013364214136 3
      vertex 32.629305231718575 -24.41030206995054 3
      vertex 32.36914803911959 -24.72477809426824 3
    endloop
  endfacet
  facet normal 0 0 1
    outer loop
      vertex 32.31395259764657 -29.49013364214136 3
      vertex 37 -24.5 3
      vertex 32.629305231718575 -24.41030206995054 3
    endloop
  endfacet
  facet normal 0 0 1
    outer loop
      vertex 34.12889645782536 -29.0241352623301 3
      vertex 34.67913397489498 -28.721639627510076 3
      vertex 35.64484313710706 -27.922735529643443 3
    endloop
  endfacet
  facet normal 0 0 1
    outer loop
      vertex 34.67913397489498 -28.721639627510076 3
      vertex 35.18711994874345 -28.352566213878944 3
      vertex 35.64484313710706 -27.922735529643443 3
    endloop
  endfacet
  facet normal 0 0 1
    outer loop
      vertex 32.31395259764657 -29.49013364214136 3
      vertex 35.64484313710706 -27.922735529643443 3
      vertex 37 -24.5 3
    endloop
  endfacet
  facet normal 0 0 1
    outer loop
      vertex 35.64484313710706 -27.922735529643443 3
      vertex 36.045084971874736 -27.438926261462367 3
      vertex 36.38153340021932 -26.908768370508575 3
    endloop
  endfacet
  facet normal 0 0 1
    outer loop
      vertex 35.64484313710706 -27.922735529643443 3
      vertex 36.38153340021932 -26.908768370508575 3
      vertex 36.64888242944126 -26.34062276342339 3
    endloop
  endfacet
  facet normal 0 0 1
    outer loop
      vertex 35.64484313710706 -27.922735529643443 3
      vertex 36.64888242944126 -26.34062276342339 3
      vertex 37 -24.5 3
    endloop
  endfacet
  facet normal 0 0 1
    outer loop
      vertex 37 -24.5 3
      vertex 32.84799671014255 -24.065699440830574 3
      vertex 32.629305231718575 -24.41030206995054 3
    endloop
  endfacet
  facet normal 0 0 1
    outer loop
      vertex 37 -24.5 3
      vertex 33.02177357913682 -23.696404796225206 3
      vertex 32.84799671014255 -24.065699440830574 3
    endloop
  endfacet
  facet normal 0 0 1
    outer loop
      vertex 37 -24.5 3
      vertex 33.14789527366805 -23.308242133285777 3
      vertex 33.02177357913682 -23.696404796225206 3
    endloop
  endfacet
  facet normal 0 0 1
    outer loop
      vertex 37 -24.5 3
      vertex 33.22437277927205 -22.907333009083988 3
      vertex 33.14789527366805 -23.308242133285777 3
    endloop
  endfacet
  facet normal 0 0 1
    outer loop
      vertex 37 -24.5 3
      vertex 33.25 -22.5 3
      vertex 33.22437277927205 -22.907333009083988 3
    endloop
  endfacet
  facet normal 0 0 1
    outer loop
      vertex 37 -24.5 3
      vertex 33.22437277927205 -22.092666990916012 3
      vertex 33.25 -22.5 3
    endloop
  endfacet
  facet normal 0 0 1
    outer loop
      vertex 37 -24.5 3
      vertex 33.14789527366805 -21.691757866714223 3
      vertex 33.22437277927205 -22.092666990916012 3
    endloop
  endfacet
  facet normal 0 0 1
    outer loop
      vertex 36.64888242944126 -26.34062276342339 3
      vertex 36.84291580564316 -25.74344943582427 3
      vertex 37 -24.5 3
    endloop
  endfacet
  facet normal 0 0 1
    outer loop
      vertex 36.84291580564316 -25.74344943582427 3
      vertex 36.96057350657239 -25.12666616782152 3
      vertex 37 -24.5 3
    endloop
  endfacet
  facet normal 0 0 1
    outer loop
      vertex 32.93690657292862 -15.588563746356556 3
      vertex 22.837286366254304 -20.73188294868836 3
      vertex 28.616217302413514 -19.559312079485437 3
    endloop
  endfacet
  facet normal 0 0 1
    outer loop
      vertex 32.93690657292862 -15.588563746356556 3
      vertex 31.74143708368174 -19.75593424211845 3
      vertex 32.071627966683245 -19.995831960978684 3
    endloop
  endfacet
  facet normal 0 0 1
    outer loop
      vertex 32.93690657292862 -15.588563746356556 3
      vertex 28.616217302413514 -19.559312079485437 3
      vertex 28.99569476828142 -19.40906632204075 3
    endloop
  endfacet
  facet normal 0 0 1
    outer loop
      vertex 32.93690657292862 -15.588563746356556 3
      vertex 28.99569476828142 -19.40906632204075 3
      vertex 29.391010727596395 -19.30756643513176 3
    endloop
  endfacet
  facet normal 0 0 1
    outer loop
      vertex 32.93690657292862 -15.588563746356556 3
      vertex 29.391010727596395 -19.30756643513176 3
      vertex 29.795930811529733 -19.256413132608117 3
    endloop
  endfacet
  facet normal 0 0 1
    outer loop
      vertex 32.93690657292862 -15.588563746356556 3
      vertex 29.795930811529733 -19.256413132608117 3
      vertex 30.204069188470267 -19.256413132608117 3
    endloop
  endfacet
  facet normal 0 0 1
    outer loop
      vertex 32.93690657292862 -15.588563746356556 3
      vertex 30.204069188470267 -19.256413132608117 3
      vertex 30.608989272403605 -19.30756643513176 3
    endloop
  endfacet
  facet normal 0 0 1
    outer loop
      vertex 32.93690657292862 -15.588563746356556 3
      vertex 30.608989272403605 -19.30756643513176 3
      vertex 31.00430523171858 -19.40906632204075 3
    endloop
  endfacet
  facet normal 0 0 1
    outer loop
      vertex 32.93690657292862 -15.588563746356556 3
      vertex 31.00430523171858 -19.40906632204075 3
      vertex 31.383782697586486 -19.559312079485437 3
    endloop
  endfacet
  facet normal 0 0 1
    outer loop
      vertex 32.93690657292862 -15.588563746356556 3
      vertex 31.383782697586486 -19.559312079485437 3
      vertex 31.74143708368174 -19.75593424211845 3
    endloop
  endfacet
  facet normal 0 0 1
    outer loop
      vertex 37 -24.5 3
      vertex 32.93690657292862 -15.588563746356556 3
      vertex 33.14789527366805 -21.691757866714223 3
    endloop
  endfacet
  facet normal 0 0 1
    outer loop
      vertex 32.93690657292862 -15.588563746356556 3
      vertex 33.02177357913682 -21.303595203774798 3
      vertex 33.14789527366805 -21.691757866714223 3
    endloop
  endfacet
  facet normal 0 0 1
    outer loop
      vertex 32.93690657292862 -15.588563746356556 3
      vertex 32.84799671014255 -20.934300559169426 3
      vertex 33.02177357913682 -21.303595203774798 3
    endloop
  endfacet
  facet normal 0 0 1
    outer loop
      vertex 32.93690657292862 -15.588563746356556 3
      vertex 32.629305231718575 -20.58969793004946 3
      vertex 32.84799671014255 -20.934300559169426 3
    endloop
  endfacet
  facet normal 0 0 1
    outer loop
      vertex 32.93690657292862 -15.588563746356556 3
      vertex 32.36914803911959 -20.27522190573176 3
      vertex 32.629305231718575 -20.58969793004946 3
    endloop
  endfacet
  facet normal 0 0 1
    outer loop
      vertex 32.93690657292862 -15.588563746356556 3
      vertex 32.071627966683245 -19.995831960978684 3
      vertex 32.36914803911959 -20.27522190573176 3
    endloop
  endfacet
  facet normal 0 0 1
    outer loop
      vertex 37 -24.5 3
      vertex 37 -20.5 3
      vertex 36.64888242944126 -18.65937723657661 3
    endloop
  endfacet
  facet normal 0 0 1
    outer loop
      vertex 37 -24.5 3
      vertex 36.64888242944126 -18.65937723657661 3
      vertex 32.93690657292862 -15.588563746356556 3
    endloop
  endfacet
  facet normal 0 0 1
    outer loop
      vertex 37 -20.5 3
      vertex 36.96057350657239 -19.873333832178478 3
      vertex 36.64888242944126 -18.65937723657661 3
    endloop
  endfacet
  facet normal 0 0 1
    outer loop
      vertex 36.96057350657239 -19.873333832178478 3
      vertex 36.84291580564316 -19.256550564175726 3
      vertex 36.64888242944126 -18.65937723657661 3
    endloop
  endfacet
  facet normal 0 0 1
    outer loop
      vertex 32.93690657292862 -15.588563746356556 3
      vertex 34.12889645782536 -15.975864737669902 3
      vertex 33.545084971874736 -15.744717418524232 3
    endloop
  endfacet
  facet normal 0 0 1
    outer loop
      vertex 32.93690657292862 -15.588563746356556 3
      vertex 35.18711994874345 -16.647433786121056 3
      vertex 34.12889645782536 -15.975864737669902 3
    endloop
  endfacet
  facet normal 0 0 1
    outer loop
      vertex 34.67913397489498 -16.278360372489924 3
      vertex 34.12889645782536 -15.975864737669902 3
      vertex 35.18711994874345 -16.647433786121056 3
    endloop
  endfacet
  facet normal 0 0 1
    outer loop
      vertex 36.64888242944126 -18.65937723657661 3
      vertex 35.18711994874345 -16.647433786121056 3
      vertex 32.93690657292862 -15.588563746356556 3
    endloop
  endfacet
  facet normal 0 0 1
    outer loop
      vertex 35.18711994874345 -16.647433786121056 3
      vertex 36.045084971874736 -17.561073738537633 3
      vertex 35.64484313710706 -17.077264470356557 3
    endloop
  endfacet
  facet normal 0 0 1
    outer loop
      vertex 36.64888242944126 -18.65937723657661 3
      vertex 36.38153340021932 -18.091231629491425 3
      vertex 36.045084971874736 -17.561073738537633 3
    endloop
  endfacet
  facet normal 0 0 1
    outer loop
      vertex 36.64888242944126 -18.65937723657661 3
      vertex 36.045084971874736 -17.561073738537633 3
      vertex 35.18711994874345 -16.647433786121056 3
    endloop
  endfacet
  facet normal 0.770513242775793 0.6374239897486852 0
    outer loop
      vertex -32.629305231718575 -9.410302069950538 3
      vertex -32.36914803911959 -9.724778094268238 0
      vertex -32.629305231718575 -9.410302069950538 0
    endloop
  endfacet
  facet normal 0.9048270524660136 0.42577929156508526 0
    outer loop
      vertex -32.84799671014255 -9.065699440830574 0
      vertex -33.02177357913682 -8.696404796225202 0
      vertex -33.02177357913682 -8.696404796225202 3
    endloop
  endfacet
  facet normal 0.9510565162951573 0.3090169943749362 0
    outer loop
      vertex -33.02177357913682 -8.696404796225202 0
      vertex -33.14789527366805 -8.308242133285779 0
      vertex -33.14789527366805 -8.308242133285779 3
    endloop
  endfacet
  facet normal 0.8443279255020153 0.5358267949789962 0
    outer loop
      vertex -32.84799671014255 -9.065699440830574 3
      vertex -32.629305231718575 -9.410302069950538 0
      vertex -32.84799671014255 -9.065699440830574 0
    endloop
  endfacet
  facet normal 0.9822872507286879 0.18738131458572846 0
    outer loop
      vertex -33.14789527366805 -8.308242133285779 0
      vertex -33.22437277927205 -7.907333009083988 0
      vertex -33.22437277927205 -7.907333009083988 3
    endloop
  endfacet
  facet normal 0.9980267284282714 0.06279051952931576 0
    outer loop
      vertex -33.22437277927205 -7.907333009083988 0
      vertex -33.25 -7.5 0
      vertex -33.25 -7.5 3
    endloop
  endfacet
  facet normal 0.5877852522924746 0.8090169943749462 0
    outer loop
      vertex -31.74143708368174 -10.244065757881549 0
      vertex -32.07162796668324 -10.004168039021316 0
      vertex -31.74143708368174 -10.244065757881549 3
    endloop
  endfacet
  facet normal 0.4817536741017158 0.8763066800438631 0
    outer loop
      vertex -31.383782697586486 -10.440687920514563 0
      vertex -31.74143708368174 -10.244065757881549 0
      vertex -31.383782697586486 -10.440687920514563 3
    endloop
  endfacet
  facet normal 0.684547105928686 0.7289686274214139 0
    outer loop
      vertex -32.07162796668324 -10.004168039021316 0
      vertex -32.36914803911959 -9.724778094268238 0
      vertex -32.07162796668324 -10.004168039021316 3
    endloop
  endfacet
  facet normal 0.24868988716485532 0.9685831611286311 0
    outer loop
      vertex -30.608989272403605 -10.692433564868239 0
      vertex -31.00430523171858 -10.59093367795925 0
      vertex -30.608989272403605 -10.692433564868239 3
    endloop
  endfacet
  facet normal 0.3681245526846794 0.9297764858882509 0
    outer loop
      vertex -31.00430523171858 -10.59093367795925 0
      vertex -31.383782697586486 -10.440687920514563 0
      vertex -31.00430523171858 -10.59093367795925 3
    endloop
  endfacet
  facet normal 0.12533323356430565 0.9921147013144778 0
    outer loop
      vertex -30.20406918847027 -10.743586867391883 0
      vertex -30.608989272403605 -10.692433564868239 0
      vertex -30.20406918847027 -10.743586867391883 3
    endloop
  endfacet
  facet normal 0 1 0
    outer loop
      vertex -29.79593081152973 -10.743586867391883 0
      vertex -30.20406918847027 -10.743586867391883 0
      vertex -29.79593081152973 -10.743586867391883 3
    endloop
  endfacet
  facet normal -0.12533323356430565 0.9921147013144778 0
    outer loop
      vertex -29.391010727596395 -10.692433564868239 0
      vertex -29.79593081152973 -10.743586867391883 0
      vertex -29.391010727596395 -10.692433564868239 3
    endloop
  endfacet
  facet normal -0.24868988716485532 0.9685831611286311 0
    outer loop
      vertex -28.99569476828142 -10.59093367795925 0
      vertex -29.391010727596395 -10.692433564868239 0
      vertex -28.99569476828142 -10.59093367795925 3
    endloop
  endfacet
  facet normal -0.3681245526846794 0.9297764858882509 0
    outer loop
      vertex -28.616217302413514 -10.440687920514563 0
      vertex -28.99569476828142 -10.59093367795925 0
      vertex -28.616217302413514 -10.440687920514563 3
    endloop
  endfacet
  facet normal -0.48175367410171255 0.876306680043865 0
    outer loop
      vertex -28.25856291631826 -10.24406575788155 0
      vertex -28.616217302413514 -10.440687920514563 0
      vertex -28.25856291631826 -10.24406575788155 3
    endloop
  endfacet
  facet normal -0.5877852522924761 0.8090169943749451 0
    outer loop
      vertex -27.92837203331676 -10.004168039021314 0
      vertex -28.25856291631826 -10.24406575788155 0
      vertex -27.92837203331676 -10.004168039021314 3
    endloop
  endfacet
  facet normal 0.9980267284282714 -0.06279051952931576 0
    outer loop
      vertex -33.25 -7.5 0
      vertex -33.22437277927205 -7.092666990916012 0
      vertex -33.22437277927205 -7.092666990916012 3
    endloop
  endfacet
  facet normal 0.9822872507286879 -0.18738131458572846 0
    outer loop
      vertex -33.22437277927205 -7.092666990916012 0
      vertex -33.14789527366805 -6.691757866714221 0
      vertex -33.14789527366805 -6.691757866714221 3
    endloop
  endfacet
  facet normal 0.9510565162951574 -0.30901699437493546 0
    outer loop
      vertex -33.02177357913682 -6.303595203774797 3
      vertex -33.14789527366805 -6.691757866714221 0
      vertex -33.02177357913682 -6.303595203774797 0
    endloop
  endfacet
  facet normal 0.9048270524660136 -0.42577929156508526 0
    outer loop
      vertex -32.84799671014255 -5.934300559169425 3
      vertex -33.02177357913682 -6.303595203774797 0
      vertex -32.84799671014255 -5.934300559169425 0
    endloop
  endfacet
  facet normal 0.8443279255020146 -0.5358267949789972 0
    outer loop
      vertex -32.629305231718575 -5.5896979300494625 3
      vertex -32.84799671014255 -5.934300559169425 0
      vertex -32.629305231718575 -5.5896979300494625 0
    endloop
  endfacet
  facet normal 0.770513242775793 -0.6374239897486852 0
    outer loop
      vertex -32.36914803911959 -5.275221905731762 3
      vertex -32.629305231718575 -5.5896979300494625 0
      vertex -32.36914803911959 -5.275221905731762 0
    endloop
  endfacet
  facet normal 0.684547105928686 -0.7289686274214139 0
    outer loop
      vertex -32.36914803911959 -5.275221905731762 0
      vertex -32.07162796668324 -4.995831960978684 0
      vertex -32.36914803911959 -5.275221905731762 3
    endloop
  endfacet
  facet normal 0.5877852522924746 -0.8090169943749462 0
    outer loop
      vertex -32.07162796668324 -4.995831960978684 0
      vertex -31.74143708368174 -4.755934242118451 0
      vertex -32.07162796668324 -4.995831960978684 3
    endloop
  endfacet
  facet normal 0.4817536741017158 -0.8763066800438631 0
    outer loop
      vertex -31.74143708368174 -4.755934242118451 0
      vertex -31.383782697586486 -4.559312079485437 0
      vertex -31.74143708368174 -4.755934242118451 3
    endloop
  endfacet
  facet normal 0.3681245526846794 -0.9297764858882509 0
    outer loop
      vertex -31.383782697586486 -4.559312079485437 0
      vertex -31.00430523171858 -4.409066322040751 0
      vertex -31.383782697586486 -4.559312079485437 3
    endloop
  endfacet
  facet normal 0.24868988716485532 -0.9685831611286311 0
    outer loop
      vertex -31.00430523171858 -4.409066322040751 0
      vertex -30.608989272403605 -4.307566435131761 0
      vertex -31.00430523171858 -4.409066322040751 3
    endloop
  endfacet
  facet normal 0.1253332335643024 -0.992114701314478 0
    outer loop
      vertex -30.608989272403605 -4.307566435131761 0
      vertex -30.204069188470267 -4.256413132608118 0
      vertex -30.608989272403605 -4.307566435131761 3
    endloop
  endfacet
  facet normal 0 -1 0
    outer loop
      vertex -30.204069188470267 -4.256413132608118 0
      vertex -29.795930811529733 -4.256413132608118 0
      vertex -30.204069188470267 -4.256413132608118 3
    endloop
  endfacet
  facet normal -0.1253332335643024 -0.992114701314478 0
    outer loop
      vertex -29.795930811529733 -4.256413132608118 0
      vertex -29.391010727596395 -4.307566435131761 0
      vertex -29.795930811529733 -4.256413132608118 3
    endloop
  endfacet
  facet normal -0.24868988716485532 -0.9685831611286311 0
    outer loop
      vertex -29.391010727596395 -4.307566435131761 0
      vertex -28.99569476828142 -4.409066322040751 0
      vertex -29.391010727596395 -4.307566435131761 3
    endloop
  endfacet
  facet normal -0.4817536741017158 -0.8763066800438631 0
    outer loop
      vertex -28.616217302413514 -4.559312079485437 0
      vertex -28.25856291631826 -4.755934242118451 0
      vertex -28.616217302413514 -4.559312079485437 3
    endloop
  endfacet
  facet normal -0.6845471059286881 -0.7289686274214121 0
    outer loop
      vertex -27.92837203331676 -4.995831960978686 0
      vertex -27.630851960880413 -5.275221905731762 0
      vertex -27.92837203331676 -4.995831960978686 3
    endloop
  endfacet
  facet normal -0.5877852522924732 -0.8090169943749472 0
    outer loop
      vertex -28.25856291631826 -4.755934242118451 0
      vertex -27.92837203331676 -4.995831960978686 0
      vertex -28.25856291631826 -4.755934242118451 3
    endloop
  endfacet
  facet normal -0.3681245526846794 -0.9297764858882509 0
    outer loop
      vertex -28.99569476828142 -4.409066322040751 0
      vertex -28.616217302413514 -4.559312079485437 0
      vertex -28.99569476828142 -4.409066322040751 3
    endloop
  endfacet
  facet normal -0.6845471059286881 0.7289686274214121 0
    outer loop
      vertex -27.630851960880413 -9.724778094268238 0
      vertex -27.92837203331676 -10.004168039021314 0
      vertex -27.630851960880413 -9.724778094268238 3
    endloop
  endfacet
  facet normal -0.7705132427757887 0.6374239897486903 0
    outer loop
      vertex -27.630851960880413 -9.724778094268238 0
      vertex -27.630851960880413 -9.724778094268238 3
      vertex -27.37069476828142 -9.410302069950538 0
    endloop
  endfacet
  facet normal -0.8443279255020153 0.5358267949789962 0
    outer loop
      vertex -27.152003289857443 -9.065699440830574 0
      vertex -27.37069476828142 -9.410302069950538 0
      vertex -27.37069476828142 -9.410302069950538 3
    endloop
  endfacet
  facet normal -0.9048270524660196 0.4257792915650727 0
    outer loop
      vertex -26.978226420863184 -8.696404796225204 0
      vertex -27.152003289857443 -9.065699440830574 0
      vertex -27.152003289857443 -9.065699440830574 3
    endloop
  endfacet
  facet normal -0.951056516295153 0.3090169943749493 0
    outer loop
      vertex -26.852104726331948 -8.308242133285777 0
      vertex -26.978226420863184 -8.696404796225204 0
      vertex -26.978226420863184 -8.696404796225204 3
    endloop
  endfacet
  facet normal -0.9822872507286893 0.18738131458572083 0
    outer loop
      vertex -26.775627220727948 -7.907333009083988 0
      vertex -26.852104726331948 -8.308242133285777 0
      vertex -26.852104726331948 -8.308242133285777 3
    endloop
  endfacet
  facet normal -0.9980267284282714 0.06279051952931576 0
    outer loop
      vertex -26.75 -7.5 0
      vertex -26.775627220727948 -7.907333009083988 0
      vertex -26.775627220727948 -7.907333009083988 3
    endloop
  endfacet
  facet normal -0.9980267284282714 -0.06279051952931562 0
    outer loop
      vertex -26.775627220727948 -7.092666990916011 0
      vertex -26.75 -7.5 0
      vertex -26.75 -7.5 3
    endloop
  endfacet
  facet normal -0.9822872507286893 -0.18738131458572083 0
    outer loop
      vertex -26.852104726331948 -6.691757866714222 0
      vertex -26.775627220727948 -7.092666990916011 0
      vertex -26.775627220727948 -7.092666990916011 3
    endloop
  endfacet
  facet normal -0.9510565162951525 -0.3090169943749506 0
    outer loop
      vertex -26.978226420863184 -6.303595203774797 0
      vertex -26.852104726331948 -6.691757866714222 0
      vertex -26.852104726331948 -6.691757866714222 3
    endloop
  endfacet
  facet normal -0.8443279255020146 -0.5358267949789972 0
    outer loop
      vertex -27.37069476828142 -5.5896979300494625 0
      vertex -27.152003289857443 -5.934300559169425 0
      vertex -27.152003289857443 -5.934300559169425 3
    endloop
  endfacet
  facet normal -0.9048270524660204 -0.42577929156507105 0
    outer loop
      vertex -27.152003289857443 -5.934300559169425 0
      vertex -26.978226420863184 -6.303595203774797 0
      vertex -26.978226420863184 -6.303595203774797 3
    endloop
  endfacet
  facet normal -0.7705132427757887 -0.6374239897486903 0
    outer loop
      vertex -27.630851960880413 -5.275221905731762 0
      vertex -27.37069476828142 -5.5896979300494625 0
      vertex -27.37069476828142 -5.5896979300494625 3
    endloop
  endfacet
  facet normal 0.8443279255020153 0.5358267949789962 0
    outer loop
      vertex -32.84799671014255 -9.065699440830574 3
      vertex -32.629305231718575 -9.410302069950538 3
      vertex -32.629305231718575 -9.410302069950538 0
    endloop
  endfacet
  facet normal 0.770513242775793 0.6374239897486852 0
    outer loop
      vertex -32.629305231718575 -9.410302069950538 3
      vertex -32.36914803911959 -9.724778094268238 3
      vertex -32.36914803911959 -9.724778094268238 0
    endloop
  endfacet
  facet normal 0.9510565162951573 0.3090169943749362 0
    outer loop
      vertex -33.02177357913682 -8.696404796225202 0
      vertex -33.14789527366805 -8.308242133285779 3
      vertex -33.02177357913682 -8.696404796225202 3
    endloop
  endfacet
  facet normal 0.9048270524660136 0.42577929156508526 0
    outer loop
      vertex -33.02177357913682 -8.696404796225202 3
      vertex -32.84799671014255 -9.065699440830574 3
      vertex -32.84799671014255 -9.065699440830574 0
    endloop
  endfacet
  facet normal 0.9822872507286879 0.18738131458572846 0
    outer loop
      vertex -33.14789527366805 -8.308242133285779 0
      vertex -33.22437277927205 -7.907333009083988 3
      vertex -33.14789527366805 -8.308242133285779 3
    endloop
  endfacet
  facet normal 0.9980267284282714 0.06279051952931576 0
    outer loop
      vertex -33.22437277927205 -7.907333009083988 0
      vertex -33.25 -7.5 3
      vertex -33.22437277927205 -7.907333009083988 3
    endloop
  endfacet
  facet normal 0.4817536741017158 0.8763066800438631 0
    outer loop
      vertex -31.74143708368174 -10.244065757881549 3
      vertex -31.383782697586486 -10.440687920514563 3
      vertex -31.74143708368174 -10.244065757881549 0
    endloop
  endfacet
  facet normal 0.3681245526846794 0.9297764858882509 0
    outer loop
      vertex -31.383782697586486 -10.440687920514563 3
      vertex -31.00430523171858 -10.59093367795925 3
      vertex -31.383782697586486 -10.440687920514563 0
    endloop
  endfacet
  facet normal 0.684547105928686 0.7289686274214139 0
    outer loop
      vertex -32.07162796668324 -10.004168039021316 3
      vertex -32.36914803911959 -9.724778094268238 0
      vertex -32.36914803911959 -9.724778094268238 3
    endloop
  endfacet
  facet normal 0.5877852522924746 0.8090169943749462 0
    outer loop
      vertex -32.07162796668324 -10.004168039021316 3
      vertex -31.74143708368174 -10.244065757881549 3
      vertex -32.07162796668324 -10.004168039021316 0
    endloop
  endfacet
  facet normal 0.24868988716485532 0.9685831611286311 0
    outer loop
      vertex -31.00430523171858 -10.59093367795925 3
      vertex -30.608989272403605 -10.692433564868239 3
      vertex -31.00430523171858 -10.59093367795925 0
    endloop
  endfacet
  facet normal 0.12533323356430565 0.9921147013144778 0
    outer loop
      vertex -30.608989272403605 -10.692433564868239 3
      vertex -30.20406918847027 -10.743586867391883 3
      vertex -30.608989272403605 -10.692433564868239 0
    endloop
  endfacet
  facet normal 0 1 0
    outer loop
      vertex -30.20406918847027 -10.743586867391883 3
      vertex -29.79593081152973 -10.743586867391883 3
      vertex -30.20406918847027 -10.743586867391883 0
    endloop
  endfacet
  facet normal -0.12533323356430565 0.9921147013144778 0
    outer loop
      vertex -29.79593081152973 -10.743586867391883 3
      vertex -29.391010727596395 -10.692433564868239 3
      vertex -29.79593081152973 -10.743586867391883 0
    endloop
  endfacet
  facet normal -0.24868988716485532 0.9685831611286311 0
    outer loop
      vertex -29.391010727596395 -10.692433564868239 3
      vertex -28.99569476828142 -10.59093367795925 3
      vertex -29.391010727596395 -10.692433564868239 0
    endloop
  endfacet
  facet normal -0.3681245526846794 0.9297764858882509 0
    outer loop
      vertex -28.99569476828142 -10.59093367795925 3
      vertex -28.616217302413514 -10.440687920514563 3
      vertex -28.99569476828142 -10.59093367795925 0
    endloop
  endfacet
  facet normal -0.48175367410171255 0.876306680043865 0
    outer loop
      vertex -28.616217302413514 -10.440687920514563 3
      vertex -28.25856291631826 -10.24406575788155 3
      vertex -28.616217302413514 -10.440687920514563 0
    endloop
  endfacet
  facet normal -0.5877852522924761 0.8090169943749451 0
    outer loop
      vertex -28.25856291631826 -10.24406575788155 3
      vertex -27.92837203331676 -10.004168039021314 3
      vertex -28.25856291631826 -10.24406575788155 0
    endloop
  endfacet
  facet normal -0.6845471059286881 0.7289686274214121 0
    outer loop
      vertex -27.92837203331676 -10.004168039021314 3
      vertex -27.630851960880413 -9.724778094268238 3
      vertex -27.92837203331676 -10.004168039021314 0
    endloop
  endfacet
  facet normal 0.9980267284282714 -0.06279051952931576 0
    outer loop
      vertex -33.25 -7.5 0
      vertex -33.22437277927205 -7.092666990916012 3
      vertex -33.25 -7.5 3
    endloop
  endfacet
  facet normal 0.9822872507286879 -0.18738131458572846 0
    outer loop
      vertex -33.22437277927205 -7.092666990916012 0
      vertex -33.14789527366805 -6.691757866714221 3
      vertex -33.22437277927205 -7.092666990916012 3
    endloop
  endfacet
  facet normal 0.9510565162951574 -0.30901699437493546 0
    outer loop
      vertex -33.02177357913682 -6.303595203774797 3
      vertex -33.14789527366805 -6.691757866714221 3
      vertex -33.14789527366805 -6.691757866714221 0
    endloop
  endfacet
  facet normal 0.9048270524660136 -0.42577929156508526 0
    outer loop
      vertex -32.84799671014255 -5.934300559169425 3
      vertex -33.02177357913682 -6.303595203774797 3
      vertex -33.02177357913682 -6.303595203774797 0
    endloop
  endfacet
  facet normal 0.8443279255020146 -0.5358267949789972 0
    outer loop
      vertex -32.629305231718575 -5.5896979300494625 3
      vertex -32.84799671014255 -5.934300559169425 3
      vertex -32.84799671014255 -5.934300559169425 0
    endloop
  endfacet
  facet normal 0.770513242775793 -0.6374239897486852 0
    outer loop
      vertex -32.36914803911959 -5.275221905731762 3
      vertex -32.629305231718575 -5.5896979300494625 3
      vertex -32.629305231718575 -5.5896979300494625 0
    endloop
  endfacet
  facet normal 0.684547105928686 -0.7289686274214139 0
    outer loop
      vertex -32.07162796668324 -4.995831960978684 3
      vertex -32.36914803911959 -5.275221905731762 3
      vertex -32.07162796668324 -4.995831960978684 0
    endloop
  endfacet
  facet normal 0.5877852522924746 -0.8090169943749462 0
    outer loop
      vertex -31.74143708368174 -4.755934242118451 3
      vertex -32.07162796668324 -4.995831960978684 3
      vertex -31.74143708368174 -4.755934242118451 0
    endloop
  endfacet
  facet normal 0.4817536741017158 -0.8763066800438631 0
    outer loop
      vertex -31.383782697586486 -4.559312079485437 3
      vertex -31.74143708368174 -4.755934242118451 3
      vertex -31.383782697586486 -4.559312079485437 0
    endloop
  endfacet
  facet normal 0.3681245526846794 -0.9297764858882509 0
    outer loop
      vertex -31.00430523171858 -4.409066322040751 3
      vertex -31.383782697586486 -4.559312079485437 3
      vertex -31.00430523171858 -4.409066322040751 0
    endloop
  endfacet
  facet normal 0.24868988716485532 -0.9685831611286311 0
    outer loop
      vertex -30.608989272403605 -4.307566435131761 3
      vertex -31.00430523171858 -4.409066322040751 3
      vertex -30.608989272403605 -4.307566435131761 0
    endloop
  endfacet
  facet normal 0.1253332335643024 -0.992114701314478 0
    outer loop
      vertex -30.204069188470267 -4.256413132608118 3
      vertex -30.608989272403605 -4.307566435131761 3
      vertex -30.204069188470267 -4.256413132608118 0
    endloop
  endfacet
  facet normal 0 -1 0
    outer loop
      vertex -29.795930811529733 -4.256413132608118 3
      vertex -30.204069188470267 -4.256413132608118 3
      vertex -29.795930811529733 -4.256413132608118 0
    endloop
  endfacet
  facet normal -0.1253332335643024 -0.992114701314478 0
    outer loop
      vertex -29.391010727596395 -4.307566435131761 3
      vertex -29.795930811529733 -4.256413132608118 3
      vertex -29.391010727596395 -4.307566435131761 0
    endloop
  endfacet
  facet normal -0.24868988716485532 -0.9685831611286311 0
    outer loop
      vertex -28.99569476828142 -4.409066322040751 3
      vertex -29.391010727596395 -4.307566435131761 3
      vertex -28.99569476828142 -4.409066322040751 0
    endloop
  endfacet
  facet normal -0.4817536741017158 -0.8763066800438631 0
    outer loop
      vertex -28.25856291631826 -4.755934242118451 3
      vertex -28.616217302413514 -4.559312079485437 3
      vertex -28.25856291631826 -4.755934242118451 0
    endloop
  endfacet
  facet normal -0.5877852522924732 -0.8090169943749472 0
    outer loop
      vertex -27.92837203331676 -4.995831960978686 3
      vertex -28.25856291631826 -4.755934242118451 3
      vertex -27.92837203331676 -4.995831960978686 0
    endloop
  endfacet
  facet normal -0.3681245526846794 -0.9297764858882509 0
    outer loop
      vertex -28.616217302413514 -4.559312079485437 3
      vertex -28.99569476828142 -4.409066322040751 3
      vertex -28.616217302413514 -4.559312079485437 0
    endloop
  endfacet
  facet normal -0.7705132427757887 0.6374239897486903 0
    outer loop
      vertex -27.37069476828142 -9.410302069950538 0
      vertex -27.630851960880413 -9.724778094268238 3
      vertex -27.37069476828142 -9.410302069950538 3
    endloop
  endfacet
  facet normal -0.8443279255020153 0.5358267949789962 0
    outer loop
      vertex -27.37069476828142 -9.410302069950538 3
      vertex -27.152003289857443 -9.065699440830574 3
      vertex -27.152003289857443 -9.065699440830574 0
    endloop
  endfacet
  facet normal -0.9048270524660196 0.4257792915650727 0
    outer loop
      vertex -26.978226420863184 -8.696404796225204 0
      vertex -27.152003289857443 -9.065699440830574 3
      vertex -26.978226420863184 -8.696404796225204 3
    endloop
  endfacet
  facet normal -0.951056516295153 0.3090169943749493 0
    outer loop
      vertex -26.852104726331948 -8.308242133285777 0
      vertex -26.978226420863184 -8.696404796225204 3
      vertex -26.852104726331948 -8.308242133285777 3
    endloop
  endfacet
  facet normal -0.9822872507286893 0.18738131458572083 0
    outer loop
      vertex -26.775627220727948 -7.907333009083988 0
      vertex -26.852104726331948 -8.308242133285777 3
      vertex -26.775627220727948 -7.907333009083988 3
    endloop
  endfacet
  facet normal -0.9980267284282714 0.06279051952931576 0
    outer loop
      vertex -26.75 -7.5 0
      vertex -26.775627220727948 -7.907333009083988 3
      vertex -26.75 -7.5 3
    endloop
  endfacet
  facet normal -0.9980267284282714 -0.06279051952931562 0
    outer loop
      vertex -26.775627220727948 -7.092666990916011 0
      vertex -26.75 -7.5 3
      vertex -26.775627220727948 -7.092666990916011 3
    endloop
  endfacet
  facet normal -0.9822872507286893 -0.18738131458572083 0
    outer loop
      vertex -26.852104726331948 -6.691757866714222 0
      vertex -26.775627220727948 -7.092666990916011 3
      vertex -26.852104726331948 -6.691757866714222 3
    endloop
  endfacet
  facet normal -0.8443279255020146 -0.5358267949789972 0
    outer loop
      vertex -27.37069476828142 -5.5896979300494625 0
      vertex -27.152003289857443 -5.934300559169425 3
      vertex -27.37069476828142 -5.5896979300494625 3
    endloop
  endfacet
  facet normal -0.9510565162951525 -0.3090169943749506 0
    outer loop
      vertex -26.978226420863184 -6.303595203774797 0
      vertex -26.852104726331948 -6.691757866714222 3
      vertex -26.978226420863184 -6.303595203774797 3
    endloop
  endfacet
  facet normal -0.9048270524660204 -0.42577929156507105 0
    outer loop
      vertex -27.152003289857443 -5.934300559169425 0
      vertex -26.978226420863184 -6.303595203774797 3
      vertex -27.152003289857443 -5.934300559169425 3
    endloop
  endfacet
  facet normal -0.7705132427757887 -0.6374239897486903 0
    outer loop
      vertex -27.630851960880413 -5.275221905731762 0
      vertex -27.37069476828142 -5.5896979300494625 3
      vertex -27.630851960880413 -5.275221905731762 3
    endloop
  endfacet
  facet normal -0.6845471059286881 -0.7289686274214121 0
    outer loop
      vertex -27.630851960880413 -5.275221905731762 3
      vertex -27.92837203331676 -4.995831960978686 3
      vertex -27.630851960880413 -5.275221905731762 0
    endloop
  endfacet
  facet normal 0.770513242775793 0.6374239897486852 0
    outer loop
      vertex -32.629305231718575 5.5896979300494625 3
      vertex -32.36914803911959 5.275221905731762 0
      vertex -32.629305231718575 5.5896979300494625 0
    endloop
  endfacet
  facet normal 0.9048270524660136 0.42577929156508526 0
    outer loop
      vertex -33.02177357913682 6.303595203774797 3
      vertex -32.84799671014255 5.934300559169425 0
      vertex -33.02177357913682 6.303595203774797 0
    endloop
  endfacet
  facet normal 0.8443279255020146 0.5358267949789972 0
    outer loop
      vertex -32.84799671014255 5.934300559169425 3
      vertex -32.629305231718575 5.5896979300494625 0
      vertex -32.84799671014255 5.934300559169425 0
    endloop
  endfacet
  facet normal 0.9510565162951574 0.30901699437493546 0
    outer loop
      vertex -33.14789527366805 6.691757866714221 3
      vertex -33.02177357913682 6.303595203774797 0
      vertex -33.14789527366805 6.691757866714221 0
    endloop
  endfacet
  facet normal 0.9822872507286879 0.18738131458572846 0
    outer loop
      vertex -33.22437277927205 7.092666990916012 3
      vertex -33.14789527366805 6.691757866714221 0
      vertex -33.22437277927205 7.092666990916012 0
    endloop
  endfacet
  facet normal 0.9980267284282714 0.06279051952931576 0
    outer loop
      vertex -33.25 7.5 3
      vertex -33.22437277927205 7.092666990916012 0
      vertex -33.25 7.5 0
    endloop
  endfacet
  facet normal 0.5877852522924746 0.8090169943749462 0
    outer loop
      vertex -31.74143708368174 4.755934242118451 0
      vertex -32.07162796668324 4.995831960978684 0
      vertex -31.74143708368174 4.755934242118451 3
    endloop
  endfacet
  facet normal 0.684547105928686 0.7289686274214139 0
    outer loop
      vertex -32.07162796668324 4.995831960978684 0
      vertex -32.36914803911959 5.275221905731762 0
      vertex -32.07162796668324 4.995831960978684 3
    endloop
  endfacet
  facet normal 0.4817536741017175 0.8763066800438623 0
    outer loop
      vertex -31.383782697586486 4.559312079485436 0
      vertex -31.74143708368174 4.755934242118451 0
      vertex -31.383782697586486 4.559312079485436 3
    endloop
  endfacet
  facet normal 0.3681245526846775 0.9297764858882516 0
    outer loop
      vertex -31.00430523171858 4.409066322040751 0
      vertex -31.383782697586486 4.559312079485436 0
      vertex -31.00430523171858 4.409066322040751 3
    endloop
  endfacet
  facet normal 0.2486898871648533 0.9685831611286315 0
    outer loop
      vertex -30.608989272403605 4.307566435131762 0
      vertex -31.00430523171858 4.409066322040751 0
      vertex -30.608989272403605 4.307566435131762 3
    endloop
  endfacet
  facet normal 0.12533323356430565 0.9921147013144778 0
    outer loop
      vertex -30.20406918847027 4.256413132608118 0
      vertex -30.608989272403605 4.307566435131762 0
      vertex -30.20406918847027 4.256413132608118 3
    endloop
  endfacet
  facet normal 0 1 0
    outer loop
      vertex -29.79593081152973 4.256413132608118 0
      vertex -30.20406918847027 4.256413132608118 0
      vertex -29.79593081152973 4.256413132608118 3
    endloop
  endfacet
  facet normal -0.12533323356430565 0.9921147013144778 0
    outer loop
      vertex -29.391010727596395 4.307566435131762 0
      vertex -29.79593081152973 4.256413132608118 0
      vertex -29.391010727596395 4.307566435131762 3
    endloop
  endfacet
  facet normal -0.2486898871648533 0.9685831611286315 0
    outer loop
      vertex -28.99569476828142 4.409066322040751 0
      vertex -29.391010727596395 4.307566435131762 0
      vertex -28.99569476828142 4.409066322040751 3
    endloop
  endfacet
  facet normal -0.3681245526846775 0.9297764858882516 0
    outer loop
      vertex -28.616217302413514 4.559312079485436 0
      vertex -28.99569476828142 4.409066322040751 0
      vertex -28.616217302413514 4.559312079485436 3
    endloop
  endfacet
  facet normal -0.4817536741017158 0.8763066800438631 0
    outer loop
      vertex -28.25856291631826 4.7559342421184505 0
      vertex -28.616217302413514 4.559312079485436 0
      vertex -28.25856291631826 4.7559342421184505 3
    endloop
  endfacet
  facet normal -0.5877852522924748 0.8090169943749463 0
    outer loop
      vertex -27.92837203331676 4.995831960978686 0
      vertex -28.25856291631826 4.7559342421184505 0
      vertex -27.92837203331676 4.995831960978686 3
    endloop
  endfacet
  facet normal 0.9980267284282714 -0.06279051952931576 0
    outer loop
      vertex -33.22437277927205 7.907333009083988 3
      vertex -33.25 7.5 0
      vertex -33.22437277927205 7.907333009083988 0
    endloop
  endfacet
  facet normal 0.9822872507286879 -0.18738131458572846 0
    outer loop
      vertex -33.14789527366805 8.308242133285779 3
      vertex -33.22437277927205 7.907333009083988 0
      vertex -33.14789527366805 8.308242133285779 0
    endloop
  endfacet
  facet normal 0.9510565162951573 -0.3090169943749362 0
    outer loop
      vertex -33.02177357913682 8.696404796225202 3
      vertex -33.14789527366805 8.308242133285779 0
      vertex -33.02177357913682 8.696404796225202 0
    endloop
  endfacet
  facet normal 0.9048270524660136 -0.42577929156508526 0
    outer loop
      vertex -32.84799671014255 9.065699440830574 3
      vertex -33.02177357913682 8.696404796225202 0
      vertex -32.84799671014255 9.065699440830574 0
    endloop
  endfacet
  facet normal 0.8443279255020153 -0.5358267949789962 0
    outer loop
      vertex -32.84799671014255 9.065699440830574 0
      vertex -32.629305231718575 9.410302069950538 0
      vertex -32.629305231718575 9.410302069950538 3
    endloop
  endfacet
  facet normal 0.770513242775793 -0.6374239897486852 0
    outer loop
      vertex -32.629305231718575 9.410302069950538 0
      vertex -32.36914803911959 9.724778094268238 0
      vertex -32.36914803911959 9.724778094268238 3
    endloop
  endfacet
  facet normal 0.684547105928686 -0.7289686274214139 0
    outer loop
      vertex -32.36914803911959 9.724778094268238 0
      vertex -32.07162796668324 10.004168039021316 0
      vertex -32.36914803911959 9.724778094268238 3
    endloop
  endfacet
  facet normal 0.5877852522924746 -0.8090169943749462 0
    outer loop
      vertex -32.07162796668324 10.004168039021316 0
      vertex -31.74143708368174 10.244065757881549 0
      vertex -32.07162796668324 10.004168039021316 3
    endloop
  endfacet
  facet normal 0.4817536741017158 -0.8763066800438631 0
    outer loop
      vertex -31.74143708368174 10.244065757881549 0
      vertex -31.383782697586486 10.440687920514563 0
      vertex -31.74143708368174 10.244065757881549 3
    endloop
  endfacet
  facet normal 0.3681245526846794 -0.9297764858882509 0
    outer loop
      vertex -31.383782697586486 10.440687920514563 0
      vertex -31.00430523171858 10.59093367795925 0
      vertex -31.383782697586486 10.440687920514563 3
    endloop
  endfacet
  facet normal 0.24868988716485532 -0.9685831611286311 0
    outer loop
      vertex -31.00430523171858 10.59093367795925 0
      vertex -30.608989272403605 10.692433564868239 0
      vertex -31.00430523171858 10.59093367795925 3
    endloop
  endfacet
  facet normal 0.12533323356430456 -0.9921147013144779 0
    outer loop
      vertex -30.608989272403605 10.692433564868239 0
      vertex -30.204069188470267 10.743586867391883 0
      vertex -30.608989272403605 10.692433564868239 3
    endloop
  endfacet
  facet normal 0 -1 0
    outer loop
      vertex -30.204069188470267 10.743586867391883 0
      vertex -29.795930811529733 10.743586867391883 0
      vertex -30.204069188470267 10.743586867391883 3
    endloop
  endfacet
  facet normal -0.12533323356430456 -0.9921147013144779 0
    outer loop
      vertex -29.795930811529733 10.743586867391883 0
      vertex -29.391010727596395 10.692433564868239 0
      vertex -29.795930811529733 10.743586867391883 3
    endloop
  endfacet
  facet normal -0.24868988716485532 -0.9685831611286311 0
    outer loop
      vertex -29.391010727596395 10.692433564868239 0
      vertex -28.99569476828142 10.59093367795925 0
      vertex -29.391010727596395 10.692433564868239 3
    endloop
  endfacet
  facet normal -0.6845471059286881 -0.7289686274214121 0
    outer loop
      vertex -27.92837203331676 10.004168039021314 0
      vertex -27.630851960880413 9.724778094268238 0
      vertex -27.92837203331676 10.004168039021314 3
    endloop
  endfacet
  facet normal -0.3681245526846794 -0.9297764858882509 0
    outer loop
      vertex -28.99569476828142 10.59093367795925 0
      vertex -28.616217302413514 10.440687920514563 0
      vertex -28.99569476828142 10.59093367795925 3
    endloop
  endfacet
  facet normal -0.4817536741017158 -0.8763066800438631 0
    outer loop
      vertex -28.616217302413514 10.440687920514563 0
      vertex -28.25856291631826 10.244065757881549 0
      vertex -28.616217302413514 10.440687920514563 3
    endloop
  endfacet
  facet normal -0.5877852522924732 -0.8090169943749472 0
    outer loop
      vertex -28.25856291631826 10.244065757881549 0
      vertex -27.92837203331676 10.004168039021314 0
      vertex -28.25856291631826 10.244065757881549 3
    endloop
  endfacet
  facet normal -0.6845471059286881 0.7289686274214121 0
    outer loop
      vertex -27.630851960880413 5.275221905731762 0
      vertex -27.92837203331676 4.995831960978686 0
      vertex -27.630851960880413 5.275221905731762 3
    endloop
  endfacet
  facet normal -0.7705132427757887 0.6374239897486903 0
    outer loop
      vertex -27.630851960880413 5.275221905731762 0
      vertex -27.630851960880413 5.275221905731762 3
      vertex -27.37069476828142 5.5896979300494625 0
    endloop
  endfacet
  facet normal -0.8443279255020146 0.5358267949789972 0
    outer loop
      vertex -27.152003289857443 5.934300559169425 0
      vertex -27.37069476828142 5.5896979300494625 0
      vertex -27.37069476828142 5.5896979300494625 3
    endloop
  endfacet
  facet normal -0.9048270524660199 0.4257792915650719 0
    outer loop
      vertex -26.978226420863184 6.303595203774796 0
      vertex -27.152003289857443 5.934300559169425 0
      vertex -27.152003289857443 5.934300559169425 3
    endloop
  endfacet
  facet normal -0.951056516295153 0.3090169943749493 0
    outer loop
      vertex -26.852104726331948 6.691757866714223 0
      vertex -26.978226420863184 6.303595203774796 0
      vertex -26.978226420863184 6.303595203774796 3
    endloop
  endfacet
  facet normal -0.9822872507286893 0.18738131458572083 0
    outer loop
      vertex -26.775627220727948 7.092666990916012 0
      vertex -26.852104726331948 6.691757866714223 0
      vertex -26.852104726331948 6.691757866714223 3
    endloop
  endfacet
  facet normal -0.9980267284282714 0.06279051952931576 0
    outer loop
      vertex -26.75 7.5 0
      vertex -26.775627220727948 7.092666990916012 0
      vertex -26.775627220727948 7.092666990916012 3
    endloop
  endfacet
  facet normal -0.9980267284282714 -0.06279051952931562 0
    outer loop
      vertex -26.775627220727948 7.907333009083989 0
      vertex -26.75 7.5 0
      vertex -26.75 7.5 3
    endloop
  endfacet
  facet normal -0.9822872507286895 -0.18738131458572047 0
    outer loop
      vertex -26.852104726331948 8.308242133285779 0
      vertex -26.775627220727948 7.907333009083989 0
      vertex -26.775627220727948 7.907333009083989 3
    endloop
  endfacet
  facet normal -0.8443279255020153 -0.5358267949789962 0
    outer loop
      vertex -27.37069476828142 9.410302069950538 0
      vertex -27.152003289857443 9.065699440830574 0
      vertex -27.152003289857443 9.065699440830574 3
    endloop
  endfacet
  facet normal -0.9510565162951522 -0.3090169943749519 0
    outer loop
      vertex -26.978226420863184 8.696404796225202 0
      vertex -26.852104726331948 8.308242133285779 0
      vertex -26.852104726331948 8.308242133285779 3
    endloop
  endfacet
  facet normal -0.9048270524660204 -0.42577929156507105 0
    outer loop
      vertex -27.152003289857443 9.065699440830574 0
      vertex -26.978226420863184 8.696404796225202 0
      vertex -26.978226420863184 8.696404796225202 3
    endloop
  endfacet
  facet normal -0.7705132427757887 -0.6374239897486903 0
    outer loop
      vertex -27.630851960880413 9.724778094268238 0
      vertex -27.37069476828142 9.410302069950538 0
      vertex -27.37069476828142 9.410302069950538 3
    endloop
  endfacet
  facet normal 0.770513242775793 0.6374239897486852 0
    outer loop
      vertex -32.629305231718575 5.5896979300494625 3
      vertex -32.36914803911959 5.275221905731762 3
      vertex -32.36914803911959 5.275221905731762 0
    endloop
  endfacet
  facet normal 0.9510565162951574 0.30901699437493546 0
    outer loop
      vertex -33.14789527366805 6.691757866714221 3
      vertex -33.02177357913682 6.303595203774797 3
      vertex -33.02177357913682 6.303595203774797 0
    endloop
  endfacet
  facet normal 0.8443279255020146 0.5358267949789972 0
    outer loop
      vertex -32.84799671014255 5.934300559169425 3
      vertex -32.629305231718575 5.5896979300494625 3
      vertex -32.629305231718575 5.5896979300494625 0
    endloop
  endfacet
  facet normal 0.9048270524660136 0.42577929156508526 0
    outer loop
      vertex -33.02177357913682 6.303595203774797 3
      vertex -32.84799671014255 5.934300559169425 3
      vertex -32.84799671014255 5.934300559169425 0
    endloop
  endfacet
  facet normal 0.9822872507286879 0.18738131458572846 0
    outer loop
      vertex -33.22437277927205 7.092666990916012 3
      vertex -33.14789527366805 6.691757866714221 3
      vertex -33.14789527366805 6.691757866714221 0
    endloop
  endfacet
  facet normal 0.9980267284282714 0.06279051952931576 0
    outer loop
      vertex -33.25 7.5 3
      vertex -33.22437277927205 7.092666990916012 3
      vertex -33.22437277927205 7.092666990916012 0
    endloop
  endfacet
  facet normal 0.3681245526846775 0.9297764858882516 0
    outer loop
      vertex -31.383782697586486 4.559312079485436 3
      vertex -31.00430523171858 4.409066322040751 3
      vertex -31.383782697586486 4.559312079485436 0
    endloop
  endfacet
  facet normal 0.5877852522924746 0.8090169943749462 0
    outer loop
      vertex -32.07162796668324 4.995831960978684 3
      vertex -31.74143708368174 4.755934242118451 3
      vertex -32.07162796668324 4.995831960978684 0
    endloop
  endfacet
  facet normal 0.684547105928686 0.7289686274214139 0
    outer loop
      vertex -32.07162796668324 4.995831960978684 3
      vertex -32.36914803911959 5.275221905731762 0
      vertex -32.36914803911959 5.275221905731762 3
    endloop
  endfacet
  facet normal 0.4817536741017175 0.8763066800438623 0
    outer loop
      vertex -31.74143708368174 4.755934242118451 3
      vertex -31.383782697586486 4.559312079485436 3
      vertex -31.74143708368174 4.755934242118451 0
    endloop
  endfacet
  facet normal 0.2486898871648533 0.9685831611286315 0
    outer loop
      vertex -31.00430523171858 4.409066322040751 3
      vertex -30.608989272403605 4.307566435131762 3
      vertex -31.00430523171858 4.409066322040751 0
    endloop
  endfacet
  facet normal 0.12533323356430565 0.9921147013144778 0
    outer loop
      vertex -30.608989272403605 4.307566435131762 3
      vertex -30.20406918847027 4.256413132608118 3
      vertex -30.608989272403605 4.307566435131762 0
    endloop
  endfacet
  facet normal 0 1 0
    outer loop
      vertex -30.20406918847027 4.256413132608118 3
      vertex -29.79593081152973 4.256413132608118 3
      vertex -30.20406918847027 4.256413132608118 0
    endloop
  endfacet
  facet normal -0.12533323356430565 0.9921147013144778 0
    outer loop
      vertex -29.79593081152973 4.256413132608118 3
      vertex -29.391010727596395 4.307566435131762 3
      vertex -29.79593081152973 4.256413132608118 0
    endloop
  endfacet
  facet normal -0.2486898871648533 0.9685831611286315 0
    outer loop
      vertex -29.391010727596395 4.307566435131762 3
      vertex -28.99569476828142 4.409066322040751 3
      vertex -29.391010727596395 4.307566435131762 0
    endloop
  endfacet
  facet normal -0.3681245526846775 0.9297764858882516 0
    outer loop
      vertex -28.99569476828142 4.409066322040751 3
      vertex -28.616217302413514 4.559312079485436 3
      vertex -28.99569476828142 4.409066322040751 0
    endloop
  endfacet
  facet normal -0.4817536741017158 0.8763066800438631 0
    outer loop
      vertex -28.616217302413514 4.559312079485436 3
      vertex -28.25856291631826 4.7559342421184505 3
      vertex -28.616217302413514 4.559312079485436 0
    endloop
  endfacet
  facet normal -0.5877852522924748 0.8090169943749463 0
    outer loop
      vertex -28.25856291631826 4.7559342421184505 3
      vertex -27.92837203331676 4.995831960978686 3
      vertex -28.25856291631826 4.7559342421184505 0
    endloop
  endfacet
  facet normal -0.6845471059286881 0.7289686274214121 0
    outer loop
      vertex -27.92837203331676 4.995831960978686 3
      vertex -27.630851960880413 5.275221905731762 3
      vertex -27.92837203331676 4.995831960978686 0
    endloop
  endfacet
  facet normal 0.9980267284282714 -0.06279051952931576 0
    outer loop
      vertex -33.22437277927205 7.907333009083988 3
      vertex -33.25 7.5 3
      vertex -33.25 7.5 0
    endloop
  endfacet
  facet normal 0.9822872507286879 -0.18738131458572846 0
    outer loop
      vertex -33.14789527366805 8.308242133285779 3
      vertex -33.22437277927205 7.907333009083988 3
      vertex -33.22437277927205 7.907333009083988 0
    endloop
  endfacet
  facet normal 0.9510565162951573 -0.3090169943749362 0
    outer loop
      vertex -33.02177357913682 8.696404796225202 3
      vertex -33.14789527366805 8.308242133285779 3
      vertex -33.14789527366805 8.308242133285779 0
    endloop
  endfacet
  facet normal 0.9048270524660136 -0.42577929156508526 0
    outer loop
      vertex -32.84799671014255 9.065699440830574 3
      vertex -33.02177357913682 8.696404796225202 3
      vertex -33.02177357913682 8.696404796225202 0
    endloop
  endfacet
  facet normal 0.8443279255020153 -0.5358267949789962 0
    outer loop
      vertex -32.629305231718575 9.410302069950538 3
      vertex -32.84799671014255 9.065699440830574 3
      vertex -32.84799671014255 9.065699440830574 0
    endloop
  endfacet
  facet normal 0.770513242775793 -0.6374239897486852 0
    outer loop
      vertex -32.629305231718575 9.410302069950538 0
      vertex -32.36914803911959 9.724778094268238 3
      vertex -32.629305231718575 9.410302069950538 3
    endloop
  endfacet
  facet normal 0.684547105928686 -0.7289686274214139 0
    outer loop
      vertex -32.07162796668324 10.004168039021316 3
      vertex -32.36914803911959 9.724778094268238 3
      vertex -32.07162796668324 10.004168039021316 0
    endloop
  endfacet
  facet normal 0.5877852522924746 -0.8090169943749462 0
    outer loop
      vertex -31.74143708368174 10.244065757881549 3
      vertex -32.07162796668324 10.004168039021316 3
      vertex -31.74143708368174 10.244065757881549 0
    endloop
  endfacet
  facet normal 0.4817536741017158 -0.8763066800438631 0
    outer loop
      vertex -31.383782697586486 10.440687920514563 3
      vertex -31.74143708368174 10.244065757881549 3
      vertex -31.383782697586486 10.440687920514563 0
    endloop
  endfacet
  facet normal 0.3681245526846794 -0.9297764858882509 0
    outer loop
      vertex -31.00430523171858 10.59093367795925 3
      vertex -31.383782697586486 10.440687920514563 3
      vertex -31.00430523171858 10.59093367795925 0
    endloop
  endfacet
  facet normal 0.24868988716485532 -0.9685831611286311 0
    outer loop
      vertex -30.608989272403605 10.692433564868239 3
      vertex -31.00430523171858 10.59093367795925 3
      vertex -30.608989272403605 10.692433564868239 0
    endloop
  endfacet
  facet normal 0.12533323356430456 -0.9921147013144779 0
    outer loop
      vertex -30.204069188470267 10.743586867391883 3
      vertex -30.608989272403605 10.692433564868239 3
      vertex -30.204069188470267 10.743586867391883 0
    endloop
  endfacet
  facet normal 0 -1 0
    outer loop
      vertex -29.795930811529733 10.743586867391883 3
      vertex -30.204069188470267 10.743586867391883 3
      vertex -29.795930811529733 10.743586867391883 0
    endloop
  endfacet
  facet normal -0.12533323356430456 -0.9921147013144779 0
    outer loop
      vertex -29.391010727596395 10.692433564868239 3
      vertex -29.795930811529733 10.743586867391883 3
      vertex -29.391010727596395 10.692433564868239 0
    endloop
  endfacet
  facet normal -0.24868988716485532 -0.9685831611286311 0
    outer loop
      vertex -28.99569476828142 10.59093367795925 3
      vertex -29.391010727596395 10.692433564868239 3
      vertex -28.99569476828142 10.59093367795925 0
    endloop
  endfacet
  facet normal -0.5877852522924732 -0.8090169943749472 0
    outer loop
      vertex -27.92837203331676 10.004168039021314 3
      vertex -28.25856291631826 10.244065757881549 3
      vertex -27.92837203331676 10.004168039021314 0
    endloop
  endfacet
  facet normal -0.3681245526846794 -0.9297764858882509 0
    outer loop
      vertex -28.616217302413514 10.440687920514563 3
      vertex -28.99569476828142 10.59093367795925 3
      vertex -28.616217302413514 10.440687920514563 0
    endloop
  endfacet
  facet normal -0.4817536741017158 -0.8763066800438631 0
    outer loop
      vertex -28.25856291631826 10.244065757881549 3
      vertex -28.616217302413514 10.440687920514563 3
      vertex -28.25856291631826 10.244065757881549 0
    endloop
  endfacet
  facet normal -0.7705132427757887 0.6374239897486903 0
    outer loop
      vertex -27.37069476828142 5.5896979300494625 0
      vertex -27.630851960880413 5.275221905731762 3
      vertex -27.37069476828142 5.5896979300494625 3
    endloop
  endfacet
  facet normal -0.8443279255020146 0.5358267949789972 0
    outer loop
      vertex -27.152003289857443 5.934300559169425 0
      vertex -27.37069476828142 5.5896979300494625 3
      vertex -27.152003289857443 5.934300559169425 3
    endloop
  endfacet
  facet normal -0.9048270524660199 0.4257792915650719 0
    outer loop
      vertex -26.978226420863184 6.303595203774796 0
      vertex -27.152003289857443 5.934300559169425 3
      vertex -26.978226420863184 6.303595203774796 3
    endloop
  endfacet
  facet normal -0.951056516295153 0.3090169943749493 0
    outer loop
      vertex -26.852104726331948 6.691757866714223 0
      vertex -26.978226420863184 6.303595203774796 3
      vertex -26.852104726331948 6.691757866714223 3
    endloop
  endfacet
  facet normal -0.9822872507286893 0.18738131458572083 0
    outer loop
      vertex -26.775627220727948 7.092666990916012 0
      vertex -26.852104726331948 6.691757866714223 3
      vertex -26.775627220727948 7.092666990916012 3
    endloop
  endfacet
  facet normal -0.9980267284282714 0.06279051952931576 0
    outer loop
      vertex -26.75 7.5 0
      vertex -26.775627220727948 7.092666990916012 3
      vertex -26.75 7.5 3
    endloop
  endfacet
  facet normal -0.9980267284282714 -0.06279051952931562 0
    outer loop
      vertex -26.775627220727948 7.907333009083989 0
      vertex -26.75 7.5 3
      vertex -26.775627220727948 7.907333009083989 3
    endloop
  endfacet
  facet normal -0.9822872507286895 -0.18738131458572047 0
    outer loop
      vertex -26.852104726331948 8.308242133285779 0
      vertex -26.775627220727948 7.907333009083989 3
      vertex -26.852104726331948 8.308242133285779 3
    endloop
  endfacet
  facet normal -0.9510565162951522 -0.3090169943749519 0
    outer loop
      vertex -26.978226420863184 8.696404796225202 0
      vertex -26.852104726331948 8.308242133285779 3
      vertex -26.978226420863184 8.696404796225202 3
    endloop
  endfacet
  facet normal -0.9048270524660204 -0.42577929156507105 0
    outer loop
      vertex -27.152003289857443 9.065699440830574 0
      vertex -26.978226420863184 8.696404796225202 3
      vertex -27.152003289857443 9.065699440830574 3
    endloop
  endfacet
  facet normal -0.7705132427757887 -0.6374239897486903 0
    outer loop
      vertex -27.630851960880413 9.724778094268238 0
      vertex -27.37069476828142 9.410302069950538 3
      vertex -27.630851960880413 9.724778094268238 3
    endloop
  endfacet
  facet normal -0.8443279255020153 -0.5358267949789962 0
    outer loop
      vertex -27.37069476828142 9.410302069950538 0
      vertex -27.152003289857443 9.065699440830574 3
      vertex -27.37069476828142 9.410302069950538 3
    endloop
  endfacet
  facet normal -0.6845471059286881 -0.7289686274214121 0
    outer loop
      vertex -27.630851960880413 9.724778094268238 3
      vertex -27.92837203331676 10.004168039021314 3
      vertex -27.630851960880413 9.724778094268238 0
    endloop
  endfacet
  facet normal 0.9048270524660136 0.42577929156508526 0
    outer loop
      vertex -32.84799671014255 20.934300559169426 0
      vertex -33.02177357913682 21.303595203774798 0
      vertex -33.02177357913682 21.303595203774798 3
    endloop
  endfacet
  facet normal 0.7705132427757911 0.6374239897486873 0
    outer loop
      vertex -32.36914803911959 20.27522190573176 0
      vertex -32.629305231718575 20.58969793004946 0
      vertex -32.629305231718575 20.58969793004946 3
    endloop
  endfacet
  facet normal 0.8443279255020165 0.5358267949789943 0
    outer loop
      vertex -32.629305231718575 20.58969793004946 0
      vertex -32.84799671014255 20.934300559169426 0
      vertex -32.84799671014255 20.934300559169426 3
    endloop
  endfacet
  facet normal 0.9510565162951578 0.30901699437493485 0
    outer loop
      vertex -33.02177357913682 21.303595203774798 0
      vertex -33.14789527366805 21.691757866714223 0
      vertex -33.14789527366805 21.691757866714223 3
    endloop
  endfacet
  facet normal 0.9822872507286877 0.18738131458572924 0
    outer loop
      vertex -33.14789527366805 21.691757866714223 0
      vertex -33.22437277927205 22.092666990916012 0
      vertex -33.22437277927205 22.092666990916012 3
    endloop
  endfacet
  facet normal 0.684547105928686 0.7289686274214139 0
    outer loop
      vertex -32.07162796668324 19.995831960978684 0
      vertex -32.36914803911959 20.27522190573176 0
      vertex -32.07162796668324 19.995831960978684 3
    endloop
  endfacet
  facet normal 0.5877852522924775 0.8090169943749442 0
    outer loop
      vertex -31.74143708368174 19.75593424211845 0
      vertex -32.07162796668324 19.995831960978684 0
      vertex -31.74143708368174 19.75593424211845 3
    endloop
  endfacet
  facet normal 0.48175367410171255 0.876306680043865 0
    outer loop
      vertex -31.383782697586486 19.559312079485437 0
      vertex -31.74143708368174 19.75593424211845 0
      vertex -31.383782697586486 19.559312079485437 3
    endloop
  endfacet
  facet normal 0.24868988716485532 0.9685831611286311 0
    outer loop
      vertex -30.608989272403605 19.30756643513176 0
      vertex -31.00430523171858 19.40906632204075 0
      vertex -30.608989272403605 19.30756643513176 3
    endloop
  endfacet
  facet normal 0.12533323356430565 0.9921147013144778 0
    outer loop
      vertex -30.20406918847027 19.256413132608117 0
      vertex -30.608989272403605 19.30756643513176 0
      vertex -30.20406918847027 19.256413132608117 3
    endloop
  endfacet
  facet normal 0.3681245526846794 0.9297764858882509 0
    outer loop
      vertex -31.00430523171858 19.40906632204075 0
      vertex -31.383782697586486 19.559312079485437 0
      vertex -31.00430523171858 19.40906632204075 3
    endloop
  endfacet
  facet normal 0 1 0
    outer loop
      vertex -29.79593081152973 19.256413132608117 0
      vertex -30.20406918847027 19.256413132608117 0
      vertex -29.79593081152973 19.256413132608117 3
    endloop
  endfacet
  facet normal -0.12533323356430565 0.9921147013144778 0
    outer loop
      vertex -29.391010727596395 19.30756643513176 0
      vertex -29.79593081152973 19.256413132608117 0
      vertex -29.391010727596395 19.30756643513176 3
    endloop
  endfacet
  facet normal -0.24868988716485532 0.9685831611286311 0
    outer loop
      vertex -28.99569476828142 19.40906632204075 0
      vertex -29.391010727596395 19.30756643513176 0
      vertex -28.99569476828142 19.40906632204075 3
    endloop
  endfacet
  facet normal -0.3681245526846794 0.9297764858882509 0
    outer loop
      vertex -28.616217302413514 19.559312079485437 0
      vertex -28.99569476828142 19.40906632204075 0
      vertex -28.616217302413514 19.559312079485437 3
    endloop
  endfacet
  facet normal -0.48175367410171255 0.876306680043865 0
    outer loop
      vertex -28.25856291631826 19.75593424211845 0
      vertex -28.616217302413514 19.559312079485437 0
      vertex -28.25856291631826 19.75593424211845 3
    endloop
  endfacet
  facet normal -0.5877852522924732 0.8090169943749472 0
    outer loop
      vertex -27.92837203331676 19.995831960978684 0
      vertex -28.25856291631826 19.75593424211845 0
      vertex -27.92837203331676 19.995831960978684 3
    endloop
  endfacet
  facet normal 0.9980267284282714 0.06279051952931576 0
    outer loop
      vertex -33.22437277927205 22.092666990916012 0
      vertex -33.25 22.5 0
      vertex -33.25 22.5 3
    endloop
  endfacet
  facet normal 0.9980267284282714 -0.06279051952931576 0
    outer loop
      vertex -33.25 22.5 0
      vertex -33.22437277927205 22.907333009083988 0
      vertex -33.22437277927205 22.907333009083988 3
    endloop
  endfacet
  facet normal 0.9822872507286877 -0.18738131458572924 0
    outer loop
      vertex -33.22437277927205 22.907333009083988 0
      vertex -33.14789527366805 23.308242133285777 0
      vertex -33.14789527366805 23.308242133285777 3
    endloop
  endfacet
  facet normal 0.9510565162951578 -0.30901699437493485 0
    outer loop
      vertex -33.14789527366805 23.308242133285777 0
      vertex -33.02177357913682 23.696404796225202 0
      vertex -33.02177357913682 23.696404796225202 3
    endloop
  endfacet
  facet normal 0.9048270524660136 -0.42577929156508526 0
    outer loop
      vertex -33.02177357913682 23.696404796225202 0
      vertex -32.84799671014255 24.065699440830574 0
      vertex -32.84799671014255 24.065699440830574 3
    endloop
  endfacet
  facet normal 0.8443279255020165 -0.5358267949789943 0
    outer loop
      vertex -32.84799671014255 24.065699440830574 0
      vertex -32.629305231718575 24.41030206995054 0
      vertex -32.629305231718575 24.41030206995054 3
    endloop
  endfacet
  facet normal 0.7705132427757911 -0.6374239897486873 0
    outer loop
      vertex -32.629305231718575 24.41030206995054 0
      vertex -32.36914803911959 24.72477809426824 0
      vertex -32.36914803911959 24.72477809426824 3
    endloop
  endfacet
  facet normal 0.684547105928686 -0.7289686274214139 0
    outer loop
      vertex -32.36914803911959 24.72477809426824 0
      vertex -32.07162796668324 25.004168039021316 0
      vertex -32.36914803911959 24.72477809426824 3
    endloop
  endfacet
  facet normal 0.5877852522924775 -0.8090169943749442 0
    outer loop
      vertex -32.07162796668324 25.004168039021316 0
      vertex -31.74143708368174 25.24406575788155 0
      vertex -32.07162796668324 25.004168039021316 3
    endloop
  endfacet
  facet normal 0.48175367410171255 -0.876306680043865 0
    outer loop
      vertex -31.74143708368174 25.24406575788155 0
      vertex -31.383782697586486 25.440687920514563 0
      vertex -31.74143708368174 25.24406575788155 3
    endloop
  endfacet
  facet normal 0.3681245526846794 -0.9297764858882509 0
    outer loop
      vertex -31.383782697586486 25.440687920514563 0
      vertex -31.00430523171858 25.59093367795925 0
      vertex -31.383782697586486 25.440687920514563 3
    endloop
  endfacet
  facet normal 0.24868988716485532 -0.9685831611286311 0
    outer loop
      vertex -31.00430523171858 25.59093367795925 0
      vertex -30.608989272403605 25.69243356486824 0
      vertex -31.00430523171858 25.59093367795925 3
    endloop
  endfacet
  facet normal 0.12533323356430456 -0.9921147013144779 0
    outer loop
      vertex -30.608989272403605 25.69243356486824 0
      vertex -30.204069188470267 25.743586867391883 0
      vertex -30.608989272403605 25.69243356486824 3
    endloop
  endfacet
  facet normal 0 -1 0
    outer loop
      vertex -30.204069188470267 25.743586867391883 0
      vertex -29.795930811529733 25.743586867391883 0
      vertex -30.204069188470267 25.743586867391883 3
    endloop
  endfacet
  facet normal -0.12533323356430456 -0.9921147013144779 0
    outer loop
      vertex -29.795930811529733 25.743586867391883 0
      vertex -29.391010727596395 25.69243356486824 0
      vertex -29.795930811529733 25.743586867391883 3
    endloop
  endfacet
  facet normal -0.24868988716485532 -0.9685831611286311 0
    outer loop
      vertex -29.391010727596395 25.69243356486824 0
      vertex -28.99569476828142 25.59093367795925 0
      vertex -29.391010727596395 25.69243356486824 3
    endloop
  endfacet
  facet normal -0.3681245526846794 -0.9297764858882509 0
    outer loop
      vertex -28.99569476828142 25.59093367795925 0
      vertex -28.616217302413514 25.440687920514563 0
      vertex -28.99569476828142 25.59093367795925 3
    endloop
  endfacet
  facet normal -0.48175367410171255 -0.876306680043865 0
    outer loop
      vertex -28.616217302413514 25.440687920514563 0
      vertex -28.25856291631826 25.24406575788155 0
      vertex -28.616217302413514 25.440687920514563 3
    endloop
  endfacet
  facet normal -0.5877852522924732 -0.8090169943749472 0
    outer loop
      vertex -28.25856291631826 25.24406575788155 0
      vertex -27.92837203331676 25.004168039021316 0
      vertex -28.25856291631826 25.24406575788155 3
    endloop
  endfacet
  facet normal -0.6845471059286905 -0.7289686274214099 0
    outer loop
      vertex -27.92837203331676 25.004168039021316 0
      vertex -27.630851960880413 24.72477809426824 0
      vertex -27.92837203331676 25.004168039021316 3
    endloop
  endfacet
  facet normal -0.6845471059286905 0.7289686274214099 0
    outer loop
      vertex -27.630851960880413 20.27522190573176 0
      vertex -27.92837203331676 19.995831960978684 0
      vertex -27.630851960880413 20.27522190573176 3
    endloop
  endfacet
  facet normal -0.7705132427757868 0.6374239897486924 0
    outer loop
      vertex -27.630851960880413 20.27522190573176 0
      vertex -27.630851960880413 20.27522190573176 3
      vertex -27.37069476828142 20.58969793004946 0
    endloop
  endfacet
  facet normal -0.8443279255020165 0.5358267949789943 0
    outer loop
      vertex -27.152003289857443 20.934300559169426 0
      vertex -27.37069476828142 20.58969793004946 0
      vertex -27.37069476828142 20.58969793004946 3
    endloop
  endfacet
  facet normal -0.9048270524660187 0.4257792915650743 0
    outer loop
      vertex -26.978226420863184 21.303595203774794 0
      vertex -27.152003289857443 20.934300559169426 0
      vertex -27.152003289857443 20.934300559169426 3
    endloop
  endfacet
  facet normal -0.9510565162951533 0.309016994374948 0
    outer loop
      vertex -26.852104726331948 21.691757866714223 0
      vertex -26.978226420863184 21.303595203774794 0
      vertex -26.978226420863184 21.303595203774794 3
    endloop
  endfacet
  facet normal -0.9822872507286893 0.18738131458572083 0
    outer loop
      vertex -26.775627220727948 22.092666990916012 0
      vertex -26.852104726331948 21.691757866714223 0
      vertex -26.852104726331948 21.691757866714223 3
    endloop
  endfacet
  facet normal -0.9980267284282714 0.06279051952931576 0
    outer loop
      vertex -26.75 22.5 0
      vertex -26.775627220727948 22.092666990916012 0
      vertex -26.775627220727948 22.092666990916012 3
    endloop
  endfacet
  facet normal -0.9980267284282714 -0.06279051952931576 0
    outer loop
      vertex -26.775627220727948 22.907333009083988 0
      vertex -26.75 22.5 0
      vertex -26.75 22.5 3
    endloop
  endfacet
  facet normal -0.9510565162951525 -0.3090169943749506 0
    outer loop
      vertex -26.978226420863184 23.696404796225202 0
      vertex -26.852104726331948 23.308242133285777 0
      vertex -26.852104726331948 23.308242133285777 3
    endloop
  endfacet
  facet normal -0.9822872507286893 -0.18738131458572083 0
    outer loop
      vertex -26.852104726331948 23.308242133285777 0
      vertex -26.775627220727948 22.907333009083988 0
      vertex -26.775627220727948 22.907333009083988 3
    endloop
  endfacet
  facet normal -0.9048270524660204 -0.42577929156507105 0
    outer loop
      vertex -27.152003289857443 24.065699440830574 0
      vertex -26.978226420863184 23.696404796225202 0
      vertex -26.978226420863184 23.696404796225202 3
    endloop
  endfacet
  facet normal -0.8443279255020165 -0.5358267949789943 0
    outer loop
      vertex -27.37069476828142 24.41030206995054 0
      vertex -27.152003289857443 24.065699440830574 0
      vertex -27.152003289857443 24.065699440830574 3
    endloop
  endfacet
  facet normal -0.7705132427757868 -0.6374239897486924 0
    outer loop
      vertex -27.630851960880413 24.72477809426824 0
      vertex -27.37069476828142 24.41030206995054 0
      vertex -27.37069476828142 24.41030206995054 3
    endloop
  endfacet
  facet normal 0.8443279255020165 0.5358267949789943 0
    outer loop
      vertex -32.629305231718575 20.58969793004946 0
      vertex -32.84799671014255 20.934300559169426 3
      vertex -32.629305231718575 20.58969793004946 3
    endloop
  endfacet
  facet normal 0.7705132427757911 0.6374239897486873 0
    outer loop
      vertex -32.36914803911959 20.27522190573176 0
      vertex -32.629305231718575 20.58969793004946 3
      vertex -32.36914803911959 20.27522190573176 3
    endloop
  endfacet
  facet normal 0.9048270524660136 0.42577929156508526 0
    outer loop
      vertex -32.84799671014255 20.934300559169426 0
      vertex -33.02177357913682 21.303595203774798 3
      vertex -32.84799671014255 20.934300559169426 3
    endloop
  endfacet
  facet normal 0.9510565162951578 0.30901699437493485 0
    outer loop
      vertex -33.02177357913682 21.303595203774798 0
      vertex -33.14789527366805 21.691757866714223 3
      vertex -33.02177357913682 21.303595203774798 3
    endloop
  endfacet
  facet normal 0.9822872507286877 0.18738131458572924 0
    outer loop
      vertex -33.14789527366805 21.691757866714223 0
      vertex -33.22437277927205 22.092666990916012 3
      vertex -33.14789527366805 21.691757866714223 3
    endloop
  endfacet
  facet normal 0.684547105928686 0.7289686274214139 0
    outer loop
      vertex -32.36914803911959 20.27522190573176 0
      vertex -32.36914803911959 20.27522190573176 3
      vertex -32.07162796668324 19.995831960978684 3
    endloop
  endfacet
  facet normal 0.5877852522924775 0.8090169943749442 0
    outer loop
      vertex -32.07162796668324 19.995831960978684 3
      vertex -31.74143708368174 19.75593424211845 3
      vertex -32.07162796668324 19.995831960978684 0
    endloop
  endfacet
  facet normal 0.48175367410171255 0.876306680043865 0
    outer loop
      vertex -31.74143708368174 19.75593424211845 3
      vertex -31.383782697586486 19.559312079485437 3
      vertex -31.74143708368174 19.75593424211845 0
    endloop
  endfacet
  facet normal 0.3681245526846794 0.9297764858882509 0
    outer loop
      vertex -31.383782697586486 19.559312079485437 3
      vertex -31.00430523171858 19.40906632204075 3
      vertex -31.383782697586486 19.559312079485437 0
    endloop
  endfacet
  facet normal 0.12533323356430565 0.9921147013144778 0
    outer loop
      vertex -30.608989272403605 19.30756643513176 3
      vertex -30.20406918847027 19.256413132608117 3
      vertex -30.608989272403605 19.30756643513176 0
    endloop
  endfacet
  facet normal 0 1 0
    outer loop
      vertex -30.20406918847027 19.256413132608117 3
      vertex -29.79593081152973 19.256413132608117 3
      vertex -30.20406918847027 19.256413132608117 0
    endloop
  endfacet
  facet normal 0.24868988716485532 0.9685831611286311 0
    outer loop
      vertex -31.00430523171858 19.40906632204075 3
      vertex -30.608989272403605 19.30756643513176 3
      vertex -31.00430523171858 19.40906632204075 0
    endloop
  endfacet
  facet normal -0.12533323356430565 0.9921147013144778 0
    outer loop
      vertex -29.79593081152973 19.256413132608117 3
      vertex -29.391010727596395 19.30756643513176 3
      vertex -29.79593081152973 19.256413132608117 0
    endloop
  endfacet
  facet normal -0.24868988716485532 0.9685831611286311 0
    outer loop
      vertex -29.391010727596395 19.30756643513176 3
      vertex -28.99569476828142 19.40906632204075 3
      vertex -29.391010727596395 19.30756643513176 0
    endloop
  endfacet
  facet normal -0.3681245526846794 0.9297764858882509 0
    outer loop
      vertex -28.99569476828142 19.40906632204075 3
      vertex -28.616217302413514 19.559312079485437 3
      vertex -28.99569476828142 19.40906632204075 0
    endloop
  endfacet
  facet normal -0.48175367410171255 0.876306680043865 0
    outer loop
      vertex -28.616217302413514 19.559312079485437 3
      vertex -28.25856291631826 19.75593424211845 3
      vertex -28.616217302413514 19.559312079485437 0
    endloop
  endfacet
  facet normal -0.5877852522924732 0.8090169943749472 0
    outer loop
      vertex -28.25856291631826 19.75593424211845 3
      vertex -27.92837203331676 19.995831960978684 3
      vertex -28.25856291631826 19.75593424211845 0
    endloop
  endfacet
  facet normal -0.6845471059286905 0.7289686274214099 0
    outer loop
      vertex -27.92837203331676 19.995831960978684 3
      vertex -27.630851960880413 20.27522190573176 3
      vertex -27.92837203331676 19.995831960978684 0
    endloop
  endfacet
  facet normal 0.9980267284282714 0.06279051952931576 0
    outer loop
      vertex -33.22437277927205 22.092666990916012 0
      vertex -33.25 22.5 3
      vertex -33.22437277927205 22.092666990916012 3
    endloop
  endfacet
  facet normal 0.9980267284282714 -0.06279051952931576 0
    outer loop
      vertex -33.25 22.5 0
      vertex -33.22437277927205 22.907333009083988 3
      vertex -33.25 22.5 3
    endloop
  endfacet
  facet normal 0.9822872507286877 -0.18738131458572924 0
    outer loop
      vertex -33.22437277927205 22.907333009083988 0
      vertex -33.14789527366805 23.308242133285777 3
      vertex -33.22437277927205 22.907333009083988 3
    endloop
  endfacet
  facet normal 0.9510565162951578 -0.30901699437493485 0
    outer loop
      vertex -33.14789527366805 23.308242133285777 0
      vertex -33.02177357913682 23.696404796225202 3
      vertex -33.14789527366805 23.308242133285777 3
    endloop
  endfacet
  facet normal 0.9048270524660136 -0.42577929156508526 0
    outer loop
      vertex -33.02177357913682 23.696404796225202 0
      vertex -32.84799671014255 24.065699440830574 3
      vertex -33.02177357913682 23.696404796225202 3
    endloop
  endfacet
  facet normal 0.8443279255020165 -0.5358267949789943 0
    outer loop
      vertex -32.84799671014255 24.065699440830574 0
      vertex -32.629305231718575 24.41030206995054 3
      vertex -32.84799671014255 24.065699440830574 3
    endloop
  endfacet
  facet normal 0.7705132427757911 -0.6374239897486873 0
    outer loop
      vertex -32.629305231718575 24.41030206995054 0
      vertex -32.36914803911959 24.72477809426824 3
      vertex -32.629305231718575 24.41030206995054 3
    endloop
  endfacet
  facet normal 0.684547105928686 -0.7289686274214139 0
    outer loop
      vertex -32.07162796668324 25.004168039021316 3
      vertex -32.36914803911959 24.72477809426824 3
      vertex -32.07162796668324 25.004168039021316 0
    endloop
  endfacet
  facet normal 0.5877852522924775 -0.8090169943749442 0
    outer loop
      vertex -31.74143708368174 25.24406575788155 3
      vertex -32.07162796668324 25.004168039021316 3
      vertex -31.74143708368174 25.24406575788155 0
    endloop
  endfacet
  facet normal 0.48175367410171255 -0.876306680043865 0
    outer loop
      vertex -31.383782697586486 25.440687920514563 3
      vertex -31.74143708368174 25.24406575788155 3
      vertex -31.383782697586486 25.440687920514563 0
    endloop
  endfacet
  facet normal 0.3681245526846794 -0.9297764858882509 0
    outer loop
      vertex -31.00430523171858 25.59093367795925 3
      vertex -31.383782697586486 25.440687920514563 3
      vertex -31.00430523171858 25.59093367795925 0
    endloop
  endfacet
  facet normal 0.24868988716485532 -0.9685831611286311 0
    outer loop
      vertex -30.608989272403605 25.69243356486824 3
      vertex -31.00430523171858 25.59093367795925 3
      vertex -30.608989272403605 25.69243356486824 0
    endloop
  endfacet
  facet normal 0.12533323356430456 -0.9921147013144779 0
    outer loop
      vertex -30.204069188470267 25.743586867391883 3
      vertex -30.608989272403605 25.69243356486824 3
      vertex -30.204069188470267 25.743586867391883 0
    endloop
  endfacet
  facet normal 0 -1 0
    outer loop
      vertex -29.795930811529733 25.743586867391883 3
      vertex -30.204069188470267 25.743586867391883 3
      vertex -29.795930811529733 25.743586867391883 0
    endloop
  endfacet
  facet normal -0.12533323356430456 -0.9921147013144779 0
    outer loop
      vertex -29.391010727596395 25.69243356486824 3
      vertex -29.795930811529733 25.743586867391883 3
      vertex -29.391010727596395 25.69243356486824 0
    endloop
  endfacet
  facet normal -0.24868988716485532 -0.9685831611286311 0
    outer loop
      vertex -28.99569476828142 25.59093367795925 3
      vertex -29.391010727596395 25.69243356486824 3
      vertex -28.99569476828142 25.59093367795925 0
    endloop
  endfacet
  facet normal -0.48175367410171255 -0.876306680043865 0
    outer loop
      vertex -28.25856291631826 25.24406575788155 3
      vertex -28.616217302413514 25.440687920514563 3
      vertex -28.25856291631826 25.24406575788155 0
    endloop
  endfacet
  facet normal -0.3681245526846794 -0.9297764858882509 0
    outer loop
      vertex -28.616217302413514 25.440687920514563 3
      vertex -28.99569476828142 25.59093367795925 3
      vertex -28.616217302413514 25.440687920514563 0
    endloop
  endfacet
  facet normal -0.5877852522924732 -0.8090169943749472 0
    outer loop
      vertex -27.92837203331676 25.004168039021316 3
      vertex -28.25856291631826 25.24406575788155 3
      vertex -27.92837203331676 25.004168039021316 0
    endloop
  endfacet
  facet normal -0.7705132427757868 0.6374239897486924 0
    outer loop
      vertex -27.37069476828142 20.58969793004946 0
      vertex -27.630851960880413 20.27522190573176 3
      vertex -27.37069476828142 20.58969793004946 3
    endloop
  endfacet
  facet normal -0.8443279255020165 0.5358267949789943 0
    outer loop
      vertex -27.152003289857443 20.934300559169426 0
      vertex -27.37069476828142 20.58969793004946 3
      vertex -27.152003289857443 20.934300559169426 3
    endloop
  endfacet
  facet normal -0.9048270524660187 0.4257792915650743 0
    outer loop
      vertex -26.978226420863184 21.303595203774794 0
      vertex -27.152003289857443 20.934300559169426 3
      vertex -26.978226420863184 21.303595203774794 3
    endloop
  endfacet
  facet normal -0.9510565162951533 0.309016994374948 0
    outer loop
      vertex -26.852104726331948 21.691757866714223 0
      vertex -26.978226420863184 21.303595203774794 3
      vertex -26.852104726331948 21.691757866714223 3
    endloop
  endfacet
  facet normal -0.9822872507286893 0.18738131458572083 0
    outer loop
      vertex -26.775627220727948 22.092666990916012 0
      vertex -26.852104726331948 21.691757866714223 3
      vertex -26.775627220727948 22.092666990916012 3
    endloop
  endfacet
  facet normal -0.9980267284282714 0.06279051952931576 0
    outer loop
      vertex -26.75 22.5 0
      vertex -26.775627220727948 22.092666990916012 3
      vertex -26.75 22.5 3
    endloop
  endfacet
  facet normal -0.9980267284282714 -0.06279051952931576 0
    outer loop
      vertex -26.775627220727948 22.907333009083988 0
      vertex -26.75 22.5 3
      vertex -26.775627220727948 22.907333009083988 3
    endloop
  endfacet
  facet normal -0.9822872507286893 -0.18738131458572083 0
    outer loop
      vertex -26.852104726331948 23.308242133285777 0
      vertex -26.775627220727948 22.907333009083988 3
      vertex -26.852104726331948 23.308242133285777 3
    endloop
  endfacet
  facet normal -0.9510565162951525 -0.3090169943749506 0
    outer loop
      vertex -26.978226420863184 23.696404796225202 0
      vertex -26.852104726331948 23.308242133285777 3
      vertex -26.978226420863184 23.696404796225202 3
    endloop
  endfacet
  facet normal -0.9048270524660204 -0.42577929156507105 0
    outer loop
      vertex -27.152003289857443 24.065699440830574 0
      vertex -26.978226420863184 23.696404796225202 3
      vertex -27.152003289857443 24.065699440830574 3
    endloop
  endfacet
  facet normal -0.8443279255020165 -0.5358267949789943 0
    outer loop
      vertex -27.37069476828142 24.41030206995054 0
      vertex -27.152003289857443 24.065699440830574 3
      vertex -27.37069476828142 24.41030206995054 3
    endloop
  endfacet
  facet normal -0.7705132427757868 -0.6374239897486924 0
    outer loop
      vertex -27.630851960880413 24.72477809426824 0
      vertex -27.37069476828142 24.41030206995054 3
      vertex -27.630851960880413 24.72477809426824 3
    endloop
  endfacet
  facet normal -0.6845471059286905 -0.7289686274214099 0
    outer loop
      vertex -27.630851960880413 24.72477809426824 3
      vertex -27.92837203331676 25.004168039021316 3
      vertex -27.630851960880413 24.72477809426824 0
    endloop
  endfacet
  facet normal 0.7705132427757911 0.6374239897486873 0
    outer loop
      vertex -32.36914803911959 -24.72477809426824 0
      vertex -32.629305231718575 -24.41030206995054 0
      vertex -32.629305231718575 -24.41030206995054 3
    endloop
  endfacet
  facet normal 0.8443279255020165 0.5358267949789943 0
    outer loop
      vertex -32.629305231718575 -24.41030206995054 0
      vertex -32.84799671014255 -24.065699440830574 0
      vertex -32.84799671014255 -24.065699440830574 3
    endloop
  endfacet
  facet normal 0.9048270524660136 0.42577929156508526 0
    outer loop
      vertex -32.84799671014255 -24.065699440830574 0
      vertex -33.02177357913682 -23.696404796225202 0
      vertex -33.02177357913682 -23.696404796225202 3
    endloop
  endfacet
  facet normal 0.9510565162951578 0.30901699437493485 0
    outer loop
      vertex -33.02177357913682 -23.696404796225202 0
      vertex -33.14789527366805 -23.308242133285777 0
      vertex -33.14789527366805 -23.308242133285777 3
    endloop
  endfacet
  facet normal 0.9822872507286877 0.18738131458572924 0
    outer loop
      vertex -33.14789527366805 -23.308242133285777 0
      vertex -33.22437277927205 -22.907333009083988 0
      vertex -33.22437277927205 -22.907333009083988 3
    endloop
  endfacet
  facet normal 0.9980267284282714 0.06279051952931576 0
    outer loop
      vertex -33.22437277927205 -22.907333009083988 0
      vertex -33.25 -22.5 0
      vertex -33.25 -22.5 3
    endloop
  endfacet
  facet normal 0.9980267284282714 -0.06279051952931576 0
    outer loop
      vertex -33.25 -22.5 0
      vertex -33.22437277927205 -22.092666990916012 0
      vertex -33.22437277927205 -22.092666990916012 3
    endloop
  endfacet
  facet normal 0.684547105928686 0.7289686274214139 0
    outer loop
      vertex -32.07162796668324 -25.004168039021316 0
      vertex -32.36914803911959 -24.72477809426824 0
      vertex -32.07162796668324 -25.004168039021316 3
    endloop
  endfacet
  facet normal 0.5877852522924775 0.8090169943749442 0
    outer loop
      vertex -31.74143708368174 -25.24406575788155 0
      vertex -32.07162796668324 -25.004168039021316 0
      vertex -31.74143708368174 -25.24406575788155 3
    endloop
  endfacet
  facet normal 0.48175367410171255 0.876306680043865 0
    outer loop
      vertex -31.383782697586486 -25.440687920514563 0
      vertex -31.74143708368174 -25.24406575788155 0
      vertex -31.383782697586486 -25.440687920514563 3
    endloop
  endfacet
  facet normal 0.3681245526846794 0.9297764858882509 0
    outer loop
      vertex -31.00430523171858 -25.59093367795925 0
      vertex -31.383782697586486 -25.440687920514563 0
      vertex -31.00430523171858 -25.59093367795925 3
    endloop
  endfacet
  facet normal 0.24868988716485532 0.9685831611286311 0
    outer loop
      vertex -30.608989272403605 -25.69243356486824 0
      vertex -31.00430523171858 -25.59093367795925 0
      vertex -30.608989272403605 -25.69243356486824 3
    endloop
  endfacet
  facet normal 0.12533323356430565 0.9921147013144778 0
    outer loop
      vertex -30.20406918847027 -25.743586867391883 0
      vertex -30.608989272403605 -25.69243356486824 0
      vertex -30.20406918847027 -25.743586867391883 3
    endloop
  endfacet
  facet normal 0 1 0
    outer loop
      vertex -29.79593081152973 -25.743586867391883 0
      vertex -30.20406918847027 -25.743586867391883 0
      vertex -29.79593081152973 -25.743586867391883 3
    endloop
  endfacet
  facet normal -0.12533323356430565 0.9921147013144778 0
    outer loop
      vertex -29.391010727596395 -25.69243356486824 0
      vertex -29.79593081152973 -25.743586867391883 0
      vertex -29.391010727596395 -25.69243356486824 3
    endloop
  endfacet
  facet normal -0.24868988716485532 0.9685831611286311 0
    outer loop
      vertex -28.99569476828142 -25.59093367795925 0
      vertex -29.391010727596395 -25.69243356486824 0
      vertex -28.99569476828142 -25.59093367795925 3
    endloop
  endfacet
  facet normal -0.3681245526846794 0.9297764858882509 0
    outer loop
      vertex -28.616217302413514 -25.440687920514563 0
      vertex -28.99569476828142 -25.59093367795925 0
      vertex -28.616217302413514 -25.440687920514563 3
    endloop
  endfacet
  facet normal -0.48175367410171255 0.876306680043865 0
    outer loop
      vertex -28.25856291631826 -25.24406575788155 0
      vertex -28.616217302413514 -25.440687920514563 0
      vertex -28.25856291631826 -25.24406575788155 3
    endloop
  endfacet
  facet normal -0.5877852522924732 0.8090169943749472 0
    outer loop
      vertex -27.92837203331676 -25.004168039021316 0
      vertex -28.25856291631826 -25.24406575788155 0
      vertex -27.92837203331676 -25.004168039021316 3
    endloop
  endfacet
  facet normal 0.9822872507286877 -0.18738131458572924 0
    outer loop
      vertex -33.22437277927205 -22.092666990916012 0
      vertex -33.14789527366805 -21.691757866714223 0
      vertex -33.14789527366805 -21.691757866714223 3
    endloop
  endfacet
  facet normal 0.9510565162951578 -0.30901699437493485 0
    outer loop
      vertex -33.14789527366805 -21.691757866714223 0
      vertex -33.02177357913682 -21.303595203774798 0
      vertex -33.02177357913682 -21.303595203774798 3
    endloop
  endfacet
  facet normal 0.9048270524660136 -0.42577929156508526 0
    outer loop
      vertex -33.02177357913682 -21.303595203774798 0
      vertex -32.84799671014255 -20.934300559169426 0
      vertex -32.84799671014255 -20.934300559169426 3
    endloop
  endfacet
  facet normal 0.8443279255020165 -0.5358267949789943 0
    outer loop
      vertex -32.84799671014255 -20.934300559169426 0
      vertex -32.629305231718575 -20.58969793004946 0
      vertex -32.629305231718575 -20.58969793004946 3
    endloop
  endfacet
  facet normal 0.7705132427757911 -0.6374239897486873 0
    outer loop
      vertex -32.629305231718575 -20.58969793004946 0
      vertex -32.36914803911959 -20.27522190573176 0
      vertex -32.36914803911959 -20.27522190573176 3
    endloop
  endfacet
  facet normal 0.684547105928686 -0.7289686274214139 0
    outer loop
      vertex -32.36914803911959 -20.27522190573176 0
      vertex -32.07162796668324 -19.995831960978684 0
      vertex -32.36914803911959 -20.27522190573176 3
    endloop
  endfacet
  facet normal 0.5877852522924775 -0.8090169943749442 0
    outer loop
      vertex -32.07162796668324 -19.995831960978684 0
      vertex -31.74143708368174 -19.75593424211845 0
      vertex -32.07162796668324 -19.995831960978684 3
    endloop
  endfacet
  facet normal 0.48175367410171255 -0.876306680043865 0
    outer loop
      vertex -31.74143708368174 -19.75593424211845 0
      vertex -31.383782697586486 -19.559312079485437 0
      vertex -31.74143708368174 -19.75593424211845 3
    endloop
  endfacet
  facet normal 0.3681245526846794 -0.9297764858882509 0
    outer loop
      vertex -31.383782697586486 -19.559312079485437 0
      vertex -31.00430523171858 -19.40906632204075 0
      vertex -31.383782697586486 -19.559312079485437 3
    endloop
  endfacet
  facet normal 0.24868988716485532 -0.9685831611286311 0
    outer loop
      vertex -31.00430523171858 -19.40906632204075 0
      vertex -30.608989272403605 -19.30756643513176 0
      vertex -31.00430523171858 -19.40906632204075 3
    endloop
  endfacet
  facet normal 0.12533323356430456 -0.9921147013144779 0
    outer loop
      vertex -30.608989272403605 -19.30756643513176 0
      vertex -30.204069188470267 -19.256413132608117 0
      vertex -30.608989272403605 -19.30756643513176 3
    endloop
  endfacet
  facet normal 0 -1 0
    outer loop
      vertex -30.204069188470267 -19.256413132608117 0
      vertex -29.795930811529733 -19.256413132608117 0
      vertex -30.204069188470267 -19.256413132608117 3
    endloop
  endfacet
  facet normal -0.12533323356430456 -0.9921147013144779 0
    outer loop
      vertex -29.795930811529733 -19.256413132608117 0
      vertex -29.391010727596395 -19.30756643513176 0
      vertex -29.795930811529733 -19.256413132608117 3
    endloop
  endfacet
  facet normal -0.24868988716485532 -0.9685831611286311 0
    outer loop
      vertex -29.391010727596395 -19.30756643513176 0
      vertex -28.99569476828142 -19.40906632204075 0
      vertex -29.391010727596395 -19.30756643513176 3
    endloop
  endfacet
  facet normal -0.3681245526846794 -0.9297764858882509 0
    outer loop
      vertex -28.99569476828142 -19.40906632204075 0
      vertex -28.616217302413514 -19.559312079485437 0
      vertex -28.99569476828142 -19.40906632204075 3
    endloop
  endfacet
  facet normal -0.48175367410171255 -0.876306680043865 0
    outer loop
      vertex -28.616217302413514 -19.559312079485437 0
      vertex -28.25856291631826 -19.75593424211845 0
      vertex -28.616217302413514 -19.559312079485437 3
    endloop
  endfacet
  facet normal -0.5877852522924732 -0.8090169943749472 0
    outer loop
      vertex -28.25856291631826 -19.75593424211845 0
      vertex -27.92837203331676 -19.995831960978684 0
      vertex -28.25856291631826 -19.75593424211845 3
    endloop
  endfacet
  facet normal -0.6845471059286905 -0.7289686274214099 0
    outer loop
      vertex -27.92837203331676 -19.995831960978684 0
      vertex -27.630851960880413 -20.27522190573176 0
      vertex -27.92837203331676 -19.995831960978684 3
    endloop
  endfacet
  facet normal -0.6845471059286905 0.7289686274214099 0
    outer loop
      vertex -27.630851960880413 -24.72477809426824 0
      vertex -27.92837203331676 -25.004168039021316 0
      vertex -27.630851960880413 -24.72477809426824 3
    endloop
  endfacet
  facet normal -0.7705132427757868 0.6374239897486924 0
    outer loop
      vertex -27.630851960880413 -24.72477809426824 0
      vertex -27.630851960880413 -24.72477809426824 3
      vertex -27.37069476828142 -24.41030206995054 0
    endloop
  endfacet
  facet normal -0.8443279255020165 0.5358267949789943 0
    outer loop
      vertex -27.152003289857443 -24.065699440830574 0
      vertex -27.37069476828142 -24.41030206995054 0
      vertex -27.37069476828142 -24.41030206995054 3
    endloop
  endfacet
  facet normal -0.9048270524660187 0.4257792915650743 0
    outer loop
      vertex -26.978226420863184 -23.696404796225206 0
      vertex -27.152003289857443 -24.065699440830574 0
      vertex -27.152003289857443 -24.065699440830574 3
    endloop
  endfacet
  facet normal -0.9510565162951533 0.309016994374948 0
    outer loop
      vertex -26.852104726331948 -23.308242133285777 0
      vertex -26.978226420863184 -23.696404796225206 0
      vertex -26.978226420863184 -23.696404796225206 3
    endloop
  endfacet
  facet normal -0.9822872507286893 0.18738131458572083 0
    outer loop
      vertex -26.775627220727948 -22.907333009083988 0
      vertex -26.852104726331948 -23.308242133285777 0
      vertex -26.852104726331948 -23.308242133285777 3
    endloop
  endfacet
  facet normal -0.9980267284282714 0.06279051952931576 0
    outer loop
      vertex -26.75 -22.5 0
      vertex -26.775627220727948 -22.907333009083988 0
      vertex -26.775627220727948 -22.907333009083988 3
    endloop
  endfacet
  facet normal -0.9980267284282714 -0.06279051952931576 0
    outer loop
      vertex -26.775627220727948 -22.092666990916012 0
      vertex -26.75 -22.5 0
      vertex -26.75 -22.5 3
    endloop
  endfacet
  facet normal -0.9822872507286893 -0.18738131458572083 0
    outer loop
      vertex -26.852104726331948 -21.691757866714223 0
      vertex -26.775627220727948 -22.092666990916012 0
      vertex -26.775627220727948 -22.092666990916012 3
    endloop
  endfacet
  facet normal -0.9510565162951525 -0.3090169943749506 0
    outer loop
      vertex -26.978226420863184 -21.303595203774798 0
      vertex -26.852104726331948 -21.691757866714223 0
      vertex -26.852104726331948 -21.691757866714223 3
    endloop
  endfacet
  facet normal -0.8443279255020165 -0.5358267949789943 0
    outer loop
      vertex -27.37069476828142 -20.58969793004946 0
      vertex -27.152003289857443 -20.934300559169426 0
      vertex -27.152003289857443 -20.934300559169426 3
    endloop
  endfacet
  facet normal -0.7705132427757868 -0.6374239897486924 0
    outer loop
      vertex -27.630851960880413 -20.27522190573176 0
      vertex -27.37069476828142 -20.58969793004946 0
      vertex -27.37069476828142 -20.58969793004946 3
    endloop
  endfacet
  facet normal -0.9048270524660204 -0.42577929156507105 0
    outer loop
      vertex -27.152003289857443 -20.934300559169426 0
      vertex -26.978226420863184 -21.303595203774798 0
      vertex -26.978226420863184 -21.303595203774798 3
    endloop
  endfacet
  facet normal 0.7705132427757911 0.6374239897486873 0
    outer loop
      vertex -32.36914803911959 -24.72477809426824 0
      vertex -32.629305231718575 -24.41030206995054 3
      vertex -32.36914803911959 -24.72477809426824 3
    endloop
  endfacet
  facet normal 0.8443279255020165 0.5358267949789943 0
    outer loop
      vertex -32.629305231718575 -24.41030206995054 0
      vertex -32.84799671014255 -24.065699440830574 3
      vertex -32.629305231718575 -24.41030206995054 3
    endloop
  endfacet
  facet normal 0.9510565162951578 0.30901699437493485 0
    outer loop
      vertex -33.02177357913682 -23.696404796225202 0
      vertex -33.14789527366805 -23.308242133285777 3
      vertex -33.02177357913682 -23.696404796225202 3
    endloop
  endfacet
  facet normal 0.9822872507286877 0.18738131458572924 0
    outer loop
      vertex -33.14789527366805 -23.308242133285777 0
      vertex -33.22437277927205 -22.907333009083988 3
      vertex -33.14789527366805 -23.308242133285777 3
    endloop
  endfacet
  facet normal 0.9048270524660136 0.42577929156508526 0
    outer loop
      vertex -32.84799671014255 -24.065699440830574 0
      vertex -33.02177357913682 -23.696404796225202 3
      vertex -32.84799671014255 -24.065699440830574 3
    endloop
  endfacet
  facet normal 0.9980267284282714 0.06279051952931576 0
    outer loop
      vertex -33.22437277927205 -22.907333009083988 0
      vertex -33.25 -22.5 3
      vertex -33.22437277927205 -22.907333009083988 3
    endloop
  endfacet
  facet normal 0.9980267284282714 -0.06279051952931576 0
    outer loop
      vertex -33.25 -22.5 0
      vertex -33.22437277927205 -22.092666990916012 3
      vertex -33.25 -22.5 3
    endloop
  endfacet
  facet normal 0.5877852522924802 0.8090169943749423 -4.511213560182504e-16
    outer loop
      vertex -31.95298240572004 -25.090369084820132 3
      vertex -31.74143708368174 -25.24406575788155 3
      vertex -32.07162796668324 -25.004168039021316 0
    endloop
  endfacet
  facet normal 0.5877852522924727 0.8090169943749478 0
    outer loop
      vertex -31.95298240572004 -25.090369084820132 3
      vertex -32.07162796668324 -25.004168039021316 0
      vertex -32.07162796668324 -25.004168039021316 3
    endloop
  endfacet
  facet normal 0.3681245526846794 0.9297764858882509 0
    outer loop
      vertex -31.383782697586486 -25.440687920514563 3
      vertex -31.00430523171858 -25.59093367795925 3
      vertex -31.383782697586486 -25.440687920514563 0
    endloop
  endfacet
  facet normal 0.48175367410171255 0.876306680043865 0
    outer loop
      vertex -31.74143708368174 -25.24406575788155 3
      vertex -31.383782697586486 -25.440687920514563 3
      vertex -31.74143708368174 -25.24406575788155 0
    endloop
  endfacet
  facet normal 0.684547105928686 0.7289686274214139 0
    outer loop
      vertex -32.36914803911959 -24.72477809426824 3
      vertex -32.07162796668324 -25.004168039021316 3
      vertex -32.36914803911959 -24.72477809426824 0
    endloop
  endfacet
  facet normal 0.24868988716485532 0.9685831611286311 0
    outer loop
      vertex -31.00430523171858 -25.59093367795925 3
      vertex -30.608989272403605 -25.69243356486824 3
      vertex -31.00430523171858 -25.59093367795925 0
    endloop
  endfacet
  facet normal 0.12533323356430565 0.9921147013144778 0
    outer loop
      vertex -30.608989272403605 -25.69243356486824 3
      vertex -30.20406918847027 -25.743586867391883 3
      vertex -30.608989272403605 -25.69243356486824 0
    endloop
  endfacet
  facet normal 0 1 0
    outer loop
      vertex -30.20406918847027 -25.743586867391883 3
      vertex -29.79593081152973 -25.743586867391883 3
      vertex -30.20406918847027 -25.743586867391883 0
    endloop
  endfacet
  facet normal -0.12533323356430565 0.9921147013144778 0
    outer loop
      vertex -29.79593081152973 -25.743586867391883 3
      vertex -29.391010727596395 -25.69243356486824 3
      vertex -29.79593081152973 -25.743586867391883 0
    endloop
  endfacet
  facet normal -0.24868988716485532 0.9685831611286311 0
    outer loop
      vertex -29.391010727596395 -25.69243356486824 3
      vertex -28.99569476828142 -25.59093367795925 3
      vertex -29.391010727596395 -25.69243356486824 0
    endloop
  endfacet
  facet normal -0.3681245526846794 0.9297764858882509 0
    outer loop
      vertex -28.99569476828142 -25.59093367795925 3
      vertex -28.616217302413514 -25.440687920514563 3
      vertex -28.99569476828142 -25.59093367795925 0
    endloop
  endfacet
  facet normal -0.48175367410171255 0.876306680043865 0
    outer loop
      vertex -28.616217302413514 -25.440687920514563 3
      vertex -28.25856291631826 -25.24406575788155 3
      vertex -28.616217302413514 -25.440687920514563 0
    endloop
  endfacet
  facet normal -0.5877852522924732 0.8090169943749472 0
    outer loop
      vertex -28.25856291631826 -25.24406575788155 3
      vertex -27.92837203331676 -25.004168039021316 3
      vertex -28.25856291631826 -25.24406575788155 0
    endloop
  endfacet
  facet normal -0.6845471059286905 0.7289686274214099 0
    outer loop
      vertex -27.92837203331676 -25.004168039021316 3
      vertex -27.630851960880413 -24.72477809426824 3
      vertex -27.92837203331676 -25.004168039021316 0
    endloop
  endfacet
  facet normal 0.9822872507286877 -0.18738131458572924 0
    outer loop
      vertex -33.22437277927205 -22.092666990916012 0
      vertex -33.14789527366805 -21.691757866714223 3
      vertex -33.22437277927205 -22.092666990916012 3
    endloop
  endfacet
  facet normal 0.9510565162951578 -0.30901699437493485 0
    outer loop
      vertex -33.14789527366805 -21.691757866714223 0
      vertex -33.02177357913682 -21.303595203774798 3
      vertex -33.14789527366805 -21.691757866714223 3
    endloop
  endfacet
  facet normal 0.9048270524660136 -0.42577929156508526 0
    outer loop
      vertex -33.02177357913682 -21.303595203774798 0
      vertex -32.84799671014255 -20.934300559169426 3
      vertex -33.02177357913682 -21.303595203774798 3
    endloop
  endfacet
  facet normal 0.8443279255020165 -0.5358267949789943 0
    outer loop
      vertex -32.84799671014255 -20.934300559169426 0
      vertex -32.629305231718575 -20.58969793004946 3
      vertex -32.84799671014255 -20.934300559169426 3
    endloop
  endfacet
  facet normal 0.7705132427757911 -0.6374239897486873 0
    outer loop
      vertex -32.629305231718575 -20.58969793004946 3
      vertex -32.629305231718575 -20.58969793004946 0
      vertex -32.36914803911959 -20.27522190573176 3
    endloop
  endfacet
  facet normal 0.684547105928686 -0.7289686274214139 0
    outer loop
      vertex -32.07162796668324 -19.995831960978684 3
      vertex -32.36914803911959 -20.27522190573176 3
      vertex -32.07162796668324 -19.995831960978684 0
    endloop
  endfacet
  facet normal 0.5877852522924775 -0.8090169943749442 0
    outer loop
      vertex -31.74143708368174 -19.75593424211845 3
      vertex -32.07162796668324 -19.995831960978684 3
      vertex -31.74143708368174 -19.75593424211845 0
    endloop
  endfacet
  facet normal 0.48175367410171255 -0.876306680043865 0
    outer loop
      vertex -31.383782697586486 -19.559312079485437 3
      vertex -31.74143708368174 -19.75593424211845 3
      vertex -31.383782697586486 -19.559312079485437 0
    endloop
  endfacet
  facet normal 0.3681245526846794 -0.9297764858882509 0
    outer loop
      vertex -31.00430523171858 -19.40906632204075 3
      vertex -31.383782697586486 -19.559312079485437 3
      vertex -31.00430523171858 -19.40906632204075 0
    endloop
  endfacet
  facet normal 0.24868988716485532 -0.9685831611286311 0
    outer loop
      vertex -30.608989272403605 -19.30756643513176 3
      vertex -31.00430523171858 -19.40906632204075 3
      vertex -30.608989272403605 -19.30756643513176 0
    endloop
  endfacet
  facet normal 0.12533323356430456 -0.9921147013144779 0
    outer loop
      vertex -30.204069188470267 -19.256413132608117 3
      vertex -30.608989272403605 -19.30756643513176 3
      vertex -30.204069188470267 -19.256413132608117 0
    endloop
  endfacet
  facet normal -0.24868988716485532 -0.9685831611286311 0
    outer loop
      vertex -28.99569476828142 -19.40906632204075 3
      vertex -29.391010727596395 -19.30756643513176 3
      vertex -28.99569476828142 -19.40906632204075 0
    endloop
  endfacet
  facet normal 0 -1 0
    outer loop
      vertex -29.795930811529733 -19.256413132608117 3
      vertex -30.204069188470267 -19.256413132608117 3
      vertex -29.795930811529733 -19.256413132608117 0
    endloop
  endfacet
  facet normal -0.12533323356430456 -0.9921147013144779 0
    outer loop
      vertex -29.391010727596395 -19.30756643513176 3
      vertex -29.795930811529733 -19.256413132608117 3
      vertex -29.391010727596395 -19.30756643513176 0
    endloop
  endfacet
  facet normal -0.3681245526846794 -0.9297764858882509 0
    outer loop
      vertex -28.616217302413514 -19.559312079485437 3
      vertex -28.99569476828142 -19.40906632204075 3
      vertex -28.616217302413514 -19.559312079485437 0
    endloop
  endfacet
  facet normal -0.48175367410171255 -0.876306680043865 0
    outer loop
      vertex -28.25856291631826 -19.75593424211845 3
      vertex -28.616217302413514 -19.559312079485437 3
      vertex -28.25856291631826 -19.75593424211845 0
    endloop
  endfacet
  facet normal -0.5877852522924736 -0.8090169943749471 -3.801715346525897e-17
    outer loop
      vertex -28.03707014613142 -19.91685815930491 3
      vertex -28.25856291631826 -19.75593424211845 3
      vertex -27.92837203331676 -19.995831960978684 0
    endloop
  endfacet
  facet normal -0.5877852522924729 -0.8090169943749476 0
    outer loop
      vertex -28.03707014613142 -19.91685815930491 3
      vertex -27.92837203331676 -19.995831960978684 0
      vertex -27.92837203331676 -19.995831960978684 3
    endloop
  endfacet
  facet normal -0.7705132427757868 0.6374239897486924 0
    outer loop
      vertex -27.37069476828142 -24.41030206995054 0
      vertex -27.630851960880413 -24.72477809426824 3
      vertex -27.37069476828142 -24.41030206995054 3
    endloop
  endfacet
  facet normal -0.8443279255020165 0.5358267949789943 0
    outer loop
      vertex -27.152003289857443 -24.065699440830574 0
      vertex -27.37069476828142 -24.41030206995054 3
      vertex -27.152003289857443 -24.065699440830574 3
    endloop
  endfacet
  facet normal -0.9048270524660187 0.4257792915650743 0
    outer loop
      vertex -26.978226420863184 -23.696404796225206 0
      vertex -27.152003289857443 -24.065699440830574 3
      vertex -26.978226420863184 -23.696404796225206 3
    endloop
  endfacet
  facet normal -0.9510565162951533 0.309016994374948 0
    outer loop
      vertex -26.852104726331948 -23.308242133285777 0
      vertex -26.978226420863184 -23.696404796225206 3
      vertex -26.852104726331948 -23.308242133285777 3
    endloop
  endfacet
  facet normal -0.9822872507286893 0.18738131458572083 0
    outer loop
      vertex -26.775627220727948 -22.907333009083988 0
      vertex -26.852104726331948 -23.308242133285777 3
      vertex -26.775627220727948 -22.907333009083988 3
    endloop
  endfacet
  facet normal -0.9980267284282714 0.06279051952931576 0
    outer loop
      vertex -26.75 -22.5 0
      vertex -26.775627220727948 -22.907333009083988 3
      vertex -26.75 -22.5 3
    endloop
  endfacet
  facet normal -0.9980267284282714 -0.06279051952931576 0
    outer loop
      vertex -26.775627220727948 -22.092666990916012 0
      vertex -26.75 -22.5 3
      vertex -26.775627220727948 -22.092666990916012 3
    endloop
  endfacet
  facet normal -0.9822872507286893 -0.18738131458572083 0
    outer loop
      vertex -26.852104726331948 -21.691757866714223 0
      vertex -26.775627220727948 -22.092666990916012 3
      vertex -26.852104726331948 -21.691757866714223 3
    endloop
  endfacet
  facet normal -0.9510565162951525 -0.3090169943749506 0
    outer loop
      vertex -26.978226420863184 -21.303595203774798 0
      vertex -26.852104726331948 -21.691757866714223 3
      vertex -26.978226420863184 -21.303595203774798 3
    endloop
  endfacet
  facet normal -0.7705132427757868 -0.6374239897486924 0
    outer loop
      vertex -27.630851960880413 -20.27522190573176 0
      vertex -27.37069476828142 -20.58969793004946 3
      vertex -27.630851960880413 -20.27522190573176 3
    endloop
  endfacet
  facet normal -0.8443279255020165 -0.5358267949789943 0
    outer loop
      vertex -27.37069476828142 -20.58969793004946 0
      vertex -27.152003289857443 -20.934300559169426 3
      vertex -27.37069476828142 -20.58969793004946 3
    endloop
  endfacet
  facet normal -0.9048270524660204 -0.42577929156507105 0
    outer loop
      vertex -27.152003289857443 -20.934300559169426 0
      vertex -26.978226420863184 -21.303595203774798 3
      vertex -27.152003289857443 -20.934300559169426 3
    endloop
  endfacet
  facet normal -0.6845471059286905 -0.7289686274214099 0
    outer loop
      vertex -27.630851960880413 -20.27522190573176 3
      vertex -27.92837203331676 -19.995831960978684 3
      vertex -27.630851960880413 -20.27522190573176 0
    endloop
  endfacet
  facet normal 0.7705132427757868 0.6374239897486924 0
    outer loop
      vertex -17.369148039119587 -24.72477809426824 0
      vertex -17.62930523171858 -24.41030206995054 0
      vertex -17.62930523171858 -24.41030206995054 3
    endloop
  endfacet
  facet normal 0.8443279255020165 0.5358267949789943 0
    outer loop
      vertex -17.62930523171858 -24.41030206995054 0
      vertex -17.847996710142557 -24.065699440830574 0
      vertex -17.847996710142557 -24.065699440830574 3
    endloop
  endfacet
  facet normal 0.6845471059286905 0.7289686274214099 0
    outer loop
      vertex -17.07162796668324 -25.004168039021316 0
      vertex -17.369148039119587 -24.72477809426824 0
      vertex -17.07162796668324 -25.004168039021316 3
    endloop
  endfacet
  facet normal 0.5877852522924732 0.8090169943749472 0
    outer loop
      vertex -16.74143708368174 -25.24406575788155 0
      vertex -17.07162796668324 -25.004168039021316 0
      vertex -16.74143708368174 -25.24406575788155 3
    endloop
  endfacet
  facet normal 0.48175367410171255 0.876306680043865 0
    outer loop
      vertex -16.383782697586486 -25.440687920514563 0
      vertex -16.74143708368174 -25.24406575788155 0
      vertex -16.383782697586486 -25.440687920514563 3
    endloop
  endfacet
  facet normal 0.9048270524660204 0.42577929156507105 0
    outer loop
      vertex -17.847996710142557 -24.065699440830574 0
      vertex -18.021773579136816 -23.696404796225202 0
      vertex -18.021773579136816 -23.696404796225202 3
    endloop
  endfacet
  facet normal 0.9510565162951525 0.3090169943749506 0
    outer loop
      vertex -18.021773579136816 -23.696404796225202 0
      vertex -18.147895273668052 -23.308242133285777 0
      vertex -18.147895273668052 -23.308242133285777 3
    endloop
  endfacet
  facet normal 0.9822872507286893 0.18738131458572083 0
    outer loop
      vertex -18.147895273668052 -23.308242133285777 0
      vertex -18.224372779272052 -22.907333009083988 0
      vertex -18.224372779272052 -22.907333009083988 3
    endloop
  endfacet
  facet normal 0.9980267284282714 0.06279051952931576 0
    outer loop
      vertex -18.224372779272052 -22.907333009083988 0
      vertex -18.25 -22.5 0
      vertex -18.25 -22.5 3
    endloop
  endfacet
  facet normal 0.9980267284282714 -0.06279051952931576 0
    outer loop
      vertex -18.25 -22.5 0
      vertex -18.224372779272052 -22.092666990916012 0
      vertex -18.224372779272052 -22.092666990916012 3
    endloop
  endfacet
  facet normal 0.3681245526846794 0.9297764858882509 0
    outer loop
      vertex -16.00430523171858 -25.59093367795925 0
      vertex -16.383782697586486 -25.440687920514563 0
      vertex -16.00430523171858 -25.59093367795925 3
    endloop
  endfacet
  facet normal 0.24868988716485532 0.9685831611286311 0
    outer loop
      vertex -15.608989272403605 -25.69243356486824 0
      vertex -16.00430523171858 -25.59093367795925 0
      vertex -15.608989272403605 -25.69243356486824 3
    endloop
  endfacet
  facet normal 0.12533323356430506 0.9921147013144777 0
    outer loop
      vertex -15.20406918847027 -25.743586867391883 0
      vertex -15.608989272403605 -25.69243356486824 0
      vertex -15.20406918847027 -25.743586867391883 3
    endloop
  endfacet
  facet normal 0 1 0
    outer loop
      vertex -14.79593081152973 -25.743586867391883 0
      vertex -15.20406918847027 -25.743586867391883 0
      vertex -14.79593081152973 -25.743586867391883 3
    endloop
  endfacet
  facet normal -0.12533323356430506 0.9921147013144777 0
    outer loop
      vertex -14.391010727596395 -25.69243356486824 0
      vertex -14.79593081152973 -25.743586867391883 0
      vertex -14.391010727596395 -25.69243356486824 3
    endloop
  endfacet
  facet normal -0.24868988716485532 0.9685831611286311 0
    outer loop
      vertex -13.995694768281421 -25.59093367795925 0
      vertex -14.391010727596395 -25.69243356486824 0
      vertex -13.995694768281421 -25.59093367795925 3
    endloop
  endfacet
  facet normal -0.3681245526846794 0.9297764858882509 0
    outer loop
      vertex -13.616217302413514 -25.440687920514563 0
      vertex -13.995694768281421 -25.59093367795925 0
      vertex -13.616217302413514 -25.440687920514563 3
    endloop
  endfacet
  facet normal -0.48175367410171255 0.876306680043865 0
    outer loop
      vertex -13.258562916318262 -25.24406575788155 0
      vertex -13.616217302413514 -25.440687920514563 0
      vertex -13.258562916318262 -25.24406575788155 3
    endloop
  endfacet
  facet normal -0.5877852522924732 0.8090169943749472 0
    outer loop
      vertex -12.928372033316759 -25.004168039021316 0
      vertex -13.258562916318262 -25.24406575788155 0
      vertex -12.928372033316759 -25.004168039021316 3
    endloop
  endfacet
  facet normal -0.6845471059286882 0.7289686274214119 0
    outer loop
      vertex -12.630851960880412 -24.72477809426824 0
      vertex -12.928372033316759 -25.004168039021316 0
      vertex -12.630851960880412 -24.72477809426824 3
    endloop
  endfacet
  facet normal -0.7705132427757891 0.63742398974869 0
    outer loop
      vertex -12.630851960880412 -24.72477809426824 0
      vertex -12.630851960880412 -24.72477809426824 3
      vertex -12.370694768281421 -24.41030206995054 0
    endloop
  endfacet
  facet normal -0.8443279255020165 0.5358267949789943 0
    outer loop
      vertex -12.152003289857443 -24.065699440830574 0
      vertex -12.370694768281421 -24.41030206995054 0
      vertex -12.370694768281421 -24.41030206995054 3
    endloop
  endfacet
  facet normal -0.9048270524660187 0.4257792915650743 0
    outer loop
      vertex -11.978226420863184 -23.696404796225206 0
      vertex -12.152003289857443 -24.065699440830574 0
      vertex -12.152003289857443 -24.065699440830574 3
    endloop
  endfacet
  facet normal -0.9510565162951533 0.309016994374948 0
    outer loop
      vertex -11.852104726331948 -23.308242133285777 0
      vertex -11.978226420863184 -23.696404796225206 0
      vertex -11.978226420863184 -23.696404796225206 3
    endloop
  endfacet
  facet normal -0.9822872507286893 0.18738131458572083 0
    outer loop
      vertex -11.775627220727948 -22.907333009083988 0
      vertex -11.852104726331948 -23.308242133285777 0
      vertex -11.852104726331948 -23.308242133285777 3
    endloop
  endfacet
  facet normal -0.9980267284282714 0.06279051952931576 0
    outer loop
      vertex -11.75 -22.5 0
      vertex -11.775627220727948 -22.907333009083988 0
      vertex -11.775627220727948 -22.907333009083988 3
    endloop
  endfacet
  facet normal -0.9980267284282714 -0.06279051952931576 0
    outer loop
      vertex -11.775627220727948 -22.092666990916012 0
      vertex -11.75 -22.5 0
      vertex -11.75 -22.5 3
    endloop
  endfacet
  facet normal 0.9822872507286893 -0.18738131458572083 0
    outer loop
      vertex -18.224372779272052 -22.092666990916012 0
      vertex -18.147895273668052 -21.691757866714223 0
      vertex -18.147895273668052 -21.691757866714223 3
    endloop
  endfacet
  facet normal 0.9510565162951525 -0.3090169943749506 0
    outer loop
      vertex -18.147895273668052 -21.691757866714223 0
      vertex -18.021773579136816 -21.303595203774798 0
      vertex -18.021773579136816 -21.303595203774798 3
    endloop
  endfacet
  facet normal 0.9048270524660204 -0.42577929156507105 0
    outer loop
      vertex -18.021773579136816 -21.303595203774798 0
      vertex -17.847996710142557 -20.934300559169426 0
      vertex -17.847996710142557 -20.934300559169426 3
    endloop
  endfacet
  facet normal 0.8443279255020165 -0.5358267949789943 0
    outer loop
      vertex -17.847996710142557 -20.934300559169426 0
      vertex -17.62930523171858 -20.58969793004946 0
      vertex -17.62930523171858 -20.58969793004946 3
    endloop
  endfacet
  facet normal 0.7705132427757868 -0.6374239897486924 0
    outer loop
      vertex -17.62930523171858 -20.58969793004946 0
      vertex -17.369148039119587 -20.27522190573176 0
      vertex -17.369148039119587 -20.27522190573176 3
    endloop
  endfacet
  facet normal 0.6845471059286905 -0.7289686274214099 0
    outer loop
      vertex -17.369148039119587 -20.27522190573176 0
      vertex -17.07162796668324 -19.995831960978684 0
      vertex -17.369148039119587 -20.27522190573176 3
    endloop
  endfacet
  facet normal 0.5877852522924732 -0.8090169943749472 0
    outer loop
      vertex -17.07162796668324 -19.995831960978684 0
      vertex -16.74143708368174 -19.75593424211845 0
      vertex -17.07162796668324 -19.995831960978684 3
    endloop
  endfacet
  facet normal 0.48175367410171255 -0.876306680043865 0
    outer loop
      vertex -16.74143708368174 -19.75593424211845 0
      vertex -16.383782697586486 -19.559312079485437 0
      vertex -16.74143708368174 -19.75593424211845 3
    endloop
  endfacet
  facet normal 0.3681245526846794 -0.9297764858882509 0
    outer loop
      vertex -16.383782697586486 -19.559312079485437 0
      vertex -16.00430523171858 -19.40906632204075 0
      vertex -16.383782697586486 -19.559312079485437 3
    endloop
  endfacet
  facet normal 0.24868988716485532 -0.9685831611286311 0
    outer loop
      vertex -16.00430523171858 -19.40906632204075 0
      vertex -15.608989272403605 -19.30756643513176 0
      vertex -16.00430523171858 -19.40906632204075 3
    endloop
  endfacet
  facet normal 0.12533323356430456 -0.9921147013144779 0
    outer loop
      vertex -15.608989272403605 -19.30756643513176 0
      vertex -15.204069188470267 -19.256413132608117 0
      vertex -15.608989272403605 -19.30756643513176 3
    endloop
  endfacet
  facet normal 0 -1 0
    outer loop
      vertex -15.204069188470267 -19.256413132608117 0
      vertex -14.795930811529733 -19.256413132608117 0
      vertex -15.204069188470267 -19.256413132608117 3
    endloop
  endfacet
  facet normal -0.12533323356430456 -0.9921147013144779 0
    outer loop
      vertex -14.795930811529733 -19.256413132608117 0
      vertex -14.391010727596395 -19.30756643513176 0
      vertex -14.795930811529733 -19.256413132608117 3
    endloop
  endfacet
  facet normal -0.24868988716485532 -0.9685831611286311 0
    outer loop
      vertex -14.391010727596395 -19.30756643513176 0
      vertex -13.995694768281421 -19.40906632204075 0
      vertex -14.391010727596395 -19.30756643513176 3
    endloop
  endfacet
  facet normal -0.9822872507286893 -0.18738131458572083 0
    outer loop
      vertex -11.852104726331948 -21.691757866714223 0
      vertex -11.775627220727948 -22.092666990916012 0
      vertex -11.775627220727948 -22.092666990916012 3
    endloop
  endfacet
  facet normal -0.9510565162951525 -0.3090169943749506 0
    outer loop
      vertex -11.978226420863184 -21.303595203774798 0
      vertex -11.852104726331948 -21.691757866714223 0
      vertex -11.852104726331948 -21.691757866714223 3
    endloop
  endfacet
  facet normal -0.8443279255020165 -0.5358267949789943 0
    outer loop
      vertex -12.370694768281421 -20.58969793004946 0
      vertex -12.152003289857443 -20.934300559169426 0
      vertex -12.152003289857443 -20.934300559169426 3
    endloop
  endfacet
  facet normal -0.7705132427757868 -0.6374239897486924 0
    outer loop
      vertex -12.630851960880413 -20.27522190573176 0
      vertex -12.370694768281421 -20.58969793004946 0
      vertex -12.370694768281421 -20.58969793004946 3
    endloop
  endfacet
  facet normal -0.9048270524660204 -0.42577929156507105 0
    outer loop
      vertex -12.152003289857443 -20.934300559169426 0
      vertex -11.978226420863184 -21.303595203774798 0
      vertex -11.978226420863184 -21.303595203774798 3
    endloop
  endfacet
  facet normal -0.3681245526846794 -0.9297764858882509 0
    outer loop
      vertex -13.995694768281421 -19.40906632204075 0
      vertex -13.616217302413514 -19.559312079485437 0
      vertex -13.995694768281421 -19.40906632204075 3
    endloop
  endfacet
  facet normal -0.48175367410171255 -0.876306680043865 0
    outer loop
      vertex -13.616217302413514 -19.559312079485437 0
      vertex -13.258562916318262 -19.75593424211845 0
      vertex -13.616217302413514 -19.559312079485437 3
    endloop
  endfacet
  facet normal -0.5877852522924732 -0.8090169943749472 0
    outer loop
      vertex -13.258562916318262 -19.75593424211845 0
      vertex -12.928372033316759 -19.995831960978684 0
      vertex -13.258562916318262 -19.75593424211845 3
    endloop
  endfacet
  facet normal -0.6845471059286905 -0.7289686274214099 0
    outer loop
      vertex -12.928372033316759 -19.995831960978684 0
      vertex -12.630851960880413 -20.27522190573176 0
      vertex -12.928372033316759 -19.995831960978684 3
    endloop
  endfacet
  facet normal 0.7705132427757868 0.6374239897486924 0
    outer loop
      vertex -17.369148039119587 -24.72477809426824 0
      vertex -17.62930523171858 -24.41030206995054 3
      vertex -17.369148039119587 -24.72477809426824 3
    endloop
  endfacet
  facet normal 0.8443279255020165 0.5358267949789943 0
    outer loop
      vertex -17.62930523171858 -24.41030206995054 0
      vertex -17.847996710142557 -24.065699440830574 3
      vertex -17.62930523171858 -24.41030206995054 3
    endloop
  endfacet
  facet normal 0.5877852522924732 0.8090169943749472 0
    outer loop
      vertex -17.07162796668324 -25.004168039021316 3
      vertex -16.74143708368174 -25.24406575788155 3
      vertex -17.07162796668324 -25.004168039021316 0
    endloop
  endfacet
  facet normal 0.3681245526846794 0.9297764858882509 0
    outer loop
      vertex -16.383782697586486 -25.440687920514563 3
      vertex -16.00430523171858 -25.59093367795925 3
      vertex -16.383782697586486 -25.440687920514563 0
    endloop
  endfacet
  facet normal 0.48175367410171255 0.876306680043865 0
    outer loop
      vertex -16.74143708368174 -25.24406575788155 3
      vertex -16.383782697586486 -25.440687920514563 3
      vertex -16.74143708368174 -25.24406575788155 0
    endloop
  endfacet
  facet normal 0.6845471059286905 0.7289686274214099 0
    outer loop
      vertex -17.369148039119587 -24.72477809426824 3
      vertex -17.07162796668324 -25.004168039021316 3
      vertex -17.369148039119587 -24.72477809426824 0
    endloop
  endfacet
  facet normal 0.9510565162951525 0.3090169943749506 0
    outer loop
      vertex -18.021773579136816 -23.696404796225202 0
      vertex -18.147895273668052 -23.308242133285777 3
      vertex -18.021773579136816 -23.696404796225202 3
    endloop
  endfacet
  facet normal 0.9822872507286893 0.18738131458572083 0
    outer loop
      vertex -18.147895273668052 -23.308242133285777 0
      vertex -18.224372779272052 -22.907333009083988 3
      vertex -18.147895273668052 -23.308242133285777 3
    endloop
  endfacet
  facet normal 0.9048270524660204 0.42577929156507105 0
    outer loop
      vertex -17.847996710142557 -24.065699440830574 0
      vertex -18.021773579136816 -23.696404796225202 3
      vertex -17.847996710142557 -24.065699440830574 3
    endloop
  endfacet
  facet normal 0.9980267284282714 0.06279051952931576 0
    outer loop
      vertex -18.224372779272052 -22.907333009083988 0
      vertex -18.25 -22.5 3
      vertex -18.224372779272052 -22.907333009083988 3
    endloop
  endfacet
  facet normal 0.9980267284282714 -0.06279051952931576 0
    outer loop
      vertex -18.25 -22.5 0
      vertex -18.224372779272052 -22.092666990916012 3
      vertex -18.25 -22.5 3
    endloop
  endfacet
  facet normal 0.24868988716485532 0.9685831611286311 0
    outer loop
      vertex -16.00430523171858 -25.59093367795925 3
      vertex -15.608989272403605 -25.69243356486824 3
      vertex -16.00430523171858 -25.59093367795925 0
    endloop
  endfacet
  facet normal 0.12533323356430506 0.9921147013144777 0
    outer loop
      vertex -15.608989272403605 -25.69243356486824 3
      vertex -15.20406918847027 -25.743586867391883 3
      vertex -15.608989272403605 -25.69243356486824 0
    endloop
  endfacet
  facet normal 0 1 0
    outer loop
      vertex -15.20406918847027 -25.743586867391883 3
      vertex -14.79593081152973 -25.743586867391883 3
      vertex -15.20406918847027 -25.743586867391883 0
    endloop
  endfacet
  facet normal -0.12533323356430506 0.9921147013144777 0
    outer loop
      vertex -14.79593081152973 -25.743586867391883 3
      vertex -14.391010727596395 -25.69243356486824 3
      vertex -14.79593081152973 -25.743586867391883 0
    endloop
  endfacet
  facet normal -0.24868988716485532 0.9685831611286311 0
    outer loop
      vertex -14.391010727596395 -25.69243356486824 3
      vertex -13.995694768281421 -25.59093367795925 3
      vertex -14.391010727596395 -25.69243356486824 0
    endloop
  endfacet
  facet normal -0.3681245526846794 0.9297764858882509 0
    outer loop
      vertex -13.995694768281421 -25.59093367795925 3
      vertex -13.616217302413514 -25.440687920514563 3
      vertex -13.995694768281421 -25.59093367795925 0
    endloop
  endfacet
  facet normal -0.48175367410171255 0.876306680043865 0
    outer loop
      vertex -13.616217302413514 -25.440687920514563 3
      vertex -13.258562916318262 -25.24406575788155 3
      vertex -13.616217302413514 -25.440687920514563 0
    endloop
  endfacet
  facet normal -0.5877852522924732 0.8090169943749472 0
    outer loop
      vertex -13.258562916318262 -25.24406575788155 3
      vertex -12.928372033316759 -25.004168039021316 3
      vertex -13.258562916318262 -25.24406575788155 0
    endloop
  endfacet
  facet normal -0.6845471059286882 0.7289686274214119 0
    outer loop
      vertex -12.928372033316759 -25.004168039021316 3
      vertex -12.630851960880412 -24.72477809426824 3
      vertex -12.928372033316759 -25.004168039021316 0
    endloop
  endfacet
  facet normal -0.7705132427757891 0.63742398974869 0
    outer loop
      vertex -12.370694768281421 -24.41030206995054 0
      vertex -12.630851960880412 -24.72477809426824 3
      vertex -12.370694768281421 -24.41030206995054 3
    endloop
  endfacet
  facet normal -0.8443279255020165 0.5358267949789943 0
    outer loop
      vertex -12.152003289857443 -24.065699440830574 0
      vertex -12.370694768281421 -24.41030206995054 3
      vertex -12.152003289857443 -24.065699440830574 3
    endloop
  endfacet
  facet normal -0.9048270524660187 0.4257792915650743 0
    outer loop
      vertex -11.978226420863184 -23.696404796225206 0
      vertex -12.152003289857443 -24.065699440830574 3
      vertex -11.978226420863184 -23.696404796225206 3
    endloop
  endfacet
  facet normal -0.9510565162951533 0.309016994374948 0
    outer loop
      vertex -11.852104726331948 -23.308242133285777 0
      vertex -11.978226420863184 -23.696404796225206 3
      vertex -11.852104726331948 -23.308242133285777 3
    endloop
  endfacet
  facet normal -0.9822872507286893 0.18738131458572083 0
    outer loop
      vertex -11.775627220727948 -22.907333009083988 0
      vertex -11.852104726331948 -23.308242133285777 3
      vertex -11.775627220727948 -22.907333009083988 3
    endloop
  endfacet
  facet normal -0.9980267284282714 0.06279051952931576 0
    outer loop
      vertex -11.75 -22.5 0
      vertex -11.775627220727948 -22.907333009083988 3
      vertex -11.75 -22.5 3
    endloop
  endfacet
  facet normal -0.9980267284282714 -0.06279051952931576 0
    outer loop
      vertex -11.775627220727948 -22.092666990916012 0
      vertex -11.75 -22.5 3
      vertex -11.775627220727948 -22.092666990916012 3
    endloop
  endfacet
  facet normal 0.9822872507286893 -0.18738131458572083 0
    outer loop
      vertex -18.224372779272052 -22.092666990916012 0
      vertex -18.147895273668052 -21.691757866714223 3
      vertex -18.224372779272052 -22.092666990916012 3
    endloop
  endfacet
  facet normal 0.9510565162951525 -0.3090169943749506 0
    outer loop
      vertex -18.147895273668052 -21.691757866714223 0
      vertex -18.021773579136816 -21.303595203774798 3
      vertex -18.147895273668052 -21.691757866714223 3
    endloop
  endfacet
  facet normal 0.9048270524660204 -0.42577929156507105 0
    outer loop
      vertex -18.021773579136816 -21.303595203774798 0
      vertex -17.847996710142557 -20.934300559169426 3
      vertex -18.021773579136816 -21.303595203774798 3
    endloop
  endfacet
  facet normal 0.8443279255020165 -0.5358267949789943 0
    outer loop
      vertex -17.847996710142557 -20.934300559169426 0
      vertex -17.62930523171858 -20.58969793004946 3
      vertex -17.847996710142557 -20.934300559169426 3
    endloop
  endfacet
  facet normal 0.7705132427757868 -0.6374239897486924 0
    outer loop
      vertex -17.62930523171858 -20.58969793004946 0
      vertex -17.369148039119587 -20.27522190573176 3
      vertex -17.62930523171858 -20.58969793004946 3
    endloop
  endfacet
  facet normal 0.6845471059286905 -0.7289686274214099 0
    outer loop
      vertex -17.07162796668324 -19.995831960978684 3
      vertex -17.369148039119587 -20.27522190573176 3
      vertex -17.07162796668324 -19.995831960978684 0
    endloop
  endfacet
  facet normal 0.5877852522924732 -0.8090169943749472 0
    outer loop
      vertex -16.74143708368174 -19.75593424211845 3
      vertex -17.07162796668324 -19.995831960978684 3
      vertex -16.74143708368174 -19.75593424211845 0
    endloop
  endfacet
  facet normal 0.48175367410171255 -0.876306680043865 0
    outer loop
      vertex -16.383782697586486 -19.559312079485437 3
      vertex -16.74143708368174 -19.75593424211845 3
      vertex -16.383782697586486 -19.559312079485437 0
    endloop
  endfacet
  facet normal 0.3681245526846794 -0.9297764858882509 0
    outer loop
      vertex -16.00430523171858 -19.40906632204075 3
      vertex -16.383782697586486 -19.559312079485437 3
      vertex -16.00430523171858 -19.40906632204075 0
    endloop
  endfacet
  facet normal 0.24868988716485532 -0.9685831611286311 0
    outer loop
      vertex -15.608989272403605 -19.30756643513176 3
      vertex -16.00430523171858 -19.40906632204075 3
      vertex -15.608989272403605 -19.30756643513176 0
    endloop
  endfacet
  facet normal 0.12533323356430456 -0.9921147013144779 0
    outer loop
      vertex -15.204069188470267 -19.256413132608117 3
      vertex -15.608989272403605 -19.30756643513176 3
      vertex -15.204069188470267 -19.256413132608117 0
    endloop
  endfacet
  facet normal -0.24868988716485532 -0.9685831611286311 0
    outer loop
      vertex -13.995694768281421 -19.40906632204075 3
      vertex -14.391010727596395 -19.30756643513176 3
      vertex -13.995694768281421 -19.40906632204075 0
    endloop
  endfacet
  facet normal 0 -1 0
    outer loop
      vertex -14.795930811529733 -19.256413132608117 3
      vertex -15.204069188470267 -19.256413132608117 3
      vertex -14.795930811529733 -19.256413132608117 0
    endloop
  endfacet
  facet normal -0.12533323356430456 -0.9921147013144779 0
    outer loop
      vertex -14.391010727596395 -19.30756643513176 3
      vertex -14.795930811529733 -19.256413132608117 3
      vertex -14.391010727596395 -19.30756643513176 0
    endloop
  endfacet
  facet normal -0.9822872507286893 -0.18738131458572083 0
    outer loop
      vertex -11.852104726331948 -21.691757866714223 0
      vertex -11.775627220727948 -22.092666990916012 3
      vertex -11.852104726331948 -21.691757866714223 3
    endloop
  endfacet
  facet normal -0.9510565162951525 -0.3090169943749506 0
    outer loop
      vertex -11.978226420863184 -21.303595203774798 0
      vertex -11.852104726331948 -21.691757866714223 3
      vertex -11.978226420863184 -21.303595203774798 3
    endloop
  endfacet
  facet normal -0.7705132427757868 -0.6374239897486924 0
    outer loop
      vertex -12.630851960880413 -20.27522190573176 0
      vertex -12.370694768281421 -20.58969793004946 3
      vertex -12.630851960880413 -20.27522190573176 3
    endloop
  endfacet
  facet normal -0.8443279255020165 -0.5358267949789943 0
    outer loop
      vertex -12.370694768281421 -20.58969793004946 0
      vertex -12.152003289857443 -20.934300559169426 3
      vertex -12.370694768281421 -20.58969793004946 3
    endloop
  endfacet
  facet normal -0.9048270524660204 -0.42577929156507105 0
    outer loop
      vertex -12.152003289857443 -20.934300559169426 0
      vertex -11.978226420863184 -21.303595203774798 3
      vertex -12.152003289857443 -20.934300559169426 3
    endloop
  endfacet
  facet normal -0.3681245526846794 -0.9297764858882509 0
    outer loop
      vertex -13.616217302413514 -19.559312079485437 3
      vertex -13.995694768281421 -19.40906632204075 3
      vertex -13.616217302413514 -19.559312079485437 0
    endloop
  endfacet
  facet normal -0.48175367410171255 -0.876306680043865 0
    outer loop
      vertex -13.258562916318262 -19.75593424211845 3
      vertex -13.616217302413514 -19.559312079485437 3
      vertex -13.258562916318262 -19.75593424211845 0
    endloop
  endfacet
  facet normal -0.5877852522924732 -0.8090169943749472 0
    outer loop
      vertex -12.928372033316759 -19.995831960978684 3
      vertex -13.258562916318262 -19.75593424211845 3
      vertex -12.928372033316759 -19.995831960978684 0
    endloop
  endfacet
  facet normal -0.6845471059286905 -0.7289686274214099 0
    outer loop
      vertex -12.630851960880413 -20.27522190573176 0
      vertex -12.630851960880413 -20.27522190573176 3
      vertex -12.928372033316759 -19.995831960978684 3
    endloop
  endfacet
  facet normal 0.7705132427757886 0.6374239897486905 0
    outer loop
      vertex -2.369148039119588 -24.72477809426824 0
      vertex -2.629305231718579 -24.41030206995054 0
      vertex -2.629305231718579 -24.41030206995054 3
    endloop
  endfacet
  facet normal 0.8443279255020165 0.5358267949789943 0
    outer loop
      vertex -2.629305231718579 -24.41030206995054 0
      vertex -2.8479967101425565 -24.065699440830574 0
      vertex -2.8479967101425565 -24.065699440830574 3
    endloop
  endfacet
  facet normal 0.9048270524660195 0.4257792915650728 0
    outer loop
      vertex -2.8479967101425565 -24.065699440830574 0
      vertex -3.021773579136817 -23.696404796225202 0
      vertex -3.021773579136817 -23.696404796225202 3
    endloop
  endfacet
  facet normal 0.9822872507286886 0.18738131458572505 0
    outer loop
      vertex -3.147895273668051 -23.308242133285777 0
      vertex -3.224372779272053 -22.907333009083988 0
      vertex -3.224372779272053 -22.907333009083988 3
    endloop
  endfacet
  facet normal 0.9510565162951538 0.3090169943749466 0
    outer loop
      vertex -3.021773579136817 -23.696404796225202 0
      vertex -3.147895273668051 -23.308242133285777 0
      vertex -3.147895273668051 -23.308242133285777 3
    endloop
  endfacet
  facet normal 0.9980267284282716 0.0627905195293136 0
    outer loop
      vertex -3.224372779272053 -22.907333009083988 0
      vertex -3.25 -22.5 0
      vertex -3.25 -22.5 3
    endloop
  endfacet
  facet normal 0.9980267284282716 -0.0627905195293136 0
    outer loop
      vertex -3.25 -22.5 0
      vertex -3.224372779272053 -22.092666990916012 0
      vertex -3.224372779272053 -22.092666990916012 3
    endloop
  endfacet
  facet normal 0.6845471059286888 0.7289686274214114 0
    outer loop
      vertex -2.0716279666832413 -25.004168039021316 0
      vertex -2.369148039119588 -24.72477809426824 0
      vertex -2.0716279666832413 -25.004168039021316 3
    endloop
  endfacet
  facet normal 0.5877852522924747 0.8090169943749463 0
    outer loop
      vertex -1.7414370836817394 -25.24406575788155 0
      vertex -2.0716279666832413 -25.004168039021316 0
      vertex -1.7414370836817394 -25.24406575788155 3
    endloop
  endfacet
  facet normal 0.48175367410171044 0.8763066800438661 0
    outer loop
      vertex -1.3837826975864855 -25.440687920514563 0
      vertex -1.7414370836817394 -25.24406575788155 0
      vertex -1.3837826975864855 -25.440687920514563 3
    endloop
  endfacet
  facet normal 0.36812455268468014 0.9297764858882506 0
    outer loop
      vertex -1.004305231718579 -25.59093367795925 0
      vertex -1.3837826975864855 -25.440687920514563 0
      vertex -1.004305231718579 -25.59093367795925 3
    endloop
  endfacet
  facet normal 0.24868988716485582 0.9685831611286307 0
    outer loop
      vertex -0.6089892724036057 -25.69243356486824 0
      vertex -1.004305231718579 -25.59093367795925 0
      vertex -0.6089892724036057 -25.69243356486824 3
    endloop
  endfacet
  facet normal 0.12533323356430498 0.9921147013144778 0
    outer loop
      vertex -0.20406918847026972 -25.743586867391883 0
      vertex -0.6089892724036057 -25.69243356486824 0
      vertex -0.20406918847026972 -25.743586867391883 3
    endloop
  endfacet
  facet normal 0.9822872507286886 -0.18738131458572505 0
    outer loop
      vertex -3.224372779272053 -22.092666990916012 0
      vertex -3.147895273668051 -21.691757866714223 0
      vertex -3.147895273668051 -21.691757866714223 3
    endloop
  endfacet
  facet normal 0.9510565162951538 -0.3090169943749466 0
    outer loop
      vertex -3.147895273668051 -21.691757866714223 0
      vertex -3.021773579136817 -21.303595203774798 0
      vertex -3.021773579136817 -21.303595203774798 3
    endloop
  endfacet
  facet normal 0.9048270524660195 -0.4257792915650728 0
    outer loop
      vertex -3.021773579136817 -21.303595203774798 0
      vertex -2.8479967101425565 -20.934300559169426 0
      vertex -2.8479967101425565 -20.934300559169426 3
    endloop
  endfacet
  facet normal 0.8443279255020165 -0.5358267949789943 0
    outer loop
      vertex -2.8479967101425565 -20.934300559169426 0
      vertex -2.629305231718579 -20.58969793004946 0
      vertex -2.629305231718579 -20.58969793004946 3
    endloop
  endfacet
  facet normal 0.7705132427757886 -0.6374239897486905 0
    outer loop
      vertex -2.629305231718579 -20.58969793004946 0
      vertex -2.369148039119588 -20.27522190573176 0
      vertex -2.369148039119588 -20.27522190573176 3
    endloop
  endfacet
  facet normal 0.6845471059286888 -0.7289686274214114 0
    outer loop
      vertex -2.369148039119588 -20.27522190573176 0
      vertex -2.0716279666832413 -19.995831960978684 0
      vertex -2.369148039119588 -20.27522190573176 3
    endloop
  endfacet
  facet normal 0.5877852522924747 -0.8090169943749463 0
    outer loop
      vertex -2.0716279666832413 -19.995831960978684 0
      vertex -1.7414370836817394 -19.75593424211845 0
      vertex -2.0716279666832413 -19.995831960978684 3
    endloop
  endfacet
  facet normal 0.4817536741017114 -0.8763066800438657 0
    outer loop
      vertex -1.7414370836817394 -19.75593424211845 0
      vertex -1.3837826975864864 -19.559312079485437 0
      vertex -1.7414370836817394 -19.75593424211845 3
    endloop
  endfacet
  facet normal 0.3681245526846794 -0.9297764858882509 0
    outer loop
      vertex -1.3837826975864864 -19.559312079485437 0
      vertex -1.004305231718579 -19.40906632204075 0
      vertex -1.3837826975864864 -19.559312079485437 3
    endloop
  endfacet
  facet normal 0.2486898871648554 -0.968583161128631 0
    outer loop
      vertex -1.004305231718579 -19.40906632204075 0
      vertex -0.6089892724036049 -19.30756643513176 0
      vertex -1.004305231718579 -19.40906632204075 3
    endloop
  endfacet
  facet normal 0.12533323356430473 -0.9921147013144779 0
    outer loop
      vertex -0.6089892724036049 -19.30756643513176 0
      vertex -0.20406918847026814 -19.256413132608117 0
      vertex -0.6089892724036049 -19.30756643513176 3
    endloop
  endfacet
  facet normal 0 -1 0
    outer loop
      vertex -0.20406918847026814 -19.256413132608117 0
      vertex 0.20406918847026814 -19.256413132608117 0
      vertex -0.20406918847026814 -19.256413132608117 3
    endloop
  endfacet
  facet normal 0.7705132427757886 0.6374239897486905 0
    outer loop
      vertex -2.369148039119588 -24.72477809426824 0
      vertex -2.629305231718579 -24.41030206995054 3
      vertex -2.369148039119588 -24.72477809426824 3
    endloop
  endfacet
  facet normal 0.8443279255020165 0.5358267949789943 0
    outer loop
      vertex -2.629305231718579 -24.41030206995054 0
      vertex -2.8479967101425565 -24.065699440830574 3
      vertex -2.629305231718579 -24.41030206995054 3
    endloop
  endfacet
  facet normal 0.9048270524660195 0.4257792915650728 0
    outer loop
      vertex -2.8479967101425565 -24.065699440830574 0
      vertex -3.021773579136817 -23.696404796225202 3
      vertex -2.8479967101425565 -24.065699440830574 3
    endloop
  endfacet
  facet normal 0.9510565162951538 0.3090169943749466 0
    outer loop
      vertex -3.021773579136817 -23.696404796225202 0
      vertex -3.147895273668051 -23.308242133285777 3
      vertex -3.021773579136817 -23.696404796225202 3
    endloop
  endfacet
  facet normal 0.9822872507286886 0.18738131458572505 0
    outer loop
      vertex -3.147895273668051 -23.308242133285777 0
      vertex -3.224372779272053 -22.907333009083988 3
      vertex -3.147895273668051 -23.308242133285777 3
    endloop
  endfacet
  facet normal 0.9980267284282716 0.0627905195293136 0
    outer loop
      vertex -3.224372779272053 -22.907333009083988 0
      vertex -3.25 -22.5 3
      vertex -3.224372779272053 -22.907333009083988 3
    endloop
  endfacet
  facet normal 0.9980267284282716 -0.0627905195293136 0
    outer loop
      vertex -3.25 -22.5 0
      vertex -3.224372779272053 -22.092666990916012 3
      vertex -3.25 -22.5 3
    endloop
  endfacet
  facet normal 0.5877852522924747 0.8090169943749463 0
    outer loop
      vertex -2.0716279666832413 -25.004168039021316 3
      vertex -1.7414370836817394 -25.24406575788155 3
      vertex -2.0716279666832413 -25.004168039021316 0
    endloop
  endfacet
  facet normal 0.36812455268468014 0.9297764858882506 0
    outer loop
      vertex -1.3837826975864855 -25.440687920514563 3
      vertex -1.004305231718579 -25.59093367795925 3
      vertex -1.3837826975864855 -25.440687920514563 0
    endloop
  endfacet
  facet normal 0.48175367410171044 0.8763066800438661 0
    outer loop
      vertex -1.7414370836817394 -25.24406575788155 3
      vertex -1.3837826975864855 -25.440687920514563 3
      vertex -1.7414370836817394 -25.24406575788155 0
    endloop
  endfacet
  facet normal 0.6845471059286888 0.7289686274214114 0
    outer loop
      vertex -2.369148039119588 -24.72477809426824 3
      vertex -2.0716279666832413 -25.004168039021316 3
      vertex -2.369148039119588 -24.72477809426824 0
    endloop
  endfacet
  facet normal 0.24868988716485582 0.9685831611286307 0
    outer loop
      vertex -1.004305231718579 -25.59093367795925 3
      vertex -0.6089892724036057 -25.69243356486824 3
      vertex -1.004305231718579 -25.59093367795925 0
    endloop
  endfacet
  facet normal 0.12533323356430498 0.9921147013144778 0
    outer loop
      vertex -0.6089892724036057 -25.69243356486824 3
      vertex -0.20406918847026972 -25.743586867391883 3
      vertex -0.6089892724036057 -25.69243356486824 0
    endloop
  endfacet
  facet normal 0 1 0
    outer loop
      vertex -0.20406918847026972 -25.743586867391883 3
      vertex 0.20406918847026972 -25.743586867391883 3
      vertex -0.20406918847026972 -25.743586867391883 0
    endloop
  endfacet
  facet normal 0.9822872507286886 -0.18738131458572505 0
    outer loop
      vertex -3.224372779272053 -22.092666990916012 0
      vertex -3.147895273668051 -21.691757866714223 3
      vertex -3.224372779272053 -22.092666990916012 3
    endloop
  endfacet
  facet normal 0.9510565162951538 -0.3090169943749466 0
    outer loop
      vertex -3.021773579136817 -21.303595203774798 3
      vertex -3.147895273668051 -21.691757866714223 3
      vertex -3.147895273668051 -21.691757866714223 0
    endloop
  endfacet
  facet normal 0.9048270524660195 -0.4257792915650728 0
    outer loop
      vertex -2.8479967101425565 -20.934300559169426 3
      vertex -3.021773579136817 -21.303595203774798 3
      vertex -3.021773579136817 -21.303595203774798 0
    endloop
  endfacet
  facet normal 0.8443279255020165 -0.5358267949789943 0
    outer loop
      vertex -2.8479967101425565 -20.934300559169426 0
      vertex -2.629305231718579 -20.58969793004946 3
      vertex -2.8479967101425565 -20.934300559169426 3
    endloop
  endfacet
  facet normal 0.7705132427757886 -0.6374239897486905 0
    outer loop
      vertex -2.629305231718579 -20.58969793004946 0
      vertex -2.369148039119588 -20.27522190573176 3
      vertex -2.629305231718579 -20.58969793004946 3
    endloop
  endfacet
  facet normal 0.6845471059286888 -0.7289686274214114 0
    outer loop
      vertex -2.0716279666832413 -19.995831960978684 3
      vertex -2.369148039119588 -20.27522190573176 3
      vertex -2.0716279666832413 -19.995831960978684 0
    endloop
  endfacet
  facet normal 0.5877852522924747 -0.8090169943749463 0
    outer loop
      vertex -1.7414370836817394 -19.75593424211845 3
      vertex -2.0716279666832413 -19.995831960978684 3
      vertex -1.7414370836817394 -19.75593424211845 0
    endloop
  endfacet
  facet normal 0.4817536741017114 -0.8763066800438657 0
    outer loop
      vertex -1.3837826975864864 -19.559312079485437 3
      vertex -1.7414370836817394 -19.75593424211845 3
      vertex -1.3837826975864864 -19.559312079485437 0
    endloop
  endfacet
  facet normal 0.3681245526846794 -0.9297764858882509 0
    outer loop
      vertex -1.004305231718579 -19.40906632204075 3
      vertex -1.3837826975864864 -19.559312079485437 3
      vertex -1.004305231718579 -19.40906632204075 0
    endloop
  endfacet
  facet normal 0.2486898871648554 -0.968583161128631 0
    outer loop
      vertex -0.6089892724036049 -19.30756643513176 3
      vertex -1.004305231718579 -19.40906632204075 3
      vertex -0.6089892724036049 -19.30756643513176 0
    endloop
  endfacet
  facet normal 0.12533323356430473 -0.9921147013144779 0
    outer loop
      vertex -0.20406918847026814 -19.256413132608117 3
      vertex -0.6089892724036049 -19.30756643513176 3
      vertex -0.20406918847026814 -19.256413132608117 0
    endloop
  endfacet
  facet normal 0 1 0
    outer loop
      vertex 0.20406918847026972 -25.743586867391883 3
      vertex 0.20406918847026972 -25.743586867391883 0
      vertex -0.20406918847026972 -25.743586867391883 0
    endloop
  endfacet
  facet normal -0.12533323356430498 0.9921147013144778 0
    outer loop
      vertex 0.6089892724036057 -25.69243356486824 0
      vertex 0.20406918847026972 -25.743586867391883 0
      vertex 0.6089892724036057 -25.69243356486824 3
    endloop
  endfacet
  facet normal -0.24868988716485582 0.9685831611286307 0
    outer loop
      vertex 1.004305231718579 -25.59093367795925 0
      vertex 0.6089892724036057 -25.69243356486824 0
      vertex 1.004305231718579 -25.59093367795925 3
    endloop
  endfacet
  facet normal -0.36812455268468014 0.9297764858882506 0
    outer loop
      vertex 1.3837826975864855 -25.440687920514563 0
      vertex 1.004305231718579 -25.59093367795925 0
      vertex 1.3837826975864855 -25.440687920514563 3
    endloop
  endfacet
  facet normal -0.48175367410171227 0.8763066800438651 0
    outer loop
      vertex 1.7414370836817377 -25.24406575788155 0
      vertex 1.3837826975864855 -25.440687920514563 0
      vertex 1.7414370836817377 -25.24406575788155 3
    endloop
  endfacet
  facet normal -0.5877852522924716 0.8090169943749487 0
    outer loop
      vertex 2.0716279666832422 -25.004168039021316 0
      vertex 1.7414370836817377 -25.24406575788155 0
      vertex 2.0716279666832422 -25.004168039021316 3
    endloop
  endfacet
  facet normal -0.6845471059286898 0.7289686274214103 0
    outer loop
      vertex 2.369148039119588 -24.72477809426824 0
      vertex 2.0716279666832422 -25.004168039021316 0
      vertex 2.369148039119588 -24.72477809426824 3
    endloop
  endfacet
  facet normal -0.7705132427757886 0.6374239897486905 0
    outer loop
      vertex 2.369148039119588 -24.72477809426824 0
      vertex 2.369148039119588 -24.72477809426824 3
      vertex 2.629305231718579 -24.41030206995054 0
    endloop
  endfacet
  facet normal -0.8443279255020165 0.5358267949789943 0
    outer loop
      vertex 2.8479967101425565 -24.065699440830574 0
      vertex 2.629305231718579 -24.41030206995054 0
      vertex 2.629305231718579 -24.41030206995054 3
    endloop
  endfacet
  facet normal -0.9048270524660187 0.4257792915650743 0
    outer loop
      vertex 3.0217735791368163 -23.696404796225206 0
      vertex 2.8479967101425565 -24.065699440830574 0
      vertex 2.8479967101425565 -24.065699440830574 3
    endloop
  endfacet
  facet normal -0.9510565162951536 0.30901699437494706 0
    outer loop
      vertex 3.1478952736680514 -23.308242133285777 0
      vertex 3.0217735791368163 -23.696404796225206 0
      vertex 3.0217735791368163 -23.696404796225206 3
    endloop
  endfacet
  facet normal -0.9822872507286887 0.187381314585724 0
    outer loop
      vertex 3.224372779272053 -22.907333009083988 0
      vertex 3.1478952736680514 -23.308242133285777 0
      vertex 3.1478952736680514 -23.308242133285777 3
    endloop
  endfacet
  facet normal -0.9980267284282716 0.0627905195293136 0
    outer loop
      vertex 3.25 -22.5 0
      vertex 3.224372779272053 -22.907333009083988 0
      vertex 3.224372779272053 -22.907333009083988 3
    endloop
  endfacet
  facet normal -0.9980267284282716 -0.0627905195293136 0
    outer loop
      vertex 3.224372779272053 -22.092666990916012 0
      vertex 3.25 -22.5 0
      vertex 3.25 -22.5 3
    endloop
  endfacet
  facet normal -0.3681245526846794 -0.9297764858882509 0
    outer loop
      vertex 1.004305231718579 -19.40906632204075 0
      vertex 1.3837826975864864 -19.559312079485437 0
      vertex 1.004305231718579 -19.40906632204075 3
    endloop
  endfacet
  facet normal -0.12533323356430473 -0.9921147013144779 0
    outer loop
      vertex 0.20406918847026814 -19.256413132608117 0
      vertex 0.6089892724036049 -19.30756643513176 0
      vertex 0.20406918847026814 -19.256413132608117 3
    endloop
  endfacet
  facet normal -0.2486898871648554 -0.968583161128631 0
    outer loop
      vertex 0.6089892724036049 -19.30756643513176 0
      vertex 1.004305231718579 -19.40906632204075 0
      vertex 0.6089892724036049 -19.30756643513176 3
    endloop
  endfacet
  facet normal -0.48175367410171166 -0.8763066800438657 0
    outer loop
      vertex 1.3837826975864864 -19.559312079485437 0
      vertex 1.7414370836817392 -19.75593424211845 0
      vertex 1.3837826975864864 -19.559312079485437 3
    endloop
  endfacet
  facet normal -0.5877852522924738 -0.8090169943749468 0
    outer loop
      vertex 1.7414370836817392 -19.75593424211845 0
      vertex 2.071627966683242 -19.995831960978684 0
      vertex 1.7414370836817392 -19.75593424211845 3
    endloop
  endfacet
  facet normal -0.6845471059286898 -0.7289686274214103 0
    outer loop
      vertex 2.071627966683242 -19.995831960978684 0
      vertex 2.3691480391195876 -20.27522190573176 0
      vertex 2.071627966683242 -19.995831960978684 3
    endloop
  endfacet
  facet normal -0.9822872507286886 -0.18738131458572505 0
    outer loop
      vertex 3.147895273668051 -21.691757866714223 0
      vertex 3.224372779272053 -22.092666990916012 0
      vertex 3.224372779272053 -22.092666990916012 3
    endloop
  endfacet
  facet normal -0.9510565162951535 -0.3090169943749477 0
    outer loop
      vertex 3.0217735791368168 -21.303595203774798 0
      vertex 3.147895273668051 -21.691757866714223 0
      vertex 3.147895273668051 -21.691757866714223 3
    endloop
  endfacet
  facet normal -0.8443279255020165 -0.5358267949789943 0
    outer loop
      vertex 2.629305231718579 -20.58969793004946 0
      vertex 2.8479967101425565 -20.934300559169426 0
      vertex 2.8479967101425565 -20.934300559169426 3
    endloop
  endfacet
  facet normal -0.7705132427757879 -0.6374239897486912 0
    outer loop
      vertex 2.3691480391195876 -20.27522190573176 0
      vertex 2.629305231718579 -20.58969793004946 0
      vertex 2.629305231718579 -20.58969793004946 3
    endloop
  endfacet
  facet normal -0.90482705246602 -0.42577929156507194 0
    outer loop
      vertex 2.8479967101425565 -20.934300559169426 0
      vertex 3.0217735791368168 -21.303595203774798 0
      vertex 3.0217735791368168 -21.303595203774798 3
    endloop
  endfacet
  facet normal -0.12533323356430498 0.9921147013144778 0
    outer loop
      vertex 0.20406918847026972 -25.743586867391883 3
      vertex 0.6089892724036057 -25.69243356486824 3
      vertex 0.20406918847026972 -25.743586867391883 0
    endloop
  endfacet
  facet normal -0.24868988716485582 0.9685831611286307 0
    outer loop
      vertex 0.6089892724036057 -25.69243356486824 3
      vertex 1.004305231718579 -25.59093367795925 3
      vertex 0.6089892724036057 -25.69243356486824 0
    endloop
  endfacet
  facet normal -0.36812455268468014 0.9297764858882506 0
    outer loop
      vertex 1.004305231718579 -25.59093367795925 3
      vertex 1.3837826975864855 -25.440687920514563 3
      vertex 1.004305231718579 -25.59093367795925 0
    endloop
  endfacet
  facet normal -0.48175367410171227 0.8763066800438651 0
    outer loop
      vertex 1.3837826975864855 -25.440687920514563 3
      vertex 1.7414370836817377 -25.24406575788155 3
      vertex 1.3837826975864855 -25.440687920514563 0
    endloop
  endfacet
  facet normal -0.5877852522924716 0.8090169943749487 0
    outer loop
      vertex 1.7414370836817377 -25.24406575788155 3
      vertex 2.0716279666832422 -25.004168039021316 3
      vertex 1.7414370836817377 -25.24406575788155 0
    endloop
  endfacet
  facet normal -0.6845471059286898 0.7289686274214103 0
    outer loop
      vertex 2.0716279666832422 -25.004168039021316 3
      vertex 2.369148039119588 -24.72477809426824 3
      vertex 2.0716279666832422 -25.004168039021316 0
    endloop
  endfacet
  facet normal -0.7705132427757886 0.6374239897486905 0
    outer loop
      vertex 2.629305231718579 -24.41030206995054 0
      vertex 2.369148039119588 -24.72477809426824 3
      vertex 2.629305231718579 -24.41030206995054 3
    endloop
  endfacet
  facet normal -0.8443279255020165 0.5358267949789943 0
    outer loop
      vertex 2.8479967101425565 -24.065699440830574 0
      vertex 2.629305231718579 -24.41030206995054 3
      vertex 2.8479967101425565 -24.065699440830574 3
    endloop
  endfacet
  facet normal -0.9048270524660187 0.4257792915650743 0
    outer loop
      vertex 3.0217735791368163 -23.696404796225206 0
      vertex 2.8479967101425565 -24.065699440830574 3
      vertex 3.0217735791368163 -23.696404796225206 3
    endloop
  endfacet
  facet normal -0.9510565162951536 0.30901699437494706 0
    outer loop
      vertex 3.1478952736680514 -23.308242133285777 0
      vertex 3.0217735791368163 -23.696404796225206 3
      vertex 3.1478952736680514 -23.308242133285777 3
    endloop
  endfacet
  facet normal -0.9822872507286887 0.187381314585724 0
    outer loop
      vertex 3.224372779272053 -22.907333009083988 0
      vertex 3.1478952736680514 -23.308242133285777 3
      vertex 3.224372779272053 -22.907333009083988 3
    endloop
  endfacet
  facet normal -0.9980267284282716 0.0627905195293136 0
    outer loop
      vertex 3.224372779272053 -22.907333009083988 3
      vertex 3.25 -22.5 3
      vertex 3.25 -22.5 0
    endloop
  endfacet
  facet normal -0.9980267284282716 -0.0627905195293136 0
    outer loop
      vertex 3.224372779272053 -22.092666990916012 0
      vertex 3.25 -22.5 3
      vertex 3.224372779272053 -22.092666990916012 3
    endloop
  endfacet
  facet normal -0.2486898871648554 -0.968583161128631 0
    outer loop
      vertex 1.004305231718579 -19.40906632204075 3
      vertex 0.6089892724036049 -19.30756643513176 3
      vertex 1.004305231718579 -19.40906632204075 0
    endloop
  endfacet
  facet normal 0 -1 0
    outer loop
      vertex 0.20406918847026814 -19.256413132608117 0
      vertex 0.20406918847026814 -19.256413132608117 3
      vertex -0.20406918847026814 -19.256413132608117 3
    endloop
  endfacet
  facet normal -0.12533323356430473 -0.9921147013144779 0
    outer loop
      vertex 0.6089892724036049 -19.30756643513176 3
      vertex 0.20406918847026814 -19.256413132608117 3
      vertex 0.6089892724036049 -19.30756643513176 0
    endloop
  endfacet
  facet normal -0.3681245526846794 -0.9297764858882509 0
    outer loop
      vertex 1.3837826975864864 -19.559312079485437 3
      vertex 1.004305231718579 -19.40906632204075 3
      vertex 1.3837826975864864 -19.559312079485437 0
    endloop
  endfacet
  facet normal -0.48175367410171166 -0.8763066800438657 0
    outer loop
      vertex 1.7414370836817392 -19.75593424211845 3
      vertex 1.3837826975864864 -19.559312079485437 3
      vertex 1.7414370836817392 -19.75593424211845 0
    endloop
  endfacet
  facet normal -0.5877852522924738 -0.8090169943749468 0
    outer loop
      vertex 2.071627966683242 -19.995831960978684 3
      vertex 1.7414370836817392 -19.75593424211845 3
      vertex 2.071627966683242 -19.995831960978684 0
    endloop
  endfacet
  facet normal -0.6845471059286898 -0.7289686274214103 0
    outer loop
      vertex 2.3691480391195876 -20.27522190573176 0
      vertex 2.3691480391195876 -20.27522190573176 3
      vertex 2.071627966683242 -19.995831960978684 3
    endloop
  endfacet
  facet normal -0.9822872507286886 -0.18738131458572505 0
    outer loop
      vertex 3.147895273668051 -21.691757866714223 0
      vertex 3.224372779272053 -22.092666990916012 3
      vertex 3.147895273668051 -21.691757866714223 3
    endloop
  endfacet
  facet normal -0.9510565162951535 -0.3090169943749477 0
    outer loop
      vertex 3.0217735791368168 -21.303595203774798 0
      vertex 3.147895273668051 -21.691757866714223 3
      vertex 3.0217735791368168 -21.303595203774798 3
    endloop
  endfacet
  facet normal -0.7705132427757879 -0.6374239897486912 0
    outer loop
      vertex 2.3691480391195876 -20.27522190573176 0
      vertex 2.629305231718579 -20.58969793004946 3
      vertex 2.3691480391195876 -20.27522190573176 3
    endloop
  endfacet
  facet normal -0.8443279255020165 -0.5358267949789943 0
    outer loop
      vertex 2.629305231718579 -20.58969793004946 0
      vertex 2.8479967101425565 -20.934300559169426 3
      vertex 2.629305231718579 -20.58969793004946 3
    endloop
  endfacet
  facet normal -0.90482705246602 -0.42577929156507194 0
    outer loop
      vertex 2.8479967101425565 -20.934300559169426 0
      vertex 3.0217735791368168 -21.303595203774798 3
      vertex 2.8479967101425565 -20.934300559169426 3
    endloop
  endfacet
  facet normal 0.7705132427757891 0.63742398974869 0
    outer loop
      vertex 12.630851960880412 -24.72477809426824 0
      vertex 12.370694768281421 -24.41030206995054 0
      vertex 12.370694768281421 -24.41030206995054 3
    endloop
  endfacet
  facet normal 0.8443279255020165 0.5358267949789943 0
    outer loop
      vertex 12.370694768281421 -24.41030206995054 0
      vertex 12.152003289857443 -24.065699440830574 0
      vertex 12.152003289857443 -24.065699440830574 3
    endloop
  endfacet
  facet normal 0.6845471059286882 0.7289686274214119 0
    outer loop
      vertex 12.928372033316759 -25.004168039021316 0
      vertex 12.630851960880412 -24.72477809426824 0
      vertex 12.928372033316759 -25.004168039021316 3
    endloop
  endfacet
  facet normal 0.5877852522924755 0.8090169943749458 0
    outer loop
      vertex 13.25856291631826 -25.24406575788155 0
      vertex 12.928372033316759 -25.004168039021316 0
      vertex 13.25856291631826 -25.24406575788155 3
    endloop
  endfacet
  facet normal 0.4817536741017107 0.8763066800438661 0
    outer loop
      vertex 13.616217302413514 -25.440687920514563 0
      vertex 13.25856291631826 -25.24406575788155 0
      vertex 13.616217302413514 -25.440687920514563 3
    endloop
  endfacet
  facet normal 0.3681245526846794 0.9297764858882509 0
    outer loop
      vertex 13.995694768281421 -25.59093367795925 0
      vertex 13.616217302413514 -25.440687920514563 0
      vertex 13.995694768281421 -25.59093367795925 3
    endloop
  endfacet
  facet normal 0.9048270524660204 0.42577929156507105 0
    outer loop
      vertex 12.152003289857443 -24.065699440830574 0
      vertex 11.978226420863184 -23.696404796225202 0
      vertex 11.978226420863184 -23.696404796225202 3
    endloop
  endfacet
  facet normal 0.9822872507286893 0.18738131458572083 0
    outer loop
      vertex 11.852104726331948 -23.308242133285777 0
      vertex 11.775627220727948 -22.907333009083988 0
      vertex 11.775627220727948 -22.907333009083988 3
    endloop
  endfacet
  facet normal 0.9510565162951525 0.3090169943749506 0
    outer loop
      vertex 11.978226420863184 -23.696404796225202 0
      vertex 11.852104726331948 -23.308242133285777 0
      vertex 11.852104726331948 -23.308242133285777 3
    endloop
  endfacet
  facet normal 0.9980267284282714 0.06279051952931576 0
    outer loop
      vertex 11.775627220727948 -22.907333009083988 0
      vertex 11.75 -22.5 0
      vertex 11.75 -22.5 3
    endloop
  endfacet
  facet normal 0.9980267284282714 -0.06279051952931576 0
    outer loop
      vertex 11.75 -22.5 0
      vertex 11.775627220727948 -22.092666990916012 0
      vertex 11.775627220727948 -22.092666990916012 3
    endloop
  endfacet
  facet normal 0.24868988716485532 0.9685831611286311 0
    outer loop
      vertex 14.391010727596395 -25.69243356486824 0
      vertex 13.995694768281421 -25.59093367795925 0
      vertex 14.391010727596395 -25.69243356486824 3
    endloop
  endfacet
  facet normal 0.12533323356430506 0.9921147013144777 0
    outer loop
      vertex 14.79593081152973 -25.743586867391883 0
      vertex 14.391010727596395 -25.69243356486824 0
      vertex 14.79593081152973 -25.743586867391883 3
    endloop
  endfacet
  facet normal 0 1 0
    outer loop
      vertex 15.20406918847027 -25.743586867391883 0
      vertex 14.79593081152973 -25.743586867391883 0
      vertex 15.20406918847027 -25.743586867391883 3
    endloop
  endfacet
  facet normal -0.12533323356430506 0.9921147013144777 0
    outer loop
      vertex 15.608989272403605 -25.69243356486824 0
      vertex 15.20406918847027 -25.743586867391883 0
      vertex 15.608989272403605 -25.69243356486824 3
    endloop
  endfacet
  facet normal -0.24868988716485532 0.9685831611286311 0
    outer loop
      vertex 16.00430523171858 -25.59093367795925 0
      vertex 15.608989272403605 -25.69243356486824 0
      vertex 16.00430523171858 -25.59093367795925 3
    endloop
  endfacet
  facet normal -0.3681245526846794 0.9297764858882509 0
    outer loop
      vertex 16.383782697586486 -25.440687920514563 0
      vertex 16.00430523171858 -25.59093367795925 0
      vertex 16.383782697586486 -25.440687920514563 3
    endloop
  endfacet
  facet normal -0.48175367410171255 0.876306680043865 0
    outer loop
      vertex 16.74143708368174 -25.24406575788155 0
      vertex 16.383782697586486 -25.440687920514563 0
      vertex 16.74143708368174 -25.24406575788155 3
    endloop
  endfacet
  facet normal -0.5877852522924732 0.8090169943749472 0
    outer loop
      vertex 17.07162796668324 -25.004168039021316 0
      vertex 16.74143708368174 -25.24406575788155 0
      vertex 17.07162796668324 -25.004168039021316 3
    endloop
  endfacet
  facet normal -0.6845471059286905 0.7289686274214099 0
    outer loop
      vertex 17.369148039119587 -24.72477809426824 0
      vertex 17.07162796668324 -25.004168039021316 0
      vertex 17.369148039119587 -24.72477809426824 3
    endloop
  endfacet
  facet normal -0.7705132427757868 0.6374239897486924 0
    outer loop
      vertex 17.369148039119587 -24.72477809426824 0
      vertex 17.369148039119587 -24.72477809426824 3
      vertex 17.62930523171858 -24.41030206995054 0
    endloop
  endfacet
  facet normal -0.8443279255020165 0.5358267949789943 0
    outer loop
      vertex 17.847996710142557 -24.065699440830574 0
      vertex 17.62930523171858 -24.41030206995054 0
      vertex 17.62930523171858 -24.41030206995054 3
    endloop
  endfacet
  facet normal -0.9048270524660187 0.4257792915650743 0
    outer loop
      vertex 18.021773579136816 -23.696404796225206 0
      vertex 17.847996710142557 -24.065699440830574 0
      vertex 17.847996710142557 -24.065699440830574 3
    endloop
  endfacet
  facet normal -0.9510565162951533 0.309016994374948 0
    outer loop
      vertex 18.147895273668052 -23.308242133285777 0
      vertex 18.021773579136816 -23.696404796225206 0
      vertex 18.021773579136816 -23.696404796225206 3
    endloop
  endfacet
  facet normal -0.9822872507286893 0.18738131458572083 0
    outer loop
      vertex 18.224372779272052 -22.907333009083988 0
      vertex 18.147895273668052 -23.308242133285777 0
      vertex 18.147895273668052 -23.308242133285777 3
    endloop
  endfacet
  facet normal -0.9980267284282714 0.06279051952931576 0
    outer loop
      vertex 18.25 -22.5 0
      vertex 18.224372779272052 -22.907333009083988 0
      vertex 18.224372779272052 -22.907333009083988 3
    endloop
  endfacet
  facet normal -0.9980267284282714 -0.06279051952931576 0
    outer loop
      vertex 18.224372779272052 -22.092666990916012 0
      vertex 18.25 -22.5 0
      vertex 18.25 -22.5 3
    endloop
  endfacet
  facet normal 0.9822872507286893 -0.18738131458572083 0
    outer loop
      vertex 11.775627220727948 -22.092666990916012 0
      vertex 11.852104726331948 -21.691757866714223 0
      vertex 11.852104726331948 -21.691757866714223 3
    endloop
  endfacet
  facet normal 0.9510565162951525 -0.3090169943749506 0
    outer loop
      vertex 11.852104726331948 -21.691757866714223 0
      vertex 11.978226420863184 -21.303595203774798 0
      vertex 11.978226420863184 -21.303595203774798 3
    endloop
  endfacet
  facet normal 0.9048270524660204 -0.42577929156507105 0
    outer loop
      vertex 11.978226420863184 -21.303595203774798 0
      vertex 12.152003289857443 -20.934300559169426 0
      vertex 12.152003289857443 -20.934300559169426 3
    endloop
  endfacet
  facet normal 0.8443279255020165 -0.5358267949789943 0
    outer loop
      vertex 12.152003289857443 -20.934300559169426 0
      vertex 12.370694768281421 -20.58969793004946 0
      vertex 12.370694768281421 -20.58969793004946 3
    endloop
  endfacet
  facet normal 0.7705132427757891 -0.63742398974869 0
    outer loop
      vertex 12.370694768281421 -20.58969793004946 0
      vertex 12.630851960880412 -20.27522190573176 0
      vertex 12.630851960880412 -20.27522190573176 3
    endloop
  endfacet
  facet normal 0.6845471059286882 -0.7289686274214119 0
    outer loop
      vertex 12.630851960880412 -20.27522190573176 0
      vertex 12.928372033316759 -19.995831960978684 0
      vertex 12.630851960880412 -20.27522190573176 3
    endloop
  endfacet
  facet normal 0.5877852522924755 -0.8090169943749458 0
    outer loop
      vertex 12.928372033316759 -19.995831960978684 0
      vertex 13.25856291631826 -19.75593424211845 0
      vertex 12.928372033316759 -19.995831960978684 3
    endloop
  endfacet
  facet normal 0.4817536741017107 -0.8763066800438661 0
    outer loop
      vertex 13.25856291631826 -19.75593424211845 0
      vertex 13.616217302413514 -19.559312079485437 0
      vertex 13.25856291631826 -19.75593424211845 3
    endloop
  endfacet
  facet normal 0.3681245526846794 -0.9297764858882509 0
    outer loop
      vertex 13.616217302413514 -19.559312079485437 0
      vertex 13.995694768281421 -19.40906632204075 0
      vertex 13.616217302413514 -19.559312079485437 3
    endloop
  endfacet
  facet normal 0.24868988716485532 -0.9685831611286311 0
    outer loop
      vertex 13.995694768281421 -19.40906632204075 0
      vertex 14.391010727596395 -19.30756643513176 0
      vertex 13.995694768281421 -19.40906632204075 3
    endloop
  endfacet
  facet normal 0.12533323356430456 -0.9921147013144779 0
    outer loop
      vertex 14.391010727596395 -19.30756643513176 0
      vertex 14.795930811529733 -19.256413132608117 0
      vertex 14.391010727596395 -19.30756643513176 3
    endloop
  endfacet
  facet normal 0 -1 0
    outer loop
      vertex 14.795930811529733 -19.256413132608117 0
      vertex 15.204069188470267 -19.256413132608117 0
      vertex 14.795930811529733 -19.256413132608117 3
    endloop
  endfacet
  facet normal -0.3681245526846794 -0.9297764858882509 0
    outer loop
      vertex 16.00430523171858 -19.40906632204075 0
      vertex 16.383782697586486 -19.559312079485437 0
      vertex 16.00430523171858 -19.40906632204075 3
    endloop
  endfacet
  facet normal -0.12533323356430456 -0.9921147013144779 0
    outer loop
      vertex 15.204069188470267 -19.256413132608117 0
      vertex 15.608989272403605 -19.30756643513176 0
      vertex 15.204069188470267 -19.256413132608117 3
    endloop
  endfacet
  facet normal -0.24868988716485532 -0.9685831611286311 0
    outer loop
      vertex 15.608989272403605 -19.30756643513176 0
      vertex 16.00430523171858 -19.40906632204075 0
      vertex 15.608989272403605 -19.30756643513176 3
    endloop
  endfacet
  facet normal -0.9822872507286893 -0.18738131458572083 0
    outer loop
      vertex 18.147895273668052 -21.691757866714223 0
      vertex 18.224372779272052 -22.092666990916012 0
      vertex 18.224372779272052 -22.092666990916012 3
    endloop
  endfacet
  facet normal -0.9510565162951525 -0.3090169943749506 0
    outer loop
      vertex 18.021773579136816 -21.303595203774798 0
      vertex 18.147895273668052 -21.691757866714223 0
      vertex 18.147895273668052 -21.691757866714223 3
    endloop
  endfacet
  facet normal -0.8443279255020165 -0.5358267949789943 0
    outer loop
      vertex 17.62930523171858 -20.58969793004946 0
      vertex 17.847996710142557 -20.934300559169426 0
      vertex 17.847996710142557 -20.934300559169426 3
    endloop
  endfacet
  facet normal -0.7705132427757868 -0.6374239897486924 0
    outer loop
      vertex 17.369148039119587 -20.27522190573176 0
      vertex 17.62930523171858 -20.58969793004946 0
      vertex 17.62930523171858 -20.58969793004946 3
    endloop
  endfacet
  facet normal -0.9048270524660204 -0.42577929156507105 0
    outer loop
      vertex 17.847996710142557 -20.934300559169426 0
      vertex 18.021773579136816 -21.303595203774798 0
      vertex 18.021773579136816 -21.303595203774798 3
    endloop
  endfacet
  facet normal -0.48175367410171255 -0.876306680043865 0
    outer loop
      vertex 16.383782697586486 -19.559312079485437 0
      vertex 16.74143708368174 -19.75593424211845 0
      vertex 16.383782697586486 -19.559312079485437 3
    endloop
  endfacet
  facet normal -0.5877852522924732 -0.8090169943749472 0
    outer loop
      vertex 16.74143708368174 -19.75593424211845 0
      vertex 17.07162796668324 -19.995831960978684 0
      vertex 16.74143708368174 -19.75593424211845 3
    endloop
  endfacet
  facet normal -0.6845471059286905 -0.7289686274214099 0
    outer loop
      vertex 17.07162796668324 -19.995831960978684 0
      vertex 17.369148039119587 -20.27522190573176 0
      vertex 17.07162796668324 -19.995831960978684 3
    endloop
  endfacet
  facet normal 0.7705132427757891 0.63742398974869 0
    outer loop
      vertex 12.630851960880412 -24.72477809426824 0
      vertex 12.370694768281421 -24.41030206995054 3
      vertex 12.630851960880412 -24.72477809426824 3
    endloop
  endfacet
  facet normal 0.8443279255020165 0.5358267949789943 0
    outer loop
      vertex 12.370694768281421 -24.41030206995054 0
      vertex 12.152003289857443 -24.065699440830574 3
      vertex 12.370694768281421 -24.41030206995054 3
    endloop
  endfacet
  facet normal 0.5877852522924755 0.8090169943749458 0
    outer loop
      vertex 12.928372033316759 -25.004168039021316 3
      vertex 13.25856291631826 -25.24406575788155 3
      vertex 12.928372033316759 -25.004168039021316 0
    endloop
  endfacet
  facet normal 0.3681245526846794 0.9297764858882509 0
    outer loop
      vertex 13.616217302413514 -25.440687920514563 3
      vertex 13.995694768281421 -25.59093367795925 3
      vertex 13.616217302413514 -25.440687920514563 0
    endloop
  endfacet
  facet normal 0.4817536741017107 0.8763066800438661 0
    outer loop
      vertex 13.25856291631826 -25.24406575788155 3
      vertex 13.616217302413514 -25.440687920514563 3
      vertex 13.25856291631826 -25.24406575788155 0
    endloop
  endfacet
  facet normal 0.6845471059286882 0.7289686274214119 0
    outer loop
      vertex 12.630851960880412 -24.72477809426824 3
      vertex 12.928372033316759 -25.004168039021316 3
      vertex 12.630851960880412 -24.72477809426824 0
    endloop
  endfacet
  facet normal 0.9048270524660204 0.42577929156507105 0
    outer loop
      vertex 12.152003289857443 -24.065699440830574 0
      vertex 11.978226420863184 -23.696404796225202 3
      vertex 12.152003289857443 -24.065699440830574 3
    endloop
  endfacet
  facet normal 0.9510565162951525 0.3090169943749506 0
    outer loop
      vertex 11.978226420863184 -23.696404796225202 0
      vertex 11.852104726331948 -23.308242133285777 3
      vertex 11.978226420863184 -23.696404796225202 3
    endloop
  endfacet
  facet normal 0.9822872507286893 0.18738131458572083 0
    outer loop
      vertex 11.852104726331948 -23.308242133285777 0
      vertex 11.775627220727948 -22.907333009083988 3
      vertex 11.852104726331948 -23.308242133285777 3
    endloop
  endfacet
  facet normal 0.9980267284282714 0.06279051952931576 0
    outer loop
      vertex 11.775627220727948 -22.907333009083988 0
      vertex 11.75 -22.5 3
      vertex 11.775627220727948 -22.907333009083988 3
    endloop
  endfacet
  facet normal 0.9980267284282714 -0.06279051952931576 0
    outer loop
      vertex 11.75 -22.5 0
      vertex 11.775627220727948 -22.092666990916012 3
      vertex 11.75 -22.5 3
    endloop
  endfacet
  facet normal 0.24868988716485532 0.9685831611286311 0
    outer loop
      vertex 13.995694768281421 -25.59093367795925 3
      vertex 14.391010727596395 -25.69243356486824 3
      vertex 13.995694768281421 -25.59093367795925 0
    endloop
  endfacet
  facet normal 0.12533323356430506 0.9921147013144777 0
    outer loop
      vertex 14.391010727596395 -25.69243356486824 3
      vertex 14.79593081152973 -25.743586867391883 3
      vertex 14.391010727596395 -25.69243356486824 0
    endloop
  endfacet
  facet normal 0 1 0
    outer loop
      vertex 14.79593081152973 -25.743586867391883 3
      vertex 15.20406918847027 -25.743586867391883 3
      vertex 14.79593081152973 -25.743586867391883 0
    endloop
  endfacet
  facet normal -0.12533323356430506 0.9921147013144777 0
    outer loop
      vertex 15.20406918847027 -25.743586867391883 3
      vertex 15.608989272403605 -25.69243356486824 3
      vertex 15.20406918847027 -25.743586867391883 0
    endloop
  endfacet
  facet normal -0.24868988716485532 0.9685831611286311 0
    outer loop
      vertex 15.608989272403605 -25.69243356486824 3
      vertex 16.00430523171858 -25.59093367795925 3
      vertex 15.608989272403605 -25.69243356486824 0
    endloop
  endfacet
  facet normal -0.3681245526846794 0.9297764858882509 0
    outer loop
      vertex 16.00430523171858 -25.59093367795925 3
      vertex 16.383782697586486 -25.440687920514563 3
      vertex 16.00430523171858 -25.59093367795925 0
    endloop
  endfacet
  facet normal -0.48175367410171255 0.876306680043865 0
    outer loop
      vertex 16.383782697586486 -25.440687920514563 3
      vertex 16.74143708368174 -25.24406575788155 3
      vertex 16.383782697586486 -25.440687920514563 0
    endloop
  endfacet
  facet normal -0.5877852522924732 0.8090169943749472 0
    outer loop
      vertex 16.74143708368174 -25.24406575788155 3
      vertex 17.07162796668324 -25.004168039021316 3
      vertex 16.74143708368174 -25.24406575788155 0
    endloop
  endfacet
  facet normal -0.6845471059286905 0.7289686274214099 0
    outer loop
      vertex 17.07162796668324 -25.004168039021316 3
      vertex 17.369148039119587 -24.72477809426824 3
      vertex 17.07162796668324 -25.004168039021316 0
    endloop
  endfacet
  facet normal -0.7705132427757868 0.6374239897486924 0
    outer loop
      vertex 17.62930523171858 -24.41030206995054 0
      vertex 17.369148039119587 -24.72477809426824 3
      vertex 17.62930523171858 -24.41030206995054 3
    endloop
  endfacet
  facet normal -0.8443279255020165 0.5358267949789943 0
    outer loop
      vertex 17.847996710142557 -24.065699440830574 0
      vertex 17.62930523171858 -24.41030206995054 3
      vertex 17.847996710142557 -24.065699440830574 3
    endloop
  endfacet
  facet normal -0.9048270524660187 0.4257792915650743 0
    outer loop
      vertex 18.021773579136816 -23.696404796225206 0
      vertex 17.847996710142557 -24.065699440830574 3
      vertex 18.021773579136816 -23.696404796225206 3
    endloop
  endfacet
  facet normal -0.9510565162951533 0.309016994374948 0
    outer loop
      vertex 18.147895273668052 -23.308242133285777 0
      vertex 18.021773579136816 -23.696404796225206 3
      vertex 18.147895273668052 -23.308242133285777 3
    endloop
  endfacet
  facet normal -0.9822872507286893 0.18738131458572083 0
    outer loop
      vertex 18.224372779272052 -22.907333009083988 0
      vertex 18.147895273668052 -23.308242133285777 3
      vertex 18.224372779272052 -22.907333009083988 3
    endloop
  endfacet
  facet normal -0.9980267284282714 0.06279051952931576 0
    outer loop
      vertex 18.25 -22.5 0
      vertex 18.224372779272052 -22.907333009083988 3
      vertex 18.25 -22.5 3
    endloop
  endfacet
  facet normal -0.9980267284282714 -0.06279051952931576 0
    outer loop
      vertex 18.224372779272052 -22.092666990916012 0
      vertex 18.25 -22.5 3
      vertex 18.224372779272052 -22.092666990916012 3
    endloop
  endfacet
  facet normal 0.9822872507286893 -0.18738131458572083 0
    outer loop
      vertex 11.775627220727948 -22.092666990916012 0
      vertex 11.852104726331948 -21.691757866714223 3
      vertex 11.775627220727948 -22.092666990916012 3
    endloop
  endfacet
  facet normal 0.9510565162951525 -0.3090169943749506 0
    outer loop
      vertex 11.852104726331948 -21.691757866714223 0
      vertex 11.978226420863184 -21.303595203774798 3
      vertex 11.852104726331948 -21.691757866714223 3
    endloop
  endfacet
  facet normal 0.9048270524660204 -0.42577929156507105 0
    outer loop
      vertex 12.152003289857443 -20.934300559169426 3
      vertex 11.978226420863184 -21.303595203774798 3
      vertex 11.978226420863184 -21.303595203774798 0
    endloop
  endfacet
  facet normal 0.8443279255020165 -0.5358267949789943 0
    outer loop
      vertex 12.152003289857443 -20.934300559169426 0
      vertex 12.370694768281421 -20.58969793004946 3
      vertex 12.152003289857443 -20.934300559169426 3
    endloop
  endfacet
  facet normal 0.7705132427757891 -0.63742398974869 0
    outer loop
      vertex 12.370694768281421 -20.58969793004946 0
      vertex 12.630851960880412 -20.27522190573176 3
      vertex 12.370694768281421 -20.58969793004946 3
    endloop
  endfacet
  facet normal 0.6845471059286882 -0.7289686274214119 0
    outer loop
      vertex 12.928372033316759 -19.995831960978684 3
      vertex 12.630851960880412 -20.27522190573176 3
      vertex 12.928372033316759 -19.995831960978684 0
    endloop
  endfacet
  facet normal 0.5877852522924755 -0.8090169943749458 0
    outer loop
      vertex 13.25856291631826 -19.75593424211845 3
      vertex 12.928372033316759 -19.995831960978684 3
      vertex 13.25856291631826 -19.75593424211845 0
    endloop
  endfacet
  facet normal 0.4817536741017107 -0.8763066800438661 0
    outer loop
      vertex 13.616217302413514 -19.559312079485437 3
      vertex 13.25856291631826 -19.75593424211845 3
      vertex 13.616217302413514 -19.559312079485437 0
    endloop
  endfacet
  facet normal 0.3681245526846794 -0.9297764858882509 0
    outer loop
      vertex 13.995694768281421 -19.40906632204075 3
      vertex 13.616217302413514 -19.559312079485437 3
      vertex 13.995694768281421 -19.40906632204075 0
    endloop
  endfacet
  facet normal 0.24868988716485532 -0.9685831611286311 0
    outer loop
      vertex 14.391010727596395 -19.30756643513176 3
      vertex 13.995694768281421 -19.40906632204075 3
      vertex 14.391010727596395 -19.30756643513176 0
    endloop
  endfacet
  facet normal 0.12533323356430456 -0.9921147013144779 0
    outer loop
      vertex 14.795930811529733 -19.256413132608117 3
      vertex 14.391010727596395 -19.30756643513176 3
      vertex 14.795930811529733 -19.256413132608117 0
    endloop
  endfacet
  facet normal -0.24868988716485532 -0.9685831611286311 0
    outer loop
      vertex 16.00430523171858 -19.40906632204075 3
      vertex 15.608989272403605 -19.30756643513176 3
      vertex 16.00430523171858 -19.40906632204075 0
    endloop
  endfacet
  facet normal 0 -1 0
    outer loop
      vertex 15.204069188470267 -19.256413132608117 3
      vertex 14.795930811529733 -19.256413132608117 3
      vertex 15.204069188470267 -19.256413132608117 0
    endloop
  endfacet
  facet normal -0.12533323356430456 -0.9921147013144779 0
    outer loop
      vertex 15.608989272403605 -19.30756643513176 3
      vertex 15.204069188470267 -19.256413132608117 3
      vertex 15.608989272403605 -19.30756643513176 0
    endloop
  endfacet
  facet normal -0.9822872507286893 -0.18738131458572083 0
    outer loop
      vertex 18.224372779272052 -22.092666990916012 3
      vertex 18.147895273668052 -21.691757866714223 3
      vertex 18.147895273668052 -21.691757866714223 0
    endloop
  endfacet
  facet normal -0.9510565162951525 -0.3090169943749506 0
    outer loop
      vertex 18.021773579136816 -21.303595203774798 0
      vertex 18.147895273668052 -21.691757866714223 3
      vertex 18.021773579136816 -21.303595203774798 3
    endloop
  endfacet
  facet normal -0.9048270524660204 -0.42577929156507105 0
    outer loop
      vertex 17.847996710142557 -20.934300559169426 0
      vertex 18.021773579136816 -21.303595203774798 3
      vertex 17.847996710142557 -20.934300559169426 3
    endloop
  endfacet
  facet normal -0.7705132427757868 -0.6374239897486924 0
    outer loop
      vertex 17.369148039119587 -20.27522190573176 0
      vertex 17.62930523171858 -20.58969793004946 3
      vertex 17.369148039119587 -20.27522190573176 3
    endloop
  endfacet
  facet normal -0.8443279255020165 -0.5358267949789943 0
    outer loop
      vertex 17.62930523171858 -20.58969793004946 0
      vertex 17.847996710142557 -20.934300559169426 3
      vertex 17.62930523171858 -20.58969793004946 3
    endloop
  endfacet
  facet normal -0.3681245526846794 -0.9297764858882509 0
    outer loop
      vertex 16.383782697586486 -19.559312079485437 3
      vertex 16.00430523171858 -19.40906632204075 3
      vertex 16.383782697586486 -19.559312079485437 0
    endloop
  endfacet
  facet normal -0.48175367410171255 -0.876306680043865 0
    outer loop
      vertex 16.74143708368174 -19.75593424211845 3
      vertex 16.383782697586486 -19.559312079485437 3
      vertex 16.74143708368174 -19.75593424211845 0
    endloop
  endfacet
  facet normal -0.5877852522924732 -0.8090169943749472 0
    outer loop
      vertex 17.07162796668324 -19.995831960978684 3
      vertex 16.74143708368174 -19.75593424211845 3
      vertex 17.07162796668324 -19.995831960978684 0
    endloop
  endfacet
  facet normal -0.6845471059286905 -0.7289686274214099 0
    outer loop
      vertex 17.369148039119587 -20.27522190573176 0
      vertex 17.369148039119587 -20.27522190573176 3
      vertex 17.07162796668324 -19.995831960978684 3
    endloop
  endfacet
  facet normal 0.7705132427757868 0.6374239897486924 0
    outer loop
      vertex 27.630851960880413 -24.72477809426824 0
      vertex 27.37069476828142 -24.41030206995054 0
      vertex 27.37069476828142 -24.41030206995054 3
    endloop
  endfacet
  facet normal 0.8443279255020165 0.5358267949789943 0
    outer loop
      vertex 27.37069476828142 -24.41030206995054 0
      vertex 27.152003289857443 -24.065699440830574 0
      vertex 27.152003289857443 -24.065699440830574 3
    endloop
  endfacet
  facet normal 0.9048270524660204 0.42577929156507105 0
    outer loop
      vertex 27.152003289857443 -24.065699440830574 0
      vertex 26.978226420863184 -23.696404796225202 0
      vertex 26.978226420863184 -23.696404796225202 3
    endloop
  endfacet
  facet normal 0.9822872507286893 0.18738131458572083 0
    outer loop
      vertex 26.852104726331948 -23.308242133285777 0
      vertex 26.775627220727948 -22.907333009083988 0
      vertex 26.775627220727948 -22.907333009083988 3
    endloop
  endfacet
  facet normal 0.9510565162951525 0.3090169943749506 0
    outer loop
      vertex 26.978226420863184 -23.696404796225202 0
      vertex 26.852104726331948 -23.308242133285777 0
      vertex 26.852104726331948 -23.308242133285777 3
    endloop
  endfacet
  facet normal 0.9980267284282714 0.06279051952931576 0
    outer loop
      vertex 26.775627220727948 -22.907333009083988 0
      vertex 26.75 -22.5 0
      vertex 26.75 -22.5 3
    endloop
  endfacet
  facet normal 0.9980267284282714 -0.06279051952931576 0
    outer loop
      vertex 26.75 -22.5 0
      vertex 26.775627220727948 -22.092666990916012 0
      vertex 26.775627220727948 -22.092666990916012 3
    endloop
  endfacet
  facet normal 0.9822872507286893 -0.18738131458572083 0
    outer loop
      vertex 26.775627220727948 -22.092666990916012 0
      vertex 26.852104726331948 -21.691757866714223 0
      vertex 26.852104726331948 -21.691757866714223 3
    endloop
  endfacet
  facet normal 0.9510565162951525 -0.3090169943749506 0
    outer loop
      vertex 26.852104726331948 -21.691757866714223 0
      vertex 26.978226420863184 -21.303595203774798 0
      vertex 26.978226420863184 -21.303595203774798 3
    endloop
  endfacet
  facet normal 0.9048270524660204 -0.42577929156507105 0
    outer loop
      vertex 26.978226420863184 -21.303595203774798 0
      vertex 27.152003289857443 -20.934300559169426 0
      vertex 27.152003289857443 -20.934300559169426 3
    endloop
  endfacet
  facet normal 0.8443279255020165 -0.5358267949789943 0
    outer loop
      vertex 27.152003289857443 -20.934300559169426 0
      vertex 27.37069476828142 -20.58969793004946 0
      vertex 27.37069476828142 -20.58969793004946 3
    endloop
  endfacet
  facet normal 0.7705132427757868 -0.6374239897486924 0
    outer loop
      vertex 27.37069476828142 -20.58969793004946 0
      vertex 27.630851960880413 -20.27522190573176 0
      vertex 27.630851960880413 -20.27522190573176 3
    endloop
  endfacet
  facet normal 0.6845471059286905 -0.7289686274214099 0
    outer loop
      vertex 27.630851960880413 -20.27522190573176 0
      vertex 27.92837203331676 -19.995831960978684 0
      vertex 27.630851960880413 -20.27522190573176 3
    endloop
  endfacet
  facet normal 0.6845471059286905 0.7289686274214099 0
    outer loop
      vertex 27.92837203331676 -25.004168039021316 0
      vertex 27.630851960880413 -24.72477809426824 0
      vertex 27.92837203331676 -25.004168039021316 3
    endloop
  endfacet
  facet normal 0.5877852522924732 0.8090169943749472 0
    outer loop
      vertex 28.25856291631826 -25.24406575788155 0
      vertex 27.92837203331676 -25.004168039021316 0
      vertex 28.25856291631826 -25.24406575788155 3
    endloop
  endfacet
  facet normal 0.48175367410171255 0.876306680043865 0
    outer loop
      vertex 28.616217302413514 -25.440687920514563 0
      vertex 28.25856291631826 -25.24406575788155 0
      vertex 28.616217302413514 -25.440687920514563 3
    endloop
  endfacet
  facet normal 0.3681245526846794 0.9297764858882509 0
    outer loop
      vertex 28.99569476828142 -25.59093367795925 0
      vertex 28.616217302413514 -25.440687920514563 0
      vertex 28.99569476828142 -25.59093367795925 3
    endloop
  endfacet
  facet normal 0.24868988716485532 0.9685831611286311 0
    outer loop
      vertex 29.391010727596395 -25.69243356486824 0
      vertex 28.99569476828142 -25.59093367795925 0
      vertex 29.391010727596395 -25.69243356486824 3
    endloop
  endfacet
  facet normal 0.12533323356430565 0.9921147013144778 0
    outer loop
      vertex 29.79593081152973 -25.743586867391883 0
      vertex 29.391010727596395 -25.69243356486824 0
      vertex 29.79593081152973 -25.743586867391883 3
    endloop
  endfacet
  facet normal 0 1 0
    outer loop
      vertex 30.20406918847027 -25.743586867391883 0
      vertex 29.79593081152973 -25.743586867391883 0
      vertex 30.20406918847027 -25.743586867391883 3
    endloop
  endfacet
  facet normal -0.12533323356430565 0.9921147013144778 0
    outer loop
      vertex 30.608989272403605 -25.69243356486824 0
      vertex 30.20406918847027 -25.743586867391883 0
      vertex 30.608989272403605 -25.69243356486824 3
    endloop
  endfacet
  facet normal -0.24868988716485532 0.9685831611286311 0
    outer loop
      vertex 31.00430523171858 -25.59093367795925 0
      vertex 30.608989272403605 -25.69243356486824 0
      vertex 31.00430523171858 -25.59093367795925 3
    endloop
  endfacet
  facet normal -0.3681245526846794 0.9297764858882509 0
    outer loop
      vertex 31.383782697586486 -25.440687920514563 0
      vertex 31.00430523171858 -25.59093367795925 0
      vertex 31.383782697586486 -25.440687920514563 3
    endloop
  endfacet
  facet normal -0.48175367410171255 0.876306680043865 0
    outer loop
      vertex 31.74143708368174 -25.24406575788155 0
      vertex 31.383782697586486 -25.440687920514563 0
      vertex 31.74143708368174 -25.24406575788155 3
    endloop
  endfacet
  facet normal -0.5877852522924693 0.8090169943749503 0
    outer loop
      vertex 32.071627966683245 -25.004168039021316 0
      vertex 31.74143708368174 -25.24406575788155 0
      vertex 32.071627966683245 -25.004168039021316 3
    endloop
  endfacet
  facet normal -0.6845471059286948 0.7289686274214059 0
    outer loop
      vertex 32.36914803911959 -24.72477809426824 0
      vertex 32.071627966683245 -25.004168039021316 0
      vertex 32.36914803911959 -24.72477809426824 3
    endloop
  endfacet
  facet normal -0.7705132427757911 0.6374239897486873 0
    outer loop
      vertex 32.36914803911959 -24.72477809426824 0
      vertex 32.36914803911959 -24.72477809426824 3
      vertex 32.629305231718575 -24.41030206995054 0
    endloop
  endfacet
  facet normal -0.8443279255020165 0.5358267949789943 0
    outer loop
      vertex 32.84799671014255 -24.065699440830574 0
      vertex 32.629305231718575 -24.41030206995054 0
      vertex 32.629305231718575 -24.41030206995054 3
    endloop
  endfacet
  facet normal -0.9048270524660119 0.4257792915650886 0
    outer loop
      vertex 33.02177357913682 -23.696404796225206 0
      vertex 32.84799671014255 -24.065699440830574 0
      vertex 32.84799671014255 -24.065699440830574 3
    endloop
  endfacet
  facet normal -0.9510565162951585 0.3090169943749323 0
    outer loop
      vertex 33.14789527366805 -23.308242133285777 0
      vertex 33.02177357913682 -23.696404796225206 0
      vertex 33.02177357913682 -23.696404796225206 3
    endloop
  endfacet
  facet normal -0.9822872507286877 0.18738131458572924 0
    outer loop
      vertex 33.22437277927205 -22.907333009083988 0
      vertex 33.14789527366805 -23.308242133285777 0
      vertex 33.14789527366805 -23.308242133285777 3
    endloop
  endfacet
  facet normal -0.9980267284282714 0.06279051952931576 0
    outer loop
      vertex 33.25 -22.5 0
      vertex 33.22437277927205 -22.907333009083988 0
      vertex 33.22437277927205 -22.907333009083988 3
    endloop
  endfacet
  facet normal -0.9980267284282714 -0.06279051952931576 0
    outer loop
      vertex 33.22437277927205 -22.092666990916012 0
      vertex 33.25 -22.5 0
      vertex 33.25 -22.5 3
    endloop
  endfacet
  facet normal 0.5877852522924732 -0.8090169943749472 0
    outer loop
      vertex 27.92837203331676 -19.995831960978684 0
      vertex 28.25856291631826 -19.75593424211845 0
      vertex 27.92837203331676 -19.995831960978684 3
    endloop
  endfacet
  facet normal 0.48175367410171255 -0.876306680043865 0
    outer loop
      vertex 28.25856291631826 -19.75593424211845 0
      vertex 28.616217302413514 -19.559312079485437 0
      vertex 28.25856291631826 -19.75593424211845 3
    endloop
  endfacet
  facet normal 0.3681245526846794 -0.9297764858882509 0
    outer loop
      vertex 28.616217302413514 -19.559312079485437 0
      vertex 28.99569476828142 -19.40906632204075 0
      vertex 28.616217302413514 -19.559312079485437 3
    endloop
  endfacet
  facet normal 0.24868988716485532 -0.9685831611286311 0
    outer loop
      vertex 28.99569476828142 -19.40906632204075 0
      vertex 29.391010727596395 -19.30756643513176 0
      vertex 28.99569476828142 -19.40906632204075 3
    endloop
  endfacet
  facet normal 0.12533323356430456 -0.9921147013144779 0
    outer loop
      vertex 29.391010727596395 -19.30756643513176 0
      vertex 29.795930811529733 -19.256413132608117 0
      vertex 29.391010727596395 -19.30756643513176 3
    endloop
  endfacet
  facet normal 0 -1 0
    outer loop
      vertex 29.795930811529733 -19.256413132608117 0
      vertex 30.204069188470267 -19.256413132608117 0
      vertex 29.795930811529733 -19.256413132608117 3
    endloop
  endfacet
  facet normal -0.3681245526846794 -0.9297764858882509 0
    outer loop
      vertex 31.00430523171858 -19.40906632204075 0
      vertex 31.383782697586486 -19.559312079485437 0
      vertex 31.00430523171858 -19.40906632204075 3
    endloop
  endfacet
  facet normal -0.12533323356430456 -0.9921147013144779 0
    outer loop
      vertex 30.204069188470267 -19.256413132608117 0
      vertex 30.608989272403605 -19.30756643513176 0
      vertex 30.204069188470267 -19.256413132608117 3
    endloop
  endfacet
  facet normal -0.24868988716485532 -0.9685831611286311 0
    outer loop
      vertex 30.608989272403605 -19.30756643513176 0
      vertex 31.00430523171858 -19.40906632204075 0
      vertex 30.608989272403605 -19.30756643513176 3
    endloop
  endfacet
  facet normal -0.48175367410171255 -0.876306680043865 0
    outer loop
      vertex 31.383782697586486 -19.559312079485437 0
      vertex 31.74143708368174 -19.75593424211845 0
      vertex 31.383782697586486 -19.559312079485437 3
    endloop
  endfacet
  facet normal -0.5877852522924693 -0.8090169943749503 0
    outer loop
      vertex 31.74143708368174 -19.75593424211845 0
      vertex 32.071627966683245 -19.995831960978684 0
      vertex 31.74143708368174 -19.75593424211845 3
    endloop
  endfacet
  facet normal -0.6845471059286948 -0.7289686274214059 0
    outer loop
      vertex 32.071627966683245 -19.995831960978684 0
      vertex 32.36914803911959 -20.27522190573176 0
      vertex 32.071627966683245 -19.995831960978684 3
    endloop
  endfacet
  facet normal -0.9822872507286877 -0.18738131458572924 0
    outer loop
      vertex 33.14789527366805 -21.691757866714223 0
      vertex 33.22437277927205 -22.092666990916012 0
      vertex 33.22437277927205 -22.092666990916012 3
    endloop
  endfacet
  facet normal -0.9510565162951578 -0.30901699437493485 0
    outer loop
      vertex 33.02177357913682 -21.303595203774798 0
      vertex 33.14789527366805 -21.691757866714223 0
      vertex 33.14789527366805 -21.691757866714223 3
    endloop
  endfacet
  facet normal -0.8443279255020165 -0.5358267949789943 0
    outer loop
      vertex 32.629305231718575 -20.58969793004946 0
      vertex 32.84799671014255 -20.934300559169426 0
      vertex 32.84799671014255 -20.934300559169426 3
    endloop
  endfacet
  facet normal -0.7705132427757911 -0.6374239897486873 0
    outer loop
      vertex 32.36914803911959 -20.27522190573176 0
      vertex 32.629305231718575 -20.58969793004946 0
      vertex 32.629305231718575 -20.58969793004946 3
    endloop
  endfacet
  facet normal -0.9048270524660136 -0.42577929156508526 0
    outer loop
      vertex 32.84799671014255 -20.934300559169426 0
      vertex 33.02177357913682 -21.303595203774798 0
      vertex 33.02177357913682 -21.303595203774798 3
    endloop
  endfacet
  facet normal 0.6845471059286905 0.7289686274214099 0
    outer loop
      vertex 27.630851960880413 -24.72477809426824 0
      vertex 27.630851960880413 -24.72477809426824 3
      vertex 27.92837203331676 -25.004168039021316 3
    endloop
  endfacet
  facet normal 0.7705132427757868 0.6374239897486924 0
    outer loop
      vertex 27.630851960880413 -24.72477809426824 0
      vertex 27.37069476828142 -24.41030206995054 3
      vertex 27.630851960880413 -24.72477809426824 3
    endloop
  endfacet
  facet normal 0.8443279255020165 0.5358267949789943 0
    outer loop
      vertex 27.37069476828142 -24.41030206995054 0
      vertex 27.152003289857443 -24.065699440830574 3
      vertex 27.37069476828142 -24.41030206995054 3
    endloop
  endfacet
  facet normal 0.9048270524660204 0.42577929156507105 0
    outer loop
      vertex 27.152003289857443 -24.065699440830574 0
      vertex 26.978226420863184 -23.696404796225202 3
      vertex 27.152003289857443 -24.065699440830574 3
    endloop
  endfacet
  facet normal 0.9510565162951525 0.3090169943749506 0
    outer loop
      vertex 26.978226420863184 -23.696404796225202 0
      vertex 26.852104726331948 -23.308242133285777 3
      vertex 26.978226420863184 -23.696404796225202 3
    endloop
  endfacet
  facet normal 0.9822872507286893 0.18738131458572083 0
    outer loop
      vertex 26.775627220727948 -22.907333009083988 3
      vertex 26.852104726331948 -23.308242133285777 3
      vertex 26.852104726331948 -23.308242133285777 0
    endloop
  endfacet
  facet normal 0.9980267284282714 0.06279051952931576 0
    outer loop
      vertex 26.775627220727948 -22.907333009083988 0
      vertex 26.75 -22.5 3
      vertex 26.775627220727948 -22.907333009083988 3
    endloop
  endfacet
  facet normal 0.9980267284282714 -0.06279051952931576 0
    outer loop
      vertex 26.75 -22.5 0
      vertex 26.775627220727948 -22.092666990916012 3
      vertex 26.75 -22.5 3
    endloop
  endfacet
  facet normal 0.9822872507286893 -0.18738131458572083 0
    outer loop
      vertex 26.775627220727948 -22.092666990916012 0
      vertex 26.852104726331948 -21.691757866714223 3
      vertex 26.775627220727948 -22.092666990916012 3
    endloop
  endfacet
  facet normal 0.9510565162951525 -0.3090169943749506 0
    outer loop
      vertex 26.852104726331948 -21.691757866714223 0
      vertex 26.978226420863184 -21.303595203774798 3
      vertex 26.852104726331948 -21.691757866714223 3
    endloop
  endfacet
  facet normal 0.9048270524660204 -0.42577929156507105 0
    outer loop
      vertex 26.978226420863184 -21.303595203774798 0
      vertex 27.152003289857443 -20.934300559169426 3
      vertex 26.978226420863184 -21.303595203774798 3
    endloop
  endfacet
  facet normal 0.8443279255020165 -0.5358267949789943 0
    outer loop
      vertex 27.152003289857443 -20.934300559169426 0
      vertex 27.37069476828142 -20.58969793004946 3
      vertex 27.152003289857443 -20.934300559169426 3
    endloop
  endfacet
  facet normal 0.7705132427757868 -0.6374239897486924 0
    outer loop
      vertex 27.37069476828142 -20.58969793004946 0
      vertex 27.630851960880413 -20.27522190573176 3
      vertex 27.37069476828142 -20.58969793004946 3
    endloop
  endfacet
  facet normal 0.5877852522924732 0.8090169943749472 0
    outer loop
      vertex 27.92837203331676 -25.004168039021316 3
      vertex 28.25856291631826 -25.24406575788155 3
      vertex 27.92837203331676 -25.004168039021316 0
    endloop
  endfacet
  facet normal 0.3681245526846794 0.9297764858882509 0
    outer loop
      vertex 28.616217302413514 -25.440687920514563 3
      vertex 28.99569476828142 -25.59093367795925 3
      vertex 28.616217302413514 -25.440687920514563 0
    endloop
  endfacet
  facet normal 0.48175367410171255 0.876306680043865 0
    outer loop
      vertex 28.25856291631826 -25.24406575788155 3
      vertex 28.616217302413514 -25.440687920514563 3
      vertex 28.25856291631826 -25.24406575788155 0
    endloop
  endfacet
  facet normal 0.24868988716485532 0.9685831611286311 0
    outer loop
      vertex 28.99569476828142 -25.59093367795925 3
      vertex 29.391010727596395 -25.69243356486824 3
      vertex 28.99569476828142 -25.59093367795925 0
    endloop
  endfacet
  facet normal 0.12533323356430565 0.9921147013144778 0
    outer loop
      vertex 29.391010727596395 -25.69243356486824 3
      vertex 29.79593081152973 -25.743586867391883 3
      vertex 29.391010727596395 -25.69243356486824 0
    endloop
  endfacet
  facet normal 0 1 0
    outer loop
      vertex 29.79593081152973 -25.743586867391883 3
      vertex 30.20406918847027 -25.743586867391883 3
      vertex 29.79593081152973 -25.743586867391883 0
    endloop
  endfacet
  facet normal -0.12533323356430565 0.9921147013144778 0
    outer loop
      vertex 30.20406918847027 -25.743586867391883 3
      vertex 30.608989272403605 -25.69243356486824 3
      vertex 30.20406918847027 -25.743586867391883 0
    endloop
  endfacet
  facet normal -0.24868988716485532 0.9685831611286311 0
    outer loop
      vertex 30.608989272403605 -25.69243356486824 3
      vertex 31.00430523171858 -25.59093367795925 3
      vertex 30.608989272403605 -25.69243356486824 0
    endloop
  endfacet
  facet normal -0.3681245526846794 0.9297764858882509 0
    outer loop
      vertex 31.00430523171858 -25.59093367795925 3
      vertex 31.383782697586486 -25.440687920514563 3
      vertex 31.00430523171858 -25.59093367795925 0
    endloop
  endfacet
  facet normal -0.48175367410171255 0.876306680043865 0
    outer loop
      vertex 31.383782697586486 -25.440687920514563 3
      vertex 31.74143708368174 -25.24406575788155 3
      vertex 31.383782697586486 -25.440687920514563 0
    endloop
  endfacet
  facet normal -0.5877852522924693 0.8090169943749503 0
    outer loop
      vertex 31.74143708368174 -25.24406575788155 3
      vertex 32.071627966683245 -25.004168039021316 3
      vertex 31.74143708368174 -25.24406575788155 0
    endloop
  endfacet
  facet normal -0.6845471059286948 0.7289686274214059 0
    outer loop
      vertex 32.071627966683245 -25.004168039021316 3
      vertex 32.36914803911959 -24.72477809426824 3
      vertex 32.071627966683245 -25.004168039021316 0
    endloop
  endfacet
  facet normal -0.7705132427757911 0.6374239897486873 0
    outer loop
      vertex 32.629305231718575 -24.41030206995054 0
      vertex 32.36914803911959 -24.72477809426824 3
      vertex 32.629305231718575 -24.41030206995054 3
    endloop
  endfacet
  facet normal -0.8443279255020165 0.5358267949789943 0
    outer loop
      vertex 32.84799671014255 -24.065699440830574 0
      vertex 32.629305231718575 -24.41030206995054 3
      vertex 32.84799671014255 -24.065699440830574 3
    endloop
  endfacet
  facet normal -0.9048270524660119 0.4257792915650886 0
    outer loop
      vertex 32.84799671014255 -24.065699440830574 3
      vertex 33.02177357913682 -23.696404796225206 3
      vertex 33.02177357913682 -23.696404796225206 0
    endloop
  endfacet
  facet normal -0.9510565162951585 0.3090169943749323 0
    outer loop
      vertex 33.14789527366805 -23.308242133285777 0
      vertex 33.02177357913682 -23.696404796225206 3
      vertex 33.14789527366805 -23.308242133285777 3
    endloop
  endfacet
  facet normal -0.9822872507286877 0.18738131458572924 0
    outer loop
      vertex 33.22437277927205 -22.907333009083988 0
      vertex 33.14789527366805 -23.308242133285777 3
      vertex 33.22437277927205 -22.907333009083988 3
    endloop
  endfacet
  facet normal -0.9980267284282714 0.06279051952931576 0
    outer loop
      vertex 33.25 -22.5 0
      vertex 33.22437277927205 -22.907333009083988 3
      vertex 33.25 -22.5 3
    endloop
  endfacet
  facet normal -0.9980267284282714 -0.06279051952931576 0
    outer loop
      vertex 33.22437277927205 -22.092666990916012 0
      vertex 33.25 -22.5 3
      vertex 33.22437277927205 -22.092666990916012 3
    endloop
  endfacet
  facet normal 0.6845471059286905 -0.7289686274214099 0
    outer loop
      vertex 27.92837203331676 -19.995831960978684 3
      vertex 27.630851960880413 -20.27522190573176 3
      vertex 27.92837203331676 -19.995831960978684 0
    endloop
  endfacet
  facet normal 0.5877852522924732 -0.8090169943749472 0
    outer loop
      vertex 28.25856291631826 -19.75593424211845 3
      vertex 27.92837203331676 -19.995831960978684 3
      vertex 28.25856291631826 -19.75593424211845 0
    endloop
  endfacet
  facet normal 0.48175367410171255 -0.876306680043865 0
    outer loop
      vertex 28.616217302413514 -19.559312079485437 3
      vertex 28.25856291631826 -19.75593424211845 3
      vertex 28.616217302413514 -19.559312079485437 0
    endloop
  endfacet
  facet normal 0.3681245526846794 -0.9297764858882509 0
    outer loop
      vertex 28.99569476828142 -19.40906632204075 3
      vertex 28.616217302413514 -19.559312079485437 3
      vertex 28.99569476828142 -19.40906632204075 0
    endloop
  endfacet
  facet normal 0.24868988716485532 -0.9685831611286311 0
    outer loop
      vertex 29.391010727596395 -19.30756643513176 3
      vertex 28.99569476828142 -19.40906632204075 3
      vertex 29.391010727596395 -19.30756643513176 0
    endloop
  endfacet
  facet normal 0.12533323356430456 -0.9921147013144779 0
    outer loop
      vertex 29.795930811529733 -19.256413132608117 3
      vertex 29.391010727596395 -19.30756643513176 3
      vertex 29.795930811529733 -19.256413132608117 0
    endloop
  endfacet
  facet normal -0.24868988716485532 -0.9685831611286311 0
    outer loop
      vertex 31.00430523171858 -19.40906632204075 3
      vertex 30.608989272403605 -19.30756643513176 3
      vertex 31.00430523171858 -19.40906632204075 0
    endloop
  endfacet
  facet normal 0 -1 0
    outer loop
      vertex 30.204069188470267 -19.256413132608117 3
      vertex 29.795930811529733 -19.256413132608117 3
      vertex 30.204069188470267 -19.256413132608117 0
    endloop
  endfacet
  facet normal -0.12533323356430456 -0.9921147013144779 0
    outer loop
      vertex 30.608989272403605 -19.30756643513176 3
      vertex 30.204069188470267 -19.256413132608117 3
      vertex 30.608989272403605 -19.30756643513176 0
    endloop
  endfacet
  facet normal -0.3681245526846794 -0.9297764858882509 0
    outer loop
      vertex 31.383782697586486 -19.559312079485437 3
      vertex 31.00430523171858 -19.40906632204075 3
      vertex 31.383782697586486 -19.559312079485437 0
    endloop
  endfacet
  facet normal -0.48175367410171255 -0.876306680043865 0
    outer loop
      vertex 31.74143708368174 -19.75593424211845 3
      vertex 31.383782697586486 -19.559312079485437 3
      vertex 31.74143708368174 -19.75593424211845 0
    endloop
  endfacet
  facet normal -0.5877852522924693 -0.8090169943749503 0
    outer loop
      vertex 32.071627966683245 -19.995831960978684 3
      vertex 31.74143708368174 -19.75593424211845 3
      vertex 32.071627966683245 -19.995831960978684 0
    endloop
  endfacet
  facet normal -0.6845471059286948 -0.7289686274214059 0
    outer loop
      vertex 32.36914803911959 -20.27522190573176 3
      vertex 32.071627966683245 -19.995831960978684 3
      vertex 32.36914803911959 -20.27522190573176 0
    endloop
  endfacet
  facet normal -0.9822872507286877 -0.18738131458572924 0
    outer loop
      vertex 33.14789527366805 -21.691757866714223 0
      vertex 33.22437277927205 -22.092666990916012 3
      vertex 33.14789527366805 -21.691757866714223 3
    endloop
  endfacet
  facet normal -0.9510565162951578 -0.30901699437493485 0
    outer loop
      vertex 33.02177357913682 -21.303595203774798 0
      vertex 33.14789527366805 -21.691757866714223 3
      vertex 33.02177357913682 -21.303595203774798 3
    endloop
  endfacet
  facet normal -0.9048270524660136 -0.42577929156508526 0
    outer loop
      vertex 32.84799671014255 -20.934300559169426 0
      vertex 33.02177357913682 -21.303595203774798 3
      vertex 32.84799671014255 -20.934300559169426 3
    endloop
  endfacet
  facet normal -0.7705132427757911 -0.6374239897486873 0
    outer loop
      vertex 32.36914803911959 -20.27522190573176 0
      vertex 32.629305231718575 -20.58969793004946 3
      vertex 32.36914803911959 -20.27522190573176 3
    endloop
  endfacet
  facet normal -0.8443279255020165 -0.5358267949789943 0
    outer loop
      vertex 32.629305231718575 -20.58969793004946 0
      vertex 32.84799671014255 -20.934300559169426 3
      vertex 32.629305231718575 -20.58969793004946 3
    endloop
  endfacet
  facet normal 0.48175367410171976 0.876306680043861 0
    outer loop
      vertex -30.76640272481713 -16.628688694438836 0
      vertex -30.964488230962193 -16.519790265903627 0
      vertex -30.76640272481713 -16.628688694438836 3
    endloop
  endfacet
  facet normal 0.36812455268467775 0.9297764858882515 0
    outer loop
      vertex -30.556230589874904 -16.711901729331277 0
      vertex -30.76640272481713 -16.628688694438836 0
      vertex -30.556230589874904 -16.711901729331277 3
    endloop
  endfacet
  facet normal 0.2486898871648596 0.9685831611286299 0
    outer loop
      vertex -30.337286366254304 -16.76811705131164 0
      vertex -30.556230589874904 -16.711901729331277 0
      vertex -30.337286366254304 -16.76811705131164 3
    endloop
  endfacet
  facet normal 0.1253332335642983 0.9921147013144787 0
    outer loop
      vertex -30.113022935152763 -16.79644811117089 0
      vertex -30.337286366254304 -16.76811705131164 0
      vertex -30.113022935152763 -16.79644811117089 3
    endloop
  endfacet
  facet normal 0.8443279255020174 0.5358267949789929 2.2963611085128355e-16
    outer loop
      vertex -31.511549944180477 -15.970844099964602 0
      vertex -31.577352024078955 -15.867156613383088 3
      vertex -31.456230589874906 -16.058013454126453 0
    endloop
  endfacet
  facet normal 0.8443279255020144 0.5358267949789977 0
    outer loop
      vertex -31.511549944180477 -15.970844099964602 0
      vertex -31.577352024078955 -15.867156613383088 0
      vertex -31.577352024078955 -15.867156613383088 3
    endloop
  endfacet
  facet normal 0.904827052466022 0.4257792915650676 0
    outer loop
      vertex -31.577352024078955 -15.867156613383088 0
      vertex -31.673597674598852 -15.66262419483242 0
      vertex -31.673597674598852 -15.66262419483242 3
    endloop
  endfacet
  facet normal 0.7705132427757823 0.637423989748698 0
    outer loop
      vertex -31.31214352935854 -16.23218479067164 0
      vertex -31.456230589874906 -16.058013454126453 0
      vertex -31.456230589874906 -16.058013454126453 3
    endloop
  endfacet
  facet normal 0.9510565162951535 0.30901699437494784 0
    outer loop
      vertex -31.673597674598852 -15.66262419483242 0
      vertex -31.743449690031536 -15.447641796896738 0
      vertex -31.743449690031536 -15.447641796896738 3
    endloop
  endfacet
  facet normal 0.9822872507286878 0.1873813145857287 0
    outer loop
      vertex -31.743449690031536 -15.447641796896738 0
      vertex -31.78580646236606 -15.225599820415747 0
      vertex -31.78580646236606 -15.225599820415747 3
    endloop
  endfacet
  facet normal 0.9980267284282716 0.06279051952931276 0
    outer loop
      vertex -31.78580646236606 -15.225599820415747 0
      vertex -31.8 -15 0
      vertex -31.8 -15 3
    endloop
  endfacet
  facet normal 0.9980267284282716 -0.06279051952931276 0
    outer loop
      vertex -31.8 -15 0
      vertex -31.78580646236606 -14.774400179584253 0
      vertex -31.78580646236606 -14.774400179584253 3
    endloop
  endfacet
  facet normal 0.5877852522924749 0.8090169943749461 0
    outer loop
      vertex -30.964488230962193 -16.519790265903627 0
      vertex -31.14736318154764 -16.38692383699642 0
      vertex -30.964488230962193 -16.519790265903627 3
    endloop
  endfacet
  facet normal 0.6845471059286872 0.7289686274214128 0
    outer loop
      vertex -31.14736318154764 -16.38692383699642 0
      vertex -31.31214352935854 -16.23218479067164 0
      vertex -31.14736318154764 -16.38692383699642 3
    endloop
  endfacet
  facet normal 0 1 0
    outer loop
      vertex -29.886977064847237 -16.79644811117089 0
      vertex -30.113022935152763 -16.79644811117089 0
      vertex -29.886977064847237 -16.79644811117089 3
    endloop
  endfacet
  facet normal -0.1253332335642983 0.9921147013144787 0
    outer loop
      vertex -29.662713633745696 -16.76811705131164 0
      vertex -29.886977064847237 -16.79644811117089 0
      vertex -29.662713633745696 -16.76811705131164 3
    endloop
  endfacet
  facet normal -0.2486898871648596 0.9685831611286299 0
    outer loop
      vertex -29.443769410125096 -16.711901729331277 0
      vertex -29.662713633745696 -16.76811705131164 0
      vertex -29.443769410125096 -16.711901729331277 3
    endloop
  endfacet
  facet normal -0.36812455268467775 0.9297764858882515 0
    outer loop
      vertex -29.23359727518287 -16.628688694438836 0
      vertex -29.443769410125096 -16.711901729331277 0
      vertex -29.23359727518287 -16.628688694438836 3
    endloop
  endfacet
  facet normal -0.48175367410171976 0.876306680043861 0
    outer loop
      vertex -29.035511769037807 -16.519790265903627 0
      vertex -29.23359727518287 -16.628688694438836 0
      vertex -29.035511769037807 -16.519790265903627 3
    endloop
  endfacet
  facet normal -0.5877852522924674 0.8090169943749516 0
    outer loop
      vertex -28.852636818452357 -16.38692383699642 0
      vertex -29.035511769037807 -16.519790265903627 0
      vertex -28.852636818452357 -16.38692383699642 3
    endloop
  endfacet
  facet normal -0.684547105928695 0.7289686274214054 0
    outer loop
      vertex -28.68785647064146 -16.23218479067164 0
      vertex -28.852636818452357 -16.38692383699642 0
      vertex -28.68785647064146 -16.23218479067164 3
    endloop
  endfacet
  facet normal -0.7705132427757823 0.637423989748698 0
    outer loop
      vertex -28.68785647064146 -16.23218479067164 0
      vertex -28.68785647064146 -16.23218479067164 3
      vertex -28.543769410125094 -16.058013454126453 0
    endloop
  endfacet
  facet normal -0.8443279255020054 0.5358267949790121 0
    outer loop
      vertex -28.507436921935376 -16.00076261361417 0
      vertex -28.543769410125094 -16.058013454126453 0
      vertex -28.543769410125094 -16.058013454126453 3
    endloop
  endfacet
  facet normal -0.8443279255020202 0.5358267949789884 -6.303522266764029e-16
    outer loop
      vertex -28.507436921935376 -16.00076261361417 0
      vertex -28.543769410125094 -16.058013454126453 3
      vertex -28.422647975921045 -15.867156613383088 0
    endloop
  endfacet
  facet normal -0.9048270524660205 0.4257792915650706 0
    outer loop
      vertex -28.326402325401148 -15.662624194832421 0
      vertex -28.422647975921045 -15.867156613383088 0
      vertex -28.422647975921045 -15.867156613383088 3
    endloop
  endfacet
  facet normal -0.9510565162951542 0.3090169943749455 0
    outer loop
      vertex -28.256550309968464 -15.447641796896738 0
      vertex -28.326402325401148 -15.662624194832421 0
      vertex -28.326402325401148 -15.662624194832421 3
    endloop
  endfacet
  facet normal -0.9822872507286878 0.1873813145857287 0
    outer loop
      vertex -28.21419353763394 -15.225599820415747 0
      vertex -28.256550309968464 -15.447641796896738 0
      vertex -28.256550309968464 -15.447641796896738 3
    endloop
  endfacet
  facet normal -0.9980267284282716 0.06279051952931276 0
    outer loop
      vertex -28.2 -15 0
      vertex -28.21419353763394 -15.225599820415747 0
      vertex -28.21419353763394 -15.225599820415747 3
    endloop
  endfacet
  facet normal -0.9980267284282716 -0.06279051952931228 0
    outer loop
      vertex -28.21419353763394 -14.774400179584251 0
      vertex -28.2 -15 0
      vertex -28.2 -15 3
    endloop
  endfacet
  facet normal 0.9822872507286878 -0.1873813145857287 0
    outer loop
      vertex -31.78580646236606 -14.774400179584253 0
      vertex -31.743449690031536 -14.552358203103262 0
      vertex -31.743449690031536 -14.552358203103262 3
    endloop
  endfacet
  facet normal 0.9510565162951535 -0.30901699437494784 0
    outer loop
      vertex -31.743449690031536 -14.552358203103262 0
      vertex -31.673597674598852 -14.33737580516758 0
      vertex -31.673597674598852 -14.33737580516758 3
    endloop
  endfacet
  facet normal 0.904827052466022 -0.4257792915650676 0
    outer loop
      vertex -31.673597674598852 -14.33737580516758 0
      vertex -31.577352024078955 -14.132843386616912 0
      vertex -31.577352024078955 -14.132843386616912 3
    endloop
  endfacet
  facet normal 0.8443279255020135 -0.5358267949789991 0
    outer loop
      vertex -31.577352024078955 -14.132843386616912 0
      vertex -31.456230589874906 -13.941986545873549 0
      vertex -31.456230589874906 -13.941986545873549 3
    endloop
  endfacet
  facet normal 0.7705132427757855 -0.6374239897486942 0
    outer loop
      vertex -31.456230589874906 -13.941986545873549 0
      vertex -31.31214352935854 -13.767815209328361 0
      vertex -31.31214352935854 -13.767815209328361 3
    endloop
  endfacet
  facet normal 0.6845471059286872 -0.7289686274214128 0
    outer loop
      vertex -31.31214352935854 -13.767815209328361 0
      vertex -31.14736318154764 -13.61307616300358 0
      vertex -31.31214352935854 -13.767815209328361 3
    endloop
  endfacet
  facet normal 0.5877852522924749 -0.8090169943749461 0
    outer loop
      vertex -31.14736318154764 -13.61307616300358 0
      vertex -30.964488230962193 -13.480209734096373 0
      vertex -31.14736318154764 -13.61307616300358 3
    endloop
  endfacet
  facet normal 0.48175367410171976 -0.876306680043861 0
    outer loop
      vertex -30.964488230962193 -13.480209734096373 0
      vertex -30.76640272481713 -13.371311305561164 0
      vertex -30.964488230962193 -13.480209734096373 3
    endloop
  endfacet
  facet normal 0.36812455268467775 -0.9297764858882515 0
    outer loop
      vertex -30.76640272481713 -13.371311305561164 0
      vertex -30.556230589874904 -13.288098270668723 0
      vertex -30.76640272481713 -13.371311305561164 3
    endloop
  endfacet
  facet normal 0.24868988716485224 -0.9685831611286319 0
    outer loop
      vertex -30.556230589874904 -13.288098270668723 0
      vertex -30.337286366254304 -13.23188294868836 0
      vertex -30.556230589874904 -13.288098270668723 3
    endloop
  endfacet
  facet normal 0.12533323356430603 -0.9921147013144777 0
    outer loop
      vertex -30.337286366254304 -13.23188294868836 0
      vertex -30.113022935152763 -13.20355188882911 0
      vertex -30.337286366254304 -13.23188294868836 3
    endloop
  endfacet
  facet normal 0 -1 0
    outer loop
      vertex -30.113022935152763 -13.20355188882911 0
      vertex -29.886977064847237 -13.20355188882911 0
      vertex -30.113022935152763 -13.20355188882911 3
    endloop
  endfacet
  facet normal -0.12533323356430603 -0.9921147013144777 0
    outer loop
      vertex -29.886977064847237 -13.20355188882911 0
      vertex -29.662713633745696 -13.23188294868836 0
      vertex -29.886977064847237 -13.20355188882911 3
    endloop
  endfacet
  facet normal -0.24868988716485224 -0.9685831611286319 0
    outer loop
      vertex -29.662713633745696 -13.23188294868836 0
      vertex -29.443769410125096 -13.288098270668723 0
      vertex -29.662713633745696 -13.23188294868836 3
    endloop
  endfacet
  facet normal -0.48175367410171976 -0.876306680043861 0
    outer loop
      vertex -29.23359727518287 -13.371311305561164 0
      vertex -29.035511769037807 -13.480209734096373 0
      vertex -29.23359727518287 -13.371311305561164 3
    endloop
  endfacet
  facet normal -0.5877852522924674 -0.8090169943749516 0
    outer loop
      vertex -29.035511769037807 -13.480209734096373 0
      vertex -28.852636818452357 -13.61307616300358 0
      vertex -29.035511769037807 -13.480209734096373 3
    endloop
  endfacet
  facet normal -0.36812455268467775 -0.9297764858882515 0
    outer loop
      vertex -29.443769410125096 -13.288098270668723 0
      vertex -29.23359727518287 -13.371311305561164 0
      vertex -29.443769410125096 -13.288098270668723 3
    endloop
  endfacet
  facet normal -0.904827052466022 -0.4257792915650676 0
    outer loop
      vertex -28.422647975921045 -14.132843386616912 0
      vertex -28.326402325401148 -14.33737580516758 0
      vertex -28.326402325401148 -14.33737580516758 3
    endloop
  endfacet
  facet normal -0.8443279255020135 -0.5358267949789991 0
    outer loop
      vertex -28.543769410125094 -13.941986545873549 0
      vertex -28.422647975921045 -14.132843386616912 0
      vertex -28.422647975921045 -14.132843386616912 3
    endloop
  endfacet
  facet normal -0.7705132427757886 -0.6374239897486903 0
    outer loop
      vertex -28.68785647064146 -13.76781520932836 0
      vertex -28.543769410125094 -13.941986545873549 0
      vertex -28.543769410125094 -13.941986545873549 3
    endloop
  endfacet
  facet normal -0.9822872507286876 -0.18738131458573015 0
    outer loop
      vertex -28.256550309968464 -14.552358203103262 0
      vertex -28.21419353763394 -14.774400179584251 0
      vertex -28.21419353763394 -14.774400179584251 3
    endloop
  endfacet
  facet normal -0.9510565162951535 -0.30901699437494784 0
    outer loop
      vertex -28.326402325401148 -14.33737580516758 0
      vertex -28.256550309968464 -14.552358203103262 0
      vertex -28.256550309968464 -14.552358203103262 3
    endloop
  endfacet
  facet normal -0.6845471059286911 -0.7289686274214094 0
    outer loop
      vertex -28.852636818452357 -13.61307616300358 0
      vertex -28.68785647064146 -13.76781520932836 0
      vertex -28.852636818452357 -13.61307616300358 3
    endloop
  endfacet
  facet normal 0.36812455268467775 0.9297764858882515 0
    outer loop
      vertex -30.76640272481713 -16.628688694438836 3
      vertex -30.556230589874904 -16.711901729331277 3
      vertex -30.76640272481713 -16.628688694438836 0
    endloop
  endfacet
  facet normal 0.2486898871648596 0.9685831611286299 0
    outer loop
      vertex -30.556230589874904 -16.711901729331277 3
      vertex -30.337286366254304 -16.76811705131164 3
      vertex -30.556230589874904 -16.711901729331277 0
    endloop
  endfacet
  facet normal 0.1253332335642983 0.9921147013144787 0
    outer loop
      vertex -30.337286366254304 -16.76811705131164 3
      vertex -30.113022935152763 -16.79644811117089 3
      vertex -30.337286366254304 -16.76811705131164 0
    endloop
  endfacet
  facet normal 0.6845471059286872 0.7289686274214128 0
    outer loop
      vertex -31.31214352935854 -16.23218479067164 3
      vertex -31.14736318154764 -16.38692383699642 3
      vertex -31.31214352935854 -16.23218479067164 0
    endloop
  endfacet
  facet normal 0.7705132427757823 0.637423989748698 0
    outer loop
      vertex -31.31214352935854 -16.23218479067164 0
      vertex -31.456230589874906 -16.058013454126453 3
      vertex -31.31214352935854 -16.23218479067164 3
    endloop
  endfacet
  facet normal 0.904827052466022 0.4257792915650676 0
    outer loop
      vertex -31.577352024078955 -15.867156613383088 0
      vertex -31.673597674598852 -15.66262419483242 3
      vertex -31.577352024078955 -15.867156613383088 3
    endloop
  endfacet
  facet normal 0.8443279255020157 0.5358267949789955 0
    outer loop
      vertex -31.456230589874906 -16.058013454126453 0
      vertex -31.577352024078955 -15.867156613383088 3
      vertex -31.456230589874906 -16.058013454126453 3
    endloop
  endfacet
  facet normal 0.9510565162951535 0.30901699437494784 0
    outer loop
      vertex -31.673597674598852 -15.66262419483242 0
      vertex -31.743449690031536 -15.447641796896738 3
      vertex -31.673597674598852 -15.66262419483242 3
    endloop
  endfacet
  facet normal 0.9822872507286878 0.1873813145857287 0
    outer loop
      vertex -31.743449690031536 -15.447641796896738 0
      vertex -31.78580646236606 -15.225599820415747 3
      vertex -31.743449690031536 -15.447641796896738 3
    endloop
  endfacet
  facet normal 0.9980267284282716 0.06279051952931276 0
    outer loop
      vertex -31.78580646236606 -15.225599820415747 0
      vertex -31.8 -15 3
      vertex -31.78580646236606 -15.225599820415747 3
    endloop
  endfacet
  facet normal 0.9980267284282716 -0.06279051952931276 0
    outer loop
      vertex -31.8 -15 0
      vertex -31.78580646236606 -14.774400179584253 3
      vertex -31.8 -15 3
    endloop
  endfacet
  facet normal 0.5877852522924749 0.8090169943749461 0
    outer loop
      vertex -31.14736318154764 -16.38692383699642 3
      vertex -30.964488230962193 -16.519790265903627 3
      vertex -31.14736318154764 -16.38692383699642 0
    endloop
  endfacet
  facet normal 0.48175367410171976 0.876306680043861 0
    outer loop
      vertex -30.964488230962193 -16.519790265903627 3
      vertex -30.76640272481713 -16.628688694438836 3
      vertex -30.964488230962193 -16.519790265903627 0
    endloop
  endfacet
  facet normal 0 1 0
    outer loop
      vertex -30.113022935152763 -16.79644811117089 3
      vertex -29.886977064847237 -16.79644811117089 3
      vertex -30.113022935152763 -16.79644811117089 0
    endloop
  endfacet
  facet normal -0.1253332335642983 0.9921147013144787 0
    outer loop
      vertex -29.886977064847237 -16.79644811117089 3
      vertex -29.662713633745696 -16.76811705131164 3
      vertex -29.886977064847237 -16.79644811117089 0
    endloop
  endfacet
  facet normal -0.2486898871648596 0.9685831611286299 0
    outer loop
      vertex -29.662713633745696 -16.76811705131164 3
      vertex -29.443769410125096 -16.711901729331277 3
      vertex -29.662713633745696 -16.76811705131164 0
    endloop
  endfacet
  facet normal -0.36812455268467775 0.9297764858882515 0
    outer loop
      vertex -29.443769410125096 -16.711901729331277 3
      vertex -29.23359727518287 -16.628688694438836 3
      vertex -29.443769410125096 -16.711901729331277 0
    endloop
  endfacet
  facet normal -0.48175367410171976 0.876306680043861 0
    outer loop
      vertex -29.23359727518287 -16.628688694438836 3
      vertex -29.035511769037807 -16.519790265903627 3
      vertex -29.23359727518287 -16.628688694438836 0
    endloop
  endfacet
  facet normal -0.5877852522924674 0.8090169943749516 0
    outer loop
      vertex -29.035511769037807 -16.519790265903627 3
      vertex -28.852636818452357 -16.38692383699642 3
      vertex -29.035511769037807 -16.519790265903627 0
    endloop
  endfacet
  facet normal -0.684547105928695 0.7289686274214054 0
    outer loop
      vertex -28.852636818452357 -16.38692383699642 3
      vertex -28.68785647064146 -16.23218479067164 3
      vertex -28.852636818452357 -16.38692383699642 0
    endloop
  endfacet
  facet normal -0.7705132427757823 0.637423989748698 0
    outer loop
      vertex -28.543769410125094 -16.058013454126453 0
      vertex -28.68785647064146 -16.23218479067164 3
      vertex -28.543769410125094 -16.058013454126453 3
    endloop
  endfacet
  facet normal -0.8443279255020157 0.5358267949789955 0
    outer loop
      vertex -28.422647975921045 -15.867156613383088 0
      vertex -28.543769410125094 -16.058013454126453 3
      vertex -28.422647975921045 -15.867156613383088 3
    endloop
  endfacet
  facet normal -0.9048270524660205 0.4257792915650706 0
    outer loop
      vertex -28.326402325401148 -15.662624194832421 0
      vertex -28.422647975921045 -15.867156613383088 3
      vertex -28.326402325401148 -15.662624194832421 3
    endloop
  endfacet
  facet normal -0.9510565162951542 0.3090169943749455 0
    outer loop
      vertex -28.256550309968464 -15.447641796896738 0
      vertex -28.326402325401148 -15.662624194832421 3
      vertex -28.256550309968464 -15.447641796896738 3
    endloop
  endfacet
  facet normal -0.9822872507286878 0.1873813145857287 0
    outer loop
      vertex -28.21419353763394 -15.225599820415747 0
      vertex -28.256550309968464 -15.447641796896738 3
      vertex -28.21419353763394 -15.225599820415747 3
    endloop
  endfacet
  facet normal -0.9980267284282716 0.06279051952931276 0
    outer loop
      vertex -28.2 -15 0
      vertex -28.21419353763394 -15.225599820415747 3
      vertex -28.2 -15 3
    endloop
  endfacet
  facet normal -0.9980267284282716 -0.06279051952931228 0
    outer loop
      vertex -28.21419353763394 -14.774400179584251 0
      vertex -28.2 -15 3
      vertex -28.21419353763394 -14.774400179584251 3
    endloop
  endfacet
  facet normal 0.9822872507286878 -0.1873813145857287 0
    outer loop
      vertex -31.78580646236606 -14.774400179584253 0
      vertex -31.743449690031536 -14.552358203103262 3
      vertex -31.78580646236606 -14.774400179584253 3
    endloop
  endfacet
  facet normal 0.9510565162951535 -0.30901699437494784 0
    outer loop
      vertex -31.743449690031536 -14.552358203103262 0
      vertex -31.673597674598852 -14.33737580516758 3
      vertex -31.743449690031536 -14.552358203103262 3
    endloop
  endfacet
  facet normal 0.904827052466022 -0.4257792915650676 0
    outer loop
      vertex -31.673597674598852 -14.33737580516758 0
      vertex -31.577352024078955 -14.132843386616912 3
      vertex -31.673597674598852 -14.33737580516758 3
    endloop
  endfacet
  facet normal 0.8443279255020135 -0.5358267949789991 0
    outer loop
      vertex -31.577352024078955 -14.132843386616912 0
      vertex -31.456230589874906 -13.941986545873549 3
      vertex -31.577352024078955 -14.132843386616912 3
    endloop
  endfacet
  facet normal 0.7705132427757855 -0.6374239897486942 0
    outer loop
      vertex -31.456230589874906 -13.941986545873549 0
      vertex -31.31214352935854 -13.767815209328361 3
      vertex -31.456230589874906 -13.941986545873549 3
    endloop
  endfacet
  facet normal 0.6845471059286872 -0.7289686274214128 0
    outer loop
      vertex -31.14736318154764 -13.61307616300358 3
      vertex -31.31214352935854 -13.767815209328361 3
      vertex -31.14736318154764 -13.61307616300358 0
    endloop
  endfacet
  facet normal 0.5877852522924749 -0.8090169943749461 0
    outer loop
      vertex -30.964488230962193 -13.480209734096373 3
      vertex -31.14736318154764 -13.61307616300358 3
      vertex -30.964488230962193 -13.480209734096373 0
    endloop
  endfacet
  facet normal 0.48175367410171976 -0.876306680043861 0
    outer loop
      vertex -30.76640272481713 -13.371311305561164 3
      vertex -30.964488230962193 -13.480209734096373 3
      vertex -30.76640272481713 -13.371311305561164 0
    endloop
  endfacet
  facet normal 0.36812455268467775 -0.9297764858882515 0
    outer loop
      vertex -30.556230589874904 -13.288098270668723 3
      vertex -30.76640272481713 -13.371311305561164 3
      vertex -30.556230589874904 -13.288098270668723 0
    endloop
  endfacet
  facet normal 0.24868988716485224 -0.9685831611286319 0
    outer loop
      vertex -30.337286366254304 -13.23188294868836 3
      vertex -30.556230589874904 -13.288098270668723 3
      vertex -30.337286366254304 -13.23188294868836 0
    endloop
  endfacet
  facet normal 0.12533323356430603 -0.9921147013144777 0
    outer loop
      vertex -30.113022935152763 -13.20355188882911 3
      vertex -30.337286366254304 -13.23188294868836 3
      vertex -30.113022935152763 -13.20355188882911 0
    endloop
  endfacet
  facet normal 0 -1 0
    outer loop
      vertex -29.886977064847237 -13.20355188882911 3
      vertex -30.113022935152763 -13.20355188882911 3
      vertex -29.886977064847237 -13.20355188882911 0
    endloop
  endfacet
  facet normal -0.12533323356430603 -0.9921147013144777 0
    outer loop
      vertex -29.662713633745696 -13.23188294868836 3
      vertex -29.886977064847237 -13.20355188882911 3
      vertex -29.662713633745696 -13.23188294868836 0
    endloop
  endfacet
  facet normal -0.24868988716485224 -0.9685831611286319 0
    outer loop
      vertex -29.443769410125096 -13.288098270668723 3
      vertex -29.662713633745696 -13.23188294868836 3
      vertex -29.443769410125096 -13.288098270668723 0
    endloop
  endfacet
  facet normal -0.48175367410171976 -0.876306680043861 0
    outer loop
      vertex -29.035511769037807 -13.480209734096373 3
      vertex -29.23359727518287 -13.371311305561164 3
      vertex -29.035511769037807 -13.480209734096373 0
    endloop
  endfacet
  facet normal -0.5877852522924674 -0.8090169943749516 0
    outer loop
      vertex -28.852636818452357 -13.61307616300358 3
      vertex -29.035511769037807 -13.480209734096373 3
      vertex -28.852636818452357 -13.61307616300358 0
    endloop
  endfacet
  facet normal -0.36812455268467775 -0.9297764858882515 0
    outer loop
      vertex -29.23359727518287 -13.371311305561164 3
      vertex -29.443769410125096 -13.288098270668723 3
      vertex -29.23359727518287 -13.371311305561164 0
    endloop
  endfacet
  facet normal -0.7705132427757886 -0.6374239897486903 0
    outer loop
      vertex -28.68785647064146 -13.76781520932836 0
      vertex -28.543769410125094 -13.941986545873549 3
      vertex -28.68785647064146 -13.76781520932836 3
    endloop
  endfacet
  facet normal -0.904827052466022 -0.4257792915650676 0
    outer loop
      vertex -28.422647975921045 -14.132843386616912 0
      vertex -28.326402325401148 -14.33737580516758 3
      vertex -28.422647975921045 -14.132843386616912 3
    endloop
  endfacet
  facet normal -0.8443279255020135 -0.5358267949789991 0
    outer loop
      vertex -28.543769410125094 -13.941986545873549 0
      vertex -28.422647975921045 -14.132843386616912 3
      vertex -28.543769410125094 -13.941986545873549 3
    endloop
  endfacet
  facet normal -0.9822872507286876 -0.18738131458573015 0
    outer loop
      vertex -28.256550309968464 -14.552358203103262 0
      vertex -28.21419353763394 -14.774400179584251 3
      vertex -28.256550309968464 -14.552358203103262 3
    endloop
  endfacet
  facet normal -0.9510565162951535 -0.30901699437494784 0
    outer loop
      vertex -28.326402325401148 -14.33737580516758 0
      vertex -28.256550309968464 -14.552358203103262 3
      vertex -28.326402325401148 -14.33737580516758 3
    endloop
  endfacet
  facet normal -0.6845471059286911 -0.7289686274214094 0
    outer loop
      vertex -28.68785647064146 -13.76781520932836 0
      vertex -28.68785647064146 -13.76781520932836 3
      vertex -28.852636818452357 -13.61307616300358 3
    endloop
  endfacet
  facet normal 0.8443279255020147 0.5358267949789973 0
    outer loop
      vertex -31.456230589874906 -1.0580134541264516 0
      vertex -31.577352024078955 -0.8671566133830877 0
      vertex -31.577352024078955 -0.8671566133830877 3
    endloop
  endfacet
  facet normal 0.7705132427757859 0.6374239897486937 0
    outer loop
      vertex -31.31214352935854 -1.2321847906716394 0
      vertex -31.456230589874906 -1.0580134541264516 0
      vertex -31.456230589874906 -1.0580134541264516 3
    endloop
  endfacet
  facet normal 0.9048270524660214 0.42577929156506894 0
    outer loop
      vertex -31.577352024078955 -0.8671566133830877 0
      vertex -31.673597674598852 -0.6626241948324202 0
      vertex -31.673597674598852 -0.6626241948324202 3
    endloop
  endfacet
  facet normal 0.9510565162951534 0.30901699437494823 0
    outer loop
      vertex -31.673597674598852 -0.6626241948324202 0
      vertex -31.743449690031536 -0.4476417968967387 0
      vertex -31.743449690031536 -0.4476417968967387 3
    endloop
  endfacet
  facet normal 0.9822872507286879 0.18738131458572846 0
    outer loop
      vertex -31.743449690031536 -0.4476417968967387 0
      vertex -31.78580646236606 -0.22559982041574733 0
      vertex -31.78580646236606 -0.22559982041574733 3
    endloop
  endfacet
  facet normal 0.9980267284282716 0.06279051952931261 0
    outer loop
      vertex -31.78580646236606 -0.22559982041574733 0
      vertex -31.8 0 0
      vertex -31.8 0 3
    endloop
  endfacet
  facet normal 0.587785252292473 0.8090169943749476 0
    outer loop
      vertex -30.964488230962193 -1.5197902659036269 0
      vertex -31.14736318154764 -1.386923836996421 0
      vertex -30.964488230962193 -1.5197902659036269 3
    endloop
  endfacet
  facet normal 0.48175367410171754 0.8763066800438624 0
    outer loop
      vertex -30.76640272481713 -1.6286886944388352 0
      vertex -30.964488230962193 -1.5197902659036269 0
      vertex -30.76640272481713 -1.6286886944388352 3
    endloop
  endfacet
  facet normal 0.6845471059286872 0.7289686274214128 0
    outer loop
      vertex -31.14736318154764 -1.386923836996421 0
      vertex -31.31214352935854 -1.2321847906716394 0
      vertex -31.14736318154764 -1.386923836996421 3
    endloop
  endfacet
  facet normal 0.36812455268467603 0.9297764858882521 0
    outer loop
      vertex -30.556230589874904 -1.7119017293312764 0
      vertex -30.76640272481713 -1.6286886944388352 0
      vertex -30.556230589874904 -1.7119017293312764 3
    endloop
  endfacet
  facet normal 0.24868988716485593 0.9685831611286309 0
    outer loop
      vertex -30.337286366254304 -1.7681170513116395 0
      vertex -30.556230589874904 -1.7119017293312764 0
      vertex -30.337286366254304 -1.7681170513116395 3
    endloop
  endfacet
  facet normal 0.12533323356430412 0.992114701314478 0
    outer loop
      vertex -30.113022935152763 -1.7964481111708888 0
      vertex -30.337286366254304 -1.7681170513116395 0
      vertex -30.113022935152763 -1.7964481111708888 3
    endloop
  endfacet
  facet normal 0 1 0
    outer loop
      vertex -29.886977064847237 -1.7964481111708888 0
      vertex -30.113022935152763 -1.7964481111708888 0
      vertex -29.886977064847237 -1.7964481111708888 3
    endloop
  endfacet
  facet normal -0.12533323356430412 0.992114701314478 0
    outer loop
      vertex -29.662713633745696 -1.7681170513116395 0
      vertex -29.886977064847237 -1.7964481111708888 0
      vertex -29.662713633745696 -1.7681170513116395 3
    endloop
  endfacet
  facet normal -0.24868988716485593 0.9685831611286309 0
    outer loop
      vertex -29.443769410125096 -1.7119017293312764 0
      vertex -29.662713633745696 -1.7681170513116395 0
      vertex -29.443769410125096 -1.7119017293312764 3
    endloop
  endfacet
  facet normal -0.36812455268467603 0.9297764858882521 0
    outer loop
      vertex -29.23359727518287 -1.6286886944388352 0
      vertex -29.443769410125096 -1.7119017293312764 0
      vertex -29.23359727518287 -1.6286886944388352 3
    endloop
  endfacet
  facet normal -0.48175367410171527 0.8763066800438637 0
    outer loop
      vertex -29.035511769037807 -1.5197902659036275 0
      vertex -29.23359727518287 -1.6286886944388352 0
      vertex -29.035511769037807 -1.5197902659036275 3
    endloop
  endfacet
  facet normal -0.5877852522924694 0.8090169943749502 0
    outer loop
      vertex -28.852636818452357 -1.3869238369964203 0
      vertex -29.035511769037807 -1.5197902659036275 0
      vertex -28.852636818452357 -1.3869238369964203 3
    endloop
  endfacet
  facet normal -0.6845471059286936 0.728968627421407 0
    outer loop
      vertex -28.68785647064146 -1.2321847906716394 0
      vertex -28.852636818452357 -1.3869238369964203 0
      vertex -28.68785647064146 -1.2321847906716394 3
    endloop
  endfacet
  facet normal -0.7705132427757859 0.6374239897486937 0
    outer loop
      vertex -28.68785647064146 -1.2321847906716394 0
      vertex -28.68785647064146 -1.2321847906716394 3
      vertex -28.543769410125094 -1.0580134541264516 0
    endloop
  endfacet
  facet normal -0.8443279255020147 0.5358267949789973 0
    outer loop
      vertex -28.422647975921045 -0.8671566133830877 0
      vertex -28.543769410125094 -1.0580134541264516 0
      vertex -28.543769410125094 -1.0580134541264516 3
    endloop
  endfacet
  facet normal -0.9048270524660206 0.42577929156507044 0
    outer loop
      vertex -28.326402325401148 -0.6626241948324211 0
      vertex -28.422647975921045 -0.8671566133830877 0
      vertex -28.422647975921045 -0.8671566133830877 3
    endloop
  endfacet
  facet normal -0.951056516295154 0.30901699437494606 0
    outer loop
      vertex -28.256550309968464 -0.447641796896738 0
      vertex -28.326402325401148 -0.6626241948324211 0
      vertex -28.326402325401148 -0.6626241948324211 3
    endloop
  endfacet
  facet normal -0.9822872507286878 0.18738131458572907 0
    outer loop
      vertex -28.21419353763394 -0.22559982041574733 0
      vertex -28.256550309968464 -0.447641796896738 0
      vertex -28.256550309968464 -0.447641796896738 3
    endloop
  endfacet
  facet normal -0.9980267284282716 0.06279051952931261 0
    outer loop
      vertex -28.21419353763394 -0.22559982041574733 0
      vertex -28.21419353763394 -0.22559982041574733 3
      vertex -28.2 0 0
    endloop
  endfacet
  facet normal 0.6845471059286872 0.7289686274214128 0
    outer loop
      vertex -31.31214352935854 -1.2321847906716394 0
      vertex -31.31214352935854 -1.2321847906716394 3
      vertex -31.14736318154764 -1.386923836996421 3
    endloop
  endfacet
  facet normal 0.7705132427757859 0.6374239897486937 0
    outer loop
      vertex -31.31214352935854 -1.2321847906716394 0
      vertex -31.456230589874906 -1.0580134541264516 3
      vertex -31.31214352935854 -1.2321847906716394 3
    endloop
  endfacet
  facet normal 0.8443279255020147 0.5358267949789973 0
    outer loop
      vertex -31.456230589874906 -1.0580134541264516 0
      vertex -31.577352024078955 -0.8671566133830877 3
      vertex -31.456230589874906 -1.0580134541264516 3
    endloop
  endfacet
  facet normal 0.9048270524660214 0.42577929156506894 0
    outer loop
      vertex -31.577352024078955 -0.8671566133830877 0
      vertex -31.673597674598852 -0.6626241948324202 3
      vertex -31.577352024078955 -0.8671566133830877 3
    endloop
  endfacet
  facet normal 0.9510565162951534 0.30901699437494823 0
    outer loop
      vertex -31.673597674598852 -0.6626241948324202 0
      vertex -31.743449690031536 -0.4476417968967387 3
      vertex -31.673597674598852 -0.6626241948324202 3
    endloop
  endfacet
  facet normal 0.9822872507286879 0.18738131458572846 0
    outer loop
      vertex -31.743449690031536 -0.4476417968967387 0
      vertex -31.78580646236606 -0.22559982041574733 3
      vertex -31.743449690031536 -0.4476417968967387 3
    endloop
  endfacet
  facet normal 0.9980267284282716 0.06279051952931261 0
    outer loop
      vertex -31.78580646236606 -0.22559982041574733 0
      vertex -31.8 0 3
      vertex -31.78580646236606 -0.22559982041574733 3
    endloop
  endfacet
  facet normal 0.587785252292473 0.8090169943749476 0
    outer loop
      vertex -31.14736318154764 -1.386923836996421 3
      vertex -30.964488230962193 -1.5197902659036269 3
      vertex -31.14736318154764 -1.386923836996421 0
    endloop
  endfacet
  facet normal 0.36812455268467603 0.9297764858882521 0
    outer loop
      vertex -30.76640272481713 -1.6286886944388352 3
      vertex -30.556230589874904 -1.7119017293312764 3
      vertex -30.76640272481713 -1.6286886944388352 0
    endloop
  endfacet
  facet normal 0.48175367410171754 0.8763066800438624 0
    outer loop
      vertex -30.964488230962193 -1.5197902659036269 3
      vertex -30.76640272481713 -1.6286886944388352 3
      vertex -30.964488230962193 -1.5197902659036269 0
    endloop
  endfacet
  facet normal 0.24868988716485593 0.9685831611286309 0
    outer loop
      vertex -30.556230589874904 -1.7119017293312764 3
      vertex -30.337286366254304 -1.7681170513116395 3
      vertex -30.556230589874904 -1.7119017293312764 0
    endloop
  endfacet
  facet normal 0.12533323356430412 0.992114701314478 0
    outer loop
      vertex -30.337286366254304 -1.7681170513116395 3
      vertex -30.113022935152763 -1.7964481111708888 3
      vertex -30.337286366254304 -1.7681170513116395 0
    endloop
  endfacet
  facet normal 0 1 0
    outer loop
      vertex -30.113022935152763 -1.7964481111708888 3
      vertex -29.886977064847237 -1.7964481111708888 3
      vertex -30.113022935152763 -1.7964481111708888 0
    endloop
  endfacet
  facet normal -0.12533323356430412 0.992114701314478 0
    outer loop
      vertex -29.886977064847237 -1.7964481111708888 3
      vertex -29.662713633745696 -1.7681170513116395 3
      vertex -29.886977064847237 -1.7964481111708888 0
    endloop
  endfacet
  facet normal -0.24868988716485593 0.9685831611286309 0
    outer loop
      vertex -29.662713633745696 -1.7681170513116395 3
      vertex -29.443769410125096 -1.7119017293312764 3
      vertex -29.662713633745696 -1.7681170513116395 0
    endloop
  endfacet
  facet normal -0.36812455268467603 0.9297764858882521 0
    outer loop
      vertex -29.443769410125096 -1.7119017293312764 3
      vertex -29.23359727518287 -1.6286886944388352 3
      vertex -29.443769410125096 -1.7119017293312764 0
    endloop
  endfacet
  facet normal -0.48175367410171527 0.8763066800438637 0
    outer loop
      vertex -29.23359727518287 -1.6286886944388352 3
      vertex -29.035511769037807 -1.5197902659036275 3
      vertex -29.23359727518287 -1.6286886944388352 0
    endloop
  endfacet
  facet normal -0.5877852522924694 0.8090169943749502 0
    outer loop
      vertex -29.035511769037807 -1.5197902659036275 3
      vertex -28.852636818452357 -1.3869238369964203 3
      vertex -29.035511769037807 -1.5197902659036275 0
    endloop
  endfacet
  facet normal -0.6845471059286936 0.728968627421407 0
    outer loop
      vertex -28.852636818452357 -1.3869238369964203 3
      vertex -28.68785647064146 -1.2321847906716394 3
      vertex -28.852636818452357 -1.3869238369964203 0
    endloop
  endfacet
  facet normal -0.7705132427757859 0.6374239897486937 0
    outer loop
      vertex -28.543769410125094 -1.0580134541264516 0
      vertex -28.68785647064146 -1.2321847906716394 3
      vertex -28.543769410125094 -1.0580134541264516 3
    endloop
  endfacet
  facet normal -0.8443279255020147 0.5358267949789973 0
    outer loop
      vertex -28.422647975921045 -0.8671566133830877 0
      vertex -28.543769410125094 -1.0580134541264516 3
      vertex -28.422647975921045 -0.8671566133830877 3
    endloop
  endfacet
  facet normal -0.9048270524660206 0.42577929156507044 0
    outer loop
      vertex -28.326402325401148 -0.6626241948324211 0
      vertex -28.422647975921045 -0.8671566133830877 3
      vertex -28.326402325401148 -0.6626241948324211 3
    endloop
  endfacet
  facet normal -0.951056516295154 0.30901699437494606 0
    outer loop
      vertex -28.256550309968464 -0.447641796896738 0
      vertex -28.326402325401148 -0.6626241948324211 3
      vertex -28.256550309968464 -0.447641796896738 3
    endloop
  endfacet
  facet normal -0.9822872507286878 0.18738131458572907 0
    outer loop
      vertex -28.21419353763394 -0.22559982041574733 0
      vertex -28.256550309968464 -0.447641796896738 3
      vertex -28.21419353763394 -0.22559982041574733 3
    endloop
  endfacet
  facet normal -0.9980267284282716 0.06279051952931261 0
    outer loop
      vertex -28.2 0 0
      vertex -28.21419353763394 -0.22559982041574733 3
      vertex -28.2 0 3
    endloop
  endfacet
  facet normal 0.9980267284282716 -0.06279051952931261 0
    outer loop
      vertex -31.8 0 0
      vertex -31.78580646236606 0.22559982041574733 0
      vertex -31.78580646236606 0.22559982041574733 3
    endloop
  endfacet
  facet normal 0.9822872507286879 -0.18738131458572846 0
    outer loop
      vertex -31.78580646236606 0.22559982041574733 0
      vertex -31.743449690031536 0.4476417968967387 0
      vertex -31.743449690031536 0.4476417968967387 3
    endloop
  endfacet
  facet normal 0.9510565162951534 -0.30901699437494823 0
    outer loop
      vertex -31.743449690031536 0.4476417968967387 0
      vertex -31.673597674598852 0.6626241948324202 0
      vertex -31.673597674598852 0.6626241948324202 3
    endloop
  endfacet
  facet normal 0.9048270524660214 -0.42577929156506894 0
    outer loop
      vertex -31.673597674598852 0.6626241948324202 0
      vertex -31.577352024078955 0.8671566133830877 0
      vertex -31.577352024078955 0.8671566133830877 3
    endloop
  endfacet
  facet normal 0.8443279255020147 -0.5358267949789973 0
    outer loop
      vertex -31.577352024078955 0.8671566133830877 0
      vertex -31.456230589874906 1.0580134541264516 0
      vertex -31.456230589874906 1.0580134541264516 3
    endloop
  endfacet
  facet normal 0.7705132427757859 -0.6374239897486937 0
    outer loop
      vertex -31.456230589874906 1.0580134541264516 0
      vertex -31.31214352935854 1.2321847906716394 0
      vertex -31.31214352935854 1.2321847906716394 3
    endloop
  endfacet
  facet normal 0.6845471059286872 -0.7289686274214128 0
    outer loop
      vertex -31.31214352935854 1.2321847906716394 0
      vertex -31.14736318154764 1.386923836996421 0
      vertex -31.31214352935854 1.2321847906716394 3
    endloop
  endfacet
  facet normal 0.587785252292473 -0.8090169943749476 0
    outer loop
      vertex -31.14736318154764 1.386923836996421 0
      vertex -30.964488230962193 1.5197902659036269 0
      vertex -31.14736318154764 1.386923836996421 3
    endloop
  endfacet
  facet normal 0.48175367410171677 -0.8763066800438628 0
    outer loop
      vertex -30.964488230962193 1.5197902659036269 0
      vertex -30.76640272481713 1.628688694438835 0
      vertex -30.964488230962193 1.5197902659036269 3
    endloop
  endfacet
  facet normal 0.3681245526846769 -0.9297764858882518 0
    outer loop
      vertex -30.76640272481713 1.628688694438835 0
      vertex -30.556230589874904 1.7119017293312764 0
      vertex -30.76640272481713 1.628688694438835 3
    endloop
  endfacet
  facet normal 0.24868988716485682 -0.9685831611286305 0
    outer loop
      vertex -30.556230589874904 1.7119017293312764 0
      vertex -30.337286366254304 1.7681170513116398 0
      vertex -30.556230589874904 1.7119017293312764 3
    endloop
  endfacet
  facet normal 0.12533323356430312 -0.992114701314478 0
    outer loop
      vertex -30.337286366254304 1.7681170513116398 0
      vertex -30.113022935152763 1.7964481111708888 0
      vertex -30.337286366254304 1.7681170513116398 3
    endloop
  endfacet
  facet normal 0 -1 0
    outer loop
      vertex -30.113022935152763 1.7964481111708888 0
      vertex -29.886977064847237 1.7964481111708888 0
      vertex -30.113022935152763 1.7964481111708888 3
    endloop
  endfacet
  facet normal -0.12533323356430312 -0.992114701314478 0
    outer loop
      vertex -29.886977064847237 1.7964481111708888 0
      vertex -29.662713633745696 1.7681170513116398 0
      vertex -29.886977064847237 1.7964481111708888 3
    endloop
  endfacet
  facet normal -0.24868988716485682 -0.9685831611286305 0
    outer loop
      vertex -29.662713633745696 1.7681170513116398 0
      vertex -29.443769410125096 1.7119017293312764 0
      vertex -29.662713633745696 1.7681170513116398 3
    endloop
  endfacet
  facet normal -0.3681245526846769 -0.9297764858882518 0
    outer loop
      vertex -29.443769410125096 1.7119017293312764 0
      vertex -29.23359727518287 1.628688694438835 0
      vertex -29.443769410125096 1.7119017293312764 3
    endloop
  endfacet
  facet normal -0.48175367410171605 -0.8763066800438633 0
    outer loop
      vertex -29.23359727518287 1.628688694438835 0
      vertex -29.035511769037807 1.519790265903627 0
      vertex -29.23359727518287 1.628688694438835 3
    endloop
  endfacet
  facet normal -0.5877852522924674 -0.8090169943749516 0
    outer loop
      vertex -29.035511769037807 1.519790265903627 0
      vertex -28.852636818452357 1.3869238369964205 0
      vertex -29.035511769037807 1.519790265903627 3
    endloop
  endfacet
  facet normal -0.9048270524660211 -0.4257792915650695 0
    outer loop
      vertex -28.422647975921045 0.8671566133830876 0
      vertex -28.326402325401148 0.6626241948324204 0
      vertex -28.326402325401148 0.6626241948324204 3
    endloop
  endfacet
  facet normal -0.9980267284282716 -0.06279051952931253 0
    outer loop
      vertex -28.2 0 0
      vertex -28.2 0 3
      vertex -28.21419353763394 0.22559982041574766 0
    endloop
  endfacet
  facet normal -0.9822872507286878 -0.1873813145857288 0
    outer loop
      vertex -28.256550309968464 0.44764179689673866 0
      vertex -28.21419353763394 0.22559982041574766 0
      vertex -28.21419353763394 0.22559982041574766 3
    endloop
  endfacet
  facet normal -0.9510565162951535 -0.30901699437494784 0
    outer loop
      vertex -28.326402325401148 0.6626241948324204 0
      vertex -28.256550309968464 0.44764179689673866 0
      vertex -28.256550309968464 0.44764179689673866 3
    endloop
  endfacet
  facet normal -0.6845471059286936 -0.728968627421407 0
    outer loop
      vertex -28.852636818452357 1.3869238369964205 0
      vertex -28.68785647064146 1.2321847906716397 0
      vertex -28.852636818452357 1.3869238369964205 3
    endloop
  endfacet
  facet normal -0.7705132427757863 -0.6374239897486932 0
    outer loop
      vertex -28.68785647064146 1.2321847906716397 0
      vertex -28.543769410125094 1.0580134541264516 0
      vertex -28.543769410125094 1.0580134541264516 3
    endloop
  endfacet
  facet normal -0.8443279255020149 -0.5358267949789971 0
    outer loop
      vertex -28.543769410125094 1.0580134541264516 0
      vertex -28.422647975921045 0.8671566133830876 0
      vertex -28.422647975921045 0.8671566133830876 3
    endloop
  endfacet
  facet normal 0.9980267284282716 -0.06279051952931261 0
    outer loop
      vertex -31.8 0 0
      vertex -31.78580646236606 0.22559982041574733 3
      vertex -31.8 0 3
    endloop
  endfacet
  facet normal 0.9822872507286879 -0.18738131458572846 0
    outer loop
      vertex -31.78580646236606 0.22559982041574733 0
      vertex -31.743449690031536 0.4476417968967387 3
      vertex -31.78580646236606 0.22559982041574733 3
    endloop
  endfacet
  facet normal 0.9510565162951534 -0.30901699437494823 0
    outer loop
      vertex -31.743449690031536 0.4476417968967387 0
      vertex -31.673597674598852 0.6626241948324202 3
      vertex -31.743449690031536 0.4476417968967387 3
    endloop
  endfacet
  facet normal 0.9048270524660214 -0.42577929156506894 0
    outer loop
      vertex -31.673597674598852 0.6626241948324202 0
      vertex -31.577352024078955 0.8671566133830877 3
      vertex -31.673597674598852 0.6626241948324202 3
    endloop
  endfacet
  facet normal 0.8443279255020147 -0.5358267949789973 0
    outer loop
      vertex -31.577352024078955 0.8671566133830877 0
      vertex -31.456230589874906 1.0580134541264516 3
      vertex -31.577352024078955 0.8671566133830877 3
    endloop
  endfacet
  facet normal 0.7705132427757859 -0.6374239897486937 0
    outer loop
      vertex -31.456230589874906 1.0580134541264516 0
      vertex -31.31214352935854 1.2321847906716394 3
      vertex -31.456230589874906 1.0580134541264516 3
    endloop
  endfacet
  facet normal 0.6845471059286872 -0.7289686274214128 0
    outer loop
      vertex -31.14736318154764 1.386923836996421 3
      vertex -31.31214352935854 1.2321847906716394 3
      vertex -31.14736318154764 1.386923836996421 0
    endloop
  endfacet
  facet normal 0.587785252292473 -0.8090169943749476 0
    outer loop
      vertex -30.964488230962193 1.5197902659036269 3
      vertex -31.14736318154764 1.386923836996421 3
      vertex -30.964488230962193 1.5197902659036269 0
    endloop
  endfacet
  facet normal 0.48175367410171677 -0.8763066800438628 0
    outer loop
      vertex -30.76640272481713 1.628688694438835 3
      vertex -30.964488230962193 1.5197902659036269 3
      vertex -30.76640272481713 1.628688694438835 0
    endloop
  endfacet
  facet normal 0.3681245526846769 -0.9297764858882518 0
    outer loop
      vertex -30.556230589874904 1.7119017293312764 3
      vertex -30.76640272481713 1.628688694438835 3
      vertex -30.556230589874904 1.7119017293312764 0
    endloop
  endfacet
  facet normal 0.24868988716485682 -0.9685831611286305 0
    outer loop
      vertex -30.337286366254304 1.7681170513116398 3
      vertex -30.556230589874904 1.7119017293312764 3
      vertex -30.337286366254304 1.7681170513116398 0
    endloop
  endfacet
  facet normal 0.12533323356430312 -0.992114701314478 0
    outer loop
      vertex -30.113022935152763 1.7964481111708888 3
      vertex -30.337286366254304 1.7681170513116398 3
      vertex -30.113022935152763 1.7964481111708888 0
    endloop
  endfacet
  facet normal 0 -1 0
    outer loop
      vertex -29.886977064847237 1.7964481111708888 3
      vertex -30.113022935152763 1.7964481111708888 3
      vertex -29.886977064847237 1.7964481111708888 0
    endloop
  endfacet
  facet normal -0.12533323356430312 -0.992114701314478 0
    outer loop
      vertex -29.662713633745696 1.7681170513116398 3
      vertex -29.886977064847237 1.7964481111708888 3
      vertex -29.662713633745696 1.7681170513116398 0
    endloop
  endfacet
  facet normal -0.24868988716485682 -0.9685831611286305 0
    outer loop
      vertex -29.443769410125096 1.7119017293312764 3
      vertex -29.662713633745696 1.7681170513116398 3
      vertex -29.443769410125096 1.7119017293312764 0
    endloop
  endfacet
  facet normal -0.3681245526846769 -0.9297764858882518 0
    outer loop
      vertex -29.23359727518287 1.628688694438835 3
      vertex -29.443769410125096 1.7119017293312764 3
      vertex -29.23359727518287 1.628688694438835 0
    endloop
  endfacet
  facet normal -0.48175367410171605 -0.8763066800438633 0
    outer loop
      vertex -29.035511769037807 1.519790265903627 3
      vertex -29.23359727518287 1.628688694438835 3
      vertex -29.035511769037807 1.519790265903627 0
    endloop
  endfacet
  facet normal -0.5877852522924674 -0.8090169943749516 0
    outer loop
      vertex -28.852636818452357 1.3869238369964205 3
      vertex -29.035511769037807 1.519790265903627 3
      vertex -28.852636818452357 1.3869238369964205 0
    endloop
  endfacet
  facet normal -0.9048270524660211 -0.4257792915650695 0
    outer loop
      vertex -28.422647975921045 0.8671566133830876 0
      vertex -28.326402325401148 0.6626241948324204 3
      vertex -28.422647975921045 0.8671566133830876 3
    endloop
  endfacet
  facet normal -0.9980267284282716 -0.06279051952931253 0
    outer loop
      vertex -28.21419353763394 0.22559982041574766 0
      vertex -28.2 0 3
      vertex -28.21419353763394 0.22559982041574766 3
    endloop
  endfacet
  facet normal -0.9822872507286878 -0.1873813145857288 0
    outer loop
      vertex -28.256550309968464 0.44764179689673866 0
      vertex -28.21419353763394 0.22559982041574766 3
      vertex -28.256550309968464 0.44764179689673866 3
    endloop
  endfacet
  facet normal -0.9510565162951535 -0.30901699437494784 0
    outer loop
      vertex -28.326402325401148 0.6626241948324204 0
      vertex -28.256550309968464 0.44764179689673866 3
      vertex -28.326402325401148 0.6626241948324204 3
    endloop
  endfacet
  facet normal -0.7705132427757863 -0.6374239897486932 0
    outer loop
      vertex -28.68785647064146 1.2321847906716397 0
      vertex -28.543769410125094 1.0580134541264516 3
      vertex -28.68785647064146 1.2321847906716397 3
    endloop
  endfacet
  facet normal -0.6845471059286936 -0.728968627421407 0
    outer loop
      vertex -28.68785647064146 1.2321847906716397 3
      vertex -28.852636818452357 1.3869238369964205 3
      vertex -28.68785647064146 1.2321847906716397 0
    endloop
  endfacet
  facet normal -0.8443279255020149 -0.5358267949789971 0
    outer loop
      vertex -28.543769410125094 1.0580134541264516 0
      vertex -28.422647975921045 0.8671566133830876 3
      vertex -28.543769410125094 1.0580134541264516 3
    endloop
  endfacet
  facet normal 0.8443279255020135 0.5358267949789991 0
    outer loop
      vertex -31.456230589874906 13.941986545873549 0
      vertex -31.577352024078955 14.132843386616912 0
      vertex -31.577352024078955 14.132843386616912 3
    endloop
  endfacet
  facet normal 0.904827052466022 0.4257792915650676 0
    outer loop
      vertex -31.577352024078955 14.132843386616912 0
      vertex -31.673597674598852 14.33737580516758 0
      vertex -31.673597674598852 14.33737580516758 3
    endloop
  endfacet
  facet normal 0.7705132427757855 0.6374239897486942 0
    outer loop
      vertex -31.31214352935854 13.767815209328361 0
      vertex -31.456230589874906 13.941986545873549 0
      vertex -31.456230589874906 13.941986545873549 3
    endloop
  endfacet
  facet normal 0.9510565162951535 0.30901699437494784 0
    outer loop
      vertex -31.673597674598852 14.33737580516758 0
      vertex -31.743449690031536 14.552358203103262 0
      vertex -31.743449690031536 14.552358203103262 3
    endloop
  endfacet
  facet normal 0.9822872507286878 0.1873813145857287 0
    outer loop
      vertex -31.743449690031536 14.552358203103262 0
      vertex -31.78580646236606 14.774400179584253 0
      vertex -31.78580646236606 14.774400179584253 3
    endloop
  endfacet
  facet normal 0.5877852522924749 0.8090169943749461 0
    outer loop
      vertex -30.964488230962193 13.480209734096373 0
      vertex -31.14736318154764 13.61307616300358 0
      vertex -30.964488230962193 13.480209734096373 3
    endloop
  endfacet
  facet normal 0.6845471059286872 0.7289686274214128 0
    outer loop
      vertex -31.14736318154764 13.61307616300358 0
      vertex -31.31214352935854 13.767815209328361 0
      vertex -31.14736318154764 13.61307616300358 3
    endloop
  endfacet
  facet normal 0.48175367410171976 0.876306680043861 0
    outer loop
      vertex -30.76640272481713 13.371311305561164 0
      vertex -30.964488230962193 13.480209734096373 0
      vertex -30.76640272481713 13.371311305561164 3
    endloop
  endfacet
  facet normal 0.36812455268467775 0.9297764858882515 0
    outer loop
      vertex -30.556230589874904 13.288098270668723 0
      vertex -30.76640272481713 13.371311305561164 0
      vertex -30.556230589874904 13.288098270668723 3
    endloop
  endfacet
  facet normal 0.24868988716485224 0.9685831611286319 0
    outer loop
      vertex -30.337286366254304 13.23188294868836 0
      vertex -30.556230589874904 13.288098270668723 0
      vertex -30.337286366254304 13.23188294868836 3
    endloop
  endfacet
  facet normal 0.12533323356430603 0.9921147013144777 0
    outer loop
      vertex -30.113022935152763 13.20355188882911 0
      vertex -30.337286366254304 13.23188294868836 0
      vertex -30.113022935152763 13.20355188882911 3
    endloop
  endfacet
  facet normal 0 1 0
    outer loop
      vertex -29.886977064847237 13.20355188882911 0
      vertex -30.113022935152763 13.20355188882911 0
      vertex -29.886977064847237 13.20355188882911 3
    endloop
  endfacet
  facet normal -0.12533323356430603 0.9921147013144777 0
    outer loop
      vertex -29.662713633745696 13.23188294868836 0
      vertex -29.886977064847237 13.20355188882911 0
      vertex -29.662713633745696 13.23188294868836 3
    endloop
  endfacet
  facet normal -0.24868988716485224 0.9685831611286319 0
    outer loop
      vertex -29.443769410125096 13.288098270668723 0
      vertex -29.662713633745696 13.23188294868836 0
      vertex -29.443769410125096 13.288098270668723 3
    endloop
  endfacet
  facet normal -0.36812455268467775 0.9297764858882515 0
    outer loop
      vertex -29.23359727518287 13.371311305561164 0
      vertex -29.443769410125096 13.288098270668723 0
      vertex -29.23359727518287 13.371311305561164 3
    endloop
  endfacet
  facet normal -0.48175367410171976 0.876306680043861 0
    outer loop
      vertex -29.035511769037807 13.480209734096373 0
      vertex -29.23359727518287 13.371311305561164 0
      vertex -29.035511769037807 13.480209734096373 3
    endloop
  endfacet
  facet normal -0.5877852522924674 0.8090169943749516 0
    outer loop
      vertex -28.852636818452357 13.61307616300358 0
      vertex -29.035511769037807 13.480209734096373 0
      vertex -28.852636818452357 13.61307616300358 3
    endloop
  endfacet
  facet normal -0.684547105928695 0.7289686274214054 0
    outer loop
      vertex -28.68785647064146 13.767815209328361 0
      vertex -28.852636818452357 13.61307616300358 0
      vertex -28.68785647064146 13.767815209328361 3
    endloop
  endfacet
  facet normal -0.7705132427757855 0.6374239897486942 0
    outer loop
      vertex -28.68785647064146 13.767815209328361 0
      vertex -28.68785647064146 13.767815209328361 3
      vertex -28.543769410125094 13.941986545873549 0
    endloop
  endfacet
  facet normal -0.8443279255020135 0.5358267949789991 0
    outer loop
      vertex -28.422647975921045 14.132843386616912 0
      vertex -28.543769410125094 13.941986545873549 0
      vertex -28.543769410125094 13.941986545873549 3
    endloop
  endfacet
  facet normal -0.9048270524660205 0.4257792915650706 0
    outer loop
      vertex -28.326402325401148 14.337375805167579 0
      vertex -28.422647975921045 14.132843386616912 0
      vertex -28.422647975921045 14.132843386616912 3
    endloop
  endfacet
  facet normal -0.9510565162951542 0.3090169943749455 0
    outer loop
      vertex -28.256550309968464 14.552358203103262 0
      vertex -28.326402325401148 14.337375805167579 0
      vertex -28.326402325401148 14.337375805167579 3
    endloop
  endfacet
  facet normal -0.9822872507286878 0.1873813145857287 0
    outer loop
      vertex -28.21419353763394 14.774400179584253 0
      vertex -28.256550309968464 14.552358203103262 0
      vertex -28.256550309968464 14.552358203103262 3
    endloop
  endfacet
  facet normal 0.9980267284282716 0.06279051952931276 0
    outer loop
      vertex -31.78580646236606 14.774400179584253 0
      vertex -31.8 15 0
      vertex -31.8 15 3
    endloop
  endfacet
  facet normal 0.9980267284282716 -0.06279051952931276 0
    outer loop
      vertex -31.8 15 0
      vertex -31.78580646236606 15.225599820415747 0
      vertex -31.78580646236606 15.225599820415747 3
    endloop
  endfacet
  facet normal 0.9822872507286878 -0.1873813145857287 0
    outer loop
      vertex -31.78580646236606 15.225599820415747 0
      vertex -31.743449690031536 15.447641796896738 0
      vertex -31.743449690031536 15.447641796896738 3
    endloop
  endfacet
  facet normal 0.9510565162951535 -0.30901699437494784 0
    outer loop
      vertex -31.743449690031536 15.447641796896738 0
      vertex -31.673597674598852 15.66262419483242 0
      vertex -31.673597674598852 15.66262419483242 3
    endloop
  endfacet
  facet normal 0.904827052466022 -0.4257792915650676 0
    outer loop
      vertex -31.673597674598852 15.66262419483242 0
      vertex -31.577352024078955 15.867156613383088 0
      vertex -31.577352024078955 15.867156613383088 3
    endloop
  endfacet
  facet normal 0.8443279255020157 -0.5358267949789955 0
    outer loop
      vertex -31.577352024078955 15.867156613383088 0
      vertex -31.456230589874906 16.058013454126453 0
      vertex -31.456230589874906 16.058013454126453 3
    endloop
  endfacet
  facet normal 0.7705132427757823 -0.637423989748698 0
    outer loop
      vertex -31.456230589874906 16.058013454126453 0
      vertex -31.31214352935854 16.23218479067164 0
      vertex -31.31214352935854 16.23218479067164 3
    endloop
  endfacet
  facet normal 0.6845471059286872 -0.7289686274214128 0
    outer loop
      vertex -31.31214352935854 16.23218479067164 0
      vertex -31.14736318154764 16.38692383699642 0
      vertex -31.31214352935854 16.23218479067164 3
    endloop
  endfacet
  facet normal 0.5877852522924749 -0.8090169943749461 0
    outer loop
      vertex -31.14736318154764 16.38692383699642 0
      vertex -30.964488230962193 16.519790265903627 0
      vertex -31.14736318154764 16.38692383699642 3
    endloop
  endfacet
  facet normal 0.48175367410171976 -0.876306680043861 0
    outer loop
      vertex -30.964488230962193 16.519790265903627 0
      vertex -30.76640272481713 16.628688694438836 0
      vertex -30.964488230962193 16.519790265903627 3
    endloop
  endfacet
  facet normal 0.36812455268467775 -0.9297764858882515 0
    outer loop
      vertex -30.76640272481713 16.628688694438836 0
      vertex -30.556230589874904 16.711901729331277 0
      vertex -30.76640272481713 16.628688694438836 3
    endloop
  endfacet
  facet normal 0.2486898871648596 -0.9685831611286299 0
    outer loop
      vertex -30.556230589874904 16.711901729331277 0
      vertex -30.337286366254304 16.76811705131164 0
      vertex -30.556230589874904 16.711901729331277 3
    endloop
  endfacet
  facet normal 0.1253332335642983 -0.9921147013144787 0
    outer loop
      vertex -30.337286366254304 16.76811705131164 0
      vertex -30.113022935152763 16.79644811117089 0
      vertex -30.337286366254304 16.76811705131164 3
    endloop
  endfacet
  facet normal -0.5877852522924674 -0.8090169943749516 0
    outer loop
      vertex -29.035511769037807 16.519790265903627 0
      vertex -28.852636818452357 16.38692383699642 0
      vertex -29.035511769037807 16.519790265903627 3
    endloop
  endfacet
  facet normal -0.9980267284282716 0.06279051952931276 0
    outer loop
      vertex -28.2 15 0
      vertex -28.21419353763394 14.774400179584253 0
      vertex -28.21419353763394 14.774400179584253 3
    endloop
  endfacet
  facet normal -0.9980267284282716 -0.06279051952931228 0
    outer loop
      vertex -28.21419353763394 15.225599820415749 0
      vertex -28.2 15 0
      vertex -28.2 15 3
    endloop
  endfacet
  facet normal -0.9822872507286876 -0.18738131458573015 0
    outer loop
      vertex -28.256550309968464 15.447641796896738 0
      vertex -28.21419353763394 15.225599820415749 0
      vertex -28.21419353763394 15.225599820415749 3
    endloop
  endfacet
  facet normal -0.9510565162951535 -0.30901699437494784 0
    outer loop
      vertex -28.326402325401148 15.66262419483242 0
      vertex -28.256550309968464 15.447641796896738 0
      vertex -28.256550309968464 15.447641796896738 3
    endloop
  endfacet
  facet normal -0.904827052466022 -0.4257792915650676 0
    outer loop
      vertex -28.422647975921045 15.867156613383088 0
      vertex -28.326402325401148 15.66262419483242 0
      vertex -28.326402325401148 15.66262419483242 3
    endloop
  endfacet
  facet normal -0.7705132427757823 -0.637423989748698 0
    outer loop
      vertex -28.68785647064146 16.23218479067164 0
      vertex -28.543769410125094 16.058013454126453 0
      vertex -28.543769410125094 16.058013454126453 3
    endloop
  endfacet
  facet normal -0.8443279255020157 -0.5358267949789955 0
    outer loop
      vertex -28.543769410125094 16.058013454126453 0
      vertex -28.422647975921045 15.867156613383088 0
      vertex -28.422647975921045 15.867156613383088 3
    endloop
  endfacet
  facet normal -0.684547105928695 -0.7289686274214054 0
    outer loop
      vertex -28.852636818452357 16.38692383699642 0
      vertex -28.68785647064146 16.23218479067164 0
      vertex -28.852636818452357 16.38692383699642 3
    endloop
  endfacet
  facet normal 0 -1 0
    outer loop
      vertex -30.113022935152763 16.79644811117089 0
      vertex -29.886977064847237 16.79644811117089 0
      vertex -30.113022935152763 16.79644811117089 3
    endloop
  endfacet
  facet normal -0.1253332335642983 -0.9921147013144787 0
    outer loop
      vertex -29.886977064847237 16.79644811117089 0
      vertex -29.662713633745696 16.76811705131164 0
      vertex -29.886977064847237 16.79644811117089 3
    endloop
  endfacet
  facet normal -0.2486898871648596 -0.9685831611286299 0
    outer loop
      vertex -29.662713633745696 16.76811705131164 0
      vertex -29.443769410125096 16.711901729331277 0
      vertex -29.662713633745696 16.76811705131164 3
    endloop
  endfacet
  facet normal -0.36812455268467775 -0.9297764858882515 0
    outer loop
      vertex -29.443769410125096 16.711901729331277 0
      vertex -29.23359727518287 16.628688694438836 0
      vertex -29.443769410125096 16.711901729331277 3
    endloop
  endfacet
  facet normal -0.48175367410171976 -0.876306680043861 0
    outer loop
      vertex -29.23359727518287 16.628688694438836 0
      vertex -29.035511769037807 16.519790265903627 0
      vertex -29.23359727518287 16.628688694438836 3
    endloop
  endfacet
  facet normal 0.6845471059286872 0.7289686274214128 0
    outer loop
      vertex -31.31214352935854 13.767815209328361 3
      vertex -31.14736318154764 13.61307616300358 3
      vertex -31.31214352935854 13.767815209328361 0
    endloop
  endfacet
  facet normal 0.904827052466022 0.4257792915650676 0
    outer loop
      vertex -31.577352024078955 14.132843386616912 0
      vertex -31.673597674598852 14.33737580516758 3
      vertex -31.577352024078955 14.132843386616912 3
    endloop
  endfacet
  facet normal 0.8443279255020135 0.5358267949789991 0
    outer loop
      vertex -31.456230589874906 13.941986545873549 0
      vertex -31.577352024078955 14.132843386616912 3
      vertex -31.456230589874906 13.941986545873549 3
    endloop
  endfacet
  facet normal 0.7705132427757855 0.6374239897486942 0
    outer loop
      vertex -31.31214352935854 13.767815209328361 0
      vertex -31.456230589874906 13.941986545873549 3
      vertex -31.31214352935854 13.767815209328361 3
    endloop
  endfacet
  facet normal 0.9510565162951535 0.30901699437494784 0
    outer loop
      vertex -31.673597674598852 14.33737580516758 0
      vertex -31.743449690031536 14.552358203103262 3
      vertex -31.673597674598852 14.33737580516758 3
    endloop
  endfacet
  facet normal 0.9822872507286878 0.1873813145857287 0
    outer loop
      vertex -31.743449690031536 14.552358203103262 0
      vertex -31.78580646236606 14.774400179584253 3
      vertex -31.743449690031536 14.552358203103262 3
    endloop
  endfacet
  facet normal 0.36812455268467775 0.9297764858882515 0
    outer loop
      vertex -30.76640272481713 13.371311305561164 3
      vertex -30.556230589874904 13.288098270668723 3
      vertex -30.76640272481713 13.371311305561164 0
    endloop
  endfacet
  facet normal 0.5877852522924749 0.8090169943749461 0
    outer loop
      vertex -31.14736318154764 13.61307616300358 3
      vertex -30.964488230962193 13.480209734096373 3
      vertex -31.14736318154764 13.61307616300358 0
    endloop
  endfacet
  facet normal 0.48175367410171976 0.876306680043861 0
    outer loop
      vertex -30.964488230962193 13.480209734096373 3
      vertex -30.76640272481713 13.371311305561164 3
      vertex -30.964488230962193 13.480209734096373 0
    endloop
  endfacet
  facet normal 0.24868988716485224 0.9685831611286319 0
    outer loop
      vertex -30.556230589874904 13.288098270668723 3
      vertex -30.337286366254304 13.23188294868836 3
      vertex -30.556230589874904 13.288098270668723 0
    endloop
  endfacet
  facet normal 0.12533323356430603 0.9921147013144777 0
    outer loop
      vertex -30.337286366254304 13.23188294868836 3
      vertex -30.113022935152763 13.20355188882911 3
      vertex -30.337286366254304 13.23188294868836 0
    endloop
  endfacet
  facet normal 0 1 0
    outer loop
      vertex -30.113022935152763 13.20355188882911 3
      vertex -29.886977064847237 13.20355188882911 3
      vertex -30.113022935152763 13.20355188882911 0
    endloop
  endfacet
  facet normal -0.12533323356430603 0.9921147013144777 0
    outer loop
      vertex -29.886977064847237 13.20355188882911 3
      vertex -29.662713633745696 13.23188294868836 3
      vertex -29.886977064847237 13.20355188882911 0
    endloop
  endfacet
  facet normal -0.24868988716485224 0.9685831611286319 0
    outer loop
      vertex -29.662713633745696 13.23188294868836 3
      vertex -29.443769410125096 13.288098270668723 3
      vertex -29.662713633745696 13.23188294868836 0
    endloop
  endfacet
  facet normal -0.36812455268467775 0.9297764858882515 0
    outer loop
      vertex -29.443769410125096 13.288098270668723 3
      vertex -29.23359727518287 13.371311305561164 3
      vertex -29.443769410125096 13.288098270668723 0
    endloop
  endfacet
  facet normal -0.48175367410171976 0.876306680043861 0
    outer loop
      vertex -29.23359727518287 13.371311305561164 3
      vertex -29.035511769037807 13.480209734096373 3
      vertex -29.23359727518287 13.371311305561164 0
    endloop
  endfacet
  facet normal -0.5877852522924674 0.8090169943749516 0
    outer loop
      vertex -29.035511769037807 13.480209734096373 3
      vertex -28.852636818452357 13.61307616300358 3
      vertex -29.035511769037807 13.480209734096373 0
    endloop
  endfacet
  facet normal -0.684547105928695 0.7289686274214054 0
    outer loop
      vertex -28.852636818452357 13.61307616300358 3
      vertex -28.68785647064146 13.767815209328361 3
      vertex -28.852636818452357 13.61307616300358 0
    endloop
  endfacet
  facet normal -0.7705132427757855 0.6374239897486942 0
    outer loop
      vertex -28.543769410125094 13.941986545873549 0
      vertex -28.68785647064146 13.767815209328361 3
      vertex -28.543769410125094 13.941986545873549 3
    endloop
  endfacet
  facet normal -0.8443279255020135 0.5358267949789991 0
    outer loop
      vertex -28.422647975921045 14.132843386616912 0
      vertex -28.543769410125094 13.941986545873549 3
      vertex -28.422647975921045 14.132843386616912 3
    endloop
  endfacet
  facet normal -0.9048270524660205 0.4257792915650706 0
    outer loop
      vertex -28.326402325401148 14.337375805167579 0
      vertex -28.422647975921045 14.132843386616912 3
      vertex -28.326402325401148 14.337375805167579 3
    endloop
  endfacet
  facet normal -0.9510565162951542 0.3090169943749455 0
    outer loop
      vertex -28.256550309968464 14.552358203103262 0
      vertex -28.326402325401148 14.337375805167579 3
      vertex -28.256550309968464 14.552358203103262 3
    endloop
  endfacet
  facet normal -0.9822872507286878 0.1873813145857287 0
    outer loop
      vertex -28.21419353763394 14.774400179584253 0
      vertex -28.256550309968464 14.552358203103262 3
      vertex -28.21419353763394 14.774400179584253 3
    endloop
  endfacet
  facet normal 0.9980267284282716 0.06279051952931276 0
    outer loop
      vertex -31.78580646236606 14.774400179584253 0
      vertex -31.8 15 3
      vertex -31.78580646236606 14.774400179584253 3
    endloop
  endfacet
  facet normal 0.9980267284282716 -0.06279051952931276 0
    outer loop
      vertex -31.8 15 0
      vertex -31.78580646236606 15.225599820415747 3
      vertex -31.8 15 3
    endloop
  endfacet
  facet normal 0.9822872507286878 -0.1873813145857287 0
    outer loop
      vertex -31.78580646236606 15.225599820415747 0
      vertex -31.743449690031536 15.447641796896738 3
      vertex -31.78580646236606 15.225599820415747 3
    endloop
  endfacet
  facet normal 0.9510565162951535 -0.30901699437494784 0
    outer loop
      vertex -31.743449690031536 15.447641796896738 0
      vertex -31.673597674598852 15.66262419483242 3
      vertex -31.743449690031536 15.447641796896738 3
    endloop
  endfacet
  facet normal 0.904827052466022 -0.4257792915650676 0
    outer loop
      vertex -31.673597674598852 15.66262419483242 0
      vertex -31.577352024078955 15.867156613383088 3
      vertex -31.673597674598852 15.66262419483242 3
    endloop
  endfacet
  facet normal 0.8443279255020157 -0.5358267949789955 0
    outer loop
      vertex -31.577352024078955 15.867156613383088 0
      vertex -31.456230589874906 16.058013454126453 3
      vertex -31.577352024078955 15.867156613383088 3
    endloop
  endfacet
  facet normal 0.7705132427757823 -0.637423989748698 0
    outer loop
      vertex -31.456230589874906 16.058013454126453 0
      vertex -31.31214352935854 16.23218479067164 3
      vertex -31.456230589874906 16.058013454126453 3
    endloop
  endfacet
  facet normal 0.6845471059286872 -0.7289686274214128 0
    outer loop
      vertex -31.14736318154764 16.38692383699642 3
      vertex -31.31214352935854 16.23218479067164 3
      vertex -31.14736318154764 16.38692383699642 0
    endloop
  endfacet
  facet normal 0.5877852522924749 -0.8090169943749461 0
    outer loop
      vertex -30.964488230962193 16.519790265903627 3
      vertex -31.14736318154764 16.38692383699642 3
      vertex -30.964488230962193 16.519790265903627 0
    endloop
  endfacet
  facet normal 0.48175367410171976 -0.876306680043861 0
    outer loop
      vertex -30.76640272481713 16.628688694438836 3
      vertex -30.964488230962193 16.519790265903627 3
      vertex -30.76640272481713 16.628688694438836 0
    endloop
  endfacet
  facet normal 0.36812455268467775 -0.9297764858882515 0
    outer loop
      vertex -30.556230589874904 16.711901729331277 3
      vertex -30.76640272481713 16.628688694438836 3
      vertex -30.556230589874904 16.711901729331277 0
    endloop
  endfacet
  facet normal 0.2486898871648596 -0.9685831611286299 0
    outer loop
      vertex -30.337286366254304 16.76811705131164 3
      vertex -30.556230589874904 16.711901729331277 3
      vertex -30.337286366254304 16.76811705131164 0
    endloop
  endfacet
  facet normal 0.1253332335642983 -0.9921147013144787 0
    outer loop
      vertex -30.113022935152763 16.79644811117089 3
      vertex -30.337286366254304 16.76811705131164 3
      vertex -30.113022935152763 16.79644811117089 0
    endloop
  endfacet
  facet normal -0.48175367410171976 -0.876306680043861 0
    outer loop
      vertex -29.035511769037807 16.519790265903627 3
      vertex -29.23359727518287 16.628688694438836 3
      vertex -29.035511769037807 16.519790265903627 0
    endloop
  endfacet
  facet normal -0.5877852522924674 -0.8090169943749516 0
    outer loop
      vertex -28.852636818452357 16.38692383699642 3
      vertex -29.035511769037807 16.519790265903627 3
      vertex -28.852636818452357 16.38692383699642 0
    endloop
  endfacet
  facet normal -0.9980267284282716 0.06279051952931276 0
    outer loop
      vertex -28.2 15 0
      vertex -28.21419353763394 14.774400179584253 3
      vertex -28.2 15 3
    endloop
  endfacet
  facet normal -0.9980267284282716 -0.06279051952931228 0
    outer loop
      vertex -28.21419353763394 15.225599820415749 0
      vertex -28.2 15 3
      vertex -28.21419353763394 15.225599820415749 3
    endloop
  endfacet
  facet normal -0.9822872507286876 -0.18738131458573015 0
    outer loop
      vertex -28.256550309968464 15.447641796896738 0
      vertex -28.21419353763394 15.225599820415749 3
      vertex -28.256550309968464 15.447641796896738 3
    endloop
  endfacet
  facet normal -0.9510565162951535 -0.30901699437494784 0
    outer loop
      vertex -28.326402325401148 15.66262419483242 0
      vertex -28.256550309968464 15.447641796896738 3
      vertex -28.326402325401148 15.66262419483242 3
    endloop
  endfacet
  facet normal -0.904827052466022 -0.4257792915650676 0
    outer loop
      vertex -28.422647975921045 15.867156613383088 0
      vertex -28.326402325401148 15.66262419483242 3
      vertex -28.422647975921045 15.867156613383088 3
    endloop
  endfacet
  facet normal -0.8443279255020157 -0.5358267949789955 0
    outer loop
      vertex -28.543769410125094 16.058013454126453 0
      vertex -28.422647975921045 15.867156613383088 3
      vertex -28.543769410125094 16.058013454126453 3
    endloop
  endfacet
  facet normal -0.7705132427757823 -0.637423989748698 0
    outer loop
      vertex -28.68785647064146 16.23218479067164 0
      vertex -28.543769410125094 16.058013454126453 3
      vertex -28.68785647064146 16.23218479067164 3
    endloop
  endfacet
  facet normal -0.684547105928695 -0.7289686274214054 0
    outer loop
      vertex -28.68785647064146 16.23218479067164 0
      vertex -28.68785647064146 16.23218479067164 3
      vertex -28.852636818452357 16.38692383699642 3
    endloop
  endfacet
  facet normal 0 -1 0
    outer loop
      vertex -29.886977064847237 16.79644811117089 3
      vertex -30.113022935152763 16.79644811117089 3
      vertex -29.886977064847237 16.79644811117089 0
    endloop
  endfacet
  facet normal -0.1253332335642983 -0.9921147013144787 0
    outer loop
      vertex -29.662713633745696 16.76811705131164 3
      vertex -29.886977064847237 16.79644811117089 3
      vertex -29.662713633745696 16.76811705131164 0
    endloop
  endfacet
  facet normal -0.2486898871648596 -0.9685831611286299 0
    outer loop
      vertex -29.443769410125096 16.711901729331277 3
      vertex -29.662713633745696 16.76811705131164 3
      vertex -29.443769410125096 16.711901729331277 0
    endloop
  endfacet
  facet normal -0.36812455268467775 -0.9297764858882515 0
    outer loop
      vertex -29.23359727518287 16.628688694438836 3
      vertex -29.443769410125096 16.711901729331277 3
      vertex -29.23359727518287 16.628688694438836 0
    endloop
  endfacet
  facet normal 0.5877852522924749 0.8090169943749461 0
    outer loop
      vertex -23.464488230962193 -24.019790265903627 0
      vertex -23.64736318154764 -23.88692383699642 0
      vertex -23.464488230962193 -24.019790265903627 3
    endloop
  endfacet
  facet normal 0.48175367410171976 0.876306680043861 0
    outer loop
      vertex -23.26640272481713 -24.128688694438836 0
      vertex -23.464488230962193 -24.019790265903627 0
      vertex -23.26640272481713 -24.128688694438836 3
    endloop
  endfacet
  facet normal 0.36812455268467775 0.9297764858882515 0
    outer loop
      vertex -23.056230589874904 -24.211901729331277 0
      vertex -23.26640272481713 -24.128688694438836 0
      vertex -23.056230589874904 -24.211901729331277 3
    endloop
  endfacet
  facet normal 0.9980267284282716 0.06279051952931228 0
    outer loop
      vertex -24.28580646236606 -22.72559982041575 0
      vertex -24.3 -22.5 0
      vertex -24.3 -22.5 3
    endloop
  endfacet
  facet normal 0.9980267284282716 -0.06279051952931228 0
    outer loop
      vertex -24.3 -22.5 0
      vertex -24.28580646236606 -22.27440017958425 0
      vertex -24.28580646236606 -22.27440017958425 3
    endloop
  endfacet
  facet normal 0.7705132427757823 0.637423989748698 0
    outer loop
      vertex -23.81214352935854 -23.73218479067164 0
      vertex -23.956230589874906 -23.558013454126453 0
      vertex -23.956230589874906 -23.558013454126453 3
    endloop
  endfacet
  facet normal 0.8443279255020157 0.5358267949789955 0
    outer loop
      vertex -23.956230589874906 -23.558013454126453 0
      vertex -24.077352024078955 -23.367156613383088 0
      vertex -24.077352024078955 -23.367156613383088 3
    endloop
  endfacet
  facet normal 0.9048270524660205 0.4257792915650706 0
    outer loop
      vertex -24.077352024078955 -23.367156613383088 0
      vertex -24.173597674598852 -23.16262419483242 0
      vertex -24.173597674598852 -23.16262419483242 3
    endloop
  endfacet
  facet normal 0.6845471059286872 0.7289686274214128 0
    outer loop
      vertex -23.64736318154764 -23.88692383699642 0
      vertex -23.81214352935854 -23.73218479067164 0
      vertex -23.64736318154764 -23.88692383699642 3
    endloop
  endfacet
  facet normal 0.9510565162951535 0.30901699437494784 0
    outer loop
      vertex -24.173597674598852 -23.16262419483242 0
      vertex -24.243449690031536 -22.94764179689674 0
      vertex -24.243449690031536 -22.94764179689674 3
    endloop
  endfacet
  facet normal 0.9822872507286878 0.1873813145857287 0
    outer loop
      vertex -24.243449690031536 -22.94764179689674 0
      vertex -24.28580646236606 -22.72559982041575 0
      vertex -24.28580646236606 -22.72559982041575 3
    endloop
  endfacet
  facet normal 0.9822872507286878 -0.1873813145857287 0
    outer loop
      vertex -24.28580646236606 -22.27440017958425 0
      vertex -24.243449690031536 -22.05235820310326 0
      vertex -24.243449690031536 -22.05235820310326 3
    endloop
  endfacet
  facet normal 0.2486898871648596 0.9685831611286299 0
    outer loop
      vertex -22.837286366254304 -24.26811705131164 0
      vertex -23.056230589874904 -24.211901729331277 0
      vertex -22.837286366254304 -24.26811705131164 3
    endloop
  endfacet
  facet normal 0.1253332335642983 0.9921147013144787 0
    outer loop
      vertex -22.613022935152763 -24.29644811117089 0
      vertex -22.837286366254304 -24.26811705131164 0
      vertex -22.613022935152763 -24.29644811117089 3
    endloop
  endfacet
  facet normal 0 1 0
    outer loop
      vertex -22.386977064847237 -24.29644811117089 0
      vertex -22.613022935152763 -24.29644811117089 0
      vertex -22.386977064847237 -24.29644811117089 3
    endloop
  endfacet
  facet normal -0.1253332335642983 0.9921147013144787 0
    outer loop
      vertex -22.162713633745696 -24.26811705131164 0
      vertex -22.386977064847237 -24.29644811117089 0
      vertex -22.162713633745696 -24.26811705131164 3
    endloop
  endfacet
  facet normal -0.2486898871648596 0.9685831611286299 0
    outer loop
      vertex -21.943769410125096 -24.211901729331277 0
      vertex -22.162713633745696 -24.26811705131164 0
      vertex -21.943769410125096 -24.211901729331277 3
    endloop
  endfacet
  facet normal -0.36812455268467775 0.9297764858882515 0
    outer loop
      vertex -21.73359727518287 -24.128688694438836 0
      vertex -21.943769410125096 -24.211901729331277 0
      vertex -21.73359727518287 -24.128688694438836 3
    endloop
  endfacet
  facet normal -0.48175367410171976 0.876306680043861 0
    outer loop
      vertex -21.535511769037807 -24.019790265903627 0
      vertex -21.73359727518287 -24.128688694438836 0
      vertex -21.535511769037807 -24.019790265903627 3
    endloop
  endfacet
  facet normal -0.5877852522924674 0.8090169943749516 0
    outer loop
      vertex -21.352636818452357 -23.88692383699642 0
      vertex -21.535511769037807 -24.019790265903627 0
      vertex -21.352636818452357 -23.88692383699642 3
    endloop
  endfacet
  facet normal -0.684547105928695 0.7289686274214054 0
    outer loop
      vertex -21.18785647064146 -23.73218479067164 0
      vertex -21.352636818452357 -23.88692383699642 0
      vertex -21.18785647064146 -23.73218479067164 3
    endloop
  endfacet
  facet normal -0.7705132427757823 0.637423989748698 0
    outer loop
      vertex -21.18785647064146 -23.73218479067164 0
      vertex -21.18785647064146 -23.73218479067164 3
      vertex -21.043769410125094 -23.558013454126453 0
    endloop
  endfacet
  facet normal -0.8443279255020157 0.5358267949789955 0
    outer loop
      vertex -20.922647975921045 -23.367156613383088 0
      vertex -21.043769410125094 -23.558013454126453 0
      vertex -21.043769410125094 -23.558013454126453 3
    endloop
  endfacet
  facet normal -0.9048270524660205 0.4257792915650706 0
    outer loop
      vertex -20.826402325401148 -23.16262419483242 0
      vertex -20.922647975921045 -23.367156613383088 0
      vertex -20.922647975921045 -23.367156613383088 3
    endloop
  endfacet
  facet normal -0.9510565162951535 0.30901699437494784 0
    outer loop
      vertex -20.756550309968464 -22.94764179689674 0
      vertex -20.826402325401148 -23.16262419483242 0
      vertex -20.826402325401148 -23.16262419483242 3
    endloop
  endfacet
  facet normal -0.9822872507286878 0.1873813145857287 0
    outer loop
      vertex -20.71419353763394 -22.72559982041575 0
      vertex -20.756550309968464 -22.94764179689674 0
      vertex -20.756550309968464 -22.94764179689674 3
    endloop
  endfacet
  facet normal -0.9980267284282716 0.06279051952931228 0
    outer loop
      vertex -20.7 -22.5 0
      vertex -20.71419353763394 -22.72559982041575 0
      vertex -20.71419353763394 -22.72559982041575 3
    endloop
  endfacet
  facet normal -0.9980267284282716 -0.06279051952931228 0
    outer loop
      vertex -20.71419353763394 -22.27440017958425 0
      vertex -20.7 -22.5 0
      vertex -20.7 -22.5 3
    endloop
  endfacet
  facet normal -0.9822872507286878 -0.1873813145857287 0
    outer loop
      vertex -20.756550309968464 -22.05235820310326 0
      vertex -20.71419353763394 -22.27440017958425 0
      vertex -20.71419353763394 -22.27440017958425 3
    endloop
  endfacet
  facet normal 0.9510565162951535 -0.30901699437494784 0
    outer loop
      vertex -24.243449690031536 -22.05235820310326 0
      vertex -24.173597674598852 -21.83737580516758 0
      vertex -24.173597674598852 -21.83737580516758 3
    endloop
  endfacet
  facet normal 0.9048270524660205 -0.4257792915650706 0
    outer loop
      vertex -24.173597674598852 -21.83737580516758 0
      vertex -24.077352024078955 -21.632843386616912 0
      vertex -24.077352024078955 -21.632843386616912 3
    endloop
  endfacet
  facet normal 0.8443279255020157 -0.5358267949789955 0
    outer loop
      vertex -24.077352024078955 -21.632843386616912 0
      vertex -23.956230589874906 -21.441986545873547 0
      vertex -23.956230589874906 -21.441986545873547 3
    endloop
  endfacet
  facet normal 0.7705132427757823 -0.637423989748698 0
    outer loop
      vertex -23.956230589874906 -21.441986545873547 0
      vertex -23.81214352935854 -21.26781520932836 0
      vertex -23.81214352935854 -21.26781520932836 3
    endloop
  endfacet
  facet normal 0.6845471059286872 -0.7289686274214128 0
    outer loop
      vertex -23.81214352935854 -21.26781520932836 0
      vertex -23.64736318154764 -21.11307616300358 0
      vertex -23.81214352935854 -21.26781520932836 3
    endloop
  endfacet
  facet normal 0.5877852522924749 -0.8090169943749461 0
    outer loop
      vertex -23.64736318154764 -21.11307616300358 0
      vertex -23.464488230962193 -20.980209734096373 0
      vertex -23.64736318154764 -21.11307616300358 3
    endloop
  endfacet
  facet normal 0.48175367410171976 -0.876306680043861 0
    outer loop
      vertex -23.464488230962193 -20.980209734096373 0
      vertex -23.26640272481713 -20.871311305561164 0
      vertex -23.464488230962193 -20.980209734096373 3
    endloop
  endfacet
  facet normal 0.36812455268467775 -0.9297764858882515 0
    outer loop
      vertex -23.26640272481713 -20.871311305561164 0
      vertex -23.056230589874904 -20.788098270668723 0
      vertex -23.26640272481713 -20.871311305561164 3
    endloop
  endfacet
  facet normal 0.2486898871648596 -0.9685831611286299 0
    outer loop
      vertex -23.056230589874904 -20.788098270668723 0
      vertex -22.837286366254304 -20.73188294868836 0
      vertex -23.056230589874904 -20.788098270668723 3
    endloop
  endfacet
  facet normal 0.1253332335642983 -0.9921147013144787 0
    outer loop
      vertex -22.837286366254304 -20.73188294868836 0
      vertex -22.613022935152763 -20.70355188882911 0
      vertex -22.837286366254304 -20.73188294868836 3
    endloop
  endfacet
  facet normal -0.2486898871648596 -0.9685831611286299 0
    outer loop
      vertex -22.162713633745696 -20.73188294868836 0
      vertex -21.943769410125096 -20.788098270668723 0
      vertex -22.162713633745696 -20.73188294868836 3
    endloop
  endfacet
  facet normal 0 -1 0
    outer loop
      vertex -22.613022935152763 -20.70355188882911 0
      vertex -22.386977064847237 -20.70355188882911 0
      vertex -22.613022935152763 -20.70355188882911 3
    endloop
  endfacet
  facet normal -0.1253332335642983 -0.9921147013144787 0
    outer loop
      vertex -22.386977064847237 -20.70355188882911 0
      vertex -22.162713633745696 -20.73188294868836 0
      vertex -22.386977064847237 -20.70355188882911 3
    endloop
  endfacet
  facet normal -0.9048270524660205 -0.4257792915650706 0
    outer loop
      vertex -20.922647975921045 -21.632843386616912 0
      vertex -20.826402325401148 -21.83737580516758 0
      vertex -20.826402325401148 -21.83737580516758 3
    endloop
  endfacet
  facet normal -0.8443279255020157 -0.5358267949789955 0
    outer loop
      vertex -21.043769410125094 -21.441986545873547 0
      vertex -20.922647975921045 -21.632843386616912 0
      vertex -20.922647975921045 -21.632843386616912 3
    endloop
  endfacet
  facet normal -0.7705132427757823 -0.637423989748698 0
    outer loop
      vertex -21.18785647064146 -21.26781520932836 0
      vertex -21.043769410125094 -21.441986545873547 0
      vertex -21.043769410125094 -21.441986545873547 3
    endloop
  endfacet
  facet normal -0.36812455268467775 -0.9297764858882515 0
    outer loop
      vertex -21.943769410125096 -20.788098270668723 0
      vertex -21.73359727518287 -20.871311305561164 0
      vertex -21.943769410125096 -20.788098270668723 3
    endloop
  endfacet
  facet normal -0.5877852522924674 -0.8090169943749516 0
    outer loop
      vertex -21.535511769037807 -20.980209734096373 0
      vertex -21.352636818452357 -21.11307616300358 0
      vertex -21.535511769037807 -20.980209734096373 3
    endloop
  endfacet
  facet normal -0.48175367410171976 -0.876306680043861 0
    outer loop
      vertex -21.73359727518287 -20.871311305561164 0
      vertex -21.535511769037807 -20.980209734096373 0
      vertex -21.73359727518287 -20.871311305561164 3
    endloop
  endfacet
  facet normal -0.684547105928695 -0.7289686274214054 0
    outer loop
      vertex -21.352636818452357 -21.11307616300358 0
      vertex -21.18785647064146 -21.26781520932836 0
      vertex -21.352636818452357 -21.11307616300358 3
    endloop
  endfacet
  facet normal -0.9510565162951535 -0.30901699437494784 0
    outer loop
      vertex -20.826402325401148 -21.83737580516758 0
      vertex -20.756550309968464 -22.05235820310326 0
      vertex -20.756550309968464 -22.05235820310326 3
    endloop
  endfacet
  facet normal 0.48175367410171976 0.876306680043861 0
    outer loop
      vertex -23.464488230962193 -24.019790265903627 3
      vertex -23.26640272481713 -24.128688694438836 3
      vertex -23.464488230962193 -24.019790265903627 0
    endloop
  endfacet
  facet normal 0.36812455268467775 0.9297764858882515 0
    outer loop
      vertex -23.26640272481713 -24.128688694438836 3
      vertex -23.056230589874904 -24.211901729331277 3
      vertex -23.26640272481713 -24.128688694438836 0
    endloop
  endfacet
  facet normal 0.9980267284282716 0.06279051952931228 0
    outer loop
      vertex -24.28580646236606 -22.72559982041575 0
      vertex -24.3 -22.5 3
      vertex -24.28580646236606 -22.72559982041575 3
    endloop
  endfacet
  facet normal 0.9980267284282716 -0.06279051952931228 0
    outer loop
      vertex -24.3 -22.5 0
      vertex -24.28580646236606 -22.27440017958425 3
      vertex -24.3 -22.5 3
    endloop
  endfacet
  facet normal 0.6845471059286872 0.7289686274214128 0
    outer loop
      vertex -23.81214352935854 -23.73218479067164 0
      vertex -23.81214352935854 -23.73218479067164 3
      vertex -23.64736318154764 -23.88692383699642 3
    endloop
  endfacet
  facet normal 0.7705132427757823 0.637423989748698 0
    outer loop
      vertex -23.81214352935854 -23.73218479067164 0
      vertex -23.956230589874906 -23.558013454126453 3
      vertex -23.81214352935854 -23.73218479067164 3
    endloop
  endfacet
  facet normal 0.8443279255020157 0.5358267949789955 0
    outer loop
      vertex -23.956230589874906 -23.558013454126453 0
      vertex -24.077352024078955 -23.367156613383088 3
      vertex -23.956230589874906 -23.558013454126453 3
    endloop
  endfacet
  facet normal 0.9048270524660205 0.4257792915650706 0
    outer loop
      vertex -24.077352024078955 -23.367156613383088 0
      vertex -24.173597674598852 -23.16262419483242 3
      vertex -24.077352024078955 -23.367156613383088 3
    endloop
  endfacet
  facet normal 0.9510565162951535 0.30901699437494784 0
    outer loop
      vertex -24.173597674598852 -23.16262419483242 0
      vertex -24.243449690031536 -22.94764179689674 3
      vertex -24.173597674598852 -23.16262419483242 3
    endloop
  endfacet
  facet normal 0.5877852522924749 0.8090169943749461 0
    outer loop
      vertex -23.64736318154764 -23.88692383699642 3
      vertex -23.464488230962193 -24.019790265903627 3
      vertex -23.64736318154764 -23.88692383699642 0
    endloop
  endfacet
  facet normal 0.9822872507286878 0.1873813145857287 0
    outer loop
      vertex -24.243449690031536 -22.94764179689674 0
      vertex -24.28580646236606 -22.72559982041575 3
      vertex -24.243449690031536 -22.94764179689674 3
    endloop
  endfacet
  facet normal 0.9822872507286878 -0.1873813145857287 0
    outer loop
      vertex -24.28580646236606 -22.27440017958425 0
      vertex -24.243449690031536 -22.05235820310326 3
      vertex -24.28580646236606 -22.27440017958425 3
    endloop
  endfacet
  facet normal 0.2486898871648596 0.9685831611286299 0
    outer loop
      vertex -23.056230589874904 -24.211901729331277 3
      vertex -22.837286366254304 -24.26811705131164 3
      vertex -23.056230589874904 -24.211901729331277 0
    endloop
  endfacet
  facet normal 0.1253332335642983 0.9921147013144787 0
    outer loop
      vertex -22.837286366254304 -24.26811705131164 3
      vertex -22.613022935152763 -24.29644811117089 3
      vertex -22.837286366254304 -24.26811705131164 0
    endloop
  endfacet
  facet normal 0 1 0
    outer loop
      vertex -22.613022935152763 -24.29644811117089 3
      vertex -22.386977064847237 -24.29644811117089 3
      vertex -22.613022935152763 -24.29644811117089 0
    endloop
  endfacet
  facet normal -0.1253332335642983 0.9921147013144787 0
    outer loop
      vertex -22.386977064847237 -24.29644811117089 3
      vertex -22.162713633745696 -24.26811705131164 3
      vertex -22.386977064847237 -24.29644811117089 0
    endloop
  endfacet
  facet normal -0.2486898871648596 0.9685831611286299 0
    outer loop
      vertex -22.162713633745696 -24.26811705131164 3
      vertex -21.943769410125096 -24.211901729331277 3
      vertex -22.162713633745696 -24.26811705131164 0
    endloop
  endfacet
  facet normal -0.36812455268467775 0.9297764858882515 0
    outer loop
      vertex -21.943769410125096 -24.211901729331277 3
      vertex -21.73359727518287 -24.128688694438836 3
      vertex -21.943769410125096 -24.211901729331277 0
    endloop
  endfacet
  facet normal -0.48175367410171976 0.876306680043861 0
    outer loop
      vertex -21.73359727518287 -24.128688694438836 3
      vertex -21.535511769037807 -24.019790265903627 3
      vertex -21.73359727518287 -24.128688694438836 0
    endloop
  endfacet
  facet normal -0.5877852522924674 0.8090169943749516 0
    outer loop
      vertex -21.535511769037807 -24.019790265903627 3
      vertex -21.352636818452357 -23.88692383699642 3
      vertex -21.535511769037807 -24.019790265903627 0
    endloop
  endfacet
  facet normal -0.684547105928695 0.7289686274214054 0
    outer loop
      vertex -21.352636818452357 -23.88692383699642 3
      vertex -21.18785647064146 -23.73218479067164 3
      vertex -21.352636818452357 -23.88692383699642 0
    endloop
  endfacet
  facet normal -0.7705132427757823 0.637423989748698 0
    outer loop
      vertex -21.043769410125094 -23.558013454126453 0
      vertex -21.18785647064146 -23.73218479067164 3
      vertex -21.043769410125094 -23.558013454126453 3
    endloop
  endfacet
  facet normal -0.8443279255020157 0.5358267949789955 0
    outer loop
      vertex -20.922647975921045 -23.367156613383088 0
      vertex -21.043769410125094 -23.558013454126453 3
      vertex -20.922647975921045 -23.367156613383088 3
    endloop
  endfacet
  facet normal -0.9048270524660205 0.4257792915650706 0
    outer loop
      vertex -20.826402325401148 -23.16262419483242 0
      vertex -20.922647975921045 -23.367156613383088 3
      vertex -20.826402325401148 -23.16262419483242 3
    endloop
  endfacet
  facet normal -0.9510565162951535 0.30901699437494784 0
    outer loop
      vertex -20.756550309968464 -22.94764179689674 0
      vertex -20.826402325401148 -23.16262419483242 3
      vertex -20.756550309968464 -22.94764179689674 3
    endloop
  endfacet
  facet normal -0.9822872507286878 0.1873813145857287 0
    outer loop
      vertex -20.71419353763394 -22.72559982041575 0
      vertex -20.756550309968464 -22.94764179689674 3
      vertex -20.71419353763394 -22.72559982041575 3
    endloop
  endfacet
  facet normal -0.9980267284282716 0.06279051952931228 0
    outer loop
      vertex -20.7 -22.5 0
      vertex -20.71419353763394 -22.72559982041575 3
      vertex -20.7 -22.5 3
    endloop
  endfacet
  facet normal -0.9980267284282716 -0.06279051952931228 0
    outer loop
      vertex -20.71419353763394 -22.27440017958425 0
      vertex -20.7 -22.5 3
      vertex -20.71419353763394 -22.27440017958425 3
    endloop
  endfacet
  facet normal -0.9822872507286878 -0.1873813145857287 0
    outer loop
      vertex -20.756550309968464 -22.05235820310326 0
      vertex -20.71419353763394 -22.27440017958425 3
      vertex -20.756550309968464 -22.05235820310326 3
    endloop
  endfacet
  facet normal 0.9510565162951535 -0.30901699437494784 0
    outer loop
      vertex -24.243449690031536 -22.05235820310326 0
      vertex -24.173597674598852 -21.83737580516758 3
      vertex -24.243449690031536 -22.05235820310326 3
    endloop
  endfacet
  facet normal 0.9048270524660205 -0.4257792915650706 0
    outer loop
      vertex -24.173597674598852 -21.83737580516758 0
      vertex -24.077352024078955 -21.632843386616912 3
      vertex -24.173597674598852 -21.83737580516758 3
    endloop
  endfacet
  facet normal 0.8443279255020157 -0.5358267949789955 0
    outer loop
      vertex -24.077352024078955 -21.632843386616912 0
      vertex -23.956230589874906 -21.441986545873547 3
      vertex -24.077352024078955 -21.632843386616912 3
    endloop
  endfacet
  facet normal 0.7705132427757823 -0.637423989748698 0
    outer loop
      vertex -23.956230589874906 -21.441986545873547 0
      vertex -23.81214352935854 -21.26781520932836 3
      vertex -23.956230589874906 -21.441986545873547 3
    endloop
  endfacet
  facet normal 0.6845471059286872 -0.7289686274214128 0
    outer loop
      vertex -23.64736318154764 -21.11307616300358 3
      vertex -23.81214352935854 -21.26781520932836 3
      vertex -23.64736318154764 -21.11307616300358 0
    endloop
  endfacet
  facet normal 0.5877852522924749 -0.8090169943749461 0
    outer loop
      vertex -23.464488230962193 -20.980209734096373 3
      vertex -23.64736318154764 -21.11307616300358 3
      vertex -23.464488230962193 -20.980209734096373 0
    endloop
  endfacet
  facet normal 0.48175367410171976 -0.876306680043861 0
    outer loop
      vertex -23.26640272481713 -20.871311305561164 3
      vertex -23.464488230962193 -20.980209734096373 3
      vertex -23.26640272481713 -20.871311305561164 0
    endloop
  endfacet
  facet normal 0.36812455268467775 -0.9297764858882515 0
    outer loop
      vertex -23.056230589874904 -20.788098270668723 3
      vertex -23.26640272481713 -20.871311305561164 3
      vertex -23.056230589874904 -20.788098270668723 0
    endloop
  endfacet
  facet normal 0.2486898871648596 -0.9685831611286299 0
    outer loop
      vertex -22.837286366254304 -20.73188294868836 3
      vertex -23.056230589874904 -20.788098270668723 3
      vertex -22.837286366254304 -20.73188294868836 0
    endloop
  endfacet
  facet normal 0.1253332335642983 -0.9921147013144787 0
    outer loop
      vertex -22.613022935152763 -20.70355188882911 3
      vertex -22.837286366254304 -20.73188294868836 3
      vertex -22.613022935152763 -20.70355188882911 0
    endloop
  endfacet
  facet normal -0.2486898871648596 -0.9685831611286299 0
    outer loop
      vertex -21.943769410125096 -20.788098270668723 3
      vertex -22.162713633745696 -20.73188294868836 3
      vertex -21.943769410125096 -20.788098270668723 0
    endloop
  endfacet
  facet normal 0 -1 0
    outer loop
      vertex -22.386977064847237 -20.70355188882911 3
      vertex -22.613022935152763 -20.70355188882911 3
      vertex -22.386977064847237 -20.70355188882911 0
    endloop
  endfacet
  facet normal -0.1253332335642983 -0.9921147013144787 0
    outer loop
      vertex -22.162713633745696 -20.73188294868836 3
      vertex -22.386977064847237 -20.70355188882911 3
      vertex -22.162713633745696 -20.73188294868836 0
    endloop
  endfacet
  facet normal -0.9048270524660205 -0.4257792915650706 0
    outer loop
      vertex -20.922647975921045 -21.632843386616912 0
      vertex -20.826402325401148 -21.83737580516758 3
      vertex -20.922647975921045 -21.632843386616912 3
    endloop
  endfacet
  facet normal -0.7705132427757823 -0.637423989748698 0
    outer loop
      vertex -21.18785647064146 -21.26781520932836 0
      vertex -21.043769410125094 -21.441986545873547 3
      vertex -21.18785647064146 -21.26781520932836 3
    endloop
  endfacet
  facet normal -0.684547105928695 -0.7289686274214054 0
    outer loop
      vertex -21.18785647064146 -21.26781520932836 3
      vertex -21.352636818452357 -21.11307616300358 3
      vertex -21.18785647064146 -21.26781520932836 0
    endloop
  endfacet
  facet normal -0.8443279255020157 -0.5358267949789955 0
    outer loop
      vertex -21.043769410125094 -21.441986545873547 0
      vertex -20.922647975921045 -21.632843386616912 3
      vertex -21.043769410125094 -21.441986545873547 3
    endloop
  endfacet
  facet normal -0.36812455268467775 -0.9297764858882515 0
    outer loop
      vertex -21.73359727518287 -20.871311305561164 3
      vertex -21.943769410125096 -20.788098270668723 3
      vertex -21.73359727518287 -20.871311305561164 0
    endloop
  endfacet
  facet normal -0.5877852522924674 -0.8090169943749516 0
    outer loop
      vertex -21.352636818452357 -21.11307616300358 3
      vertex -21.535511769037807 -20.980209734096373 3
      vertex -21.352636818452357 -21.11307616300358 0
    endloop
  endfacet
  facet normal -0.48175367410171976 -0.876306680043861 0
    outer loop
      vertex -21.535511769037807 -20.980209734096373 3
      vertex -21.73359727518287 -20.871311305561164 3
      vertex -21.535511769037807 -20.980209734096373 0
    endloop
  endfacet
  facet normal -0.9510565162951535 -0.30901699437494784 0
    outer loop
      vertex -20.826402325401148 -21.83737580516758 0
      vertex -20.756550309968464 -22.05235820310326 3
      vertex -20.826402325401148 -21.83737580516758 3
    endloop
  endfacet
  facet normal 0.9822872507286878 0.1873813145857287 0
    outer loop
      vertex -9.243449690031536 -22.94764179689674 0
      vertex -9.285806462366061 -22.72559982041575 0
      vertex -9.285806462366061 -22.72559982041575 3
    endloop
  endfacet
  facet normal 0.9980267284282716 0.06279051952931228 0
    outer loop
      vertex -9.285806462366061 -22.72559982041575 0
      vertex -9.3 -22.5 0
      vertex -9.3 -22.5 3
    endloop
  endfacet
  facet normal 0.9980267284282716 -0.06279051952931228 0
    outer loop
      vertex -9.3 -22.5 0
      vertex -9.285806462366061 -22.27440017958425 0
      vertex -9.285806462366061 -22.27440017958425 3
    endloop
  endfacet
  facet normal 0.9822872507286878 -0.1873813145857287 0
    outer loop
      vertex -9.285806462366061 -22.27440017958425 0
      vertex -9.243449690031536 -22.05235820310326 0
      vertex -9.243449690031536 -22.05235820310326 3
    endloop
  endfacet
  facet normal 0.5877852522924749 0.8090169943749461 0
    outer loop
      vertex -8.464488230962194 -24.019790265903627 0
      vertex -8.647363181547641 -23.88692383699642 0
      vertex -8.464488230962194 -24.019790265903627 3
    endloop
  endfacet
  facet normal 0.48175367410171643 0.8763066800438629 0
    outer loop
      vertex -8.26640272481713 -24.128688694438836 0
      vertex -8.464488230962194 -24.019790265903627 0
      vertex -8.26640272481713 -24.128688694438836 3
    endloop
  endfacet
  facet normal 0.3681245526846804 0.9297764858882503 0
    outer loop
      vertex -8.056230589874906 -24.211901729331277 0
      vertex -8.26640272481713 -24.128688694438836 0
      vertex -8.056230589874906 -24.211901729331277 3
    endloop
  endfacet
  facet normal 0.24868988716485868 0.9685831611286302 0
    outer loop
      vertex -7.837286366254305 -24.26811705131164 0
      vertex -8.056230589874906 -24.211901729331277 0
      vertex -7.837286366254305 -24.26811705131164 3
    endloop
  endfacet
  facet normal 0.1253332335642988 0.9921147013144785 0
    outer loop
      vertex -7.613022935152765 -24.29644811117089 0
      vertex -7.837286366254305 -24.26811705131164 0
      vertex -7.613022935152765 -24.29644811117089 3
    endloop
  endfacet
  facet normal 0 1 0
    outer loop
      vertex -7.386977064847235 -24.29644811117089 0
      vertex -7.613022935152765 -24.29644811117089 0
      vertex -7.386977064847235 -24.29644811117089 3
    endloop
  endfacet
  facet normal -0.1253332335642988 0.9921147013144785 0
    outer loop
      vertex -7.162713633745695 -24.26811705131164 0
      vertex -7.386977064847235 -24.29644811117089 0
      vertex -7.162713633745695 -24.26811705131164 3
    endloop
  endfacet
  facet normal -0.24868988716485868 0.9685831611286302 0
    outer loop
      vertex -6.943769410125094 -24.211901729331277 0
      vertex -7.162713633745695 -24.26811705131164 0
      vertex -6.943769410125094 -24.211901729331277 3
    endloop
  endfacet
  facet normal 0.6845471059286872 0.7289686274214128 0
    outer loop
      vertex -8.647363181547641 -23.88692383699642 0
      vertex -8.812143529358542 -23.73218479067164 0
      vertex -8.647363181547641 -23.88692383699642 3
    endloop
  endfacet
  facet normal 0.7705132427757861 0.6374239897486934 0
    outer loop
      vertex -8.812143529358542 -23.73218479067164 0
      vertex -8.956230589874906 -23.558013454126453 0
      vertex -8.956230589874906 -23.558013454126453 3
    endloop
  endfacet
  facet normal 0.8443279255020157 0.5358267949789955 0
    outer loop
      vertex -8.956230589874906 -23.558013454126453 0
      vertex -9.077352024078955 -23.367156613383088 0
      vertex -9.077352024078955 -23.367156613383088 3
    endloop
  endfacet
  facet normal 0.9048270524660205 0.4257792915650706 0
    outer loop
      vertex -9.077352024078955 -23.367156613383088 0
      vertex -9.173597674598852 -23.16262419483242 0
      vertex -9.173597674598852 -23.16262419483242 3
    endloop
  endfacet
  facet normal 0.9510565162951535 0.30901699437494784 0
    outer loop
      vertex -9.173597674598852 -23.16262419483242 0
      vertex -9.243449690031536 -22.94764179689674 0
      vertex -9.243449690031536 -22.94764179689674 3
    endloop
  endfacet
  facet normal -0.3681245526846804 0.9297764858882503 0
    outer loop
      vertex -6.73359727518287 -24.128688694438836 0
      vertex -6.943769410125094 -24.211901729331277 0
      vertex -6.73359727518287 -24.128688694438836 3
    endloop
  endfacet
  facet normal -0.48175367410171976 0.876306680043861 0
    outer loop
      vertex -6.535511769037807 -24.019790265903627 0
      vertex -6.73359727518287 -24.128688694438836 0
      vertex -6.535511769037807 -24.019790265903627 3
    endloop
  endfacet
  facet normal -0.5877852522924694 0.8090169943749502 0
    outer loop
      vertex -6.352636818452358 -23.88692383699642 0
      vertex -6.535511769037807 -24.019790265903627 0
      vertex -6.352636818452358 -23.88692383699642 3
    endloop
  endfacet
  facet normal -0.6845471059286913 0.7289686274214092 0
    outer loop
      vertex -6.187856470641459 -23.73218479067164 0
      vertex -6.352636818452358 -23.88692383699642 0
      vertex -6.187856470641459 -23.73218479067164 3
    endloop
  endfacet
  facet normal -0.7705132427757841 0.6374239897486956 0
    outer loop
      vertex -6.187856470641459 -23.73218479067164 0
      vertex -6.187856470641459 -23.73218479067164 3
      vertex -6.043769410125094 -23.558013454126453 0
    endloop
  endfacet
  facet normal -0.8443279255020175 0.5358267949789928 0
    outer loop
      vertex -5.922647975921046 -23.367156613383088 0
      vertex -6.043769410125094 -23.558013454126453 0
      vertex -6.043769410125094 -23.558013454126453 3
    endloop
  endfacet
  facet normal -0.904827052466019 0.4257792915650739 0
    outer loop
      vertex -5.826402325401148 -23.16262419483242 0
      vertex -5.922647975921046 -23.367156613383088 0
      vertex -5.922647975921046 -23.367156613383088 3
    endloop
  endfacet
  facet normal -0.9510565162951535 0.30901699437494784 0
    outer loop
      vertex -5.756550309968464 -22.94764179689674 0
      vertex -5.826402325401148 -23.16262419483242 0
      vertex -5.826402325401148 -23.16262419483242 3
    endloop
  endfacet
  facet normal -0.9822872507286887 0.18738131458572493 0
    outer loop
      vertex -5.71419353763394 -22.72559982041575 0
      vertex -5.756550309968464 -22.94764179689674 0
      vertex -5.756550309968464 -22.94764179689674 3
    endloop
  endfacet
  facet normal -0.9980267284282716 0.06279051952931228 0
    outer loop
      vertex -5.7 -22.5 0
      vertex -5.71419353763394 -22.72559982041575 0
      vertex -5.71419353763394 -22.72559982041575 3
    endloop
  endfacet
  facet normal -0.9980267284282716 -0.06279051952931228 0
    outer loop
      vertex -5.71419353763394 -22.27440017958425 0
      vertex -5.7 -22.5 0
      vertex -5.7 -22.5 3
    endloop
  endfacet
  facet normal -0.9822872507286887 -0.18738131458572493 0
    outer loop
      vertex -5.756550309968464 -22.05235820310326 0
      vertex -5.71419353763394 -22.27440017958425 0
      vertex -5.71419353763394 -22.27440017958425 3
    endloop
  endfacet
  facet normal 0.9510565162951535 -0.30901699437494784 0
    outer loop
      vertex -9.243449690031536 -22.05235820310326 0
      vertex -9.173597674598852 -21.83737580516758 0
      vertex -9.173597674598852 -21.83737580516758 3
    endloop
  endfacet
  facet normal 0.9048270524660205 -0.4257792915650706 0
    outer loop
      vertex -9.173597674598852 -21.83737580516758 0
      vertex -9.077352024078955 -21.632843386616912 0
      vertex -9.077352024078955 -21.632843386616912 3
    endloop
  endfacet
  facet normal 0.8443279255020157 -0.5358267949789955 0
    outer loop
      vertex -9.077352024078955 -21.632843386616912 0
      vertex -8.956230589874906 -21.441986545873547 0
      vertex -8.956230589874906 -21.441986545873547 3
    endloop
  endfacet
  facet normal 0.7705132427757861 -0.6374239897486934 0
    outer loop
      vertex -8.956230589874906 -21.441986545873547 0
      vertex -8.812143529358542 -21.26781520932836 0
      vertex -8.812143529358542 -21.26781520932836 3
    endloop
  endfacet
  facet normal 0.6845471059286872 -0.7289686274214128 0
    outer loop
      vertex -8.812143529358542 -21.26781520932836 0
      vertex -8.647363181547641 -21.11307616300358 0
      vertex -8.812143529358542 -21.26781520932836 3
    endloop
  endfacet
  facet normal 0.5877852522924749 -0.8090169943749461 0
    outer loop
      vertex -8.647363181547641 -21.11307616300358 0
      vertex -8.464488230962194 -20.980209734096373 0
      vertex -8.647363181547641 -21.11307616300358 3
    endloop
  endfacet
  facet normal 0.48175367410171643 -0.8763066800438629 0
    outer loop
      vertex -8.464488230962194 -20.980209734096373 0
      vertex -8.26640272481713 -20.871311305561164 0
      vertex -8.464488230962194 -20.980209734096373 3
    endloop
  endfacet
  facet normal 0.3681245526846804 -0.9297764858882503 0
    outer loop
      vertex -8.26640272481713 -20.871311305561164 0
      vertex -8.056230589874906 -20.788098270668723 0
      vertex -8.26640272481713 -20.871311305561164 3
    endloop
  endfacet
  facet normal 0.24868988716485774 -0.9685831611286304 0
    outer loop
      vertex -8.056230589874906 -20.788098270668723 0
      vertex -7.837286366254304 -20.73188294868836 0
      vertex -8.056230589874906 -20.788098270668723 3
    endloop
  endfacet
  facet normal 0.1253332335642988 -0.9921147013144785 0
    outer loop
      vertex -7.837286366254304 -20.73188294868836 0
      vertex -7.613022935152764 -20.70355188882911 0
      vertex -7.837286366254304 -20.73188294868836 3
    endloop
  endfacet
  facet normal 0 -1 0
    outer loop
      vertex -7.613022935152764 -20.70355188882911 0
      vertex -7.386977064847236 -20.70355188882911 0
      vertex -7.613022935152764 -20.70355188882911 3
    endloop
  endfacet
  facet normal -0.24868988716485774 -0.9685831611286304 0
    outer loop
      vertex -7.162713633745696 -20.73188294868836 0
      vertex -6.943769410125094 -20.788098270668723 0
      vertex -7.162713633745696 -20.73188294868836 3
    endloop
  endfacet
  facet normal -0.1253332335642988 -0.9921147013144785 0
    outer loop
      vertex -7.386977064847236 -20.70355188882911 0
      vertex -7.162713633745696 -20.73188294868836 0
      vertex -7.386977064847236 -20.70355188882911 3
    endloop
  endfacet
  facet normal -0.904827052466019 -0.4257792915650739 0
    outer loop
      vertex -5.922647975921046 -21.632843386616912 0
      vertex -5.826402325401148 -21.83737580516758 0
      vertex -5.826402325401148 -21.83737580516758 3
    endloop
  endfacet
  facet normal -0.7705132427757841 -0.6374239897486956 0
    outer loop
      vertex -6.187856470641459 -21.26781520932836 0
      vertex -6.043769410125094 -21.441986545873547 0
      vertex -6.043769410125094 -21.441986545873547 3
    endloop
  endfacet
  facet normal -0.8443279255020175 -0.5358267949789928 0
    outer loop
      vertex -6.043769410125094 -21.441986545873547 0
      vertex -5.922647975921046 -21.632843386616912 0
      vertex -5.922647975921046 -21.632843386616912 3
    endloop
  endfacet
  facet normal -0.3681245526846791 -0.9297764858882509 0
    outer loop
      vertex -6.943769410125094 -20.788098270668723 0
      vertex -6.733597275182869 -20.871311305561164 0
      vertex -6.943769410125094 -20.788098270668723 3
    endloop
  endfacet
  facet normal -0.4817536741017181 -0.876306680043862 0
    outer loop
      vertex -6.733597275182869 -20.871311305561164 0
      vertex -6.5355117690378055 -20.980209734096373 0
      vertex -6.733597275182869 -20.871311305561164 3
    endloop
  endfacet
  facet normal -0.5877852522924749 -0.8090169943749461 0
    outer loop
      vertex -6.5355117690378055 -20.980209734096373 0
      vertex -6.352636818452359 -21.11307616300358 0
      vertex -6.5355117690378055 -20.980209734096373 3
    endloop
  endfacet
  facet normal -0.6845471059286893 -0.728968627421411 0
    outer loop
      vertex -6.352636818452359 -21.11307616300358 0
      vertex -6.187856470641459 -21.26781520932836 0
      vertex -6.352636818452359 -21.11307616300358 3
    endloop
  endfacet
  facet normal -0.9510565162951535 -0.30901699437494784 0
    outer loop
      vertex -5.826402325401148 -21.83737580516758 0
      vertex -5.756550309968464 -22.05235820310326 0
      vertex -5.756550309968464 -22.05235820310326 3
    endloop
  endfacet
  facet normal 0.9822872507286878 0.1873813145857287 0
    outer loop
      vertex -9.243449690031536 -22.94764179689674 0
      vertex -9.285806462366061 -22.72559982041575 3
      vertex -9.243449690031536 -22.94764179689674 3
    endloop
  endfacet
  facet normal 0.9980267284282716 0.06279051952931228 0
    outer loop
      vertex -9.285806462366061 -22.72559982041575 0
      vertex -9.3 -22.5 3
      vertex -9.285806462366061 -22.72559982041575 3
    endloop
  endfacet
  facet normal 0.9980267284282716 -0.06279051952931228 0
    outer loop
      vertex -9.3 -22.5 0
      vertex -9.285806462366061 -22.27440017958425 3
      vertex -9.3 -22.5 3
    endloop
  endfacet
  facet normal 0.9822872507286878 -0.1873813145857287 0
    outer loop
      vertex -9.285806462366061 -22.27440017958425 0
      vertex -9.243449690031536 -22.05235820310326 3
      vertex -9.285806462366061 -22.27440017958425 3
    endloop
  endfacet
  facet normal 0.48175367410171643 0.8763066800438629 0
    outer loop
      vertex -8.464488230962194 -24.019790265903627 3
      vertex -8.26640272481713 -24.128688694438836 3
      vertex -8.464488230962194 -24.019790265903627 0
    endloop
  endfacet
  facet normal 0.3681245526846804 0.9297764858882503 0
    outer loop
      vertex -8.26640272481713 -24.128688694438836 3
      vertex -8.056230589874906 -24.211901729331277 3
      vertex -8.26640272481713 -24.128688694438836 0
    endloop
  endfacet
  facet normal 0.24868988716485868 0.9685831611286302 0
    outer loop
      vertex -8.056230589874906 -24.211901729331277 3
      vertex -7.837286366254305 -24.26811705131164 3
      vertex -8.056230589874906 -24.211901729331277 0
    endloop
  endfacet
  facet normal 0.1253332335642988 0.9921147013144785 0
    outer loop
      vertex -7.837286366254305 -24.26811705131164 3
      vertex -7.613022935152765 -24.29644811117089 3
      vertex -7.837286366254305 -24.26811705131164 0
    endloop
  endfacet
  facet normal 0 1 0
    outer loop
      vertex -7.613022935152765 -24.29644811117089 3
      vertex -7.386977064847235 -24.29644811117089 3
      vertex -7.613022935152765 -24.29644811117089 0
    endloop
  endfacet
  facet normal -0.1253332335642988 0.9921147013144785 0
    outer loop
      vertex -7.386977064847235 -24.29644811117089 3
      vertex -7.162713633745695 -24.26811705131164 3
      vertex -7.386977064847235 -24.29644811117089 0
    endloop
  endfacet
  facet normal -0.24868988716485868 0.9685831611286302 0
    outer loop
      vertex -7.162713633745695 -24.26811705131164 3
      vertex -6.943769410125094 -24.211901729331277 3
      vertex -7.162713633745695 -24.26811705131164 0
    endloop
  endfacet
  facet normal 0.6845471059286872 0.7289686274214128 0
    outer loop
      vertex -8.812143529358542 -23.73218479067164 3
      vertex -8.647363181547641 -23.88692383699642 3
      vertex -8.812143529358542 -23.73218479067164 0
    endloop
  endfacet
  facet normal 0.7705132427757861 0.6374239897486934 0
    outer loop
      vertex -8.812143529358542 -23.73218479067164 0
      vertex -8.956230589874906 -23.558013454126453 3
      vertex -8.812143529358542 -23.73218479067164 3
    endloop
  endfacet
  facet normal 0.9048270524660205 0.4257792915650706 0
    outer loop
      vertex -9.077352024078955 -23.367156613383088 0
      vertex -9.173597674598852 -23.16262419483242 3
      vertex -9.077352024078955 -23.367156613383088 3
    endloop
  endfacet
  facet normal 0.8443279255020157 0.5358267949789955 0
    outer loop
      vertex -8.956230589874906 -23.558013454126453 0
      vertex -9.077352024078955 -23.367156613383088 3
      vertex -8.956230589874906 -23.558013454126453 3
    endloop
  endfacet
  facet normal 0.9510565162951535 0.30901699437494784 0
    outer loop
      vertex -9.173597674598852 -23.16262419483242 0
      vertex -9.243449690031536 -22.94764179689674 3
      vertex -9.173597674598852 -23.16262419483242 3
    endloop
  endfacet
  facet normal 0.5877852522924749 0.8090169943749461 0
    outer loop
      vertex -8.647363181547641 -23.88692383699642 3
      vertex -8.464488230962194 -24.019790265903627 3
      vertex -8.647363181547641 -23.88692383699642 0
    endloop
  endfacet
  facet normal -0.3681245526846804 0.9297764858882503 0
    outer loop
      vertex -6.943769410125094 -24.211901729331277 3
      vertex -6.73359727518287 -24.128688694438836 3
      vertex -6.943769410125094 -24.211901729331277 0
    endloop
  endfacet
  facet normal -0.48175367410171976 0.876306680043861 0
    outer loop
      vertex -6.73359727518287 -24.128688694438836 3
      vertex -6.535511769037807 -24.019790265903627 3
      vertex -6.73359727518287 -24.128688694438836 0
    endloop
  endfacet
  facet normal -0.5877852522924694 0.8090169943749502 0
    outer loop
      vertex -6.535511769037807 -24.019790265903627 3
      vertex -6.352636818452358 -23.88692383699642 3
      vertex -6.535511769037807 -24.019790265903627 0
    endloop
  endfacet
  facet normal -0.6845471059286913 0.7289686274214092 0
    outer loop
      vertex -6.352636818452358 -23.88692383699642 3
      vertex -6.187856470641459 -23.73218479067164 3
      vertex -6.352636818452358 -23.88692383699642 0
    endloop
  endfacet
  facet normal -0.7705132427757841 0.6374239897486956 0
    outer loop
      vertex -6.043769410125094 -23.558013454126453 0
      vertex -6.187856470641459 -23.73218479067164 3
      vertex -6.043769410125094 -23.558013454126453 3
    endloop
  endfacet
  facet normal -0.8443279255020175 0.5358267949789928 0
    outer loop
      vertex -5.922647975921046 -23.367156613383088 0
      vertex -6.043769410125094 -23.558013454126453 3
      vertex -5.922647975921046 -23.367156613383088 3
    endloop
  endfacet
  facet normal -0.904827052466019 0.4257792915650739 0
    outer loop
      vertex -5.826402325401148 -23.16262419483242 0
      vertex -5.922647975921046 -23.367156613383088 3
      vertex -5.826402325401148 -23.16262419483242 3
    endloop
  endfacet
  facet normal -0.9510565162951535 0.30901699437494784 0
    outer loop
      vertex -5.756550309968464 -22.94764179689674 0
      vertex -5.826402325401148 -23.16262419483242 3
      vertex -5.756550309968464 -22.94764179689674 3
    endloop
  endfacet
  facet normal -0.9822872507286887 0.18738131458572493 0
    outer loop
      vertex -5.71419353763394 -22.72559982041575 0
      vertex -5.756550309968464 -22.94764179689674 3
      vertex -5.71419353763394 -22.72559982041575 3
    endloop
  endfacet
  facet normal -0.9980267284282716 0.06279051952931228 0
    outer loop
      vertex -5.7 -22.5 0
      vertex -5.71419353763394 -22.72559982041575 3
      vertex -5.7 -22.5 3
    endloop
  endfacet
  facet normal -0.9980267284282716 -0.06279051952931228 0
    outer loop
      vertex -5.71419353763394 -22.27440017958425 0
      vertex -5.7 -22.5 3
      vertex -5.71419353763394 -22.27440017958425 3
    endloop
  endfacet
  facet normal -0.9822872507286887 -0.18738131458572493 0
    outer loop
      vertex -5.756550309968464 -22.05235820310326 0
      vertex -5.71419353763394 -22.27440017958425 3
      vertex -5.756550309968464 -22.05235820310326 3
    endloop
  endfacet
  facet normal 0.9510565162951535 -0.30901699437494784 0
    outer loop
      vertex -9.243449690031536 -22.05235820310326 0
      vertex -9.173597674598852 -21.83737580516758 3
      vertex -9.243449690031536 -22.05235820310326 3
    endloop
  endfacet
  facet normal 0.9048270524660205 -0.4257792915650706 0
    outer loop
      vertex -9.173597674598852 -21.83737580516758 0
      vertex -9.077352024078955 -21.632843386616912 3
      vertex -9.173597674598852 -21.83737580516758 3
    endloop
  endfacet
  facet normal 0.8443279255020157 -0.5358267949789955 0
    outer loop
      vertex -9.077352024078955 -21.632843386616912 0
      vertex -8.956230589874906 -21.441986545873547 3
      vertex -9.077352024078955 -21.632843386616912 3
    endloop
  endfacet
  facet normal 0.7705132427757861 -0.6374239897486934 0
    outer loop
      vertex -8.956230589874906 -21.441986545873547 0
      vertex -8.812143529358542 -21.26781520932836 3
      vertex -8.956230589874906 -21.441986545873547 3
    endloop
  endfacet
  facet normal 0.6845471059286872 -0.7289686274214128 0
    outer loop
      vertex -8.647363181547641 -21.11307616300358 3
      vertex -8.812143529358542 -21.26781520932836 3
      vertex -8.647363181547641 -21.11307616300358 0
    endloop
  endfacet
  facet normal 0.5877852522924749 -0.8090169943749461 0
    outer loop
      vertex -8.464488230962194 -20.980209734096373 3
      vertex -8.647363181547641 -21.11307616300358 3
      vertex -8.464488230962194 -20.980209734096373 0
    endloop
  endfacet
  facet normal 0.48175367410171643 -0.8763066800438629 0
    outer loop
      vertex -8.26640272481713 -20.871311305561164 3
      vertex -8.464488230962194 -20.980209734096373 3
      vertex -8.26640272481713 -20.871311305561164 0
    endloop
  endfacet
  facet normal 0.3681245526846804 -0.9297764858882503 0
    outer loop
      vertex -8.056230589874906 -20.788098270668723 3
      vertex -8.26640272481713 -20.871311305561164 3
      vertex -8.056230589874906 -20.788098270668723 0
    endloop
  endfacet
  facet normal 0.24868988716485774 -0.9685831611286304 0
    outer loop
      vertex -7.837286366254304 -20.73188294868836 3
      vertex -8.056230589874906 -20.788098270668723 3
      vertex -7.837286366254304 -20.73188294868836 0
    endloop
  endfacet
  facet normal 0.1253332335642988 -0.9921147013144785 0
    outer loop
      vertex -7.613022935152764 -20.70355188882911 3
      vertex -7.837286366254304 -20.73188294868836 3
      vertex -7.613022935152764 -20.70355188882911 0
    endloop
  endfacet
  facet normal -0.24868988716485774 -0.9685831611286304 0
    outer loop
      vertex -6.943769410125094 -20.788098270668723 3
      vertex -7.162713633745696 -20.73188294868836 3
      vertex -6.943769410125094 -20.788098270668723 0
    endloop
  endfacet
  facet normal 0 -1 0
    outer loop
      vertex -7.386977064847236 -20.70355188882911 3
      vertex -7.613022935152764 -20.70355188882911 3
      vertex -7.386977064847236 -20.70355188882911 0
    endloop
  endfacet
  facet normal -0.1253332335642988 -0.9921147013144785 0
    outer loop
      vertex -7.162713633745696 -20.73188294868836 3
      vertex -7.386977064847236 -20.70355188882911 3
      vertex -7.162713633745696 -20.73188294868836 0
    endloop
  endfacet
  facet normal -0.9510565162951535 -0.30901699437494784 0
    outer loop
      vertex -5.826402325401148 -21.83737580516758 0
      vertex -5.756550309968464 -22.05235820310326 3
      vertex -5.826402325401148 -21.83737580516758 3
    endloop
  endfacet
  facet normal -0.904827052466019 -0.4257792915650739 0
    outer loop
      vertex -5.922647975921046 -21.632843386616912 0
      vertex -5.826402325401148 -21.83737580516758 3
      vertex -5.922647975921046 -21.632843386616912 3
    endloop
  endfacet
  facet normal -0.6845471059286893 -0.728968627421411 0
    outer loop
      vertex -6.187856470641459 -21.26781520932836 0
      vertex -6.187856470641459 -21.26781520932836 3
      vertex -6.352636818452359 -21.11307616300358 3
    endloop
  endfacet
  facet normal -0.7705132427757841 -0.6374239897486956 0
    outer loop
      vertex -6.187856470641459 -21.26781520932836 0
      vertex -6.043769410125094 -21.441986545873547 3
      vertex -6.187856470641459 -21.26781520932836 3
    endloop
  endfacet
  facet normal -0.8443279255020175 -0.5358267949789928 0
    outer loop
      vertex -6.043769410125094 -21.441986545873547 0
      vertex -5.922647975921046 -21.632843386616912 3
      vertex -6.043769410125094 -21.441986545873547 3
    endloop
  endfacet
  facet normal -0.3681245526846791 -0.9297764858882509 0
    outer loop
      vertex -6.733597275182869 -20.871311305561164 3
      vertex -6.943769410125094 -20.788098270668723 3
      vertex -6.733597275182869 -20.871311305561164 0
    endloop
  endfacet
  facet normal -0.5877852522924749 -0.8090169943749461 0
    outer loop
      vertex -6.352636818452359 -21.11307616300358 3
      vertex -6.5355117690378055 -20.980209734096373 3
      vertex -6.352636818452359 -21.11307616300358 0
    endloop
  endfacet
  facet normal -0.4817536741017181 -0.876306680043862 0
    outer loop
      vertex -6.5355117690378055 -20.980209734096373 3
      vertex -6.733597275182869 -20.871311305561164 3
      vertex -6.5355117690378055 -20.980209734096373 0
    endloop
  endfacet
  facet normal 0.5877852522924749 0.8090169943749461 0
    outer loop
      vertex 6.5355117690378055 -24.019790265903627 0
      vertex 6.352636818452359 -23.88692383699642 0
      vertex 6.5355117690378055 -24.019790265903627 3
    endloop
  endfacet
  facet normal 0.48175367410171643 0.8763066800438629 0
    outer loop
      vertex 6.73359727518287 -24.128688694438836 0
      vertex 6.5355117690378055 -24.019790265903627 0
      vertex 6.73359727518287 -24.128688694438836 3
    endloop
  endfacet
  facet normal 0.3681245526846804 0.9297764858882503 0
    outer loop
      vertex 6.943769410125094 -24.211901729331277 0
      vertex 6.73359727518287 -24.128688694438836 0
      vertex 6.943769410125094 -24.211901729331277 3
    endloop
  endfacet
  facet normal 0.9510565162951535 0.30901699437494784 0
    outer loop
      vertex 5.826402325401148 -23.16262419483242 0
      vertex 5.756550309968464 -22.94764179689674 0
      vertex 5.756550309968464 -22.94764179689674 3
    endloop
  endfacet
  facet normal 0.9822872507286887 0.18738131458572493 0
    outer loop
      vertex 5.756550309968464 -22.94764179689674 0
      vertex 5.71419353763394 -22.72559982041575 0
      vertex 5.71419353763394 -22.72559982041575 3
    endloop
  endfacet
  facet normal 0.9980267284282716 0.06279051952931228 0
    outer loop
      vertex 5.71419353763394 -22.72559982041575 0
      vertex 5.7 -22.5 0
      vertex 5.7 -22.5 3
    endloop
  endfacet
  facet normal 0.9980267284282716 -0.06279051952931228 0
    outer loop
      vertex 5.7 -22.5 0
      vertex 5.71419353763394 -22.27440017958425 0
      vertex 5.71419353763394 -22.27440017958425 3
    endloop
  endfacet
  facet normal 0.9822872507286887 -0.18738131458572493 0
    outer loop
      vertex 5.71419353763394 -22.27440017958425 0
      vertex 5.756550309968464 -22.05235820310326 0
      vertex 5.756550309968464 -22.05235820310326 3
    endloop
  endfacet
  facet normal 0.6845471059286893 0.728968627421411 0
    outer loop
      vertex 6.352636818452359 -23.88692383699642 0
      vertex 6.187856470641459 -23.73218479067164 0
      vertex 6.352636818452359 -23.88692383699642 3
    endloop
  endfacet
  facet normal 0.7705132427757841 0.6374239897486956 0
    outer loop
      vertex 6.187856470641459 -23.73218479067164 0
      vertex 6.043769410125094 -23.558013454126453 0
      vertex 6.043769410125094 -23.558013454126453 3
    endloop
  endfacet
  facet normal 0.8443279255020175 0.5358267949789928 0
    outer loop
      vertex 6.043769410125094 -23.558013454126453 0
      vertex 5.922647975921046 -23.367156613383088 0
      vertex 5.922647975921046 -23.367156613383088 3
    endloop
  endfacet
  facet normal 0.904827052466019 0.4257792915650739 0
    outer loop
      vertex 5.922647975921046 -23.367156613383088 0
      vertex 5.826402325401148 -23.16262419483242 0
      vertex 5.826402325401148 -23.16262419483242 3
    endloop
  endfacet
  facet normal 0.24868988716485868 0.9685831611286302 0
    outer loop
      vertex 7.162713633745695 -24.26811705131164 0
      vertex 6.943769410125094 -24.211901729331277 0
      vertex 7.162713633745695 -24.26811705131164 3
    endloop
  endfacet
  facet normal 0.1253332335642988 0.9921147013144785 0
    outer loop
      vertex 7.386977064847235 -24.29644811117089 0
      vertex 7.162713633745695 -24.26811705131164 0
      vertex 7.386977064847235 -24.29644811117089 3
    endloop
  endfacet
  facet normal 0 1 0
    outer loop
      vertex 7.613022935152765 -24.29644811117089 0
      vertex 7.386977064847235 -24.29644811117089 0
      vertex 7.613022935152765 -24.29644811117089 3
    endloop
  endfacet
  facet normal -0.1253332335642988 0.9921147013144785 0
    outer loop
      vertex 7.837286366254305 -24.26811705131164 0
      vertex 7.613022935152765 -24.29644811117089 0
      vertex 7.837286366254305 -24.26811705131164 3
    endloop
  endfacet
  facet normal -0.24868988716485868 0.9685831611286302 0
    outer loop
      vertex 8.056230589874906 -24.211901729331277 0
      vertex 7.837286366254305 -24.26811705131164 0
      vertex 8.056230589874906 -24.211901729331277 3
    endloop
  endfacet
  facet normal -0.3681245526846804 0.9297764858882503 0
    outer loop
      vertex 8.26640272481713 -24.128688694438836 0
      vertex 8.056230589874906 -24.211901729331277 0
      vertex 8.26640272481713 -24.128688694438836 3
    endloop
  endfacet
  facet normal -0.48175367410171976 0.876306680043861 0
    outer loop
      vertex 8.464488230962193 -24.019790265903627 0
      vertex 8.26640272481713 -24.128688694438836 0
      vertex 8.464488230962193 -24.019790265903627 3
    endloop
  endfacet
  facet normal -0.5877852522924711 0.8090169943749488 0
    outer loop
      vertex 8.647363181547641 -23.88692383699642 0
      vertex 8.464488230962193 -24.019790265903627 0
      vertex 8.647363181547641 -23.88692383699642 3
    endloop
  endfacet
  facet normal -0.6845471059286872 0.7289686274214128 0
    outer loop
      vertex 8.812143529358542 -23.73218479067164 0
      vertex 8.647363181547641 -23.88692383699642 0
      vertex 8.812143529358542 -23.73218479067164 3
    endloop
  endfacet
  facet normal -0.7705132427757861 0.6374239897486934 0
    outer loop
      vertex 8.812143529358542 -23.73218479067164 0
      vertex 8.812143529358542 -23.73218479067164 3
      vertex 8.956230589874906 -23.558013454126453 0
    endloop
  endfacet
  facet normal -0.8443279255020157 0.5358267949789955 0
    outer loop
      vertex 9.077352024078955 -23.367156613383088 0
      vertex 8.956230589874906 -23.558013454126453 0
      vertex 8.956230589874906 -23.558013454126453 3
    endloop
  endfacet
  facet normal -0.9048270524660205 0.4257792915650706 0
    outer loop
      vertex 9.173597674598852 -23.16262419483242 0
      vertex 9.077352024078955 -23.367156613383088 0
      vertex 9.077352024078955 -23.367156613383088 3
    endloop
  endfacet
  facet normal -0.9510565162951535 0.30901699437494784 0
    outer loop
      vertex 9.243449690031536 -22.94764179689674 0
      vertex 9.173597674598852 -23.16262419483242 0
      vertex 9.173597674598852 -23.16262419483242 3
    endloop
  endfacet
  facet normal 0.9510565162951535 -0.30901699437494784 0
    outer loop
      vertex 5.756550309968464 -22.05235820310326 0
      vertex 5.826402325401148 -21.83737580516758 0
      vertex 5.826402325401148 -21.83737580516758 3
    endloop
  endfacet
  facet normal 0.904827052466019 -0.4257792915650739 0
    outer loop
      vertex 5.826402325401148 -21.83737580516758 0
      vertex 5.922647975921046 -21.632843386616912 0
      vertex 5.922647975921046 -21.632843386616912 3
    endloop
  endfacet
  facet normal 0.8443279255020175 -0.5358267949789928 0
    outer loop
      vertex 5.922647975921046 -21.632843386616912 0
      vertex 6.043769410125094 -21.441986545873547 0
      vertex 6.043769410125094 -21.441986545873547 3
    endloop
  endfacet
  facet normal 0.7705132427757841 -0.6374239897486956 0
    outer loop
      vertex 6.043769410125094 -21.441986545873547 0
      vertex 6.187856470641459 -21.26781520932836 0
      vertex 6.187856470641459 -21.26781520932836 3
    endloop
  endfacet
  facet normal 0.6845471059286893 -0.728968627421411 0
    outer loop
      vertex 6.187856470641459 -21.26781520932836 0
      vertex 6.352636818452359 -21.11307616300358 0
      vertex 6.187856470641459 -21.26781520932836 3
    endloop
  endfacet
  facet normal 0.5877852522924749 -0.8090169943749461 0
    outer loop
      vertex 6.352636818452359 -21.11307616300358 0
      vertex 6.5355117690378055 -20.980209734096373 0
      vertex 6.352636818452359 -21.11307616300358 3
    endloop
  endfacet
  facet normal 0.4817536741017181 -0.876306680043862 0
    outer loop
      vertex 6.5355117690378055 -20.980209734096373 0
      vertex 6.733597275182869 -20.871311305561164 0
      vertex 6.5355117690378055 -20.980209734096373 3
    endloop
  endfacet
  facet normal 0.3681245526846791 -0.9297764858882509 0
    outer loop
      vertex 6.733597275182869 -20.871311305561164 0
      vertex 6.943769410125094 -20.788098270668723 0
      vertex 6.733597275182869 -20.871311305561164 3
    endloop
  endfacet
  facet normal 0.24868988716485774 -0.9685831611286304 0
    outer loop
      vertex 6.943769410125094 -20.788098270668723 0
      vertex 7.162713633745696 -20.73188294868836 0
      vertex 6.943769410125094 -20.788098270668723 3
    endloop
  endfacet
  facet normal 0.1253332335642988 -0.9921147013144785 0
    outer loop
      vertex 7.162713633745696 -20.73188294868836 0
      vertex 7.386977064847236 -20.70355188882911 0
      vertex 7.162713633745696 -20.73188294868836 3
    endloop
  endfacet
  facet normal 0 -1 0
    outer loop
      vertex 7.386977064847236 -20.70355188882911 0
      vertex 7.613022935152764 -20.70355188882911 0
      vertex 7.386977064847236 -20.70355188882911 3
    endloop
  endfacet
  facet normal -0.24868988716485774 -0.9685831611286304 0
    outer loop
      vertex 7.837286366254304 -20.73188294868836 0
      vertex 8.056230589874906 -20.788098270668723 0
      vertex 7.837286366254304 -20.73188294868836 3
    endloop
  endfacet
  facet normal -0.1253332335642988 -0.9921147013144785 0
    outer loop
      vertex 7.613022935152764 -20.70355188882911 0
      vertex 7.837286366254304 -20.73188294868836 0
      vertex 7.613022935152764 -20.70355188882911 3
    endloop
  endfacet
  facet normal -0.9510565162951535 -0.30901699437494784 0
    outer loop
      vertex 9.173597674598852 -21.83737580516758 0
      vertex 9.243449690031536 -22.05235820310326 0
      vertex 9.243449690031536 -22.05235820310326 3
    endloop
  endfacet
  facet normal -0.9048270524660205 -0.4257792915650706 0
    outer loop
      vertex 9.077352024078955 -21.632843386616912 0
      vertex 9.173597674598852 -21.83737580516758 0
      vertex 9.173597674598852 -21.83737580516758 3
    endloop
  endfacet
  facet normal -0.7705132427757823 -0.637423989748698 0
    outer loop
      vertex 8.81214352935854 -21.26781520932836 0
      vertex 8.956230589874906 -21.441986545873547 0
      vertex 8.956230589874906 -21.441986545873547 3
    endloop
  endfacet
  facet normal -0.8443279255020157 -0.5358267949789955 0
    outer loop
      vertex 8.956230589874906 -21.441986545873547 0
      vertex 9.077352024078955 -21.632843386616912 0
      vertex 9.077352024078955 -21.632843386616912 3
    endloop
  endfacet
  facet normal -0.3681245526846804 -0.9297764858882503 0
    outer loop
      vertex 8.056230589874906 -20.788098270668723 0
      vertex 8.26640272481713 -20.871311305561164 0
      vertex 8.056230589874906 -20.788098270668723 3
    endloop
  endfacet
  facet normal -0.48175367410171643 -0.8763066800438629 0
    outer loop
      vertex 8.26640272481713 -20.871311305561164 0
      vertex 8.464488230962194 -20.980209734096373 0
      vertex 8.26640272481713 -20.871311305561164 3
    endloop
  endfacet
  facet normal -0.5877852522924749 -0.8090169943749461 0
    outer loop
      vertex 8.464488230962194 -20.980209734096373 0
      vertex 8.647363181547641 -21.11307616300358 0
      vertex 8.464488230962194 -20.980209734096373 3
    endloop
  endfacet
  facet normal -0.6845471059286913 -0.7289686274214092 0
    outer loop
      vertex 8.647363181547641 -21.11307616300358 0
      vertex 8.81214352935854 -21.26781520932836 0
      vertex 8.647363181547641 -21.11307616300358 3
    endloop
  endfacet
  facet normal -0.9822872507286878 0.1873813145857287 0
    outer loop
      vertex 9.285806462366061 -22.72559982041575 0
      vertex 9.243449690031536 -22.94764179689674 0
      vertex 9.243449690031536 -22.94764179689674 3
    endloop
  endfacet
  facet normal -0.9980267284282716 0.06279051952931228 0
    outer loop
      vertex 9.3 -22.5 0
      vertex 9.285806462366061 -22.72559982041575 0
      vertex 9.285806462366061 -22.72559982041575 3
    endloop
  endfacet
  facet normal -0.9980267284282716 -0.06279051952931228 0
    outer loop
      vertex 9.285806462366061 -22.27440017958425 0
      vertex 9.3 -22.5 0
      vertex 9.3 -22.5 3
    endloop
  endfacet
  facet normal -0.9822872507286878 -0.1873813145857287 0
    outer loop
      vertex 9.243449690031536 -22.05235820310326 0
      vertex 9.285806462366061 -22.27440017958425 0
      vertex 9.285806462366061 -22.27440017958425 3
    endloop
  endfacet
  facet normal 0.48175367410171643 0.8763066800438629 0
    outer loop
      vertex 6.5355117690378055 -24.019790265903627 3
      vertex 6.73359727518287 -24.128688694438836 3
      vertex 6.5355117690378055 -24.019790265903627 0
    endloop
  endfacet
  facet normal 0.3681245526846804 0.9297764858882503 0
    outer loop
      vertex 6.73359727518287 -24.128688694438836 3
      vertex 6.943769410125094 -24.211901729331277 3
      vertex 6.73359727518287 -24.128688694438836 0
    endloop
  endfacet
  facet normal 0.9822872507286887 0.18738131458572493 0
    outer loop
      vertex 5.756550309968464 -22.94764179689674 0
      vertex 5.71419353763394 -22.72559982041575 3
      vertex 5.756550309968464 -22.94764179689674 3
    endloop
  endfacet
  facet normal 0.9980267284282716 0.06279051952931228 0
    outer loop
      vertex 5.71419353763394 -22.72559982041575 0
      vertex 5.7 -22.5 3
      vertex 5.71419353763394 -22.72559982041575 3
    endloop
  endfacet
  facet normal 0.9980267284282716 -0.06279051952931228 0
    outer loop
      vertex 5.7 -22.5 0
      vertex 5.71419353763394 -22.27440017958425 3
      vertex 5.7 -22.5 3
    endloop
  endfacet
  facet normal 0.9822872507286887 -0.18738131458572493 0
    outer loop
      vertex 5.71419353763394 -22.27440017958425 0
      vertex 5.756550309968464 -22.05235820310326 3
      vertex 5.71419353763394 -22.27440017958425 3
    endloop
  endfacet
  facet normal 0.6845471059286893 0.728968627421411 0
    outer loop
      vertex 6.187856470641459 -23.73218479067164 3
      vertex 6.352636818452359 -23.88692383699642 3
      vertex 6.187856470641459 -23.73218479067164 0
    endloop
  endfacet
  facet normal 0.7705132427757841 0.6374239897486956 0
    outer loop
      vertex 6.187856470641459 -23.73218479067164 0
      vertex 6.043769410125094 -23.558013454126453 3
      vertex 6.187856470641459 -23.73218479067164 3
    endloop
  endfacet
  facet normal 0.904827052466019 0.4257792915650739 0
    outer loop
      vertex 5.826402325401148 -23.16262419483242 3
      vertex 5.922647975921046 -23.367156613383088 3
      vertex 5.922647975921046 -23.367156613383088 0
    endloop
  endfacet
  facet normal 0.8443279255020175 0.5358267949789928 0
    outer loop
      vertex 5.922647975921046 -23.367156613383088 3
      vertex 6.043769410125094 -23.558013454126453 3
      vertex 6.043769410125094 -23.558013454126453 0
    endloop
  endfacet
  facet normal 0.9510565162951535 0.30901699437494784 0
    outer loop
      vertex 5.826402325401148 -23.16262419483242 0
      vertex 5.756550309968464 -22.94764179689674 3
      vertex 5.826402325401148 -23.16262419483242 3
    endloop
  endfacet
  facet normal 0.5877852522924749 0.8090169943749461 0
    outer loop
      vertex 6.352636818452359 -23.88692383699642 3
      vertex 6.5355117690378055 -24.019790265903627 3
      vertex 6.352636818452359 -23.88692383699642 0
    endloop
  endfacet
  facet normal 0.24868988716485868 0.9685831611286302 0
    outer loop
      vertex 6.943769410125094 -24.211901729331277 3
      vertex 7.162713633745695 -24.26811705131164 3
      vertex 6.943769410125094 -24.211901729331277 0
    endloop
  endfacet
  facet normal 0.1253332335642988 0.9921147013144785 0
    outer loop
      vertex 7.162713633745695 -24.26811705131164 3
      vertex 7.386977064847235 -24.29644811117089 3
      vertex 7.162713633745695 -24.26811705131164 0
    endloop
  endfacet
  facet normal 0 1 0
    outer loop
      vertex 7.386977064847235 -24.29644811117089 3
      vertex 7.613022935152765 -24.29644811117089 3
      vertex 7.386977064847235 -24.29644811117089 0
    endloop
  endfacet
  facet normal -0.1253332335642988 0.9921147013144785 0
    outer loop
      vertex 7.613022935152765 -24.29644811117089 3
      vertex 7.837286366254305 -24.26811705131164 3
      vertex 7.613022935152765 -24.29644811117089 0
    endloop
  endfacet
  facet normal -0.24868988716485868 0.9685831611286302 0
    outer loop
      vertex 7.837286366254305 -24.26811705131164 3
      vertex 8.056230589874906 -24.211901729331277 3
      vertex 7.837286366254305 -24.26811705131164 0
    endloop
  endfacet
  facet normal -0.3681245526846804 0.9297764858882503 0
    outer loop
      vertex 8.056230589874906 -24.211901729331277 3
      vertex 8.26640272481713 -24.128688694438836 3
      vertex 8.056230589874906 -24.211901729331277 0
    endloop
  endfacet
  facet normal -0.48175367410171976 0.876306680043861 0
    outer loop
      vertex 8.26640272481713 -24.128688694438836 3
      vertex 8.464488230962193 -24.019790265903627 3
      vertex 8.26640272481713 -24.128688694438836 0
    endloop
  endfacet
  facet normal -0.5877852522924711 0.8090169943749488 0
    outer loop
      vertex 8.464488230962193 -24.019790265903627 3
      vertex 8.647363181547641 -23.88692383699642 3
      vertex 8.464488230962193 -24.019790265903627 0
    endloop
  endfacet
  facet normal -0.6845471059286872 0.7289686274214128 0
    outer loop
      vertex 8.647363181547641 -23.88692383699642 3
      vertex 8.812143529358542 -23.73218479067164 3
      vertex 8.647363181547641 -23.88692383699642 0
    endloop
  endfacet
  facet normal -0.7705132427757861 0.6374239897486934 0
    outer loop
      vertex 8.956230589874906 -23.558013454126453 0
      vertex 8.812143529358542 -23.73218479067164 3
      vertex 8.956230589874906 -23.558013454126453 3
    endloop
  endfacet
  facet normal -0.8443279255020157 0.5358267949789955 0
    outer loop
      vertex 9.077352024078955 -23.367156613383088 0
      vertex 8.956230589874906 -23.558013454126453 3
      vertex 9.077352024078955 -23.367156613383088 3
    endloop
  endfacet
  facet normal -0.9048270524660205 0.4257792915650706 0
    outer loop
      vertex 9.173597674598852 -23.16262419483242 0
      vertex 9.077352024078955 -23.367156613383088 3
      vertex 9.173597674598852 -23.16262419483242 3
    endloop
  endfacet
  facet normal -0.9510565162951535 0.30901699437494784 0
    outer loop
      vertex 9.243449690031536 -22.94764179689674 0
      vertex 9.173597674598852 -23.16262419483242 3
      vertex 9.243449690031536 -22.94764179689674 3
    endloop
  endfacet
  facet normal 0.9510565162951535 -0.30901699437494784 0
    outer loop
      vertex 5.756550309968464 -22.05235820310326 0
      vertex 5.826402325401148 -21.83737580516758 3
      vertex 5.756550309968464 -22.05235820310326 3
    endloop
  endfacet
  facet normal 0.904827052466019 -0.4257792915650739 0
    outer loop
      vertex 5.826402325401148 -21.83737580516758 0
      vertex 5.922647975921046 -21.632843386616912 3
      vertex 5.826402325401148 -21.83737580516758 3
    endloop
  endfacet
  facet normal 0.8443279255020175 -0.5358267949789928 0
    outer loop
      vertex 5.922647975921046 -21.632843386616912 0
      vertex 6.043769410125094 -21.441986545873547 3
      vertex 5.922647975921046 -21.632843386616912 3
    endloop
  endfacet
  facet normal 0.7705132427757841 -0.6374239897486956 0
    outer loop
      vertex 6.043769410125094 -21.441986545873547 0
      vertex 6.187856470641459 -21.26781520932836 3
      vertex 6.043769410125094 -21.441986545873547 3
    endloop
  endfacet
  facet normal 0.6845471059286893 -0.728968627421411 0
    outer loop
      vertex 6.352636818452359 -21.11307616300358 3
      vertex 6.187856470641459 -21.26781520932836 3
      vertex 6.352636818452359 -21.11307616300358 0
    endloop
  endfacet
  facet normal 0.5877852522924749 -0.8090169943749461 0
    outer loop
      vertex 6.5355117690378055 -20.980209734096373 3
      vertex 6.352636818452359 -21.11307616300358 3
      vertex 6.5355117690378055 -20.980209734096373 0
    endloop
  endfacet
  facet normal 0.4817536741017181 -0.876306680043862 0
    outer loop
      vertex 6.733597275182869 -20.871311305561164 3
      vertex 6.5355117690378055 -20.980209734096373 3
      vertex 6.733597275182869 -20.871311305561164 0
    endloop
  endfacet
  facet normal 0.3681245526846791 -0.9297764858882509 0
    outer loop
      vertex 6.943769410125094 -20.788098270668723 3
      vertex 6.733597275182869 -20.871311305561164 3
      vertex 6.943769410125094 -20.788098270668723 0
    endloop
  endfacet
  facet normal 0.24868988716485774 -0.9685831611286304 0
    outer loop
      vertex 7.162713633745696 -20.73188294868836 3
      vertex 6.943769410125094 -20.788098270668723 3
      vertex 7.162713633745696 -20.73188294868836 0
    endloop
  endfacet
  facet normal 0.1253332335642988 -0.9921147013144785 0
    outer loop
      vertex 7.386977064847236 -20.70355188882911 3
      vertex 7.162713633745696 -20.73188294868836 3
      vertex 7.386977064847236 -20.70355188882911 0
    endloop
  endfacet
  facet normal -0.24868988716485774 -0.9685831611286304 0
    outer loop
      vertex 8.056230589874906 -20.788098270668723 3
      vertex 7.837286366254304 -20.73188294868836 3
      vertex 8.056230589874906 -20.788098270668723 0
    endloop
  endfacet
  facet normal 0 -1 0
    outer loop
      vertex 7.613022935152764 -20.70355188882911 3
      vertex 7.386977064847236 -20.70355188882911 3
      vertex 7.613022935152764 -20.70355188882911 0
    endloop
  endfacet
  facet normal -0.1253332335642988 -0.9921147013144785 0
    outer loop
      vertex 7.837286366254304 -20.73188294868836 3
      vertex 7.613022935152764 -20.70355188882911 3
      vertex 7.837286366254304 -20.73188294868836 0
    endloop
  endfacet
  facet normal -0.9510565162951535 -0.30901699437494784 0
    outer loop
      vertex 9.173597674598852 -21.83737580516758 0
      vertex 9.243449690031536 -22.05235820310326 3
      vertex 9.173597674598852 -21.83737580516758 3
    endloop
  endfacet
  facet normal -0.9048270524660205 -0.4257792915650706 0
    outer loop
      vertex 9.077352024078955 -21.632843386616912 0
      vertex 9.173597674598852 -21.83737580516758 3
      vertex 9.077352024078955 -21.632843386616912 3
    endloop
  endfacet
  facet normal -0.6845471059286913 -0.7289686274214092 0
    outer loop
      vertex 8.81214352935854 -21.26781520932836 0
      vertex 8.81214352935854 -21.26781520932836 3
      vertex 8.647363181547641 -21.11307616300358 3
    endloop
  endfacet
  facet normal -0.7705132427757823 -0.637423989748698 0
    outer loop
      vertex 8.81214352935854 -21.26781520932836 0
      vertex 8.956230589874906 -21.441986545873547 3
      vertex 8.81214352935854 -21.26781520932836 3
    endloop
  endfacet
  facet normal -0.8443279255020157 -0.5358267949789955 0
    outer loop
      vertex 8.956230589874906 -21.441986545873547 0
      vertex 9.077352024078955 -21.632843386616912 3
      vertex 8.956230589874906 -21.441986545873547 3
    endloop
  endfacet
  facet normal -0.3681245526846804 -0.9297764858882503 0
    outer loop
      vertex 8.26640272481713 -20.871311305561164 3
      vertex 8.056230589874906 -20.788098270668723 3
      vertex 8.26640272481713 -20.871311305561164 0
    endloop
  endfacet
  facet normal -0.5877852522924749 -0.8090169943749461 0
    outer loop
      vertex 8.647363181547641 -21.11307616300358 3
      vertex 8.464488230962194 -20.980209734096373 3
      vertex 8.647363181547641 -21.11307616300358 0
    endloop
  endfacet
  facet normal -0.48175367410171643 -0.8763066800438629 0
    outer loop
      vertex 8.464488230962194 -20.980209734096373 3
      vertex 8.26640272481713 -20.871311305561164 3
      vertex 8.464488230962194 -20.980209734096373 0
    endloop
  endfacet
  facet normal -0.9822872507286878 0.1873813145857287 0
    outer loop
      vertex 9.285806462366061 -22.72559982041575 0
      vertex 9.243449690031536 -22.94764179689674 3
      vertex 9.285806462366061 -22.72559982041575 3
    endloop
  endfacet
  facet normal -0.9980267284282716 0.06279051952931228 0
    outer loop
      vertex 9.3 -22.5 0
      vertex 9.285806462366061 -22.72559982041575 3
      vertex 9.3 -22.5 3
    endloop
  endfacet
  facet normal -0.9980267284282716 -0.06279051952931228 0
    outer loop
      vertex 9.285806462366061 -22.27440017958425 0
      vertex 9.3 -22.5 3
      vertex 9.285806462366061 -22.27440017958425 3
    endloop
  endfacet
  facet normal -0.9822872507286878 -0.1873813145857287 0
    outer loop
      vertex 9.243449690031536 -22.05235820310326 0
      vertex 9.285806462366061 -22.27440017958425 3
      vertex 9.243449690031536 -22.05235820310326 3
    endloop
  endfacet
  facet normal 0.9510565162951535 0.30901699437494784 0
    outer loop
      vertex 20.826402325401148 -23.16262419483242 0
      vertex 20.756550309968464 -22.94764179689674 0
      vertex 20.756550309968464 -22.94764179689674 3
    endloop
  endfacet
  facet normal 0.9822872507286878 0.1873813145857287 0
    outer loop
      vertex 20.756550309968464 -22.94764179689674 0
      vertex 20.71419353763394 -22.72559982041575 0
      vertex 20.71419353763394 -22.72559982041575 3
    endloop
  endfacet
  facet normal 0.9980267284282716 0.06279051952931228 0
    outer loop
      vertex 20.71419353763394 -22.72559982041575 0
      vertex 20.7 -22.5 0
      vertex 20.7 -22.5 3
    endloop
  endfacet
  facet normal 0.9980267284282716 -0.06279051952931228 0
    outer loop
      vertex 20.7 -22.5 0
      vertex 20.71419353763394 -22.27440017958425 0
      vertex 20.71419353763394 -22.27440017958425 3
    endloop
  endfacet
  facet normal 0.9822872507286878 -0.1873813145857287 0
    outer loop
      vertex 20.71419353763394 -22.27440017958425 0
      vertex 20.756550309968464 -22.05235820310326 0
      vertex 20.756550309968464 -22.05235820310326 3
    endloop
  endfacet
  facet normal 0.5877852522924749 0.8090169943749461 0
    outer loop
      vertex 21.535511769037807 -24.019790265903627 0
      vertex 21.35263681845236 -23.88692383699642 0
      vertex 21.535511769037807 -24.019790265903627 3
    endloop
  endfacet
  facet normal 0.48175367410171976 0.876306680043861 0
    outer loop
      vertex 21.73359727518287 -24.128688694438836 0
      vertex 21.535511769037807 -24.019790265903627 0
      vertex 21.73359727518287 -24.128688694438836 3
    endloop
  endfacet
  facet normal 0.36812455268467775 0.9297764858882515 0
    outer loop
      vertex 21.943769410125096 -24.211901729331277 0
      vertex 21.73359727518287 -24.128688694438836 0
      vertex 21.943769410125096 -24.211901729331277 3
    endloop
  endfacet
  facet normal 0.2486898871648596 0.9685831611286299 0
    outer loop
      vertex 22.162713633745696 -24.26811705131164 0
      vertex 21.943769410125096 -24.211901729331277 0
      vertex 22.162713633745696 -24.26811705131164 3
    endloop
  endfacet
  facet normal 0.1253332335642983 0.9921147013144787 0
    outer loop
      vertex 22.386977064847237 -24.29644811117089 0
      vertex 22.162713633745696 -24.26811705131164 0
      vertex 22.386977064847237 -24.29644811117089 3
    endloop
  endfacet
  facet normal 0 1 0
    outer loop
      vertex 22.613022935152763 -24.29644811117089 0
      vertex 22.386977064847237 -24.29644811117089 0
      vertex 22.613022935152763 -24.29644811117089 3
    endloop
  endfacet
  facet normal -0.1253332335642983 0.9921147013144787 0
    outer loop
      vertex 22.837286366254304 -24.26811705131164 0
      vertex 22.613022935152763 -24.29644811117089 0
      vertex 22.837286366254304 -24.26811705131164 3
    endloop
  endfacet
  facet normal -0.2486898871648596 0.9685831611286299 0
    outer loop
      vertex 23.056230589874904 -24.211901729331277 0
      vertex 22.837286366254304 -24.26811705131164 0
      vertex 23.056230589874904 -24.211901729331277 3
    endloop
  endfacet
  facet normal 0.7705132427757823 0.637423989748698 0
    outer loop
      vertex 21.18785647064146 -23.73218479067164 0
      vertex 21.043769410125094 -23.558013454126453 0
      vertex 21.043769410125094 -23.558013454126453 3
    endloop
  endfacet
  facet normal 0.6845471059286872 0.7289686274214128 0
    outer loop
      vertex 21.35263681845236 -23.88692383699642 0
      vertex 21.18785647064146 -23.73218479067164 0
      vertex 21.35263681845236 -23.88692383699642 3
    endloop
  endfacet
  facet normal 0.8443279255020157 0.5358267949789955 0
    outer loop
      vertex 21.043769410125094 -23.558013454126453 0
      vertex 20.922647975921045 -23.367156613383088 0
      vertex 20.922647975921045 -23.367156613383088 3
    endloop
  endfacet
  facet normal 0.9048270524660205 0.4257792915650706 0
    outer loop
      vertex 20.922647975921045 -23.367156613383088 0
      vertex 20.826402325401148 -23.16262419483242 0
      vertex 20.826402325401148 -23.16262419483242 3
    endloop
  endfacet
  facet normal -0.36812455268467775 0.9297764858882515 0
    outer loop
      vertex 23.26640272481713 -24.128688694438836 0
      vertex 23.056230589874904 -24.211901729331277 0
      vertex 23.26640272481713 -24.128688694438836 3
    endloop
  endfacet
  facet normal -0.48175367410171976 0.876306680043861 0
    outer loop
      vertex 23.464488230962193 -24.019790265903627 0
      vertex 23.26640272481713 -24.128688694438836 0
      vertex 23.464488230962193 -24.019790265903627 3
    endloop
  endfacet
  facet normal -0.5877852522924674 0.8090169943749516 0
    outer loop
      vertex 23.647363181547643 -23.88692383699642 0
      vertex 23.464488230962193 -24.019790265903627 0
      vertex 23.647363181547643 -23.88692383699642 3
    endloop
  endfacet
  facet normal -0.684547105928695 0.7289686274214054 0
    outer loop
      vertex 23.81214352935854 -23.73218479067164 0
      vertex 23.647363181547643 -23.88692383699642 0
      vertex 23.81214352935854 -23.73218479067164 3
    endloop
  endfacet
  facet normal -0.7705132427757823 0.637423989748698 0
    outer loop
      vertex 23.81214352935854 -23.73218479067164 0
      vertex 23.81214352935854 -23.73218479067164 3
      vertex 23.956230589874906 -23.558013454126453 0
    endloop
  endfacet
  facet normal -0.8443279255020157 0.5358267949789955 0
    outer loop
      vertex 24.077352024078955 -23.367156613383088 0
      vertex 23.956230589874906 -23.558013454126453 0
      vertex 23.956230589874906 -23.558013454126453 3
    endloop
  endfacet
  facet normal -0.9048270524660205 0.4257792915650706 0
    outer loop
      vertex 24.173597674598852 -23.16262419483242 0
      vertex 24.077352024078955 -23.367156613383088 0
      vertex 24.077352024078955 -23.367156613383088 3
    endloop
  endfacet
  facet normal -0.9510565162951535 0.30901699437494784 0
    outer loop
      vertex 24.243449690031536 -22.94764179689674 0
      vertex 24.173597674598852 -23.16262419483242 0
      vertex 24.173597674598852 -23.16262419483242 3
    endloop
  endfacet
  facet normal -0.9822872507286878 0.1873813145857287 0
    outer loop
      vertex 24.28580646236606 -22.72559982041575 0
      vertex 24.243449690031536 -22.94764179689674 0
      vertex 24.243449690031536 -22.94764179689674 3
    endloop
  endfacet
  facet normal -0.9822872507286878 -0.1873813145857287 0
    outer loop
      vertex 24.243449690031536 -22.05235820310326 0
      vertex 24.28580646236606 -22.27440017958425 0
      vertex 24.28580646236606 -22.27440017958425 3
    endloop
  endfacet
  facet normal -0.9980267284282716 0.06279051952931228 0
    outer loop
      vertex 24.3 -22.5 0
      vertex 24.28580646236606 -22.72559982041575 0
      vertex 24.28580646236606 -22.72559982041575 3
    endloop
  endfacet
  facet normal -0.9980267284282716 -0.06279051952931228 0
    outer loop
      vertex 24.28580646236606 -22.27440017958425 0
      vertex 24.3 -22.5 0
      vertex 24.3 -22.5 3
    endloop
  endfacet
  facet normal 0.9510565162951535 -0.30901699437494784 0
    outer loop
      vertex 20.756550309968464 -22.05235820310326 0
      vertex 20.826402325401148 -21.83737580516758 0
      vertex 20.826402325401148 -21.83737580516758 3
    endloop
  endfacet
  facet normal 0.9048270524660205 -0.4257792915650706 0
    outer loop
      vertex 20.826402325401148 -21.83737580516758 0
      vertex 20.922647975921045 -21.632843386616912 0
      vertex 20.922647975921045 -21.632843386616912 3
    endloop
  endfacet
  facet normal 0.8443279255020157 -0.5358267949789955 0
    outer loop
      vertex 20.922647975921045 -21.632843386616912 0
      vertex 21.043769410125094 -21.441986545873547 0
      vertex 21.043769410125094 -21.441986545873547 3
    endloop
  endfacet
  facet normal 0.7705132427757823 -0.637423989748698 0
    outer loop
      vertex 21.043769410125094 -21.441986545873547 0
      vertex 21.18785647064146 -21.26781520932836 0
      vertex 21.18785647064146 -21.26781520932836 3
    endloop
  endfacet
  facet normal 0.6845471059286872 -0.7289686274214128 0
    outer loop
      vertex 21.18785647064146 -21.26781520932836 0
      vertex 21.35263681845236 -21.11307616300358 0
      vertex 21.18785647064146 -21.26781520932836 3
    endloop
  endfacet
  facet normal 0.5877852522924749 -0.8090169943749461 0
    outer loop
      vertex 21.35263681845236 -21.11307616300358 0
      vertex 21.535511769037807 -20.980209734096373 0
      vertex 21.35263681845236 -21.11307616300358 3
    endloop
  endfacet
  facet normal 0.48175367410171976 -0.876306680043861 0
    outer loop
      vertex 21.535511769037807 -20.980209734096373 0
      vertex 21.73359727518287 -20.871311305561164 0
      vertex 21.535511769037807 -20.980209734096373 3
    endloop
  endfacet
  facet normal 0.36812455268467775 -0.9297764858882515 0
    outer loop
      vertex 21.73359727518287 -20.871311305561164 0
      vertex 21.943769410125096 -20.788098270668723 0
      vertex 21.73359727518287 -20.871311305561164 3
    endloop
  endfacet
  facet normal 0.2486898871648596 -0.9685831611286299 0
    outer loop
      vertex 21.943769410125096 -20.788098270668723 0
      vertex 22.162713633745696 -20.73188294868836 0
      vertex 21.943769410125096 -20.788098270668723 3
    endloop
  endfacet
  facet normal 0.1253332335642983 -0.9921147013144787 0
    outer loop
      vertex 22.162713633745696 -20.73188294868836 0
      vertex 22.386977064847237 -20.70355188882911 0
      vertex 22.162713633745696 -20.73188294868836 3
    endloop
  endfacet
  facet normal 0 -1 0
    outer loop
      vertex 22.386977064847237 -20.70355188882911 0
      vertex 22.613022935152763 -20.70355188882911 0
      vertex 22.386977064847237 -20.70355188882911 3
    endloop
  endfacet
  facet normal -0.2486898871648596 -0.9685831611286299 0
    outer loop
      vertex 22.837286366254304 -20.73188294868836 0
      vertex 23.056230589874904 -20.788098270668723 0
      vertex 22.837286366254304 -20.73188294868836 3
    endloop
  endfacet
  facet normal -0.1253332335642983 -0.9921147013144787 0
    outer loop
      vertex 22.613022935152763 -20.70355188882911 0
      vertex 22.837286366254304 -20.73188294868836 0
      vertex 22.613022935152763 -20.70355188882911 3
    endloop
  endfacet
  facet normal -0.9510565162951535 -0.30901699437494784 0
    outer loop
      vertex 24.173597674598852 -21.83737580516758 0
      vertex 24.243449690031536 -22.05235820310326 0
      vertex 24.243449690031536 -22.05235820310326 3
    endloop
  endfacet
  facet normal -0.9048270524660205 -0.4257792915650706 0
    outer loop
      vertex 24.077352024078955 -21.632843386616912 0
      vertex 24.173597674598852 -21.83737580516758 0
      vertex 24.173597674598852 -21.83737580516758 3
    endloop
  endfacet
  facet normal -0.7705132427757823 -0.637423989748698 0
    outer loop
      vertex 23.81214352935854 -21.26781520932836 0
      vertex 23.956230589874906 -21.441986545873547 0
      vertex 23.956230589874906 -21.441986545873547 3
    endloop
  endfacet
  facet normal -0.8443279255020157 -0.5358267949789955 0
    outer loop
      vertex 23.956230589874906 -21.441986545873547 0
      vertex 24.077352024078955 -21.632843386616912 0
      vertex 24.077352024078955 -21.632843386616912 3
    endloop
  endfacet
  facet normal -0.36812455268467775 -0.9297764858882515 0
    outer loop
      vertex 23.056230589874904 -20.788098270668723 0
      vertex 23.26640272481713 -20.871311305561164 0
      vertex 23.056230589874904 -20.788098270668723 3
    endloop
  endfacet
  facet normal -0.48175367410171976 -0.876306680043861 0
    outer loop
      vertex 23.26640272481713 -20.871311305561164 0
      vertex 23.464488230962193 -20.980209734096373 0
      vertex 23.26640272481713 -20.871311305561164 3
    endloop
  endfacet
  facet normal -0.5877852522924674 -0.8090169943749516 0
    outer loop
      vertex 23.464488230962193 -20.980209734096373 0
      vertex 23.647363181547643 -21.11307616300358 0
      vertex 23.464488230962193 -20.980209734096373 3
    endloop
  endfacet
  facet normal -0.684547105928695 -0.7289686274214054 0
    outer loop
      vertex 23.647363181547643 -21.11307616300358 0
      vertex 23.81214352935854 -21.26781520932836 0
      vertex 23.647363181547643 -21.11307616300358 3
    endloop
  endfacet
  facet normal 0.9510565162951535 0.30901699437494784 0
    outer loop
      vertex 20.826402325401148 -23.16262419483242 0
      vertex 20.756550309968464 -22.94764179689674 3
      vertex 20.826402325401148 -23.16262419483242 3
    endloop
  endfacet
  facet normal 0.9822872507286878 0.1873813145857287 0
    outer loop
      vertex 20.756550309968464 -22.94764179689674 0
      vertex 20.71419353763394 -22.72559982041575 3
      vertex 20.756550309968464 -22.94764179689674 3
    endloop
  endfacet
  facet normal 0.9980267284282716 0.06279051952931228 0
    outer loop
      vertex 20.71419353763394 -22.72559982041575 0
      vertex 20.7 -22.5 3
      vertex 20.71419353763394 -22.72559982041575 3
    endloop
  endfacet
  facet normal 0.9980267284282716 -0.06279051952931228 0
    outer loop
      vertex 20.71419353763394 -22.27440017958425 3
      vertex 20.7 -22.5 3
      vertex 20.7 -22.5 0
    endloop
  endfacet
  facet normal 0.9822872507286878 -0.1873813145857287 0
    outer loop
      vertex 20.71419353763394 -22.27440017958425 0
      vertex 20.756550309968464 -22.05235820310326 3
      vertex 20.71419353763394 -22.27440017958425 3
    endloop
  endfacet
  facet normal 0.48175367410171976 0.876306680043861 0
    outer loop
      vertex 21.535511769037807 -24.019790265903627 3
      vertex 21.73359727518287 -24.128688694438836 3
      vertex 21.535511769037807 -24.019790265903627 0
    endloop
  endfacet
  facet normal 0.36812455268467775 0.9297764858882515 0
    outer loop
      vertex 21.73359727518287 -24.128688694438836 3
      vertex 21.943769410125096 -24.211901729331277 3
      vertex 21.73359727518287 -24.128688694438836 0
    endloop
  endfacet
  facet normal 0.2486898871648596 0.9685831611286299 0
    outer loop
      vertex 21.943769410125096 -24.211901729331277 3
      vertex 22.162713633745696 -24.26811705131164 3
      vertex 21.943769410125096 -24.211901729331277 0
    endloop
  endfacet
  facet normal 0.1253332335642983 0.9921147013144787 0
    outer loop
      vertex 22.162713633745696 -24.26811705131164 3
      vertex 22.386977064847237 -24.29644811117089 3
      vertex 22.162713633745696 -24.26811705131164 0
    endloop
  endfacet
  facet normal 0 1 0
    outer loop
      vertex 22.386977064847237 -24.29644811117089 3
      vertex 22.613022935152763 -24.29644811117089 3
      vertex 22.386977064847237 -24.29644811117089 0
    endloop
  endfacet
  facet normal -0.1253332335642983 0.9921147013144787 0
    outer loop
      vertex 22.613022935152763 -24.29644811117089 3
      vertex 22.837286366254304 -24.26811705131164 3
      vertex 22.613022935152763 -24.29644811117089 0
    endloop
  endfacet
  facet normal -0.2486898871648596 0.9685831611286299 0
    outer loop
      vertex 22.837286366254304 -24.26811705131164 3
      vertex 23.056230589874904 -24.211901729331277 3
      vertex 22.837286366254304 -24.26811705131164 0
    endloop
  endfacet
  facet normal 0.6845471059286872 0.7289686274214128 0
    outer loop
      vertex 21.18785647064146 -23.73218479067164 0
      vertex 21.18785647064146 -23.73218479067164 3
      vertex 21.35263681845236 -23.88692383699642 3
    endloop
  endfacet
  facet normal 0.7705132427757823 0.637423989748698 0
    outer loop
      vertex 21.18785647064146 -23.73218479067164 0
      vertex 21.043769410125094 -23.558013454126453 3
      vertex 21.18785647064146 -23.73218479067164 3
    endloop
  endfacet
  facet normal 0.9048270524660205 0.4257792915650706 0
    outer loop
      vertex 20.922647975921045 -23.367156613383088 0
      vertex 20.826402325401148 -23.16262419483242 3
      vertex 20.922647975921045 -23.367156613383088 3
    endloop
  endfacet
  facet normal 0.8443279255020157 0.5358267949789955 0
    outer loop
      vertex 21.043769410125094 -23.558013454126453 0
      vertex 20.922647975921045 -23.367156613383088 3
      vertex 21.043769410125094 -23.558013454126453 3
    endloop
  endfacet
  facet normal 0.5877852522924749 0.8090169943749461 0
    outer loop
      vertex 21.35263681845236 -23.88692383699642 3
      vertex 21.535511769037807 -24.019790265903627 3
      vertex 21.35263681845236 -23.88692383699642 0
    endloop
  endfacet
  facet normal -0.36812455268467775 0.9297764858882515 0
    outer loop
      vertex 23.056230589874904 -24.211901729331277 3
      vertex 23.26640272481713 -24.128688694438836 3
      vertex 23.056230589874904 -24.211901729331277 0
    endloop
  endfacet
  facet normal -0.48175367410171976 0.876306680043861 0
    outer loop
      vertex 23.26640272481713 -24.128688694438836 3
      vertex 23.464488230962193 -24.019790265903627 3
      vertex 23.26640272481713 -24.128688694438836 0
    endloop
  endfacet
  facet normal -0.5877852522924674 0.8090169943749516 0
    outer loop
      vertex 23.464488230962193 -24.019790265903627 3
      vertex 23.647363181547643 -23.88692383699642 3
      vertex 23.464488230962193 -24.019790265903627 0
    endloop
  endfacet
  facet normal -0.684547105928695 0.7289686274214054 0
    outer loop
      vertex 23.647363181547643 -23.88692383699642 3
      vertex 23.81214352935854 -23.73218479067164 3
      vertex 23.647363181547643 -23.88692383699642 0
    endloop
  endfacet
  facet normal -0.7705132427757823 0.637423989748698 0
    outer loop
      vertex 23.956230589874906 -23.558013454126453 0
      vertex 23.81214352935854 -23.73218479067164 3
      vertex 23.956230589874906 -23.558013454126453 3
    endloop
  endfacet
  facet normal -0.8443279255020157 0.5358267949789955 0
    outer loop
      vertex 24.077352024078955 -23.367156613383088 0
      vertex 23.956230589874906 -23.558013454126453 3
      vertex 24.077352024078955 -23.367156613383088 3
    endloop
  endfacet
  facet normal -0.9048270524660205 0.4257792915650706 0
    outer loop
      vertex 24.173597674598852 -23.16262419483242 0
      vertex 24.077352024078955 -23.367156613383088 3
      vertex 24.173597674598852 -23.16262419483242 3
    endloop
  endfacet
  facet normal -0.9510565162951535 0.30901699437494784 0
    outer loop
      vertex 24.243449690031536 -22.94764179689674 0
      vertex 24.173597674598852 -23.16262419483242 3
      vertex 24.243449690031536 -22.94764179689674 3
    endloop
  endfacet
  facet normal -0.9822872507286878 0.1873813145857287 0
    outer loop
      vertex 24.243449690031536 -22.94764179689674 3
      vertex 24.28580646236606 -22.72559982041575 3
      vertex 24.28580646236606 -22.72559982041575 0
    endloop
  endfacet
  facet normal -0.9822872507286878 -0.1873813145857287 0
    outer loop
      vertex 24.243449690031536 -22.05235820310326 0
      vertex 24.28580646236606 -22.27440017958425 3
      vertex 24.243449690031536 -22.05235820310326 3
    endloop
  endfacet
  facet normal -0.9980267284282716 0.06279051952931228 0
    outer loop
      vertex 24.3 -22.5 0
      vertex 24.28580646236606 -22.72559982041575 3
      vertex 24.3 -22.5 3
    endloop
  endfacet
  facet normal -0.9980267284282716 -0.06279051952931228 0
    outer loop
      vertex 24.28580646236606 -22.27440017958425 0
      vertex 24.3 -22.5 3
      vertex 24.28580646236606 -22.27440017958425 3
    endloop
  endfacet
  facet normal 0.9510565162951535 -0.30901699437494784 0
    outer loop
      vertex 20.756550309968464 -22.05235820310326 0
      vertex 20.826402325401148 -21.83737580516758 3
      vertex 20.756550309968464 -22.05235820310326 3
    endloop
  endfacet
  facet normal 0.9048270524660205 -0.4257792915650706 0
    outer loop
      vertex 20.826402325401148 -21.83737580516758 0
      vertex 20.922647975921045 -21.632843386616912 3
      vertex 20.826402325401148 -21.83737580516758 3
    endloop
  endfacet
  facet normal 0.8443279255020157 -0.5358267949789955 0
    outer loop
      vertex 20.922647975921045 -21.632843386616912 0
      vertex 21.043769410125094 -21.441986545873547 3
      vertex 20.922647975921045 -21.632843386616912 3
    endloop
  endfacet
  facet normal 0.7705132427757823 -0.637423989748698 0
    outer loop
      vertex 21.043769410125094 -21.441986545873547 0
      vertex 21.18785647064146 -21.26781520932836 3
      vertex 21.043769410125094 -21.441986545873547 3
    endloop
  endfacet
  facet normal 0.6845471059286872 -0.7289686274214128 0
    outer loop
      vertex 21.35263681845236 -21.11307616300358 3
      vertex 21.18785647064146 -21.26781520932836 3
      vertex 21.35263681845236 -21.11307616300358 0
    endloop
  endfacet
  facet normal 0.5877852522924749 -0.8090169943749461 0
    outer loop
      vertex 21.535511769037807 -20.980209734096373 3
      vertex 21.35263681845236 -21.11307616300358 3
      vertex 21.535511769037807 -20.980209734096373 0
    endloop
  endfacet
  facet normal 0.48175367410171976 -0.876306680043861 0
    outer loop
      vertex 21.73359727518287 -20.871311305561164 3
      vertex 21.535511769037807 -20.980209734096373 3
      vertex 21.73359727518287 -20.871311305561164 0
    endloop
  endfacet
  facet normal 0.36812455268467775 -0.9297764858882515 0
    outer loop
      vertex 21.943769410125096 -20.788098270668723 3
      vertex 21.73359727518287 -20.871311305561164 3
      vertex 21.943769410125096 -20.788098270668723 0
    endloop
  endfacet
  facet normal 0.2486898871648596 -0.9685831611286299 0
    outer loop
      vertex 22.162713633745696 -20.73188294868836 3
      vertex 21.943769410125096 -20.788098270668723 3
      vertex 22.162713633745696 -20.73188294868836 0
    endloop
  endfacet
  facet normal 0.1253332335642983 -0.9921147013144787 0
    outer loop
      vertex 22.386977064847237 -20.70355188882911 3
      vertex 22.162713633745696 -20.73188294868836 3
      vertex 22.386977064847237 -20.70355188882911 0
    endloop
  endfacet
  facet normal 0 -1 0
    outer loop
      vertex 22.613022935152763 -20.70355188882911 3
      vertex 22.386977064847237 -20.70355188882911 3
      vertex 22.613022935152763 -20.70355188882911 0
    endloop
  endfacet
  facet normal -0.2486898871648596 -0.9685831611286299 0
    outer loop
      vertex 23.056230589874904 -20.788098270668723 3
      vertex 22.837286366254304 -20.73188294868836 3
      vertex 23.056230589874904 -20.788098270668723 0
    endloop
  endfacet
  facet normal -0.1253332335642983 -0.9921147013144787 0
    outer loop
      vertex 22.837286366254304 -20.73188294868836 3
      vertex 22.613022935152763 -20.70355188882911 3
      vertex 22.837286366254304 -20.73188294868836 0
    endloop
  endfacet
  facet normal -0.9510565162951535 -0.30901699437494784 0
    outer loop
      vertex 24.173597674598852 -21.83737580516758 0
      vertex 24.243449690031536 -22.05235820310326 3
      vertex 24.173597674598852 -21.83737580516758 3
    endloop
  endfacet
  facet normal -0.9048270524660205 -0.4257792915650706 0
    outer loop
      vertex 24.077352024078955 -21.632843386616912 0
      vertex 24.173597674598852 -21.83737580516758 3
      vertex 24.077352024078955 -21.632843386616912 3
    endloop
  endfacet
  facet normal -0.684547105928695 -0.7289686274214054 0
    outer loop
      vertex 23.81214352935854 -21.26781520932836 3
      vertex 23.647363181547643 -21.11307616300358 3
      vertex 23.81214352935854 -21.26781520932836 0
    endloop
  endfacet
  facet normal -0.7705132427757823 -0.637423989748698 0
    outer loop
      vertex 23.81214352935854 -21.26781520932836 0
      vertex 23.956230589874906 -21.441986545873547 3
      vertex 23.81214352935854 -21.26781520932836 3
    endloop
  endfacet
  facet normal -0.8443279255020157 -0.5358267949789955 0
    outer loop
      vertex 23.956230589874906 -21.441986545873547 0
      vertex 24.077352024078955 -21.632843386616912 3
      vertex 23.956230589874906 -21.441986545873547 3
    endloop
  endfacet
  facet normal -0.36812455268467775 -0.9297764858882515 0
    outer loop
      vertex 23.26640272481713 -20.871311305561164 3
      vertex 23.056230589874904 -20.788098270668723 3
      vertex 23.26640272481713 -20.871311305561164 0
    endloop
  endfacet
  facet normal -0.48175367410171976 -0.876306680043861 0
    outer loop
      vertex 23.464488230962193 -20.980209734096373 3
      vertex 23.26640272481713 -20.871311305561164 3
      vertex 23.464488230962193 -20.980209734096373 0
    endloop
  endfacet
  facet normal -0.5877852522924674 -0.8090169943749516 0
    outer loop
      vertex 23.647363181547643 -21.11307616300358 3
      vertex 23.464488230962193 -20.980209734096373 3
      vertex 23.647363181547643 -21.11307616300358 0
    endloop
  endfacet
endsolid OpenSCAD_Model
