solid OpenSCAD_Model
  facet normal 0 0 -1
    outer loop
      vertex -57.68711994874345 -20.852566213878948 0
      vertex -56.62889645782536 -21.5241352623301 0
      vertex -57.17913397489498 -21.221639627510076 0
    endloop
  endfacet
  facet normal 0 0 -1
    outer loop
      vertex -58.14484313710706 -20.422735529643443 0
      vertex -58.545084971874736 -19.938926261462367 0
      vertex -58.88153340021932 -19.408768370508575 0
    endloop
  endfacet
  facet normal 0 0 -1
    outer loop
      vertex -56.045084971874736 -21.755282581475768 0
      vertex -54.81395259764657 -21.99013364214136 0
      vertex -55.43690657292862 -21.911436253643444 0
    endloop
  endfacet
  facet normal 0 0 -1
    outer loop
      vertex -58.88153340021932 -19.408768370508575 0
      vertex -59.14888242944126 -18.84062276342339 0
      vertex -58.89824872624057 -19.235558284877897 0
    endloop
  endfacet
  facet normal 0 0 -1
    outer loop
      vertex -59.227113636942875 -18.535932326973928 0
      vertex -59.34291580564316 -18.243449435824274 0
      vertex -59.46057350657239 -17.62666616782152 0
    endloop
  endfacet
  facet normal 0 0 -1
    outer loop
      vertex -59.46592395823637 -12.92758472513926 0
      vertex -59.46644870925769 -12.466717504726843 0
      vertex -56.407431120424334 -8.73163768075096 0
    endloop
  endfacet
  facet normal -0.48175367410171693 -0.8763066800438627 0
    outer loop
      vertex -56.62889645782536 -21.5241352623301 0
      vertex -57.17913397489498 -21.221639627510076 3
      vertex -57.17913397489498 -21.221639627510076 0
    endloop
  endfacet
  facet normal -0.7705132427757907 -0.6374239897486881 0
    outer loop
      vertex -58.14484313710706 -20.422735529643443 0
      vertex -58.14484313710706 -20.422735529643443 3
      vertex -58.545084971874736 -19.938926261462367 0
    endloop
  endfacet
  facet normal -0.12533323356430573 -0.9921147013144777 0
    outer loop
      vertex -55.43690657292862 -21.911436253643444 0
      vertex -54.81395259764657 -21.99013364214136 0
      vertex -55.43690657292862 -21.911436253643444 3
    endloop
  endfacet
  facet normal -0.9822872507286902 -0.18738131458571636 0
    outer loop
      vertex -59.34291580564316 -18.243449435824274 0
      vertex -59.46057350657239 -17.62666616782152 3
      vertex -59.46057350657239 -17.62666616782152 0
    endloop
  endfacet
  facet normal 0 0 -1
    outer loop
      vertex -59.46644870925769 -12.466717504726843 0
      vertex -56.439867577928595 -8.461750992807128 0
      vertex -56.407431120424334 -8.73163768075096 0
    endloop
  endfacet
  facet normal 0 0 -1
    outer loop
      vertex -54.620177029053636 -8.417541212957351 0
      vertex -54.077352024078955 -8.367156613383088 0
      vertex -54.050979980916594 -8.408712303959176 0
    endloop
  endfacet
  facet normal 0 0 -1
    outer loop
      vertex -54.620177029053636 -8.417541212957351 0
      vertex -54.17359767459885 -8.16262419483242 0
      vertex -54.077352024078955 -8.367156613383088 0
    endloop
  endfacet
  facet normal 0 0 -1
    outer loop
      vertex -54.620177029053636 -8.417541212957351 0
      vertex -54.615130560162946 -8.064072166486412 0
      vertex -54.17359767459885 -8.16262419483242 0
    endloop
  endfacet
  facet normal 0 0 -1
    outer loop
      vertex -54.615130560162946 -8.064072166486412 0
      vertex -54.24344969003154 -7.947641796896739 0
      vertex -54.17359767459885 -8.16262419483242 0
    endloop
  endfacet
  facet normal 0 0 -1
    outer loop
      vertex -54.615130560162946 -8.064072166486412 0
      vertex -54.28580646236606 -7.725599820415748 0
      vertex -54.24344969003154 -7.947641796896739 0
    endloop
  endfacet
  facet normal 0 0 -1
    outer loop
      vertex -54.615130560162946 -8.064072166486412 0
      vertex -54.3 -7.5 0
      vertex -54.28580646236606 -7.725599820415748 0
    endloop
  endfacet
  facet normal 0 0 -1
    outer loop
      vertex -54.615130560162946 -8.064072166486412 0
      vertex -54.28580646236606 -7.274400179584252 0
      vertex -54.3 -7.5 0
    endloop
  endfacet
  facet normal 0 0 -1
    outer loop
      vertex -47.43678401266597 -8.30611842282273 0
      vertex -50.91934479456974 -8.360136995696008 0
      vertex -50.82640232540115 -8.162624194832421 0
    endloop
  endfacet
  facet normal 0 0 -1
    outer loop
      vertex -47.50278172128993 -8.009866357858641 0
      vertex -50.82640232540115 -8.162624194832421 0
      vertex -50.75655030996846 -7.947641796896738 0
    endloop
  endfacet
  facet normal 0 0 -1
    outer loop
      vertex -47.50278172128993 -8.009866357858641 0
      vertex -50.75655030996846 -7.947641796896738 0
      vertex -50.71419353763394 -7.725599820415748 0
    endloop
  endfacet
  facet normal 0 0 -1
    outer loop
      vertex -47.50278172128993 -8.009866357858641 0
      vertex -50.71419353763394 -7.725599820415748 0
      vertex -50.7 -7.5 0
    endloop
  endfacet
  facet normal 0 0 -1
    outer loop
      vertex -47.50278172128993 -8.009866357858641 0
      vertex -50.7 -7.5 0
      vertex -50.71419353763394 -7.274400179584252 0
    endloop
  endfacet
  facet normal 0 0 -1
    outer loop
      vertex -47.43678401266597 -8.30611842282273 0
      vertex -50.82640232540115 -8.162624194832421 0
      vertex -47.50278172128993 -8.009866357858641 0
    endloop
  endfacet
  facet normal 0 0 -1
    outer loop
      vertex -47.50278172128993 -8.009866357858641 0
      vertex -50.71419353763394 -7.274400179584252 0
      vertex -50.75655030996846 -7.052358203103261 0
    endloop
  endfacet
  facet normal 0 0 -1
    outer loop
      vertex -47.50278172128993 -8.009866357858641 0
      vertex -50.75655030996846 -7.052358203103261 0
      vertex -50.82640232540115 -6.8373758051675795 0
    endloop
  endfacet
  facet normal 0 0 -1
    outer loop
      vertex -47.50278172128993 -8.009866357858641 0
      vertex -50.82640232540115 -6.8373758051675795 0
      vertex -50.75856291631826 -2.7440657578815495 0
    endloop
  endfacet
  facet normal 0 0 -1
    outer loop
      vertex -59.5 -13 0
      vertex -59.5 17 0
      vertex -59.46644870925769 -12.466717504726843 0
    endloop
  endfacet
  facet normal 0 0 -1
    outer loop
      vertex -54.28580646236606 -7.274400179584252 0
      vertex -55.34799671014255 -1.5656994408305749 0
      vertex -54.24344969003154 -7.052358203103261 0
    endloop
  endfacet
  facet normal 0 0 -1
    outer loop
      vertex -54.24344969003154 -7.052358203103261 0
      vertex -55.129305231718575 -1.9103020699505378 0
      vertex -54.17359767459885 -6.8373758051675795 0
    endloop
  endfacet
  facet normal 0 0 -1
    outer loop
      vertex -54.17359767459885 -6.8373758051675795 0
      vertex -54.86914803911959 -2.224778094268238 0
      vertex -54.077352024078955 -6.632843386616912 0
    endloop
  endfacet
  facet normal 0 0 -1
    outer loop
      vertex -54.077352024078955 -6.632843386616912 0
      vertex -54.57162796668324 -2.5041680390213155 0
      vertex -53.956230589874906 -6.441986545873548 0
    endloop
  endfacet
  facet normal 0 0 -1
    outer loop
      vertex -53.81214352935854 -6.267815209328361 0
      vertex -53.956230589874906 -6.441986545873548 0
      vertex -54.57162796668324 -2.5041680390213155 0
    endloop
  endfacet
  facet normal 0 0 -1
    outer loop
      vertex -53.81214352935854 -6.267815209328361 0
      vertex -54.24143708368174 -2.7440657578815486 0
      vertex -53.64736318154764 -6.113076163003579 0
    endloop
  endfacet
  facet normal 0 0 -1
    outer loop
      vertex -53.64736318154764 -6.113076163003579 0
      vertex -53.88378269758648 -2.9406879205145637 0
      vertex -53.464488230962196 -5.980209734096373 0
    endloop
  endfacet
  facet normal 0 0 -1
    outer loop
      vertex -53.464488230962196 -5.980209734096373 0
      vertex -53.504305231718575 -3.090933677959249 0
      vertex -53.266402724817134 -5.871311305561165 0
    endloop
  endfacet
  facet normal 0 0 -1
    outer loop
      vertex -53.266402724817134 -5.871311305561165 0
      vertex -53.504305231718575 -3.090933677959249 0
      vertex -53.05623058987491 -5.788098270668724 0
    endloop
  endfacet
  facet normal 0 0 -1
    outer loop
      vertex -53.05623058987491 -5.788098270668724 0
      vertex -53.108989272403605 -3.192433564868238 0
      vertex -52.837286366254304 -5.7318829486883605 0
    endloop
  endfacet
  facet normal 0 0 -1
    outer loop
      vertex -52.837286366254304 -5.7318829486883605 0
      vertex -52.70406918847027 -3.2435868673918824 0
      vertex -52.61302293515276 -5.703551888829111 0
    endloop
  endfacet
  facet normal 0 0 -1
    outer loop
      vertex -52.61302293515276 -5.703551888829111 0
      vertex -52.70406918847027 -3.2435868673918824 0
      vertex -52.38697706484724 -5.703551888829111 0
    endloop
  endfacet
  facet normal 0 0 -1
    outer loop
      vertex -52.38697706484724 -5.703551888829111 0
      vertex -52.29593081152973 -3.2435868673918824 0
      vertex -52.162713633745696 -5.7318829486883605 0
    endloop
  endfacet
  facet normal 0 0 -1
    outer loop
      vertex -54.24344969003154 -7.052358203103261 0
      vertex -55.34799671014255 -1.5656994408305749 0
      vertex -55.129305231718575 -1.9103020699505378 0
    endloop
  endfacet
  facet normal 0 0 -1
    outer loop
      vertex -54.077352024078955 -6.632843386616912 0
      vertex -54.86914803911959 -2.224778094268238 0
      vertex -54.57162796668324 -2.5041680390213155 0
    endloop
  endfacet
  facet normal 0 0 -1
    outer loop
      vertex -53.81214352935854 -6.267815209328361 0
      vertex -54.57162796668324 -2.5041680390213155 0
      vertex -54.24143708368174 -2.7440657578815486 0
    endloop
  endfacet
  facet normal 0 0 -1
    outer loop
      vertex -53.64736318154764 -6.113076163003579 0
      vertex -54.24143708368174 -2.7440657578815486 0
      vertex -53.88378269758648 -2.9406879205145637 0
    endloop
  endfacet
  facet normal 0 0 -1
    outer loop
      vertex -54.17359767459885 -6.8373758051675795 0
      vertex -55.129305231718575 -1.9103020699505378 0
      vertex -54.86914803911959 -2.224778094268238 0
    endloop
  endfacet
  facet normal 0 0 -1
    outer loop
      vertex -54.28580646236606 -7.274400179584252 0
      vertex -55.52177357913682 -1.1964047962252031 0
      vertex -55.34799671014255 -1.5656994408305749 0
    endloop
  endfacet
  facet normal 0 0 -1
    outer loop
      vertex -54.28580646236606 -7.274400179584252 0
      vertex -55.64789527366805 -0.8082421332857783 0
      vertex -55.52177357913682 -1.1964047962252031 0
    endloop
  endfacet
  facet normal 0 0 -1
    outer loop
      vertex -53.464488230962196 -5.980209734096373 0
      vertex -53.88378269758648 -2.9406879205145637 0
      vertex -53.504305231718575 -3.090933677959249 0
    endloop
  endfacet
  facet normal 0 0 -1
    outer loop
      vertex -53.05623058987491 -5.788098270668724 0
      vertex -53.504305231718575 -3.090933677959249 0
      vertex -53.108989272403605 -3.192433564868238 0
    endloop
  endfacet
  facet normal 0 0 -1
    outer loop
      vertex -52.837286366254304 -5.7318829486883605 0
      vertex -53.108989272403605 -3.192433564868238 0
      vertex -52.70406918847027 -3.2435868673918824 0
    endloop
  endfacet
  facet normal 0 0 -1
    outer loop
      vertex -52.38697706484724 -5.703551888829111 0
      vertex -52.70406918847027 -3.2435868673918824 0
      vertex -52.29593081152973 -3.2435868673918824 0
    endloop
  endfacet
  facet normal 0 0 -1
    outer loop
      vertex -52.162713633745696 -5.7318829486883605 0
      vertex -52.29593081152973 -3.2435868673918824 0
      vertex -51.891010727596395 -3.192433564868238 0
    endloop
  endfacet
  facet normal 0 0 -1
    outer loop
      vertex -59.46644870925769 -12.466717504726843 0
      vertex -59.5 17 0
      vertex -56.439867577928595 -8.461750992807128 0
    endloop
  endfacet
  facet normal 0 0 -1
    outer loop
      vertex -52.162713633745696 -5.7318829486883605 0
      vertex -51.891010727596395 -3.192433564868238 0
      vertex -51.94376941012509 -5.788098270668724 0
    endloop
  endfacet
  facet normal 0 0 -1
    outer loop
      vertex -51.94376941012509 -5.788098270668724 0
      vertex -51.891010727596395 -3.192433564868238 0
      vertex -51.733597275182866 -5.871311305561165 0
    endloop
  endfacet
  facet normal 0 0 -1
    outer loop
      vertex -51.35263681845236 -6.11307616300358 0
      vertex -51.11621730241352 -2.9406879205145637 0
      vertex -51.18785647064146 -6.267815209328361 0
    endloop
  endfacet
  facet normal 0 0 -1
    outer loop
      vertex -51.35263681845236 -6.11307616300358 0
      vertex -51.535511769037804 -5.980209734096373 0
      vertex -51.11621730241352 -2.9406879205145637 0
    endloop
  endfacet
  facet normal 0 0 -1
    outer loop
      vertex -51.535511769037804 -5.980209734096373 0
      vertex -51.733597275182866 -5.871311305561165 0
      vertex -51.495694768281425 -3.090933677959249 0
    endloop
  endfacet
  facet normal 0 0 -1
    outer loop
      vertex -50.82640232540115 -6.8373758051675795 0
      vertex -50.922647975921045 -6.632843386616912 0
      vertex -50.75856291631826 -2.7440657578815495 0
    endloop
  endfacet
  facet normal 0 0 -1
    outer loop
      vertex -50.922647975921045 -6.632843386616912 0
      vertex -51.043769410125094 -6.441986545873548 0
      vertex -50.75856291631826 -2.7440657578815495 0
    endloop
  endfacet
  facet normal 0 0 -1
    outer loop
      vertex -51.043769410125094 -6.441986545873548 0
      vertex -51.18785647064146 -6.267815209328361 0
      vertex -50.75856291631826 -2.7440657578815495 0
    endloop
  endfacet
  facet normal 0 0 -1
    outer loop
      vertex -47.50278172128993 -8.009866357858641 0
      vertex -50.75856291631826 -2.7440657578815495 0
      vertex -50.428372033316755 -2.504168039021314 0
    endloop
  endfacet
  facet normal 0 0 -1
    outer loop
      vertex -47.50278172128993 -8.009866357858641 0
      vertex -50.428372033316755 -2.504168039021314 0
      vertex -50.13085196088041 -2.224778094268238 0
    endloop
  endfacet
  facet normal 0 0 -1
    outer loop
      vertex -51.733597275182866 -5.871311305561165 0
      vertex -51.891010727596395 -3.192433564868238 0
      vertex -51.495694768281425 -3.090933677959249 0
    endloop
  endfacet
  facet normal 0 0 -1
    outer loop
      vertex -51.535511769037804 -5.980209734096373 0
      vertex -51.495694768281425 -3.090933677959249 0
      vertex -51.11621730241352 -2.9406879205145637 0
    endloop
  endfacet
  facet normal 0 0 -1
    outer loop
      vertex -51.18785647064146 -6.267815209328361 0
      vertex -51.11621730241352 -2.9406879205145637 0
      vertex -50.75856291631826 -2.7440657578815495 0
    endloop
  endfacet
  facet normal 0 0 -1
    outer loop
      vertex -47.50278172128993 -8.009866357858641 0
      vertex -50.13085196088041 -2.224778094268238 0
      vertex -49.870694768281425 -1.9103020699505378 0
    endloop
  endfacet
  facet normal 0 0 -1
    outer loop
      vertex -47.50278172128993 -8.009866357858641 0
      vertex -49.870694768281425 -1.9103020699505378 0
      vertex -49.65200328985745 -1.5656994408305749 0
    endloop
  endfacet
  facet normal 0 0 -1
    outer loop
      vertex -47.50278172128993 -8.009866357858641 0
      vertex -49.65200328985745 -1.5656994408305749 0
      vertex -49.47822642086318 -1.1964047962252047 0
    endloop
  endfacet
  facet normal 0 0 -1
    outer loop
      vertex -47.50278172128993 -8.009866357858641 0
      vertex -49.47822642086318 -1.1964047962252047 0
      vertex -49.35210472633195 -0.8082421332857769 0
    endloop
  endfacet
  facet normal 0 0 -1
    outer loop
      vertex -47.50278172128993 -8.009866357858641 0
      vertex -49.35210472633195 -0.8082421332857769 0
      vertex -49.27562722072795 -0.40733300908398823 0
    endloop
  endfacet
  facet normal 0 0 -1
    outer loop
      vertex -47.50278172128993 -8.009866357858641 0
      vertex -49.27562722072795 -0.40733300908398823 0
      vertex -49.25 0 0
    endloop
  endfacet
  facet normal -1 0 0
    outer loop
      vertex -59.5 -13 0
      vertex -59.5 -13 3
      vertex -59.5 17 0
    endloop
  endfacet
  facet normal -0.48175367410171693 -0.8763066800438627 0
    outer loop
      vertex -56.62889645782536 -21.5241352623301 0
      vertex -56.62889645782536 -21.5241352623301 3
      vertex -57.17913397489498 -21.221639627510076 3
    endloop
  endfacet
  facet normal -0.7705132427757907 -0.6374239897486881 0
    outer loop
      vertex -58.545084971874736 -19.938926261462367 0
      vertex -58.14484313710706 -20.422735529643443 3
      vertex -58.545084971874736 -19.938926261462367 3
    endloop
  endfacet
  facet normal -0.12533323356430573 -0.9921147013144777 0
    outer loop
      vertex -54.81395259764657 -21.99013364214136 0
      vertex -54.81395259764657 -21.99013364214136 3
      vertex -55.43690657292862 -21.911436253643444 3
    endloop
  endfacet
  facet normal -0.9822872507286902 -0.18738131458571636 0
    outer loop
      vertex -59.34291580564316 -18.243449435824274 0
      vertex -59.34291580564316 -18.243449435824274 3
      vertex -59.46057350657239 -17.62666616782152 3
    endloop
  endfacet
  facet normal 0 0 1
    outer loop
      vertex -56.045084971874736 -21.755282581475768 3
      vertex -57.17913397489498 -21.221639627510076 3
      vertex -56.62889645782536 -21.5241352623301 3
    endloop
  endfacet
  facet normal 0 0 1
    outer loop
      vertex -57.17913397489498 -21.221639627510076 3
      vertex -54.81395259764657 -21.99013364214136 3
      vertex -58.5940337118993 -19.714924442696486 3
    endloop
  endfacet
  facet normal 0 0 1
    outer loop
      vertex -58.14484313710706 -20.422735529643443 3
      vertex -58.5940337118993 -19.714924442696486 3
      vertex -58.545084971874736 -19.938926261462367 3
    endloop
  endfacet
  facet normal 0 0 1
    outer loop
      vertex -58.545084971874736 -19.938926261462367 3
      vertex -58.5940337118993 -19.714924442696486 3
      vertex -58.6966318323964 -19.663263545526817 3
    endloop
  endfacet
  facet normal 0 0 1
    outer loop
      vertex -58.5940337118993 -19.714924442696486 3
      vertex -58.88153340021932 -19.408768370508575 3
      vertex -58.6966318323964 -19.663263545526817 3
    endloop
  endfacet
  facet normal 0 0 1
    outer loop
      vertex -58.5940337118993 -19.714924442696486 3
      vertex -54.81395259764657 -21.99013364214136 3
      vertex -58.88153340021932 -19.408768370508575 3
    endloop
  endfacet
  facet normal 0 0 1
    outer loop
      vertex -56.045084971874736 -21.755282581475768 3
      vertex -55.43690657292862 -21.911436253643444 3
      vertex -54.81395259764657 -21.99013364214136 3
    endloop
  endfacet
  facet normal 0 0 1
    outer loop
      vertex -58.88153340021932 -19.408768370508575 3
      vertex -54.81395259764657 -21.99013364214136 3
      vertex -49.4339091029525 -21.755279230855706 3
    endloop
  endfacet
  facet normal 0 0 1
    outer loop
      vertex -58.88153340021932 -19.408768370508575 3
      vertex -49.4339091029525 -21.755279230855706 3
      vertex -54.64521850230143 -18.233280265899825 3
    endloop
  endfacet
  facet normal 0 0 1
    outer loop
      vertex -58.88153340021932 -19.408768370508575 3
      vertex -59.46057350657239 -17.62666616782152 3
      vertex -59.34291580564316 -18.243449435824274 3
    endloop
  endfacet
  facet normal 0 0 1
    outer loop
      vertex -58.88153340021932 -19.408768370508575 3
      vertex -54.64521850230143 -18.233280265899825 3
      vertex -54.57162796668324 -17.504168039021316 3
    endloop
  endfacet
  facet normal 0 0 1
    outer loop
      vertex -58.88153340021932 -19.408768370508575 3
      vertex -54.57162796668324 -17.504168039021316 3
      vertex -54.86914803911959 -17.22477809426824 3
    endloop
  endfacet
  facet normal 0 0 1
    outer loop
      vertex -58.88153340021932 -19.408768370508575 3
      vertex -54.86914803911959 -17.22477809426824 3
      vertex -55.129305231718575 -16.91030206995054 3
    endloop
  endfacet
  facet normal 0 0 1
    outer loop
      vertex -58.88153340021932 -19.408768370508575 3
      vertex -55.129305231718575 -16.91030206995054 3
      vertex -55.34799671014255 -16.565699440830574 3
    endloop
  endfacet
  facet normal 0 0 1
    outer loop
      vertex -58.88153340021932 -19.408768370508575 3
      vertex -55.34799671014255 -16.565699440830574 3
      vertex -55.52177357913682 -16.196404796225202 3
    endloop
  endfacet
  facet normal 0 0 1
    outer loop
      vertex -58.88153340021932 -19.408768370508575 3
      vertex -55.64789527366805 -15.808242133285779 3
      vertex -55.72437277927205 -15.407333009083988 3
    endloop
  endfacet
  facet normal 0 0 1
    outer loop
      vertex -58.88153340021932 -19.408768370508575 3
      vertex -55.72437277927205 -15.407333009083988 3
      vertex -55.75 -15 3
    endloop
  endfacet
  facet normal 0 0 1
    outer loop
      vertex -58.88153340021932 -19.408768370508575 3
      vertex -55.52177357913682 -16.196404796225202 3
      vertex -55.64789527366805 -15.808242133285779 3
    endloop
  endfacet
  facet normal 0 0 1
    outer loop
      vertex -54.64521850230143 -18.233280265899825 3
      vertex -54.32914185096455 -17.680344514541776 3
      vertex -54.57162796668324 -17.504168039021316 3
    endloop
  endfacet
  facet normal 0 0 1
    outer loop
      vertex -58.88153340021932 -19.408768370508575 3
      vertex -55.75 -15 3
      vertex -55.72437277927205 -14.592666990916012 3
    endloop
  endfacet
  facet normal 0 0 1
    outer loop
      vertex -58.88153340021932 -19.408768370508575 3
      vertex -55.72437277927205 -14.592666990916012 3
      vertex -55.64789527366805 -14.191757866714221 3
    endloop
  endfacet
  facet normal 0 0 1
    outer loop
      vertex -58.88153340021932 -19.408768370508575 3
      vertex -55.64789527366805 -14.191757866714221 3
      vertex -55.129305231718575 -1.9103020699505378 3
    endloop
  endfacet
  facet normal 0 0 1
    outer loop
      vertex -55.64789527366805 -14.191757866714221 3
      vertex -55.52177357913682 -13.803595203774798 3
      vertex -54.28580646236606 -7.274400179584252 3
    endloop
  endfacet
  facet normal 0 0 1
    outer loop
      vertex -55.52177357913682 -13.803595203774798 3
      vertex -55.34799671014255 -13.434300559169426 3
      vertex -54.3 -7.5 3
    endloop
  endfacet
  facet normal 0 0 1
    outer loop
      vertex -55.34799671014255 -13.434300559169426 3
      vertex -55.129305231718575 -13.089697930049462 3
      vertex -54.24344969003154 -7.947641796896739 3
    endloop
  endfacet
  facet normal 0 0 1
    outer loop
      vertex -55.129305231718575 -13.089697930049462 3
      vertex -54.86914803911959 -12.775221905731762 3
      vertex -54.17359767459885 -8.16262419483242 3
    endloop
  endfacet
  facet normal 0 0 1
    outer loop
      vertex -54.86914803911959 -12.775221905731762 3
      vertex -54.57162796668324 -12.495831960978684 3
      vertex -54.077352024078955 -8.367156613383088 3
    endloop
  endfacet
  facet normal 0 0 1
    outer loop
      vertex -54.57162796668324 -12.495831960978684 3
      vertex -54.24143708368174 -12.255934242118451 3
      vertex -53.81214352935854 -8.732184790671639 3
    endloop
  endfacet
  facet normal 0 0 1
    outer loop
      vertex -54.24143708368174 -12.255934242118451 3
      vertex -53.88378269758648 -12.059312079485437 3
      vertex -53.64736318154764 -8.88692383699642 3
    endloop
  endfacet
  facet normal 0 0 1
    outer loop
      vertex -53.88378269758648 -12.059312079485437 3
      vertex -53.504305231718575 -11.90906632204075 3
      vertex -53.464488230962196 -9.019790265903627 3
    endloop
  endfacet
  facet normal 0 0 1
    outer loop
      vertex -55.34799671014255 -13.434300559169426 3
      vertex -54.24344969003154 -7.947641796896739 3
      vertex -54.28580646236606 -7.725599820415748 3
    endloop
  endfacet
  facet normal 0 0 1
    outer loop
      vertex -55.129305231718575 -13.089697930049462 3
      vertex -54.17359767459885 -8.16262419483242 3
      vertex -54.24344969003154 -7.947641796896739 3
    endloop
  endfacet
  facet normal 0 0 1
    outer loop
      vertex -54.57162796668324 -12.495831960978684 3
      vertex -53.956230589874906 -8.558013454126451 3
      vertex -54.077352024078955 -8.367156613383088 3
    endloop
  endfacet
  facet normal 0 0 1
    outer loop
      vertex -54.57162796668324 -12.495831960978684 3
      vertex -53.81214352935854 -8.732184790671639 3
      vertex -53.956230589874906 -8.558013454126451 3
    endloop
  endfacet
  facet normal 0 0 1
    outer loop
      vertex -54.86914803911959 -12.775221905731762 3
      vertex -54.077352024078955 -8.367156613383088 3
      vertex -54.17359767459885 -8.16262419483242 3
    endloop
  endfacet
  facet normal 0 0 1
    outer loop
      vertex -53.504305231718575 -11.90906632204075 3
      vertex -53.108989272403605 -11.807566435131761 3
      vertex -53.05623058987491 -9.211901729331277 3
    endloop
  endfacet
  facet normal 0 0 1
    outer loop
      vertex -53.108989272403605 -11.807566435131761 3
      vertex -52.70406918847027 -11.756413132608117 3
      vertex -52.837286366254304 -9.26811705131164 3
    endloop
  endfacet
  facet normal 0 0 1
    outer loop
      vertex -52.70406918847027 -11.756413132608117 3
      vertex -52.29593081152973 -11.756413132608117 3
      vertex -52.38697706484724 -9.29644811117089 3
    endloop
  endfacet
  facet normal 0 0 1
    outer loop
      vertex -51.891010727596395 -11.807566435131761 3
      vertex -52.162713633745696 -9.26811705131164 3
      vertex -52.29593081152973 -11.756413132608117 3
    endloop
  endfacet
  facet normal 0 0 1
    outer loop
      vertex -53.88378269758648 -12.059312079485437 3
      vertex -53.464488230962196 -9.019790265903627 3
      vertex -53.64736318154764 -8.88692383699642 3
    endloop
  endfacet
  facet normal 0 0 1
    outer loop
      vertex -53.504305231718575 -11.90906632204075 3
      vertex -53.05623058987491 -9.211901729331277 3
      vertex -53.266402724817134 -9.128688694438836 3
    endloop
  endfacet
  facet normal 0 0 1
    outer loop
      vertex -53.504305231718575 -11.90906632204075 3
      vertex -53.266402724817134 -9.128688694438836 3
      vertex -53.464488230962196 -9.019790265903627 3
    endloop
  endfacet
  facet normal 0 0 1
    outer loop
      vertex -53.108989272403605 -11.807566435131761 3
      vertex -52.837286366254304 -9.26811705131164 3
      vertex -53.05623058987491 -9.211901729331277 3
    endloop
  endfacet
  facet normal 0 0 1
    outer loop
      vertex -54.24143708368174 -12.255934242118451 3
      vertex -53.64736318154764 -8.88692383699642 3
      vertex -53.81214352935854 -8.732184790671639 3
    endloop
  endfacet
  facet normal 0 0 1
    outer loop
      vertex -52.70406918847027 -11.756413132608117 3
      vertex -52.61302293515276 -9.29644811117089 3
      vertex -52.837286366254304 -9.26811705131164 3
    endloop
  endfacet
  facet normal 0 0 1
    outer loop
      vertex -52.70406918847027 -11.756413132608117 3
      vertex -52.38697706484724 -9.29644811117089 3
      vertex -52.61302293515276 -9.29644811117089 3
    endloop
  endfacet
  facet normal 0 0 1
    outer loop
      vertex -52.29593081152973 -11.756413132608117 3
      vertex -52.162713633745696 -9.26811705131164 3
      vertex -52.38697706484724 -9.29644811117089 3
    endloop
  endfacet
  facet normal 0 0 1
    outer loop
      vertex -55.34799671014255 -13.434300559169426 3
      vertex -54.28580646236606 -7.725599820415748 3
      vertex -54.3 -7.5 3
    endloop
  endfacet
  facet normal 0 0 1
    outer loop
      vertex -55.52177357913682 -13.803595203774798 3
      vertex -54.3 -7.5 3
      vertex -54.28580646236606 -7.274400179584252 3
    endloop
  endfacet
  facet normal 0 0 1
    outer loop
      vertex -58.88153340021932 -19.408768370508575 3
      vertex -55.129305231718575 -1.9103020699505378 3
      vertex -55.34799671014255 -1.5656994408305749 3
    endloop
  endfacet
  facet normal 0 0 1
    outer loop
      vertex -58.88153340021932 -19.408768370508575 3
      vertex -55.64789527366805 -0.8082421332857783 3
      vertex -55.72437277927205 -0.40733300908398823 3
    endloop
  endfacet
  facet normal 0 0 1
    outer loop
      vertex -58.88153340021932 -19.408768370508575 3
      vertex -55.34799671014255 -1.5656994408305749 3
      vertex -55.52177357913682 -1.1964047962252031 3
    endloop
  endfacet
  facet normal 0 0 1
    outer loop
      vertex -58.88153340021932 -19.408768370508575 3
      vertex -55.52177357913682 -1.1964047962252031 3
      vertex -55.64789527366805 -0.8082421332857783 3
    endloop
  endfacet
  facet normal 0 0 1
    outer loop
      vertex -58.88153340021932 -19.408768370508575 3
      vertex -59.5 17 3
      vertex -59.46057350657239 -17.62666616782152 3
    endloop
  endfacet
  facet normal 0 0 1
    outer loop
      vertex -58.88153340021932 -19.408768370508575 3
      vertex -55.72437277927205 -0.40733300908398823 3
      vertex -55.75 0 3
    endloop
  endfacet
  facet normal 0 0 1
    outer loop
      vertex -58.88153340021932 -19.408768370508575 3
      vertex -55.75 0 3
      vertex -55.72437277927205 0.40733300908398823 3
    endloop
  endfacet
  facet normal 0 0 1
    outer loop
      vertex -55.64789527366805 -14.191757866714221 3
      vertex -54.28580646236606 -7.274400179584252 3
      vertex -55.129305231718575 -1.9103020699505378 3
    endloop
  endfacet
  facet normal 0 0 1
    outer loop
      vertex -49.034061932502965 -8.417278163921372 3
      vertex -51.891010727596395 -11.807566435131761 3
      vertex -51.495694768281425 -11.90906632204075 3
    endloop
  endfacet
  facet normal 0 0 1
    outer loop
      vertex -49.034061932502965 -8.417278163921372 3
      vertex -51.11621730241352 -12.059312079485437 3
      vertex -51.116029797595615 -12.059415161131389 3
    endloop
  endfacet
  facet normal 0 0 1
    outer loop
      vertex -49.034061932502965 -8.417278163921372 3
      vertex -51.495694768281425 -11.90906632204075 3
      vertex -51.11621730241352 -12.059312079485437 3
    endloop
  endfacet
  facet normal 0 0 1
    outer loop
      vertex -51.891010727596395 -11.807566435131761 3
      vertex -51.94376941012509 -9.211901729331277 3
      vertex -52.162713633745696 -9.26811705131164 3
    endloop
  endfacet
  facet normal 0 0 1
    outer loop
      vertex -51.891010727596395 -11.807566435131761 3
      vertex -51.733597275182866 -9.128688694438836 3
      vertex -51.94376941012509 -9.211901729331277 3
    endloop
  endfacet
  facet normal 0 0 1
    outer loop
      vertex -51.891010727596395 -11.807566435131761 3
      vertex -51.535511769037804 -9.019790265903627 3
      vertex -51.733597275182866 -9.128688694438836 3
    endloop
  endfacet
  facet normal 0 0 1
    outer loop
      vertex -51.891010727596395 -11.807566435131761 3
      vertex -51.35263681845236 -8.88692383699642 3
      vertex -51.535511769037804 -9.019790265903627 3
    endloop
  endfacet
  facet normal 0 0 1
    outer loop
      vertex -51.891010727596395 -11.807566435131761 3
      vertex -51.18785647064146 -8.732184790671639 3
      vertex -51.35263681845236 -8.88692383699642 3
    endloop
  endfacet
  facet normal 0 0 1
    outer loop
      vertex -51.891010727596395 -11.807566435131761 3
      vertex -51.043769410125094 -8.558013454126451 3
      vertex -51.18785647064146 -8.732184790671639 3
    endloop
  endfacet
  facet normal 0 0 1
    outer loop
      vertex -49.034061932502965 -8.417278163921372 3
      vertex -51.043769410125094 -8.558013454126451 3
      vertex -51.891010727596395 -11.807566435131761 3
    endloop
  endfacet
  facet normal 0 0 1
    outer loop
      vertex -49.034061932502965 -8.417278163921372 3
      vertex -50.922647975921045 -8.367156613383088 3
      vertex -51.043769410125094 -8.558013454126451 3
    endloop
  endfacet
  facet normal 0 0 1
    outer loop
      vertex -49.034061932502965 -8.417278163921372 3
      vertex -50.82640232540115 -8.162624194832421 3
      vertex -50.922647975921045 -8.367156613383088 3
    endloop
  endfacet
  facet normal 0 0 1
    outer loop
      vertex -49.034061932502965 -8.417278163921372 3
      vertex -50.75655030996846 -7.947641796896738 3
      vertex -50.82640232540115 -8.162624194832421 3
    endloop
  endfacet
  facet normal 0 0 1
    outer loop
      vertex -49.034061932502965 -8.417278163921372 3
      vertex -50.71419353763394 -7.725599820415748 3
      vertex -50.75655030996846 -7.947641796896738 3
    endloop
  endfacet
  facet normal 0 0 1
    outer loop
      vertex -49.034061932502965 -8.417278163921372 3
      vertex -50.7 -7.5 3
      vertex -50.71419353763394 -7.725599820415748 3
    endloop
  endfacet
  facet normal 0 0 1
    outer loop
      vertex -49.034061932502965 -8.417278163921372 3
      vertex -50.71419353763394 -7.274400179584252 3
      vertex -50.7 -7.5 3
    endloop
  endfacet
  facet normal 0 0 1
    outer loop
      vertex -49.034061932502965 -8.417278163921372 3
      vertex -50.75655030996846 -7.052358203103261 3
      vertex -50.71419353763394 -7.274400179584252 3
    endloop
  endfacet
  facet normal 0 0 1
    outer loop
      vertex -49.034061932502965 -8.417278163921372 3
      vertex -51.495694768281425 -3.090933677959249 3
      vertex -50.75655030996846 -7.052358203103261 3
    endloop
  endfacet
  facet normal 0 0 1
    outer loop
      vertex -51.495694768281425 -3.090933677959249 3
      vertex -50.82640232540115 -6.8373758051675795 3
      vertex -50.75655030996846 -7.052358203103261 3
    endloop
  endfacet
  facet normal 0 0 1
    outer loop
      vertex -51.495694768281425 -3.090933677959249 3
      vertex -50.922647975921045 -6.632843386616912 3
      vertex -50.82640232540115 -6.8373758051675795 3
    endloop
  endfacet
  facet normal 0 0 1
    outer loop
      vertex -59.46057350657239 -17.62666616782152 3
      vertex -59.5 17 3
      vertex -59.5 -13 3
    endloop
  endfacet
  facet normal 0 0 1
    outer loop
      vertex -54.28580646236606 -7.274400179584252 3
      vertex -54.24344969003154 -7.052358203103261 3
      vertex -55.129305231718575 -1.9103020699505378 3
    endloop
  endfacet
  facet normal 0 0 1
    outer loop
      vertex -54.24344969003154 -7.052358203103261 3
      vertex -54.17359767459885 -6.8373758051675795 3
      vertex -55.129305231718575 -1.9103020699505378 3
    endloop
  endfacet
  facet normal 0 0 1
    outer loop
      vertex -54.17359767459885 -6.8373758051675795 3
      vertex -54.077352024078955 -6.632843386616912 3
      vertex -54.86914803911959 -2.224778094268238 3
    endloop
  endfacet
  facet normal 0 0 1
    outer loop
      vertex -54.077352024078955 -6.632843386616912 3
      vertex -53.956230589874906 -6.441986545873548 3
      vertex -54.57162796668324 -2.5041680390213155 3
    endloop
  endfacet
  facet normal 0 0 1
    outer loop
      vertex -53.956230589874906 -6.441986545873548 3
      vertex -53.81214352935854 -6.267815209328361 3
      vertex -54.57162796668324 -2.5041680390213155 3
    endloop
  endfacet
  facet normal 0 0 1
    outer loop
      vertex -53.81214352935854 -6.267815209328361 3
      vertex -53.64736318154764 -6.113076163003579 3
      vertex -54.24143708368174 -2.7440657578815486 3
    endloop
  endfacet
  facet normal 0 0 1
    outer loop
      vertex -53.64736318154764 -6.113076163003579 3
      vertex -53.464488230962196 -5.980209734096373 3
      vertex -53.88378269758648 -2.9406879205145637 3
    endloop
  endfacet
  facet normal 0 0 1
    outer loop
      vertex -53.464488230962196 -5.980209734096373 3
      vertex -53.266402724817134 -5.871311305561165 3
      vertex -53.504305231718575 -3.090933677959249 3
    endloop
  endfacet
  facet normal 0 0 1
    outer loop
      vertex -53.266402724817134 -5.871311305561165 3
      vertex -53.05623058987491 -5.788098270668724 3
      vertex -53.504305231718575 -3.090933677959249 3
    endloop
  endfacet
  facet normal 0 0 1
    outer loop
      vertex -53.05623058987491 -5.788098270668724 3
      vertex -52.837286366254304 -5.7318829486883605 3
      vertex -53.108989272403605 -3.192433564868238 3
    endloop
  endfacet
  facet normal 0 0 1
    outer loop
      vertex -52.837286366254304 -5.7318829486883605 3
      vertex -52.61302293515276 -5.703551888829111 3
      vertex -52.70406918847027 -3.2435868673918824 3
    endloop
  endfacet
  facet normal 0 0 1
    outer loop
      vertex -52.61302293515276 -5.703551888829111 3
      vertex -52.38697706484724 -5.703551888829111 3
      vertex -52.70406918847027 -3.2435868673918824 3
    endloop
  endfacet
  facet normal 0 0 1
    outer loop
      vertex -52.38697706484724 -5.703551888829111 3
      vertex -52.162713633745696 -5.7318829486883605 3
      vertex -52.29593081152973 -3.2435868673918824 3
    endloop
  endfacet
  facet normal 0 0 1
    outer loop
      vertex -54.077352024078955 -6.632843386616912 3
      vertex -54.57162796668324 -2.5041680390213155 3
      vertex -54.86914803911959 -2.224778094268238 3
    endloop
  endfacet
  facet normal 0 0 1
    outer loop
      vertex -53.81214352935854 -6.267815209328361 3
      vertex -54.24143708368174 -2.7440657578815486 3
      vertex -54.57162796668324 -2.5041680390213155 3
    endloop
  endfacet
  facet normal 0 0 1
    outer loop
      vertex -53.64736318154764 -6.113076163003579 3
      vertex -53.88378269758648 -2.9406879205145637 3
      vertex -54.24143708368174 -2.7440657578815486 3
    endloop
  endfacet
  facet normal 0 0 1
    outer loop
      vertex -54.17359767459885 -6.8373758051675795 3
      vertex -54.86914803911959 -2.224778094268238 3
      vertex -55.129305231718575 -1.9103020699505378 3
    endloop
  endfacet
  facet normal 0 0 1
    outer loop
      vertex -53.464488230962196 -5.980209734096373 3
      vertex -53.504305231718575 -3.090933677959249 3
      vertex -53.88378269758648 -2.9406879205145637 3
    endloop
  endfacet
  facet normal 0 0 1
    outer loop
      vertex -53.05623058987491 -5.788098270668724 3
      vertex -53.108989272403605 -3.192433564868238 3
      vertex -53.504305231718575 -3.090933677959249 3
    endloop
  endfacet
  facet normal 0 0 1
    outer loop
      vertex -52.837286366254304 -5.7318829486883605 3
      vertex -52.70406918847027 -3.2435868673918824 3
      vertex -53.108989272403605 -3.192433564868238 3
    endloop
  endfacet
  facet normal 0 0 1
    outer loop
      vertex -52.38697706484724 -5.703551888829111 3
      vertex -52.29593081152973 -3.2435868673918824 3
      vertex -52.70406918847027 -3.2435868673918824 3
    endloop
  endfacet
  facet normal 0 0 1
    outer loop
      vertex -52.162713633745696 -5.7318829486883605 3
      vertex -51.891010727596395 -3.192433564868238 3
      vertex -52.29593081152973 -3.2435868673918824 3
    endloop
  endfacet
  facet normal 0 0 1
    outer loop
      vertex -58.88153340021932 -19.408768370508575 3
      vertex -55.72437277927205 0.40733300908398823 3
      vertex -59.5 17 3
    endloop
  endfacet
  facet normal 0 0 1
    outer loop
      vertex -51.495694768281425 -3.090933677959249 3
      vertex -51.043769410125094 -6.441986545873548 3
      vertex -50.922647975921045 -6.632843386616912 3
    endloop
  endfacet
  facet normal 0 0 1
    outer loop
      vertex -51.495694768281425 -3.090933677959249 3
      vertex -51.18785647064146 -6.267815209328361 3
      vertex -51.043769410125094 -6.441986545873548 3
    endloop
  endfacet
  facet normal 0 0 1
    outer loop
      vertex -51.495694768281425 -3.090933677959249 3
      vertex -51.35263681845236 -6.11307616300358 3
      vertex -51.18785647064146 -6.267815209328361 3
    endloop
  endfacet
  facet normal 0 0 1
    outer loop
      vertex -52.162713633745696 -5.7318829486883605 3
      vertex -51.94376941012509 -5.788098270668724 3
      vertex -51.891010727596395 -3.192433564868238 3
    endloop
  endfacet
  facet normal 0 0 1
    outer loop
      vertex -51.733597275182866 -5.871311305561165 3
      vertex -51.891010727596395 -3.192433564868238 3
      vertex -51.94376941012509 -5.788098270668724 3
    endloop
  endfacet
  facet normal 0 0 1
    outer loop
      vertex -51.495694768281425 -3.090933677959249 3
      vertex -51.535511769037804 -5.980209734096373 3
      vertex -51.35263681845236 -6.11307616300358 3
    endloop
  endfacet
  facet normal 0 0 1
    outer loop
      vertex -51.535511769037804 -5.980209734096373 3
      vertex -51.495694768281425 -3.090933677959249 3
      vertex -51.733597275182866 -5.871311305561165 3
    endloop
  endfacet
  facet normal 0 0 1
    outer loop
      vertex -49.034061932502965 -8.417278163921372 3
      vertex -51.11621730241352 -2.9406879205145637 3
      vertex -51.495694768281425 -3.090933677959249 3
    endloop
  endfacet
  facet normal 0 0 1
    outer loop
      vertex -49.034061932502965 -8.417278163921372 3
      vertex -50.75856291631826 -2.7440657578815495 3
      vertex -51.11621730241352 -2.9406879205145637 3
    endloop
  endfacet
  facet normal 0 0 1
    outer loop
      vertex -49.034061932502965 -8.417278163921372 3
      vertex -50.428372033316755 -2.504168039021314 3
      vertex -50.75856291631826 -2.7440657578815495 3
    endloop
  endfacet
  facet normal 0 0 1
    outer loop
      vertex -49.034061932502965 -8.417278163921372 3
      vertex -50.13085196088041 -2.224778094268238 3
      vertex -50.428372033316755 -2.504168039021314 3
    endloop
  endfacet
  facet normal 0 0 1
    outer loop
      vertex -49.034061932502965 -8.417278163921372 3
      vertex -49.870694768281425 -1.9103020699505378 3
      vertex -50.13085196088041 -2.224778094268238 3
    endloop
  endfacet
  facet normal 0 0 1
    outer loop
      vertex -51.733597275182866 -5.871311305561165 3
      vertex -51.495694768281425 -3.090933677959249 3
      vertex -51.891010727596395 -3.192433564868238 3
    endloop
  endfacet
  facet normal 0 0 1
    outer loop
      vertex -49.034061932502965 -8.417278163921372 3
      vertex -49.65200328985745 -1.5656994408305749 3
      vertex -49.870694768281425 -1.9103020699505378 3
    endloop
  endfacet
  facet normal 0 0 1
    outer loop
      vertex -49.034061932502965 -8.417278163921372 3
      vertex -49.47822642086318 -1.1964047962252047 3
      vertex -49.65200328985745 -1.5656994408305749 3
    endloop
  endfacet
  facet normal 0 0 1
    outer loop
      vertex -49.034061932502965 -8.417278163921372 3
      vertex -49.35210472633195 -0.8082421332857769 3
      vertex -49.47822642086318 -1.1964047962252047 3
    endloop
  endfacet
  facet normal 0 0 1
    outer loop
      vertex -49.034061932502965 -8.417278163921372 3
      vertex -49.27562722072795 -0.40733300908398823 3
      vertex -49.35210472633195 -0.8082421332857769 3
    endloop
  endfacet
  facet normal 0 0 -1
    outer loop
      vertex -56.439867577928595 -8.461750992807128 0
      vertex -59.5 17 0
      vertex -54.615130560162946 -8.064072166486412 0
    endloop
  endfacet
  facet normal 0 0 -1
    outer loop
      vertex -54.615130560162946 -8.064072166486412 0
      vertex -59.5 17 0
      vertex -54.28580646236606 -7.274400179584252 0
    endloop
  endfacet
  facet normal 0 0 -1
    outer loop
      vertex -59.5 17 0
      vertex -55.64789527366805 -0.8082421332857783 0
      vertex -54.28580646236606 -7.274400179584252 0
    endloop
  endfacet
  facet normal 0 0 -1
    outer loop
      vertex -59.5 17 0
      vertex -55.72437277927205 -0.40733300908398823 0
      vertex -55.64789527366805 -0.8082421332857783 0
    endloop
  endfacet
  facet normal 0 0 -1
    outer loop
      vertex -53.108989272403605 3.1924335648682383 0
      vertex -52.837286366254304 5.7318829486883605 0
      vertex -52.70406918847027 3.2435868673918824 0
    endloop
  endfacet
  facet normal 0 0 -1
    outer loop
      vertex -52.70406918847027 3.2435868673918824 0
      vertex -52.38697706484724 5.703551888829111 0
      vertex -52.29593081152973 3.2435868673918824 0
    endloop
  endfacet
  facet normal 0 0 -1
    outer loop
      vertex -52.29593081152973 3.2435868673918824 0
      vertex -52.162713633745696 5.7318829486883605 0
      vertex -51.891010727596395 3.1924335648682383 0
    endloop
  endfacet
  facet normal 0 0 -1
    outer loop
      vertex -53.108989272403605 3.1924335648682383 0
      vertex -53.266402724817134 5.871311305561164 0
      vertex -53.05623058987491 5.788098270668724 0
    endloop
  endfacet
  facet normal 0 0 -1
    outer loop
      vertex -53.108989272403605 3.1924335648682383 0
      vertex -53.05623058987491 5.788098270668724 0
      vertex -52.837286366254304 5.7318829486883605 0
    endloop
  endfacet
  facet normal 0 0 -1
    outer loop
      vertex -53.108989272403605 3.1924335648682383 0
      vertex -53.464488230962196 5.980209734096373 0
      vertex -53.266402724817134 5.871311305561164 0
    endloop
  endfacet
  facet normal 0 0 -1
    outer loop
      vertex -53.108989272403605 3.1924335648682383 0
      vertex -53.64736318154764 6.113076163003579 0
      vertex -53.464488230962196 5.980209734096373 0
    endloop
  endfacet
  facet normal 0 0 -1
    outer loop
      vertex -53.108989272403605 3.1924335648682383 0
      vertex -53.81214352935854 6.267815209328361 0
      vertex -53.64736318154764 6.113076163003579 0
    endloop
  endfacet
  facet normal 0 0 -1
    outer loop
      vertex -53.108989272403605 3.1924335648682383 0
      vertex -53.956230589874906 6.441986545873548 0
      vertex -53.81214352935854 6.267815209328361 0
    endloop
  endfacet
  facet normal 0 0 -1
    outer loop
      vertex -53.108989272403605 3.1924335648682383 0
      vertex -54.077352024078955 6.632843386616912 0
      vertex -53.956230589874906 6.441986545873548 0
    endloop
  endfacet
  facet normal 0 0 -1
    outer loop
      vertex -52.70406918847027 3.2435868673918824 0
      vertex -52.837286366254304 5.7318829486883605 0
      vertex -52.61302293515276 5.703551888829111 0
    endloop
  endfacet
  facet normal 0 0 -1
    outer loop
      vertex -52.70406918847027 3.2435868673918824 0
      vertex -52.61302293515276 5.703551888829111 0
      vertex -52.38697706484724 5.703551888829111 0
    endloop
  endfacet
  facet normal 0 0 -1
    outer loop
      vertex -52.29593081152973 3.2435868673918824 0
      vertex -52.38697706484724 5.703551888829111 0
      vertex -52.162713633745696 5.7318829486883605 0
    endloop
  endfacet
  facet normal 0 0 -1
    outer loop
      vertex -47.50278172128993 -8.009866357858641 0
      vertex -45.5 17 0
      vertex -45.5 -8.009866357858641 0
    endloop
  endfacet
  facet normal 0 0 -1
    outer loop
      vertex -51.495694768281425 3.090933677959249 0
      vertex -51.891010727596395 3.1924335648682383 0
      vertex -51.733597275182866 5.871311305561164 0
    endloop
  endfacet
  facet normal 0 0 -1
    outer loop
      vertex -51.495694768281425 3.090933677959249 0
      vertex -51.535511769037804 5.9802097340963725 0
      vertex -51.11621730241352 2.9406879205145633 0
    endloop
  endfacet
  facet normal 0 0 -1
    outer loop
      vertex -50.75655030996846 7.052358203103262 0
      vertex -49.870694768281425 1.9103020699505378 0
      vertex -50.13085196088041 2.2247780942682382 0
    endloop
  endfacet
  facet normal 0 0 -1
    outer loop
      vertex -50.428372033316755 2.5041680390213146 0
      vertex -50.75856291631826 2.744065757881549 0
      vertex -51.043769410125094 6.441986545873548 0
    endloop
  endfacet
  facet normal 0 0 -1
    outer loop
      vertex -51.18785647064146 6.267815209328361 0
      vertex -50.75856291631826 2.744065757881549 0
      vertex -51.11621730241352 2.9406879205145633 0
    endloop
  endfacet
  facet normal 0 0 -1
    outer loop
      vertex -50.428372033316755 2.5041680390213146 0
      vertex -50.82640232540115 6.837375805167579 0
      vertex -50.13085196088041 2.2247780942682382 0
    endloop
  endfacet
  facet normal 0 0 -1
    outer loop
      vertex -50.75655030996846 7.052358203103262 0
      vertex -49.65200328985745 1.5656994408305749 0
      vertex -49.870694768281425 1.9103020699505378 0
    endloop
  endfacet
  facet normal 0 0 -1
    outer loop
      vertex -51.891010727596395 3.1924335648682383 0
      vertex -52.162713633745696 5.7318829486883605 0
      vertex -51.94376941012509 5.788098270668724 0
    endloop
  endfacet
  facet normal 0 0 -1
    outer loop
      vertex -51.891010727596395 3.1924335648682383 0
      vertex -51.94376941012509 5.788098270668724 0
      vertex -51.733597275182866 5.871311305561164 0
    endloop
  endfacet
  facet normal 0 0 -1
    outer loop
      vertex -51.495694768281425 3.090933677959249 0
      vertex -51.733597275182866 5.871311305561164 0
      vertex -51.535511769037804 5.9802097340963725 0
    endloop
  endfacet
  facet normal 0 0 -1
    outer loop
      vertex -51.11621730241352 2.9406879205145633 0
      vertex -51.535511769037804 5.9802097340963725 0
      vertex -51.35263681845236 6.11307616300358 0
    endloop
  endfacet
  facet normal 0 0 -1
    outer loop
      vertex -51.18785647064146 6.267815209328361 0
      vertex -51.11621730241352 2.9406879205145633 0
      vertex -51.35263681845236 6.11307616300358 0
    endloop
  endfacet
  facet normal 0 0 -1
    outer loop
      vertex -51.18785647064146 6.267815209328361 0
      vertex -51.043769410125094 6.441986545873548 0
      vertex -50.75856291631826 2.744065757881549 0
    endloop
  endfacet
  facet normal 0 0 -1
    outer loop
      vertex -50.428372033316755 2.5041680390213146 0
      vertex -51.043769410125094 6.441986545873548 0
      vertex -50.922647975921045 6.632843386616912 0
    endloop
  endfacet
  facet normal 0 0 -1
    outer loop
      vertex -50.428372033316755 2.5041680390213146 0
      vertex -50.922647975921045 6.632843386616912 0
      vertex -50.82640232540115 6.837375805167579 0
    endloop
  endfacet
  facet normal 0 0 -1
    outer loop
      vertex -49.65200328985745 1.5656994408305749 0
      vertex -50.75655030996846 7.052358203103262 0
      vertex -50.71419353763394 7.274400179584252 0
    endloop
  endfacet
  facet normal 0 0 -1
    outer loop
      vertex -50.75655030996846 7.052358203103262 0
      vertex -50.13085196088041 2.2247780942682382 0
      vertex -50.82640232540115 6.837375805167579 0
    endloop
  endfacet
  facet normal 0 0 -1
    outer loop
      vertex -47.50278172128993 -8.009866357858641 0
      vertex -49.25 0 0
      vertex -45.85111757055874 18.84062276342339 0
    endloop
  endfacet
  facet normal 0 0 -1
    outer loop
      vertex -59.5 17 0
      vertex -55.75 0 0
      vertex -55.72437277927205 -0.40733300908398823 0
    endloop
  endfacet
  facet normal 0 0 -1
    outer loop
      vertex -59.5 17 0
      vertex -55.72437277927205 0.40733300908398823 0
      vertex -55.75 0 0
    endloop
  endfacet
  facet normal 0 0 -1
    outer loop
      vertex -59.5 17 0
      vertex -55.64789527366805 0.8082421332857783 0
      vertex -55.72437277927205 0.40733300908398823 0
    endloop
  endfacet
  facet normal 0 0 -1
    outer loop
      vertex -59.5 17 0
      vertex -55.52177357913682 1.1964047962252031 0
      vertex -55.64789527366805 0.8082421332857783 0
    endloop
  endfacet
  facet normal 0 0 -1
    outer loop
      vertex -59.5 17 0
      vertex -55.34799671014255 1.5656994408305749 0
      vertex -55.52177357913682 1.1964047962252031 0
    endloop
  endfacet
  facet normal 0 0 -1
    outer loop
      vertex -59.5 17 0
      vertex -55.129305231718575 1.9103020699505378 0
      vertex -55.34799671014255 1.5656994408305749 0
    endloop
  endfacet
  facet normal 0 0 -1
    outer loop
      vertex -59.5 17 0
      vertex -54.86914803911959 2.224778094268238 0
      vertex -55.129305231718575 1.9103020699505378 0
    endloop
  endfacet
  facet normal 0 0 -1
    outer loop
      vertex -59.5 17 0
      vertex -54.57162796668324 2.5041680390213155 0
      vertex -54.86914803911959 2.224778094268238 0
    endloop
  endfacet
  facet normal 0 0 -1
    outer loop
      vertex -59.5 17 0
      vertex -54.24143708368174 2.7440657578815486 0
      vertex -54.57162796668324 2.5041680390213155 0
    endloop
  endfacet
  facet normal 0 0 -1
    outer loop
      vertex -59.5 17 0
      vertex -53.88378269758648 2.9406879205145633 0
      vertex -54.24143708368174 2.7440657578815486 0
    endloop
  endfacet
  facet normal 0 0 -1
    outer loop
      vertex -59.5 17 0
      vertex -53.504305231718575 3.090933677959249 0
      vertex -53.88378269758648 2.9406879205145633 0
    endloop
  endfacet
  facet normal 0 0 -1
    outer loop
      vertex -59.5 17 0
      vertex -53.108989272403605 3.1924335648682383 0
      vertex -53.504305231718575 3.090933677959249 0
    endloop
  endfacet
  facet normal 0 0 -1
    outer loop
      vertex -59.5 17 0
      vertex -54.17359767459885 6.8373758051675795 0
      vertex -54.077352024078955 6.632843386616912 0
    endloop
  endfacet
  facet normal 0 0 -1
    outer loop
      vertex -59.5 17 0
      vertex -54.24344969003154 7.052358203103261 0
      vertex -54.17359767459885 6.8373758051675795 0
    endloop
  endfacet
  facet normal 0 0 -1
    outer loop
      vertex -59.5 17 0
      vertex -54.28580646236606 7.274400179584252 0
      vertex -54.24344969003154 7.052358203103261 0
    endloop
  endfacet
  facet normal 0 0 -1
    outer loop
      vertex -59.5 17 0
      vertex -54.3 7.5 0
      vertex -54.28580646236606 7.274400179584252 0
    endloop
  endfacet
  facet normal 0 0 -1
    outer loop
      vertex -59.5 17 0
      vertex -54.28580646236606 7.725599820415748 0
      vertex -54.3 7.5 0
    endloop
  endfacet
  facet normal 0 0 -1
    outer loop
      vertex -59.5 17 0
      vertex -54.24344969003154 7.947641796896739 0
      vertex -54.28580646236606 7.725599820415748 0
    endloop
  endfacet
  facet normal 0 0 -1
    outer loop
      vertex -59.5 17 0
      vertex -54.077352024078955 6.632843386616912 0
      vertex -53.108989272403605 3.1924335648682383 0
    endloop
  endfacet
  facet normal 0 0 -1
    outer loop
      vertex -54.24344969003154 7.947641796896739 0
      vertex -55.129305231718575 13.089697930049462 0
      vertex -54.17359767459885 8.16262419483242 0
    endloop
  endfacet
  facet normal 0 0 -1
    outer loop
      vertex -54.17359767459885 8.16262419483242 0
      vertex -54.86914803911959 12.775221905731762 0
      vertex -54.077352024078955 8.367156613383088 0
    endloop
  endfacet
  facet normal 0 0 -1
    outer loop
      vertex -54.077352024078955 8.367156613383088 0
      vertex -54.57162796668324 12.495831960978684 0
      vertex -53.956230589874906 8.558013454126451 0
    endloop
  endfacet
  facet normal 0 0 -1
    outer loop
      vertex -53.81214352935854 8.732184790671639 0
      vertex -53.956230589874906 8.558013454126451 0
      vertex -54.57162796668324 12.495831960978684 0
    endloop
  endfacet
  facet normal 0 0 -1
    outer loop
      vertex -53.81214352935854 8.732184790671639 0
      vertex -54.24143708368174 12.255934242118451 0
      vertex -53.64736318154764 8.88692383699642 0
    endloop
  endfacet
  facet normal 0 0 -1
    outer loop
      vertex -53.64736318154764 8.88692383699642 0
      vertex -53.88378269758648 12.059312079485437 0
      vertex -53.464488230962196 9.019790265903627 0
    endloop
  endfacet
  facet normal 0 0 -1
    outer loop
      vertex -53.464488230962196 9.019790265903627 0
      vertex -53.504305231718575 11.90906632204075 0
      vertex -53.266402724817134 9.128688694438836 0
    endloop
  endfacet
  facet normal 0 0 -1
    outer loop
      vertex -53.266402724817134 9.128688694438836 0
      vertex -53.504305231718575 11.90906632204075 0
      vertex -53.05623058987491 9.211901729331277 0
    endloop
  endfacet
  facet normal 0 0 -1
    outer loop
      vertex -53.05623058987491 9.211901729331277 0
      vertex -53.108989272403605 11.807566435131761 0
      vertex -52.837286366254304 9.26811705131164 0
    endloop
  endfacet
  facet normal 0 0 -1
    outer loop
      vertex -52.837286366254304 9.26811705131164 0
      vertex -52.70406918847027 11.756413132608117 0
      vertex -52.61302293515276 9.29644811117089 0
    endloop
  endfacet
  facet normal 0 0 -1
    outer loop
      vertex -52.61302293515276 9.29644811117089 0
      vertex -52.70406918847027 11.756413132608117 0
      vertex -52.38697706484724 9.29644811117089 0
    endloop
  endfacet
  facet normal 0 0 -1
    outer loop
      vertex -52.38697706484724 9.29644811117089 0
      vertex -52.29593081152973 11.756413132608117 0
      vertex -52.162713633745696 9.26811705131164 0
    endloop
  endfacet
  facet normal 0 0 -1
    outer loop
      vertex -53.05623058987491 9.211901729331277 0
      vertex -53.504305231718575 11.90906632204075 0
      vertex -53.108989272403605 11.807566435131761 0
    endloop
  endfacet
  facet normal 0 0 -1
    outer loop
      vertex -52.837286366254304 9.26811705131164 0
      vertex -53.108989272403605 11.807566435131761 0
      vertex -52.70406918847027 11.756413132608117 0
    endloop
  endfacet
  facet normal 0 0 -1
    outer loop
      vertex -52.38697706484724 9.29644811117089 0
      vertex -52.70406918847027 11.756413132608117 0
      vertex -52.29593081152973 11.756413132608117 0
    endloop
  endfacet
  facet normal 0 0 -1
    outer loop
      vertex -51.891010727596395 11.807566435131761 0
      vertex -52.162713633745696 9.26811705131164 0
      vertex -52.29593081152973 11.756413132608117 0
    endloop
  endfacet
  facet normal 0 0 -1
    outer loop
      vertex -45.85111757055874 18.84062276342339 0
      vertex -49.25 0 0
      vertex -49.27562722072795 0.40733300908398884 0
    endloop
  endfacet
  facet normal 0 0 -1
    outer loop
      vertex -45.85111757055874 18.84062276342339 0
      vertex -49.27562722072795 0.40733300908398884 0
      vertex -49.35210472633195 0.8082421332857781 0
    endloop
  endfacet
  facet normal 0 0 -1
    outer loop
      vertex -45.85111757055874 18.84062276342339 0
      vertex -49.35210472633195 0.8082421332857781 0
      vertex -49.47822642086318 1.1964047962252033 0
    endloop
  endfacet
  facet normal 0 0 -1
    outer loop
      vertex -45.85111757055874 18.84062276342339 0
      vertex -49.47822642086318 1.1964047962252033 0
      vertex -49.65200328985745 1.5656994408305749 0
    endloop
  endfacet
  facet normal 0 0 -1
    outer loop
      vertex -50.71419353763394 7.274400179584252 0
      vertex -50.7 7.5 0
      vertex -49.47822642086318 13.803595203774796 0
    endloop
  endfacet
  facet normal 0 0 -1
    outer loop
      vertex -50.7 7.5 0
      vertex -50.71419353763394 7.725599820415748 0
      vertex -49.65200328985745 13.434300559169426 0
    endloop
  endfacet
  facet normal 0 0 -1
    outer loop
      vertex -45.85111757055874 18.84062276342339 0
      vertex -49.65200328985745 1.5656994408305749 0
      vertex -50.71419353763394 7.274400179584252 0
    endloop
  endfacet
  facet normal 0 0 -1
    outer loop
      vertex -51.891010727596395 11.807566435131761 0
      vertex -51.35263681845236 8.88692383699642 0
      vertex -51.535511769037804 9.019790265903627 0
    endloop
  endfacet
  facet normal 0 0 -1
    outer loop
      vertex -51.891010727596395 11.807566435131761 0
      vertex -51.733597275182866 9.128688694438836 0
      vertex -51.94376941012509 9.211901729331277 0
    endloop
  endfacet
  facet normal 0 0 -1
    outer loop
      vertex -51.891010727596395 11.807566435131761 0
      vertex -51.94376941012509 9.211901729331277 0
      vertex -52.162713633745696 9.26811705131164 0
    endloop
  endfacet
  facet normal 0 0 -1
    outer loop
      vertex -51.891010727596395 11.807566435131761 0
      vertex -51.535511769037804 9.019790265903627 0
      vertex -51.733597275182866 9.128688694438836 0
    endloop
  endfacet
  facet normal 0 0 -1
    outer loop
      vertex -51.35263681845236 8.88692383699642 0
      vertex -50.75856291631826 12.25593424211845 0
      vertex -51.18785647064146 8.73218479067164 0
    endloop
  endfacet
  facet normal 0 0 -1
    outer loop
      vertex -51.043769410125094 8.558013454126451 0
      vertex -50.428372033316755 12.495831960978686 0
      vertex -50.922647975921045 8.367156613383088 0
    endloop
  endfacet
  facet normal 0 0 -1
    outer loop
      vertex -51.043769410125094 8.558013454126451 0
      vertex -51.18785647064146 8.73218479067164 0
      vertex -50.428372033316755 12.495831960978686 0
    endloop
  endfacet
  facet normal 0 0 -1
    outer loop
      vertex -50.13085196088041 12.775221905731762 0
      vertex -50.82640232540115 8.16262419483242 0
      vertex -50.922647975921045 8.367156613383088 0
    endloop
  endfacet
  facet normal 0 0 -1
    outer loop
      vertex -50.75655030996846 7.947641796896739 0
      vertex -50.82640232540115 8.16262419483242 0
      vertex -49.870694768281425 13.089697930049462 0
    endloop
  endfacet
  facet normal 0 0 -1
    outer loop
      vertex -50.71419353763394 7.725599820415748 0
      vertex -50.75655030996846 7.947641796896739 0
      vertex -49.65200328985745 13.434300559169426 0
    endloop
  endfacet
  facet normal 0 0 -1
    outer loop
      vertex -51.35263681845236 8.88692383699642 0
      vertex -51.891010727596395 11.807566435131761 0
      vertex -51.495694768281425 11.90906632204075 0
    endloop
  endfacet
  facet normal 0 0 -1
    outer loop
      vertex -51.35263681845236 8.88692383699642 0
      vertex -51.495694768281425 11.90906632204075 0
      vertex -51.11621730241352 12.059312079485437 0
    endloop
  endfacet
  facet normal 0 0 -1
    outer loop
      vertex -47.50278172128993 -8.009866357858641 0
      vertex -45.85111757055874 18.84062276342339 0
      vertex -45.5 17 0
    endloop
  endfacet
  facet normal 1 0 0
    outer loop
      vertex -45.5 -8.009866357858641 0
      vertex -45.5 17 0
      vertex -45.5 17 3
    endloop
  endfacet
  facet normal 0 0 -1
    outer loop
      vertex -59.5 17 0
      vertex -55.34799671014255 13.434300559169426 0
      vertex -54.24344969003154 7.947641796896739 0
    endloop
  endfacet
  facet normal 0 0 -1
    outer loop
      vertex -54.24344969003154 7.947641796896739 0
      vertex -55.34799671014255 13.434300559169426 0
      vertex -55.129305231718575 13.089697930049462 0
    endloop
  endfacet
  facet normal 0 0 -1
    outer loop
      vertex -54.077352024078955 8.367156613383088 0
      vertex -54.86914803911959 12.775221905731762 0
      vertex -54.57162796668324 12.495831960978684 0
    endloop
  endfacet
  facet normal 0 0 -1
    outer loop
      vertex -53.81214352935854 8.732184790671639 0
      vertex -54.57162796668324 12.495831960978684 0
      vertex -54.24143708368174 12.255934242118451 0
    endloop
  endfacet
  facet normal 0 0 -1
    outer loop
      vertex -53.64736318154764 8.88692383699642 0
      vertex -54.24143708368174 12.255934242118451 0
      vertex -53.88378269758648 12.059312079485437 0
    endloop
  endfacet
  facet normal 0 0 -1
    outer loop
      vertex -54.17359767459885 8.16262419483242 0
      vertex -55.129305231718575 13.089697930049462 0
      vertex -54.86914803911959 12.775221905731762 0
    endloop
  endfacet
  facet normal 0 0 -1
    outer loop
      vertex -53.464488230962196 9.019790265903627 0
      vertex -53.88378269758648 12.059312079485437 0
      vertex -53.504305231718575 11.90906632204075 0
    endloop
  endfacet
  facet normal 0 0 -1
    outer loop
      vertex -59.5 17 0
      vertex -55.52177357913682 13.803595203774798 0
      vertex -55.34799671014255 13.434300559169426 0
    endloop
  endfacet
  facet normal 0 0 -1
    outer loop
      vertex -59.5 17 0
      vertex -55.64789527366805 14.191757866714221 0
      vertex -55.52177357913682 13.803595203774798 0
    endloop
  endfacet
  facet normal 0 0 -1
    outer loop
      vertex -59.5 17 0
      vertex -55.72437277927205 14.592666990916012 0
      vertex -55.64789527366805 14.191757866714221 0
    endloop
  endfacet
  facet normal 0 0 -1
    outer loop
      vertex -59.5 17 0
      vertex -55.75 15 0
      vertex -55.72437277927205 14.592666990916012 0
    endloop
  endfacet
  facet normal 0 0 -1
    outer loop
      vertex -59.5 17 0
      vertex -55.72437277927205 15.407333009083988 0
      vertex -55.75 15 0
    endloop
  endfacet
  facet normal 0 0 -1
    outer loop
      vertex -59.5 17 0
      vertex -55.64789527366805 15.808242133285779 0
      vertex -55.72437277927205 15.407333009083988 0
    endloop
  endfacet
  facet normal 0 0 -1
    outer loop
      vertex -59.5 17 0
      vertex -55.52177357913682 16.196404796225202 0
      vertex -55.64789527366805 15.808242133285779 0
    endloop
  endfacet
  facet normal 0 0 -1
    outer loop
      vertex -51.35263681845236 8.88692383699642 0
      vertex -51.11621730241352 12.059312079485437 0
      vertex -50.75856291631826 12.25593424211845 0
    endloop
  endfacet
  facet normal 0 0 -1
    outer loop
      vertex -51.18785647064146 8.73218479067164 0
      vertex -50.75856291631826 12.25593424211845 0
      vertex -50.428372033316755 12.495831960978686 0
    endloop
  endfacet
  facet normal 0 0 -1
    outer loop
      vertex -50.13085196088041 12.775221905731762 0
      vertex -50.922647975921045 8.367156613383088 0
      vertex -50.428372033316755 12.495831960978686 0
    endloop
  endfacet
  facet normal 0 0 -1
    outer loop
      vertex -50.13085196088041 12.775221905731762 0
      vertex -49.870694768281425 13.089697930049462 0
      vertex -50.82640232540115 8.16262419483242 0
    endloop
  endfacet
  facet normal 0 0 -1
    outer loop
      vertex -50.75655030996846 7.947641796896739 0
      vertex -49.870694768281425 13.089697930049462 0
      vertex -49.65200328985745 13.434300559169426 0
    endloop
  endfacet
  facet normal 0 0 -1
    outer loop
      vertex -50.7 7.5 0
      vertex -49.65200328985745 13.434300559169426 0
      vertex -49.47822642086318 13.803595203774796 0
    endloop
  endfacet
  facet normal 0 0 -1
    outer loop
      vertex -45.85111757055874 18.84062276342339 0
      vertex -50.71419353763394 7.274400179584252 0
      vertex -49.47822642086318 13.803595203774796 0
    endloop
  endfacet
  facet normal 0 0 -1
    outer loop
      vertex -45.85111757055874 18.84062276342339 0
      vertex -49.47822642086318 13.803595203774796 0
      vertex -49.35210472633195 14.191757866714223 0
    endloop
  endfacet
  facet normal 0 0 -1
    outer loop
      vertex -45.85111757055874 18.84062276342339 0
      vertex -49.35210472633195 14.191757866714223 0
      vertex -49.27562722072795 14.592666990916012 0
    endloop
  endfacet
  facet normal 0 0 -1
    outer loop
      vertex -45.85111757055874 18.84062276342339 0
      vertex -49.27562722072795 14.592666990916012 0
      vertex -49.25 15 0
    endloop
  endfacet
  facet normal 0 0 -1
    outer loop
      vertex -45.85111757055874 18.84062276342339 0
      vertex -49.25 15 0
      vertex -49.27562722072795 15.407333009083988 0
    endloop
  endfacet
  facet normal 0 0 -1
    outer loop
      vertex -59.5 17 0
      vertex -59.46057350657239 17.62666616782152 0
      vertex -59.34291580564316 18.243449435824274 0
    endloop
  endfacet
  facet normal 0 0 -1
    outer loop
      vertex -59.5 17 0
      vertex -55.34799671014255 16.565699440830574 0
      vertex -55.52177357913682 16.196404796225202 0
    endloop
  endfacet
  facet normal 0 0 -1
    outer loop
      vertex -59.5 17 0
      vertex -55.129305231718575 16.91030206995054 0
      vertex -55.34799671014255 16.565699440830574 0
    endloop
  endfacet
  facet normal 0 0 -1
    outer loop
      vertex -59.5 17 0
      vertex -54.86914803911959 17.22477809426824 0
      vertex -55.129305231718575 16.91030206995054 0
    endloop
  endfacet
  facet normal 0 0 -1
    outer loop
      vertex -59.5 17 0
      vertex -54.57162796668324 17.504168039021316 0
      vertex -54.86914803911959 17.22477809426824 0
    endloop
  endfacet
  facet normal 0 0 -1
    outer loop
      vertex -59.5 17 0
      vertex -54.24143708368174 17.74406575788155 0
      vertex -54.57162796668324 17.504168039021316 0
    endloop
  endfacet
  facet normal 0 0 -1
    outer loop
      vertex -59.5 17 0
      vertex -59.34291580564316 18.243449435824274 0
      vertex -58.88153340021932 19.408768370508575 0
    endloop
  endfacet
  facet normal 0 0 -1
    outer loop
      vertex -59.34291580564316 18.243449435824274 0
      vertex -59.14888242944126 18.84062276342339 0
      vertex -58.88153340021932 19.408768370508575 0
    endloop
  endfacet
  facet normal 0 0 -1
    outer loop
      vertex -59.5 17 0
      vertex -58.88153340021932 19.408768370508575 0
      vertex -57.68711994874345 20.852566213878948 0
    endloop
  endfacet
  facet normal 0 0 -1
    outer loop
      vertex -59.5 17 0
      vertex -54.18604740235343 21.99013364214136 0
      vertex -54.24143708368174 17.74406575788155 0
    endloop
  endfacet
  facet normal 0 0 -1
    outer loop
      vertex -54.18604740235343 21.99013364214136 0
      vertex -53.88378269758648 17.940687920514563 0
      vertex -54.24143708368174 17.74406575788155 0
    endloop
  endfacet
  facet normal 0 0 -1
    outer loop
      vertex -58.88153340021932 19.408768370508575 0
      vertex -58.545084971874736 19.938926261462367 0
      vertex -58.14484313710706 20.422735529643443 0
    endloop
  endfacet
  facet normal 0 0 -1
    outer loop
      vertex -58.88153340021932 19.408768370508575 0
      vertex -58.14484313710706 20.422735529643443 0
      vertex -57.68711994874345 20.852566213878948 0
    endloop
  endfacet
  facet normal 0 0 -1
    outer loop
      vertex -59.5 17 0
      vertex -57.68711994874345 20.852566213878948 0
      vertex -54.18604740235343 21.99013364214136 0
    endloop
  endfacet
  facet normal 0 0 -1
    outer loop
      vertex -57.68711994874345 20.852566213878948 0
      vertex -57.17913397489498 21.221639627510076 0
      vertex -56.62889645782536 21.5241352623301 0
    endloop
  endfacet
  facet normal 0 0 -1
    outer loop
      vertex -57.68711994874345 20.852566213878948 0
      vertex -56.62889645782536 21.5241352623301 0
      vertex -56.045084971874736 21.755282581475768 0
    endloop
  endfacet
  facet normal 0 0 -1
    outer loop
      vertex -57.68711994874345 20.852566213878948 0
      vertex -56.045084971874736 21.755282581475768 0
      vertex -54.18604740235343 21.99013364214136 0
    endloop
  endfacet
  facet normal 0 0 -1
    outer loop
      vertex -54.18604740235343 21.99013364214136 0
      vertex -53.504305231718575 18.09093367795925 0
      vertex -53.88378269758648 17.940687920514563 0
    endloop
  endfacet
  facet normal 0 0 -1
    outer loop
      vertex -54.18604740235343 21.99013364214136 0
      vertex -53.108989272403605 18.19243356486824 0
      vertex -53.504305231718575 18.09093367795925 0
    endloop
  endfacet
  facet normal 0 0 -1
    outer loop
      vertex -54.18604740235343 21.99013364214136 0
      vertex -52.70406918847027 18.243586867391883 0
      vertex -53.108989272403605 18.19243356486824 0
    endloop
  endfacet
  facet normal 0 0 -1
    outer loop
      vertex -54.18604740235343 21.99013364214136 0
      vertex -52.29593081152973 18.243586867391883 0
      vertex -52.70406918847027 18.243586867391883 0
    endloop
  endfacet
  facet normal 0 0 -1
    outer loop
      vertex -54.18604740235343 21.99013364214136 0
      vertex -51.891010727596395 18.19243356486824 0
      vertex -52.29593081152973 18.243586867391883 0
    endloop
  endfacet
  facet normal 0 0 -1
    outer loop
      vertex -56.045084971874736 21.755282581475768 0
      vertex -55.43690657292862 21.911436253643444 0
      vertex -54.81395259764657 21.99013364214136 0
    endloop
  endfacet
  facet normal 0 0 -1
    outer loop
      vertex -56.045084971874736 21.755282581475768 0
      vertex -54.81395259764657 21.99013364214136 0
      vertex -54.18604740235343 21.99013364214136 0
    endloop
  endfacet
  facet normal 0 0 -1
    outer loop
      vertex -45.85111757055874 18.84062276342339 0
      vertex -49.65200328985745 16.565699440830574 0
      vertex -49.870694768281425 16.91030206995054 0
    endloop
  endfacet
  facet normal 0 0 -1
    outer loop
      vertex -45.85111757055874 18.84062276342339 0
      vertex -49.870694768281425 16.91030206995054 0
      vertex -50.13085196088041 17.22477809426824 0
    endloop
  endfacet
  facet normal 0 0 -1
    outer loop
      vertex -45.85111757055874 18.84062276342339 0
      vertex -50.13085196088041 17.22477809426824 0
      vertex -50.428372033316755 17.504168039021316 0
    endloop
  endfacet
  facet normal 0 0 -1
    outer loop
      vertex -45.85111757055874 18.84062276342339 0
      vertex -51.495694768281425 18.09093367795925 0
      vertex -51.891010727596395 18.19243356486824 0
    endloop
  endfacet
  facet normal 0 0 -1
    outer loop
      vertex -45.85111757055874 18.84062276342339 0
      vertex -51.11621730241352 17.940687920514563 0
      vertex -51.495694768281425 18.09093367795925 0
    endloop
  endfacet
  facet normal 0 0 -1
    outer loop
      vertex -45.85111757055874 18.84062276342339 0
      vertex -50.428372033316755 17.504168039021316 0
      vertex -50.75856291631826 17.74406575788155 0
    endloop
  endfacet
  facet normal 0 0 -1
    outer loop
      vertex -45.85111757055874 18.84062276342339 0
      vertex -50.75856291631826 17.74406575788155 0
      vertex -51.11621730241352 17.940687920514563 0
    endloop
  endfacet
  facet normal 0 0 -1
    outer loop
      vertex -45.85111757055874 18.84062276342339 0
      vertex -49.27562722072795 15.407333009083988 0
      vertex -49.35210472633195 15.808242133285779 0
    endloop
  endfacet
  facet normal 0 0 -1
    outer loop
      vertex -45.85111757055874 18.84062276342339 0
      vertex -49.35210472633195 15.808242133285779 0
      vertex -49.47822642086318 16.196404796225202 0
    endloop
  endfacet
  facet normal 0 0 -1
    outer loop
      vertex -45.85111757055874 18.84062276342339 0
      vertex -49.47822642086318 16.196404796225202 0
      vertex -49.65200328985745 16.565699440830574 0
    endloop
  endfacet
  facet normal 0 0 -1
    outer loop
      vertex -45.5 17 0
      vertex -45.85111757055874 18.84062276342339 0
      vertex -45.53942649342761 17.626666167821522 0
    endloop
  endfacet
  facet normal 0 0 -1
    outer loop
      vertex -45.53942649342761 17.626666167821522 0
      vertex -45.85111757055874 18.84062276342339 0
      vertex -45.65708419435684 18.243449435824274 0
    endloop
  endfacet
  facet normal 0 0 -1
    outer loop
      vertex -54.18604740235343 21.99013364214136 0
      vertex -45.85111757055874 18.84062276342339 0
      vertex -51.891010727596395 18.19243356486824 0
    endloop
  endfacet
  facet normal 0 0 -1
    outer loop
      vertex -54.18604740235343 21.99013364214136 0
      vertex -50.18604740235343 21.99013364214136 0
      vertex -48.954915028125264 21.755282581475768 0
    endloop
  endfacet
  facet normal 0 0 -1
    outer loop
      vertex -54.18604740235343 21.99013364214136 0
      vertex -48.954915028125264 21.755282581475768 0
      vertex -45.85111757055874 18.84062276342339 0
    endloop
  endfacet
  facet normal 0 0 -1
    outer loop
      vertex -50.18604740235343 21.99013364214136 0
      vertex -49.56309342707138 21.911436253643444 0
      vertex -48.954915028125264 21.755282581475768 0
    endloop
  endfacet
  facet normal 0 0 -1
    outer loop
      vertex -48.37110354217464 21.5241352623301 0
      vertex -47.82086602510502 21.221639627510076 0
      vertex -48.954915028125264 21.755282581475768 0
    endloop
  endfacet
  facet normal 0 0 -1
    outer loop
      vertex -45.85111757055874 18.84062276342339 0
      vertex -48.954915028125264 21.755282581475768 0
      vertex -46.85515686289294 20.422735529643443 0
    endloop
  endfacet
  facet normal 0 0 -1
    outer loop
      vertex -45.85111757055874 18.84062276342339 0
      vertex -46.454915028125264 19.938926261462367 0
      vertex -46.11846659978068 19.408768370508575 0
    endloop
  endfacet
  facet normal 0 0 -1
    outer loop
      vertex -45.85111757055874 18.84062276342339 0
      vertex -46.85515686289294 20.422735529643443 0
      vertex -46.454915028125264 19.938926261462367 0
    endloop
  endfacet
  facet normal 0 0 -1
    outer loop
      vertex -48.954915028125264 21.755282581475768 0
      vertex -47.82086602510502 21.221639627510076 0
      vertex -46.85515686289294 20.422735529643443 0
    endloop
  endfacet
  facet normal 0 0 -1
    outer loop
      vertex -46.85515686289294 20.422735529643443 0
      vertex -47.82086602510502 21.221639627510076 0
      vertex -47.31288005125655 20.852566213878944 0
    endloop
  endfacet
  facet normal -0.9980267284282714 0.06279051952931593 0
    outer loop
      vertex -59.5 17 0
      vertex -59.5 17 3
      vertex -59.46057350657239 17.62666616782152 0
    endloop
  endfacet
  facet normal -0.9822872507286902 0.18738131458571636 0
    outer loop
      vertex -59.46057350657239 17.62666616782152 0
      vertex -59.34291580564316 18.243449435824274 3
      vertex -59.34291580564316 18.243449435824274 0
    endloop
  endfacet
  facet normal -0.9510565162951524 0.30901699437495084 0
    outer loop
      vertex -59.34291580564316 18.243449435824274 0
      vertex -59.14888242944126 18.84062276342339 3
      vertex -59.14888242944126 18.84062276342339 0
    endloop
  endfacet
  facet normal -0.9048270524660187 0.42577929156507455 0
    outer loop
      vertex -59.14888242944126 18.84062276342339 0
      vertex -58.88153340021932 19.408768370508575 3
      vertex -58.88153340021932 19.408768370508575 0
    endloop
  endfacet
  facet normal -0.8443279255020154 0.5358267949789961 0
    outer loop
      vertex -58.88153340021932 19.408768370508575 0
      vertex -58.545084971874736 19.938926261462367 3
      vertex -58.545084971874736 19.938926261462367 0
    endloop
  endfacet
  facet normal -0.7705132427757907 0.6374239897486881 0
    outer loop
      vertex -58.545084971874736 19.938926261462367 0
      vertex -58.545084971874736 19.938926261462367 3
      vertex -58.14484313710706 20.422735529643443 0
    endloop
  endfacet
  facet normal -0.6845471059286904 0.7289686274214099 0
    outer loop
      vertex -58.14484313710706 20.422735529643443 0
      vertex -57.68711994874345 20.852566213878948 3
      vertex -57.68711994874345 20.852566213878948 0
    endloop
  endfacet
  facet normal -0.5877852522924681 0.809016994374951 0
    outer loop
      vertex -57.68711994874345 20.852566213878948 0
      vertex -57.17913397489498 21.221639627510076 3
      vertex -57.17913397489498 21.221639627510076 0
    endloop
  endfacet
  facet normal -0.48175367410171693 0.8763066800438627 0
    outer loop
      vertex -57.17913397489498 21.221639627510076 0
      vertex -57.17913397489498 21.221639627510076 3
      vertex -56.62889645782536 21.5241352623301 0
    endloop
  endfacet
  facet normal -0.3681245526846774 0.9297764858882517 0
    outer loop
      vertex -56.62889645782536 21.5241352623301 0
      vertex -56.045084971874736 21.755282581475768 3
      vertex -56.045084971874736 21.755282581475768 0
    endloop
  endfacet
  facet normal -0.24868988716485468 0.9685831611286311 0
    outer loop
      vertex -56.045084971874736 21.755282581475768 0
      vertex -56.045084971874736 21.755282581475768 3
      vertex -55.43690657292862 21.911436253643444 0
    endloop
  endfacet
  facet normal -0.12533323356430573 0.9921147013144777 0
    outer loop
      vertex -55.43690657292862 21.911436253643444 0
      vertex -55.43690657292862 21.911436253643444 3
      vertex -54.81395259764657 21.99013364214136 0
    endloop
  endfacet
  facet normal 0 1 0
    outer loop
      vertex -54.81395259764657 21.99013364214136 0
      vertex -50.18604740235343 21.99013364214136 3
      vertex -54.18604740235343 21.99013364214136 0
    endloop
  endfacet
  facet normal 0.9980267284282714 0.06279051952931557 0
    outer loop
      vertex -45.5 17 0
      vertex -45.53942649342761 17.626666167821522 0
      vertex -45.53942649342761 17.626666167821522 3
    endloop
  endfacet
  facet normal 0.98228725072869 0.1873813145857174 0
    outer loop
      vertex -45.53942649342761 17.626666167821522 0
      vertex -45.65708419435684 18.243449435824274 0
      vertex -45.65708419435684 18.243449435824274 3
    endloop
  endfacet
  facet normal 0.9510565162951524 0.30901699437495084 0
    outer loop
      vertex -45.65708419435684 18.243449435824274 0
      vertex -45.85111757055874 18.84062276342339 0
      vertex -45.65708419435684 18.243449435824274 3
    endloop
  endfacet
  facet normal 0.9048270524660187 0.42577929156507455 0
    outer loop
      vertex -45.85111757055874 18.84062276342339 0
      vertex -46.11846659978068 19.408768370508575 0
      vertex -46.11846659978068 19.408768370508575 3
    endloop
  endfacet
  facet normal 0 1 0
    outer loop
      vertex -54.18604740235343 21.99013364214136 0
      vertex -50.18604740235343 21.99013364214136 3
      vertex -50.18604740235343 21.99013364214136 0
    endloop
  endfacet
  facet normal 0.12533323356430573 0.9921147013144777 0
    outer loop
      vertex -50.18604740235343 21.99013364214136 0
      vertex -49.56309342707138 21.911436253643444 3
      vertex -49.56309342707138 21.911436253643444 0
    endloop
  endfacet
  facet normal 0.24868988716485468 0.9685831611286311 0
    outer loop
      vertex -49.56309342707138 21.911436253643444 0
      vertex -49.56309342707138 21.911436253643444 3
      vertex -48.954915028125264 21.755282581475768 0
    endloop
  endfacet
  facet normal 0.3681245526846774 0.9297764858882517 0
    outer loop
      vertex -48.37110354217464 21.5241352623301 0
      vertex -48.954915028125264 21.755282581475768 0
      vertex -48.37110354217464 21.5241352623301 3
    endloop
  endfacet
  facet normal 0.7705132427757907 0.6374239897486881 0
    outer loop
      vertex -46.85515686289294 20.422735529643443 0
      vertex -46.454915028125264 19.938926261462367 3
      vertex -46.454915028125264 19.938926261462367 0
    endloop
  endfacet
  facet normal 0.8443279255020154 0.5358267949789961 0
    outer loop
      vertex -46.11846659978068 19.408768370508575 0
      vertex -46.454915028125264 19.938926261462367 0
      vertex -46.11846659978068 19.408768370508575 3
    endloop
  endfacet
  facet normal 0.5877852522924719 0.8090169943749483 0
    outer loop
      vertex -47.82086602510502 21.221639627510076 0
      vertex -47.31288005125655 20.852566213878944 3
      vertex -47.31288005125655 20.852566213878944 0
    endloop
  endfacet
  facet normal 0.6845471059286874 0.7289686274214127 0
    outer loop
      vertex -46.85515686289294 20.422735529643443 0
      vertex -47.31288005125655 20.852566213878944 0
      vertex -47.31288005125655 20.852566213878944 3
    endloop
  endfacet
  facet normal 0.48175367410171693 0.8763066800438627 0
    outer loop
      vertex -48.37110354217464 21.5241352623301 0
      vertex -48.37110354217464 21.5241352623301 3
      vertex -47.82086602510502 21.221639627510076 0
    endloop
  endfacet
  facet normal 1 0 0
    outer loop
      vertex -45.5 -8.009866357858641 0
      vertex -45.5 17 3
      vertex -45.5 -8.009866357858641 3
    endloop
  endfacet
  facet normal -1 0 0
    outer loop
      vertex -59.5 -13 3
      vertex -59.5 17 3
      vertex -59.5 17 0
    endloop
  endfacet
  facet normal 0 0 1
    outer loop
      vertex -52.70406918847027 3.2435868673918824 3
      vertex -52.29593081152973 3.2435868673918824 3
      vertex -52.38697706484724 5.703551888829111 3
    endloop
  endfacet
  facet normal 0 0 1
    outer loop
      vertex -51.891010727596395 3.1924335648682383 3
      vertex -52.162713633745696 5.7318829486883605 3
      vertex -52.29593081152973 3.2435868673918824 3
    endloop
  endfacet
  facet normal 0 0 1
    outer loop
      vertex -52.70406918847027 3.2435868673918824 3
      vertex -53.05623058987491 5.788098270668724 3
      vertex -53.266402724817134 5.871311305561164 3
    endloop
  endfacet
  facet normal 0 0 1
    outer loop
      vertex -52.70406918847027 3.2435868673918824 3
      vertex -53.464488230962196 5.980209734096373 3
      vertex -53.64736318154764 6.113076163003579 3
    endloop
  endfacet
  facet normal 0 0 1
    outer loop
      vertex -52.70406918847027 3.2435868673918824 3
      vertex -53.266402724817134 5.871311305561164 3
      vertex -53.464488230962196 5.980209734096373 3
    endloop
  endfacet
  facet normal 0 0 1
    outer loop
      vertex -52.70406918847027 3.2435868673918824 3
      vertex -53.81214352935854 6.267815209328361 3
      vertex -53.956230589874906 6.441986545873548 3
    endloop
  endfacet
  facet normal 0 0 1
    outer loop
      vertex -52.70406918847027 3.2435868673918824 3
      vertex -53.956230589874906 6.441986545873548 3
      vertex -54.077352024078955 6.632843386616912 3
    endloop
  endfacet
  facet normal 0 0 1
    outer loop
      vertex -52.70406918847027 3.2435868673918824 3
      vertex -53.64736318154764 6.113076163003579 3
      vertex -53.81214352935854 6.267815209328361 3
    endloop
  endfacet
  facet normal 0 0 1
    outer loop
      vertex -52.70406918847027 3.2435868673918824 3
      vertex -52.837286366254304 5.7318829486883605 3
      vertex -53.05623058987491 5.788098270668724 3
    endloop
  endfacet
  facet normal 0 0 1
    outer loop
      vertex -52.70406918847027 3.2435868673918824 3
      vertex -52.61302293515276 5.703551888829111 3
      vertex -52.837286366254304 5.7318829486883605 3
    endloop
  endfacet
  facet normal 0 0 1
    outer loop
      vertex -52.70406918847027 3.2435868673918824 3
      vertex -52.38697706484724 5.703551888829111 3
      vertex -52.61302293515276 5.703551888829111 3
    endloop
  endfacet
  facet normal 0 0 1
    outer loop
      vertex -52.29593081152973 3.2435868673918824 3
      vertex -52.162713633745696 5.7318829486883605 3
      vertex -52.38697706484724 5.703551888829111 3
    endloop
  endfacet
  facet normal 0 0 1
    outer loop
      vertex -49.034061932502965 -8.417278163921372 3
      vertex -45.5 -8.696746839266913 3
      vertex -45.85111757055874 18.84062276342339 3
    endloop
  endfacet
  facet normal 0 0 1
    outer loop
      vertex -45.5 -8.696746839266913 3
      vertex -45.5 -8.009866357858641 3
      vertex -45.85111757055874 18.84062276342339 3
    endloop
  endfacet
  facet normal 0 0 1
    outer loop
      vertex -51.891010727596395 3.1924335648682383 3
      vertex -51.495694768281425 3.090933677959249 3
      vertex -51.733597275182866 5.871311305561164 3
    endloop
  endfacet
  facet normal 0 0 1
    outer loop
      vertex -51.11621730241352 2.9406879205145633 3
      vertex -51.535511769037804 5.9802097340963725 3
      vertex -51.495694768281425 3.090933677959249 3
    endloop
  endfacet
  facet normal 0 0 1
    outer loop
      vertex -49.870694768281425 1.9103020699505378 3
      vertex -50.75655030996846 7.052358203103262 3
      vertex -50.13085196088041 2.2247780942682382 3
    endloop
  endfacet
  facet normal 0 0 1
    outer loop
      vertex -50.75856291631826 2.744065757881549 3
      vertex -50.428372033316755 2.5041680390213146 3
      vertex -51.043769410125094 6.441986545873548 3
    endloop
  endfacet
  facet normal 0 0 1
    outer loop
      vertex -50.75856291631826 2.744065757881549 3
      vertex -51.18785647064146 6.267815209328361 3
      vertex -51.11621730241352 2.9406879205145633 3
    endloop
  endfacet
  facet normal 0 0 1
    outer loop
      vertex -50.13085196088041 2.2247780942682382 3
      vertex -50.82640232540115 6.837375805167579 3
      vertex -50.428372033316755 2.5041680390213146 3
    endloop
  endfacet
  facet normal 0 0 1
    outer loop
      vertex -49.47822642086318 1.1964047962252033 3
      vertex -50.71419353763394 7.274400179584252 3
      vertex -49.65200328985745 1.5656994408305749 3
    endloop
  endfacet
  facet normal 0 0 1
    outer loop
      vertex -49.65200328985745 1.5656994408305749 3
      vertex -50.71419353763394 7.274400179584252 3
      vertex -49.870694768281425 1.9103020699505378 3
    endloop
  endfacet
  facet normal 0 0 1
    outer loop
      vertex -51.891010727596395 3.1924335648682383 3
      vertex -51.94376941012509 5.788098270668724 3
      vertex -52.162713633745696 5.7318829486883605 3
    endloop
  endfacet
  facet normal 0 0 1
    outer loop
      vertex -51.891010727596395 3.1924335648682383 3
      vertex -51.733597275182866 5.871311305561164 3
      vertex -51.94376941012509 5.788098270668724 3
    endloop
  endfacet
  facet normal 0 0 1
    outer loop
      vertex -51.495694768281425 3.090933677959249 3
      vertex -51.535511769037804 5.9802097340963725 3
      vertex -51.733597275182866 5.871311305561164 3
    endloop
  endfacet
  facet normal 0 0 1
    outer loop
      vertex -51.11621730241352 2.9406879205145633 3
      vertex -51.35263681845236 6.11307616300358 3
      vertex -51.535511769037804 5.9802097340963725 3
    endloop
  endfacet
  facet normal 0 0 1
    outer loop
      vertex -51.11621730241352 2.9406879205145633 3
      vertex -51.18785647064146 6.267815209328361 3
      vertex -51.35263681845236 6.11307616300358 3
    endloop
  endfacet
  facet normal 0 0 1
    outer loop
      vertex -50.75856291631826 2.744065757881549 3
      vertex -51.043769410125094 6.441986545873548 3
      vertex -51.18785647064146 6.267815209328361 3
    endloop
  endfacet
  facet normal 0 0 1
    outer loop
      vertex -50.428372033316755 2.5041680390213146 3
      vertex -50.922647975921045 6.632843386616912 3
      vertex -51.043769410125094 6.441986545873548 3
    endloop
  endfacet
  facet normal 0 0 1
    outer loop
      vertex -50.428372033316755 2.5041680390213146 3
      vertex -50.82640232540115 6.837375805167579 3
      vertex -50.922647975921045 6.632843386616912 3
    endloop
  endfacet
  facet normal 0 0 1
    outer loop
      vertex -50.13085196088041 2.2247780942682382 3
      vertex -50.75655030996846 7.052358203103262 3
      vertex -50.82640232540115 6.837375805167579 3
    endloop
  endfacet
  facet normal 0 0 1
    outer loop
      vertex -49.870694768281425 1.9103020699505378 3
      vertex -50.71419353763394 7.274400179584252 3
      vertex -50.75655030996846 7.052358203103262 3
    endloop
  endfacet
  facet normal 0 0 1
    outer loop
      vertex -49.034061932502965 -8.417278163921372 3
      vertex -45.85111757055874 18.84062276342339 3
      vertex -49.27562722072795 -0.40733300908398823 3
    endloop
  endfacet
  facet normal 0 0 1
    outer loop
      vertex -59.5 17 3
      vertex -55.72437277927205 0.40733300908398823 3
      vertex -55.64789527366805 0.8082421332857783 3
    endloop
  endfacet
  facet normal 0 0 1
    outer loop
      vertex -59.5 17 3
      vertex -55.64789527366805 0.8082421332857783 3
      vertex -55.52177357913682 1.1964047962252031 3
    endloop
  endfacet
  facet normal 0 0 1
    outer loop
      vertex -59.5 17 3
      vertex -55.52177357913682 1.1964047962252031 3
      vertex -55.34799671014255 1.5656994408305749 3
    endloop
  endfacet
  facet normal 0 0 1
    outer loop
      vertex -59.5 17 3
      vertex -55.34799671014255 1.5656994408305749 3
      vertex -55.129305231718575 1.9103020699505378 3
    endloop
  endfacet
  facet normal 0 0 1
    outer loop
      vertex -59.5 17 3
      vertex -55.129305231718575 1.9103020699505378 3
      vertex -54.86914803911959 2.224778094268238 3
    endloop
  endfacet
  facet normal 0 0 1
    outer loop
      vertex -59.5 17 3
      vertex -54.86914803911959 2.224778094268238 3
      vertex -54.57162796668324 2.5041680390213155 3
    endloop
  endfacet
  facet normal 0 0 1
    outer loop
      vertex -59.5 17 3
      vertex -54.57162796668324 2.5041680390213155 3
      vertex -54.24143708368174 2.7440657578815486 3
    endloop
  endfacet
  facet normal 0 0 1
    outer loop
      vertex -59.5 17 3
      vertex -54.24143708368174 2.7440657578815486 3
      vertex -53.88378269758648 2.9406879205145633 3
    endloop
  endfacet
  facet normal 0 0 1
    outer loop
      vertex -59.5 17 3
      vertex -53.88378269758648 2.9406879205145633 3
      vertex -53.504305231718575 3.090933677959249 3
    endloop
  endfacet
  facet normal 0 0 1
    outer loop
      vertex -59.5 17 3
      vertex -53.504305231718575 3.090933677959249 3
      vertex -53.108989272403605 3.1924335648682383 3
    endloop
  endfacet
  facet normal 0 0 1
    outer loop
      vertex -59.5 17 3
      vertex -53.108989272403605 3.1924335648682383 3
      vertex -52.70406918847027 3.2435868673918824 3
    endloop
  endfacet
  facet normal 0 0 1
    outer loop
      vertex -59.5 17 3
      vertex -54.077352024078955 6.632843386616912 3
      vertex -54.17359767459885 6.8373758051675795 3
    endloop
  endfacet
  facet normal 0 0 1
    outer loop
      vertex -59.5 17 3
      vertex -54.17359767459885 6.8373758051675795 3
      vertex -54.24344969003154 7.052358203103261 3
    endloop
  endfacet
  facet normal 0 0 1
    outer loop
      vertex -59.5 17 3
      vertex -54.24344969003154 7.052358203103261 3
      vertex -54.28580646236606 7.274400179584252 3
    endloop
  endfacet
  facet normal 0 0 1
    outer loop
      vertex -59.5 17 3
      vertex -54.28580646236606 7.274400179584252 3
      vertex -54.3 7.5 3
    endloop
  endfacet
  facet normal 0 0 1
    outer loop
      vertex -59.5 17 3
      vertex -54.3 7.5 3
      vertex -54.28580646236606 7.725599820415748 3
    endloop
  endfacet
  facet normal 0 0 1
    outer loop
      vertex -59.5 17 3
      vertex -54.28580646236606 7.725599820415748 3
      vertex -54.24344969003154 7.947641796896739 3
    endloop
  endfacet
  facet normal 0 0 1
    outer loop
      vertex -59.5 17 3
      vertex -52.70406918847027 3.2435868673918824 3
      vertex -54.077352024078955 6.632843386616912 3
    endloop
  endfacet
  facet normal 0 0 1
    outer loop
      vertex -54.24344969003154 7.947641796896739 3
      vertex -54.17359767459885 8.16262419483242 3
      vertex -55.129305231718575 13.089697930049462 3
    endloop
  endfacet
  facet normal 0 0 1
    outer loop
      vertex -54.17359767459885 8.16262419483242 3
      vertex -54.077352024078955 8.367156613383088 3
      vertex -54.86914803911959 12.775221905731762 3
    endloop
  endfacet
  facet normal 0 0 1
    outer loop
      vertex -54.077352024078955 8.367156613383088 3
      vertex -53.956230589874906 8.558013454126451 3
      vertex -54.57162796668324 12.495831960978684 3
    endloop
  endfacet
  facet normal 0 0 1
    outer loop
      vertex -53.956230589874906 8.558013454126451 3
      vertex -53.81214352935854 8.732184790671639 3
      vertex -54.57162796668324 12.495831960978684 3
    endloop
  endfacet
  facet normal 0 0 1
    outer loop
      vertex -53.81214352935854 8.732184790671639 3
      vertex -53.64736318154764 8.88692383699642 3
      vertex -54.24143708368174 12.255934242118451 3
    endloop
  endfacet
  facet normal 0 0 1
    outer loop
      vertex -53.64736318154764 8.88692383699642 3
      vertex -53.464488230962196 9.019790265903627 3
      vertex -53.88378269758648 12.059312079485437 3
    endloop
  endfacet
  facet normal 0 0 1
    outer loop
      vertex -53.464488230962196 9.019790265903627 3
      vertex -53.266402724817134 9.128688694438836 3
      vertex -53.504305231718575 11.90906632204075 3
    endloop
  endfacet
  facet normal 0 0 1
    outer loop
      vertex -53.266402724817134 9.128688694438836 3
      vertex -53.05623058987491 9.211901729331277 3
      vertex -53.504305231718575 11.90906632204075 3
    endloop
  endfacet
  facet normal 0 0 1
    outer loop
      vertex -53.05623058987491 9.211901729331277 3
      vertex -52.837286366254304 9.26811705131164 3
      vertex -53.108989272403605 11.807566435131761 3
    endloop
  endfacet
  facet normal 0 0 1
    outer loop
      vertex -52.837286366254304 9.26811705131164 3
      vertex -52.61302293515276 9.29644811117089 3
      vertex -52.70406918847027 11.756413132608117 3
    endloop
  endfacet
  facet normal 0 0 1
    outer loop
      vertex -52.61302293515276 9.29644811117089 3
      vertex -52.38697706484724 9.29644811117089 3
      vertex -52.70406918847027 11.756413132608117 3
    endloop
  endfacet
  facet normal 0 0 1
    outer loop
      vertex -52.162713633745696 9.26811705131164 3
      vertex -52.29593081152973 11.756413132608117 3
      vertex -52.38697706484724 9.29644811117089 3
    endloop
  endfacet
  facet normal 0 0 1
    outer loop
      vertex -53.05623058987491 9.211901729331277 3
      vertex -53.108989272403605 11.807566435131761 3
      vertex -53.504305231718575 11.90906632204075 3
    endloop
  endfacet
  facet normal 0 0 1
    outer loop
      vertex -52.837286366254304 9.26811705131164 3
      vertex -52.70406918847027 11.756413132608117 3
      vertex -53.108989272403605 11.807566435131761 3
    endloop
  endfacet
  facet normal 0 0 1
    outer loop
      vertex -52.38697706484724 9.29644811117089 3
      vertex -52.29593081152973 11.756413132608117 3
      vertex -52.70406918847027 11.756413132608117 3
    endloop
  endfacet
  facet normal 0 0 1
    outer loop
      vertex -52.162713633745696 9.26811705131164 3
      vertex -51.891010727596395 11.807566435131761 3
      vertex -52.29593081152973 11.756413132608117 3
    endloop
  endfacet
  facet normal 0 0 1
    outer loop
      vertex -45.85111757055874 18.84062276342339 3
      vertex -49.25 0 3
      vertex -49.27562722072795 -0.40733300908398823 3
    endloop
  endfacet
  facet normal 0 0 1
    outer loop
      vertex -45.85111757055874 18.84062276342339 3
      vertex -49.27562722072795 0.40733300908398884 3
      vertex -49.25 0 3
    endloop
  endfacet
  facet normal 0 0 1
    outer loop
      vertex -45.85111757055874 18.84062276342339 3
      vertex -49.35210472633195 0.8082421332857781 3
      vertex -49.27562722072795 0.40733300908398884 3
    endloop
  endfacet
  facet normal 0 0 1
    outer loop
      vertex -45.85111757055874 18.84062276342339 3
      vertex -49.47822642086318 1.1964047962252033 3
      vertex -49.35210472633195 0.8082421332857781 3
    endloop
  endfacet
  facet normal 0 0 1
    outer loop
      vertex -50.7 7.5 3
      vertex -49.870694768281425 13.089697930049462 3
      vertex -50.71419353763394 7.725599820415748 3
    endloop
  endfacet
  facet normal 0 0 1
    outer loop
      vertex -50.71419353763394 7.725599820415748 3
      vertex -49.870694768281425 13.089697930049462 3
      vertex -50.75655030996846 7.947641796896739 3
    endloop
  endfacet
  facet normal 0 0 1
    outer loop
      vertex -45.85111757055874 18.84062276342339 3
      vertex -50.71419353763394 7.274400179584252 3
      vertex -49.47822642086318 1.1964047962252033 3
    endloop
  endfacet
  facet normal 0 0 1
    outer loop
      vertex -51.18785647064146 8.73218479067164 3
      vertex -51.11621730241352 12.059312079485437 3
      vertex -51.35263681845236 8.88692383699642 3
    endloop
  endfacet
  facet normal 0 0 1
    outer loop
      vertex -51.733597275182866 9.128688694438836 3
      vertex -51.891010727596395 11.807566435131761 3
      vertex -51.94376941012509 9.211901729331277 3
    endloop
  endfacet
  facet normal 0 0 1
    outer loop
      vertex -52.162713633745696 9.26811705131164 3
      vertex -51.94376941012509 9.211901729331277 3
      vertex -51.891010727596395 11.807566435131761 3
    endloop
  endfacet
  facet normal 0 0 1
    outer loop
      vertex -51.535511769037804 9.019790265903627 3
      vertex -51.495694768281425 11.90906632204075 3
      vertex -51.733597275182866 9.128688694438836 3
    endloop
  endfacet
  facet normal 0 0 1
    outer loop
      vertex -51.535511769037804 9.019790265903627 3
      vertex -51.35263681845236 8.88692383699642 3
      vertex -51.11621730241352 12.059312079485437 3
    endloop
  endfacet
  facet normal 0 0 1
    outer loop
      vertex -50.82640232540115 8.16262419483242 3
      vertex -50.428372033316755 12.495831960978686 3
      vertex -50.922647975921045 8.367156613383088 3
    endloop
  endfacet
  facet normal 0 0 1
    outer loop
      vertex -51.043769410125094 8.558013454126451 3
      vertex -50.75856291631826 12.25593424211845 3
      vertex -51.18785647064146 8.73218479067164 3
    endloop
  endfacet
  facet normal 0 0 1
    outer loop
      vertex -51.043769410125094 8.558013454126451 3
      vertex -50.922647975921045 8.367156613383088 3
      vertex -50.428372033316755 12.495831960978686 3
    endloop
  endfacet
  facet normal 0 0 1
    outer loop
      vertex -50.75655030996846 7.947641796896739 3
      vertex -50.13085196088041 12.775221905731762 3
      vertex -50.82640232540115 8.16262419483242 3
    endloop
  endfacet
  facet normal 0 0 1
    outer loop
      vertex -51.733597275182866 9.128688694438836 3
      vertex -51.495694768281425 11.90906632204075 3
      vertex -51.891010727596395 11.807566435131761 3
    endloop
  endfacet
  facet normal 0 0 1
    outer loop
      vertex -45.5 -8.009866357858641 3
      vertex -45.5 17 3
      vertex -45.85111757055874 18.84062276342339 3
    endloop
  endfacet
  facet normal -0.9980267284282714 0.06279051952931593 0
    outer loop
      vertex -59.46057350657239 17.62666616782152 0
      vertex -59.5 17 3
      vertex -59.46057350657239 17.62666616782152 3
    endloop
  endfacet
  facet normal -0.9822872507286902 0.18738131458571636 0
    outer loop
      vertex -59.46057350657239 17.62666616782152 0
      vertex -59.46057350657239 17.62666616782152 3
      vertex -59.34291580564316 18.243449435824274 3
    endloop
  endfacet
  facet normal -0.9510565162951524 0.30901699437495084 0
    outer loop
      vertex -59.34291580564316 18.243449435824274 0
      vertex -59.34291580564316 18.243449435824274 3
      vertex -59.14888242944126 18.84062276342339 3
    endloop
  endfacet
  facet normal -0.9048270524660187 0.42577929156507455 0
    outer loop
      vertex -59.14888242944126 18.84062276342339 0
      vertex -59.14888242944126 18.84062276342339 3
      vertex -58.88153340021932 19.408768370508575 3
    endloop
  endfacet
  facet normal -0.8443279255020154 0.5358267949789961 0
    outer loop
      vertex -58.88153340021932 19.408768370508575 0
      vertex -58.88153340021932 19.408768370508575 3
      vertex -58.545084971874736 19.938926261462367 3
    endloop
  endfacet
  facet normal -0.7705132427757907 0.6374239897486881 0
    outer loop
      vertex -58.14484313710706 20.422735529643443 0
      vertex -58.545084971874736 19.938926261462367 3
      vertex -58.14484313710706 20.422735529643443 3
    endloop
  endfacet
  facet normal -0.6845471059286904 0.7289686274214099 0
    outer loop
      vertex -58.14484313710706 20.422735529643443 0
      vertex -58.14484313710706 20.422735529643443 3
      vertex -57.68711994874345 20.852566213878948 3
    endloop
  endfacet
  facet normal -0.5877852522924681 0.809016994374951 0
    outer loop
      vertex -57.68711994874345 20.852566213878948 0
      vertex -57.68711994874345 20.852566213878948 3
      vertex -57.17913397489498 21.221639627510076 3
    endloop
  endfacet
  facet normal -0.48175367410171693 0.8763066800438627 0
    outer loop
      vertex -56.62889645782536 21.5241352623301 0
      vertex -57.17913397489498 21.221639627510076 3
      vertex -56.62889645782536 21.5241352623301 3
    endloop
  endfacet
  facet normal -0.3681245526846774 0.9297764858882517 0
    outer loop
      vertex -56.62889645782536 21.5241352623301 0
      vertex -56.62889645782536 21.5241352623301 3
      vertex -56.045084971874736 21.755282581475768 3
    endloop
  endfacet
  facet normal -0.24868988716485468 0.9685831611286311 0
    outer loop
      vertex -55.43690657292862 21.911436253643444 0
      vertex -56.045084971874736 21.755282581475768 3
      vertex -55.43690657292862 21.911436253643444 3
    endloop
  endfacet
  facet normal -0.12533323356430573 0.9921147013144777 0
    outer loop
      vertex -54.81395259764657 21.99013364214136 0
      vertex -55.43690657292862 21.911436253643444 3
      vertex -54.81395259764657 21.99013364214136 3
    endloop
  endfacet
  facet normal 0 1 0
    outer loop
      vertex -54.81395259764657 21.99013364214136 0
      vertex -54.81395259764657 21.99013364214136 3
      vertex -50.18604740235343 21.99013364214136 3
    endloop
  endfacet
  facet normal 0.98228725072869 0.1873813145857174 0
    outer loop
      vertex -45.53942649342761 17.626666167821522 0
      vertex -45.65708419435684 18.243449435824274 3
      vertex -45.53942649342761 17.626666167821522 3
    endloop
  endfacet
  facet normal 0.9980267284282714 0.06279051952931557 0
    outer loop
      vertex -45.5 17 0
      vertex -45.53942649342761 17.626666167821522 3
      vertex -45.5 17 3
    endloop
  endfacet
  facet normal 0.9510565162951524 0.30901699437495084 0
    outer loop
      vertex -45.85111757055874 18.84062276342339 0
      vertex -45.85111757055874 18.84062276342339 3
      vertex -45.65708419435684 18.243449435824274 3
    endloop
  endfacet
  facet normal 0.9048270524660187 0.42577929156507455 0
    outer loop
      vertex -45.85111757055874 18.84062276342339 0
      vertex -46.11846659978068 19.408768370508575 3
      vertex -45.85111757055874 18.84062276342339 3
    endloop
  endfacet
  facet normal 0.12533323356430573 0.9921147013144777 0
    outer loop
      vertex -50.18604740235343 21.99013364214136 0
      vertex -50.18604740235343 21.99013364214136 3
      vertex -49.56309342707138 21.911436253643444 3
    endloop
  endfacet
  facet normal 0.24868988716485468 0.9685831611286311 0
    outer loop
      vertex -48.954915028125264 21.755282581475768 0
      vertex -49.56309342707138 21.911436253643444 3
      vertex -48.954915028125264 21.755282581475768 3
    endloop
  endfacet
  facet normal 0.3681245526846774 0.9297764858882517 0
    outer loop
      vertex -48.954915028125264 21.755282581475768 0
      vertex -48.954915028125264 21.755282581475768 3
      vertex -48.37110354217464 21.5241352623301 3
    endloop
  endfacet
  facet normal 0.7705132427757907 0.6374239897486881 0
    outer loop
      vertex -46.85515686289294 20.422735529643443 0
      vertex -46.85515686289294 20.422735529643443 3
      vertex -46.454915028125264 19.938926261462367 3
    endloop
  endfacet
  facet normal 0.6845471059286874 0.7289686274214127 0
    outer loop
      vertex -46.85515686289294 20.422735529643443 0
      vertex -47.31288005125655 20.852566213878944 3
      vertex -46.85515686289294 20.422735529643443 3
    endloop
  endfacet
  facet normal 0.8443279255020154 0.5358267949789961 0
    outer loop
      vertex -46.454915028125264 19.938926261462367 0
      vertex -46.454915028125264 19.938926261462367 3
      vertex -46.11846659978068 19.408768370508575 3
    endloop
  endfacet
  facet normal 0.5877852522924719 0.8090169943749483 0
    outer loop
      vertex -47.82086602510502 21.221639627510076 0
      vertex -47.82086602510502 21.221639627510076 3
      vertex -47.31288005125655 20.852566213878944 3
    endloop
  endfacet
  facet normal 0.48175367410171693 0.8763066800438627 0
    outer loop
      vertex -47.82086602510502 21.221639627510076 0
      vertex -48.37110354217464 21.5241352623301 3
      vertex -47.82086602510502 21.221639627510076 3
    endloop
  endfacet
  facet normal 0 0 1
    outer loop
      vertex -59.5 17 3
      vertex -54.24344969003154 7.947641796896739 3
      vertex -55.34799671014255 13.434300559169426 3
    endloop
  endfacet
  facet normal 0 0 1
    outer loop
      vertex -54.24344969003154 7.947641796896739 3
      vertex -55.129305231718575 13.089697930049462 3
      vertex -55.34799671014255 13.434300559169426 3
    endloop
  endfacet
  facet normal 0 0 1
    outer loop
      vertex -54.077352024078955 8.367156613383088 3
      vertex -54.57162796668324 12.495831960978684 3
      vertex -54.86914803911959 12.775221905731762 3
    endloop
  endfacet
  facet normal 0 0 1
    outer loop
      vertex -53.81214352935854 8.732184790671639 3
      vertex -54.24143708368174 12.255934242118451 3
      vertex -54.57162796668324 12.495831960978684 3
    endloop
  endfacet
  facet normal 0 0 1
    outer loop
      vertex -53.64736318154764 8.88692383699642 3
      vertex -53.88378269758648 12.059312079485437 3
      vertex -54.24143708368174 12.255934242118451 3
    endloop
  endfacet
  facet normal 0 0 1
    outer loop
      vertex -54.17359767459885 8.16262419483242 3
      vertex -54.86914803911959 12.775221905731762 3
      vertex -55.129305231718575 13.089697930049462 3
    endloop
  endfacet
  facet normal 0 0 1
    outer loop
      vertex -53.464488230962196 9.019790265903627 3
      vertex -53.504305231718575 11.90906632204075 3
      vertex -53.88378269758648 12.059312079485437 3
    endloop
  endfacet
  facet normal 0 0 1
    outer loop
      vertex -59.5 17 3
      vertex -55.34799671014255 13.434300559169426 3
      vertex -55.52177357913682 13.803595203774798 3
    endloop
  endfacet
  facet normal 0 0 1
    outer loop
      vertex -59.5 17 3
      vertex -55.52177357913682 13.803595203774798 3
      vertex -55.64789527366805 14.191757866714221 3
    endloop
  endfacet
  facet normal 0 0 1
    outer loop
      vertex -59.5 17 3
      vertex -55.64789527366805 14.191757866714221 3
      vertex -55.72437277927205 14.592666990916012 3
    endloop
  endfacet
  facet normal 0 0 1
    outer loop
      vertex -59.5 17 3
      vertex -55.72437277927205 14.592666990916012 3
      vertex -55.75 15 3
    endloop
  endfacet
  facet normal 0 0 1
    outer loop
      vertex -59.5 17 3
      vertex -55.75 15 3
      vertex -55.72437277927205 15.407333009083988 3
    endloop
  endfacet
  facet normal 0 0 1
    outer loop
      vertex -59.5 17 3
      vertex -55.72437277927205 15.407333009083988 3
      vertex -55.64789527366805 15.808242133285779 3
    endloop
  endfacet
  facet normal 0 0 1
    outer loop
      vertex -59.5 17 3
      vertex -55.64789527366805 15.808242133285779 3
      vertex -55.52177357913682 16.196404796225202 3
    endloop
  endfacet
  facet normal 0 0 1
    outer loop
      vertex -51.535511769037804 9.019790265903627 3
      vertex -51.11621730241352 12.059312079485437 3
      vertex -51.495694768281425 11.90906632204075 3
    endloop
  endfacet
  facet normal 0 0 1
    outer loop
      vertex -51.18785647064146 8.73218479067164 3
      vertex -50.75856291631826 12.25593424211845 3
      vertex -51.11621730241352 12.059312079485437 3
    endloop
  endfacet
  facet normal 0 0 1
    outer loop
      vertex -51.043769410125094 8.558013454126451 3
      vertex -50.428372033316755 12.495831960978686 3
      vertex -50.75856291631826 12.25593424211845 3
    endloop
  endfacet
  facet normal 0 0 1
    outer loop
      vertex -50.82640232540115 8.16262419483242 3
      vertex -50.13085196088041 12.775221905731762 3
      vertex -50.428372033316755 12.495831960978686 3
    endloop
  endfacet
  facet normal 0 0 1
    outer loop
      vertex -50.75655030996846 7.947641796896739 3
      vertex -49.870694768281425 13.089697930049462 3
      vertex -50.13085196088041 12.775221905731762 3
    endloop
  endfacet
  facet normal 0 0 1
    outer loop
      vertex -50.7 7.5 3
      vertex -49.65200328985745 13.434300559169426 3
      vertex -49.870694768281425 13.089697930049462 3
    endloop
  endfacet
  facet normal 0 0 1
    outer loop
      vertex -50.7 7.5 3
      vertex -49.47822642086318 13.803595203774796 3
      vertex -49.65200328985745 13.434300559169426 3
    endloop
  endfacet
  facet normal 0 0 1
    outer loop
      vertex -45.85111757055874 18.84062276342339 3
      vertex -50.7 7.5 3
      vertex -50.71419353763394 7.274400179584252 3
    endloop
  endfacet
  facet normal 0 0 1
    outer loop
      vertex -50.7 7.5 3
      vertex -49.35210472633195 14.191757866714223 3
      vertex -49.47822642086318 13.803595203774796 3
    endloop
  endfacet
  facet normal 0 0 1
    outer loop
      vertex -45.85111757055874 18.84062276342339 3
      vertex -49.35210472633195 14.191757866714223 3
      vertex -50.7 7.5 3
    endloop
  endfacet
  facet normal 0 0 1
    outer loop
      vertex -45.85111757055874 18.84062276342339 3
      vertex -49.27562722072795 14.592666990916012 3
      vertex -49.35210472633195 14.191757866714223 3
    endloop
  endfacet
  facet normal 0 0 1
    outer loop
      vertex -45.85111757055874 18.84062276342339 3
      vertex -49.25 15 3
      vertex -49.27562722072795 14.592666990916012 3
    endloop
  endfacet
  facet normal 0 0 1
    outer loop
      vertex -45.85111757055874 18.84062276342339 3
      vertex -49.27562722072795 15.407333009083988 3
      vertex -49.25 15 3
    endloop
  endfacet
  facet normal 0 0 1
    outer loop
      vertex -59.5 17 3
      vertex -59.34291580564316 18.243449435824274 3
      vertex -59.46057350657239 17.62666616782152 3
    endloop
  endfacet
  facet normal 0 0 1
    outer loop
      vertex -59.5 17 3
      vertex -55.52177357913682 16.196404796225202 3
      vertex -55.34799671014255 16.565699440830574 3
    endloop
  endfacet
  facet normal 0 0 1
    outer loop
      vertex -59.5 17 3
      vertex -55.34799671014255 16.565699440830574 3
      vertex -55.129305231718575 16.91030206995054 3
    endloop
  endfacet
  facet normal 0 0 1
    outer loop
      vertex -59.5 17 3
      vertex -55.129305231718575 16.91030206995054 3
      vertex -54.86914803911959 17.22477809426824 3
    endloop
  endfacet
  facet normal 0 0 1
    outer loop
      vertex -59.5 17 3
      vertex -54.86914803911959 17.22477809426824 3
      vertex -54.57162796668324 17.504168039021316 3
    endloop
  endfacet
  facet normal 0 0 1
    outer loop
      vertex -59.5 17 3
      vertex -54.57162796668324 17.504168039021316 3
      vertex -54.24143708368174 17.74406575788155 3
    endloop
  endfacet
  facet normal 0 0 1
    outer loop
      vertex -59.5 17 3
      vertex -59.14888242944126 18.84062276342339 3
      vertex -59.34291580564316 18.243449435824274 3
    endloop
  endfacet
  facet normal 0 0 1
    outer loop
      vertex -59.5 17 3
      vertex -58.545084971874736 19.938926261462367 3
      vertex -59.14888242944126 18.84062276342339 3
    endloop
  endfacet
  facet normal 0 0 1
    outer loop
      vertex -59.5 17 3
      vertex -54.24143708368174 17.74406575788155 3
      vertex -55.43690657292862 21.911436253643444 3
    endloop
  endfacet
  facet normal 0 0 1
    outer loop
      vertex -55.43690657292862 21.911436253643444 3
      vertex -54.24143708368174 17.74406575788155 3
      vertex -53.88378269758648 17.940687920514563 3
    endloop
  endfacet
  facet normal 0 0 1
    outer loop
      vertex -59.14888242944126 18.84062276342339 3
      vertex -58.545084971874736 19.938926261462367 3
      vertex -58.88153340021932 19.408768370508575 3
    endloop
  endfacet
  facet normal 0 0 1
    outer loop
      vertex -59.5 17 3
      vertex -55.43690657292862 21.911436253643444 3
      vertex -58.545084971874736 19.938926261462367 3
    endloop
  endfacet
  facet normal 0 0 1
    outer loop
      vertex -58.545084971874736 19.938926261462367 3
      vertex -57.68711994874345 20.852566213878948 3
      vertex -58.14484313710706 20.422735529643443 3
    endloop
  endfacet
  facet normal 0 0 1
    outer loop
      vertex -58.545084971874736 19.938926261462367 3
      vertex -57.17913397489498 21.221639627510076 3
      vertex -57.68711994874345 20.852566213878948 3
    endloop
  endfacet
  facet normal 0 0 1
    outer loop
      vertex -58.545084971874736 19.938926261462367 3
      vertex -55.43690657292862 21.911436253643444 3
      vertex -57.17913397489498 21.221639627510076 3
    endloop
  endfacet
  facet normal 0 0 1
    outer loop
      vertex -57.17913397489498 21.221639627510076 3
      vertex -56.045084971874736 21.755282581475768 3
      vertex -56.62889645782536 21.5241352623301 3
    endloop
  endfacet
  facet normal 0 0 1
    outer loop
      vertex -57.17913397489498 21.221639627510076 3
      vertex -55.43690657292862 21.911436253643444 3
      vertex -56.045084971874736 21.755282581475768 3
    endloop
  endfacet
  facet normal 0 0 1
    outer loop
      vertex -55.43690657292862 21.911436253643444 3
      vertex -53.88378269758648 17.940687920514563 3
      vertex -53.504305231718575 18.09093367795925 3
    endloop
  endfacet
  facet normal 0 0 1
    outer loop
      vertex -55.43690657292862 21.911436253643444 3
      vertex -53.504305231718575 18.09093367795925 3
      vertex -53.108989272403605 18.19243356486824 3
    endloop
  endfacet
  facet normal 0 0 1
    outer loop
      vertex -55.43690657292862 21.911436253643444 3
      vertex -53.108989272403605 18.19243356486824 3
      vertex -52.70406918847027 18.243586867391883 3
    endloop
  endfacet
  facet normal 0 0 1
    outer loop
      vertex -55.43690657292862 21.911436253643444 3
      vertex -52.70406918847027 18.243586867391883 3
      vertex -52.29593081152973 18.243586867391883 3
    endloop
  endfacet
  facet normal 0 0 1
    outer loop
      vertex -55.43690657292862 21.911436253643444 3
      vertex -52.29593081152973 18.243586867391883 3
      vertex -51.891010727596395 18.19243356486824 3
    endloop
  endfacet
  facet normal 0 0 1
    outer loop
      vertex -55.43690657292862 21.911436253643444 3
      vertex -51.891010727596395 18.19243356486824 3
      vertex -51.495694768281425 18.09093367795925 3
    endloop
  endfacet
  facet normal 0 0 1
    outer loop
      vertex -55.43690657292862 21.911436253643444 3
      vertex -51.495694768281425 18.09093367795925 3
      vertex -51.11621730241352 17.940687920514563 3
    endloop
  endfacet
  facet normal 0 0 1
    outer loop
      vertex -55.43690657292862 21.911436253643444 3
      vertex -50.18604740235343 21.99013364214136 3
      vertex -54.81395259764657 21.99013364214136 3
    endloop
  endfacet
  facet normal 0 0 1
    outer loop
      vertex -45.85111757055874 18.84062276342339 3
      vertex -49.870694768281425 16.91030206995054 3
      vertex -49.65200328985745 16.565699440830574 3
    endloop
  endfacet
  facet normal 0 0 1
    outer loop
      vertex -45.85111757055874 18.84062276342339 3
      vertex -50.13085196088041 17.22477809426824 3
      vertex -49.870694768281425 16.91030206995054 3
    endloop
  endfacet
  facet normal 0 0 1
    outer loop
      vertex -45.85111757055874 18.84062276342339 3
      vertex -50.428372033316755 17.504168039021316 3
      vertex -50.13085196088041 17.22477809426824 3
    endloop
  endfacet
  facet normal 0 0 1
    outer loop
      vertex -45.85111757055874 18.84062276342339 3
      vertex -50.75856291631826 17.74406575788155 3
      vertex -50.428372033316755 17.504168039021316 3
    endloop
  endfacet
  facet normal 0 0 1
    outer loop
      vertex -45.85111757055874 18.84062276342339 3
      vertex -51.11621730241352 17.940687920514563 3
      vertex -50.75856291631826 17.74406575788155 3
    endloop
  endfacet
  facet normal 0 0 1
    outer loop
      vertex -45.85111757055874 18.84062276342339 3
      vertex -49.35210472633195 15.808242133285779 3
      vertex -49.27562722072795 15.407333009083988 3
    endloop
  endfacet
  facet normal 0 0 1
    outer loop
      vertex -45.85111757055874 18.84062276342339 3
      vertex -49.47822642086318 16.196404796225202 3
      vertex -49.35210472633195 15.808242133285779 3
    endloop
  endfacet
  facet normal 0 0 1
    outer loop
      vertex -45.85111757055874 18.84062276342339 3
      vertex -49.65200328985745 16.565699440830574 3
      vertex -49.47822642086318 16.196404796225202 3
    endloop
  endfacet
  facet normal 0 0 1
    outer loop
      vertex -45.5 17 3
      vertex -45.53942649342761 17.626666167821522 3
      vertex -45.85111757055874 18.84062276342339 3
    endloop
  endfacet
  facet normal 0 0 1
    outer loop
      vertex -45.53942649342761 17.626666167821522 3
      vertex -45.65708419435684 18.243449435824274 3
      vertex -45.85111757055874 18.84062276342339 3
    endloop
  endfacet
  facet normal 0 0 1
    outer loop
      vertex -55.43690657292862 21.911436253643444 3
      vertex -51.11621730241352 17.940687920514563 3
      vertex -45.85111757055874 18.84062276342339 3
    endloop
  endfacet
  facet normal 0 0 1
    outer loop
      vertex -55.43690657292862 21.911436253643444 3
      vertex -48.954915028125264 21.755282581475768 3
      vertex -50.18604740235343 21.99013364214136 3
    endloop
  endfacet
  facet normal 0 0 1
    outer loop
      vertex -55.43690657292862 21.911436253643444 3
      vertex -45.85111757055874 18.84062276342339 3
      vertex -48.954915028125264 21.755282581475768 3
    endloop
  endfacet
  facet normal 0 0 1
    outer loop
      vertex -50.18604740235343 21.99013364214136 3
      vertex -48.954915028125264 21.755282581475768 3
      vertex -49.56309342707138 21.911436253643444 3
    endloop
  endfacet
  facet normal 0 0 1
    outer loop
      vertex -48.37110354217464 21.5241352623301 3
      vertex -48.954915028125264 21.755282581475768 3
      vertex -47.82086602510502 21.221639627510076 3
    endloop
  endfacet
  facet normal 0 0 1
    outer loop
      vertex -45.85111757055874 18.84062276342339 3
      vertex -46.85515686289294 20.422735529643443 3
      vertex -48.954915028125264 21.755282581475768 3
    endloop
  endfacet
  facet normal 0 0 1
    outer loop
      vertex -45.85111757055874 18.84062276342339 3
      vertex -46.11846659978068 19.408768370508575 3
      vertex -46.454915028125264 19.938926261462367 3
    endloop
  endfacet
  facet normal 0 0 1
    outer loop
      vertex -45.85111757055874 18.84062276342339 3
      vertex -46.454915028125264 19.938926261462367 3
      vertex -46.85515686289294 20.422735529643443 3
    endloop
  endfacet
  facet normal 0 0 1
    outer loop
      vertex -48.954915028125264 21.755282581475768 3
      vertex -46.85515686289294 20.422735529643443 3
      vertex -47.82086602510502 21.221639627510076 3
    endloop
  endfacet
  facet normal 0 0 1
    outer loop
      vertex -46.85515686289294 20.422735529643443 3
      vertex -47.31288005125655 20.852566213878944 3
      vertex -47.82086602510502 21.221639627510076 3
    endloop
  endfacet
  facet normal 0 0 -1
    outer loop
      vertex -56.045084971874736 -21.755282581475768 0
      vertex -56.62889645782536 -21.5241352623301 0
      vertex -54.81395259764657 -21.99013364214136 0
    endloop
  endfacet
  facet normal 0 0 -1
    outer loop
      vertex -56.62889645782536 -21.5241352623301 0
      vertex -58.88153340021932 -19.408768370508575 0
      vertex -54.81395259764657 -21.99013364214136 0
    endloop
  endfacet
  facet normal 0 0 -1
    outer loop
      vertex -57.68711994874345 -20.852566213878948 0
      vertex -58.14484313710706 -20.422735529643443 0
      vertex -56.62889645782536 -21.5241352623301 0
    endloop
  endfacet
  facet normal 0 0 -1
    outer loop
      vertex -56.62889645782536 -21.5241352623301 0
      vertex -58.14484313710706 -20.422735529643443 0
      vertex -58.88153340021932 -19.408768370508575 0
    endloop
  endfacet
  facet normal 0 0 -1
    outer loop
      vertex -58.88153340021932 -19.408768370508575 0
      vertex -58.89824872624057 -19.235558284877897 0
      vertex -54.81395259764657 -21.99013364214136 0
    endloop
  endfacet
  facet normal 0 0 -1
    outer loop
      vertex -54.81395259764657 -21.99013364214136 0
      vertex -53.88378269758648 -17.940687920514563 0
      vertex -53.504305231718575 -18.09093367795925 0
    endloop
  endfacet
  facet normal 0 0 -1
    outer loop
      vertex -54.81395259764657 -21.99013364214136 0
      vertex -53.504305231718575 -18.09093367795925 0
      vertex -53.108989272403605 -18.19243356486824 0
    endloop
  endfacet
  facet normal 0 0 -1
    outer loop
      vertex -54.81395259764657 -21.99013364214136 0
      vertex -53.108989272403605 -18.19243356486824 0
      vertex -52.70406918847027 -18.243586867391883 0
    endloop
  endfacet
  facet normal 0 0 -1
    outer loop
      vertex -54.81395259764657 -21.99013364214136 0
      vertex -52.70406918847027 -18.243586867391883 0
      vertex -52.29593081152973 -18.243586867391883 0
    endloop
  endfacet
  facet normal 0 0 -1
    outer loop
      vertex -54.81395259764657 -21.99013364214136 0
      vertex -52.29593081152973 -18.243586867391883 0
      vertex -51.891010727596395 -18.19243356486824 0
    endloop
  endfacet
  facet normal 0 0 -1
    outer loop
      vertex -54.81395259764657 -21.99013364214136 0
      vertex -51.891010727596395 -18.19243356486824 0
      vertex -51.495694768281425 -18.09093367795925 0
    endloop
  endfacet
  facet normal 0 0 -1
    outer loop
      vertex -54.81395259764657 -21.99013364214136 0
      vertex -51.495694768281425 -18.09093367795925 0
      vertex -51.11621730241352 -17.940687920514563 0
    endloop
  endfacet
  facet normal 0 0 -1
    outer loop
      vertex -58.89824872624057 -19.235558284877897 0
      vertex -59.14888242944126 -18.84062276342339 0
      vertex -59.227113636942875 -18.535932326973928 0
    endloop
  endfacet
  facet normal 0 0 -1
    outer loop
      vertex -59.14888242944126 -18.84062276342339 0
      vertex -59.34291580564316 -18.243449435824274 0
      vertex -59.227113636942875 -18.535932326973928 0
    endloop
  endfacet
  facet normal 0 0 -1
    outer loop
      vertex -58.89824872624057 -19.235558284877897 0
      vertex -59.227113636942875 -18.535932326973928 0
      vertex -59.46057350657239 -17.62666616782152 0
    endloop
  endfacet
  facet normal 0 0 -1
    outer loop
      vertex -54.81395259764657 -21.99013364214136 0
      vertex -58.89824872624057 -19.235558284877897 0
      vertex -59.5 -13 0
    endloop
  endfacet
  facet normal 0 0 -1
    outer loop
      vertex -58.89824872624057 -19.235558284877897 0
      vertex -59.46057350657239 -17.62666616782152 0
      vertex -59.5 -13 0
    endloop
  endfacet
  facet normal 0 0 -1
    outer loop
      vertex -54.81395259764657 -21.99013364214136 0
      vertex -59.5 -13 0
      vertex -55.64789527366805 -15.808242133285779 0
    endloop
  endfacet
  facet normal 0 0 -1
    outer loop
      vertex -54.81395259764657 -21.99013364214136 0
      vertex -55.129305231718575 -16.91030206995054 0
      vertex -54.86914803911959 -17.22477809426824 0
    endloop
  endfacet
  facet normal 0 0 -1
    outer loop
      vertex -54.81395259764657 -21.99013364214136 0
      vertex -54.57162796668324 -17.504168039021316 0
      vertex -54.24143708368174 -17.74406575788155 0
    endloop
  endfacet
  facet normal 0 0 -1
    outer loop
      vertex -54.81395259764657 -21.99013364214136 0
      vertex -54.86914803911959 -17.22477809426824 0
      vertex -54.57162796668324 -17.504168039021316 0
    endloop
  endfacet
  facet normal 0 0 -1
    outer loop
      vertex -54.81395259764657 -21.99013364214136 0
      vertex -54.24143708368174 -17.74406575788155 0
      vertex -53.88378269758648 -17.940687920514563 0
    endloop
  endfacet
  facet normal 0 0 -1
    outer loop
      vertex -54.81395259764657 -21.99013364214136 0
      vertex -55.34799671014255 -16.565699440830574 0
      vertex -55.129305231718575 -16.91030206995054 0
    endloop
  endfacet
  facet normal 0 0 -1
    outer loop
      vertex -54.81395259764657 -21.99013364214136 0
      vertex -55.52177357913682 -16.196404796225202 0
      vertex -55.34799671014255 -16.565699440830574 0
    endloop
  endfacet
  facet normal 0 0 -1
    outer loop
      vertex -54.81395259764657 -21.99013364214136 0
      vertex -55.64789527366805 -15.808242133285779 0
      vertex -55.52177357913682 -16.196404796225202 0
    endloop
  endfacet
  facet normal 0 0 -1
    outer loop
      vertex -54.81395259764657 -21.99013364214136 0
      vertex -51.11621730241352 -17.940687920514563 0
      vertex -50.75856291631826 -17.74406575788155 0
    endloop
  endfacet
  facet normal 0 0 -1
    outer loop
      vertex -54.81395259764657 -21.99013364214136 0
      vertex -50.75856291631826 -17.74406575788155 0
      vertex -45.337286366254304 -16.76811705131164 0
    endloop
  endfacet
  facet normal 0 0 -1
    outer loop
      vertex -54.81395259764657 -21.99013364214136 0
      vertex -45.337286366254304 -16.76811705131164 0
      vertex -45.11302293515276 -16.79644811117089 0
    endloop
  endfacet
  facet normal 0 0 -1
    outer loop
      vertex -50.75856291631826 -17.74406575788155 0
      vertex -50.428372033316755 -17.504168039021316 0
      vertex -45.55623058987491 -16.711901729331277 0
    endloop
  endfacet
  facet normal 0 0 -1
    outer loop
      vertex -50.13085196088041 -17.22477809426824 0
      vertex -45.766402724817134 -16.628688694438836 0
      vertex -50.428372033316755 -17.504168039021316 0
    endloop
  endfacet
  facet normal 0 0 -1
    outer loop
      vertex -50.13085196088041 -17.22477809426824 0
      vertex -49.870694768281425 -16.91030206995054 0
      vertex -45.964488230962196 -16.519790265903627 0
    endloop
  endfacet
  facet normal 0 0 -1
    outer loop
      vertex -49.870694768281425 -16.91030206995054 0
      vertex -49.65200328985745 -16.565699440830574 0
      vertex -46.31214352935854 -16.23218479067164 0
    endloop
  endfacet
  facet normal 0 0 -1
    outer loop
      vertex -54.81395259764657 -21.99013364214136 0
      vertex -45.11302293515276 -16.79644811117089 0
      vertex -44.88697706484724 -16.79644811117089 0
    endloop
  endfacet
  facet normal 0 0 -1
    outer loop
      vertex -54.81395259764657 -21.99013364214136 0
      vertex -44.88697706484724 -16.79644811117089 0
      vertex -44.662713633745696 -16.76811705131164 0
    endloop
  endfacet
  facet normal 0 0 -1
    outer loop
      vertex -54.81395259764657 -21.99013364214136 0
      vertex -44.662713633745696 -16.76811705131164 0
      vertex -44.44376941012509 -16.711901729331277 0
    endloop
  endfacet
  facet normal 0 0 -1
    outer loop
      vertex -54.81395259764657 -21.99013364214136 0
      vertex -44.44376941012509 -16.711901729331277 0
      vertex -39.57162796668324 -17.504168039021316 0
    endloop
  endfacet
  facet normal 0 0 -1
    outer loop
      vertex -49.870694768281425 -16.91030206995054 0
      vertex -46.31214352935854 -16.23218479067164 0
      vertex -46.14736318154764 -16.38692383699642 0
    endloop
  endfacet
  facet normal 0 0 -1
    outer loop
      vertex -50.75856291631826 -17.74406575788155 0
      vertex -45.55623058987491 -16.711901729331277 0
      vertex -45.337286366254304 -16.76811705131164 0
    endloop
  endfacet
  facet normal 0 0 -1
    outer loop
      vertex -50.428372033316755 -17.504168039021316 0
      vertex -45.766402724817134 -16.628688694438836 0
      vertex -45.55623058987491 -16.711901729331277 0
    endloop
  endfacet
  facet normal 0 0 -1
    outer loop
      vertex -50.13085196088041 -17.22477809426824 0
      vertex -45.964488230962196 -16.519790265903627 0
      vertex -45.766402724817134 -16.628688694438836 0
    endloop
  endfacet
  facet normal 0 0 -1
    outer loop
      vertex -49.870694768281425 -16.91030206995054 0
      vertex -46.14736318154764 -16.38692383699642 0
      vertex -45.964488230962196 -16.519790265903627 0
    endloop
  endfacet
  facet normal 0 0 -1
    outer loop
      vertex -59.46057350657239 -17.62666616782152 0
      vertex -59.5 -17 0
      vertex -59.5 -13 0
    endloop
  endfacet
  facet normal 0 0 -1
    outer loop
      vertex -59.5 -13 0
      vertex -55.72437277927205 -15.407333009083988 0
      vertex -55.64789527366805 -15.808242133285779 0
    endloop
  endfacet
  facet normal 0 0 -1
    outer loop
      vertex -59.5 -13 0
      vertex -55.75 -15 0
      vertex -55.72437277927205 -15.407333009083988 0
    endloop
  endfacet
  facet normal 0 0 -1
    outer loop
      vertex -59.5 -13 0
      vertex -55.72437277927205 -14.592666990916012 0
      vertex -55.75 -15 0
    endloop
  endfacet
  facet normal 0 0 -1
    outer loop
      vertex -59.5 -13 0
      vertex -55.64789527366805 -14.191757866714221 0
      vertex -55.72437277927205 -14.592666990916012 0
    endloop
  endfacet
  facet normal 0 0 -1
    outer loop
      vertex -59.5 -13 0
      vertex -59.46644870925769 -12.466717504726843 0
      vertex -59.46592395823637 -12.92758472513926 0
    endloop
  endfacet
  facet normal 0 0 -1
    outer loop
      vertex -59.5 -13 0
      vertex -55.52177357913682 -13.803595203774798 0
      vertex -55.64789527366805 -14.191757866714221 0
    endloop
  endfacet
  facet normal 0 0 -1
    outer loop
      vertex -59.5 -13 0
      vertex -55.34799671014255 -13.434300559169426 0
      vertex -55.52177357913682 -13.803595203774798 0
    endloop
  endfacet
  facet normal 0 0 -1
    outer loop
      vertex -59.5 -13 0
      vertex -55.129305231718575 -13.089697930049462 0
      vertex -55.34799671014255 -13.434300559169426 0
    endloop
  endfacet
  facet normal 0 0 -1
    outer loop
      vertex -59.5 -13 0
      vertex -54.86914803911959 -12.775221905731762 0
      vertex -55.129305231718575 -13.089697930049462 0
    endloop
  endfacet
  facet normal 0 0 -1
    outer loop
      vertex -59.5 -13 0
      vertex -54.57162796668324 -12.495831960978684 0
      vertex -54.86914803911959 -12.775221905731762 0
    endloop
  endfacet
  facet normal 0 0 -1
    outer loop
      vertex -59.5 -13 0
      vertex -54.24143708368174 -12.255934242118451 0
      vertex -54.57162796668324 -12.495831960978684 0
    endloop
  endfacet
  facet normal 0 0 -1
    outer loop
      vertex -59.5 -13 0
      vertex -59.46592395823637 -12.92758472513926 0
      vertex -56.407431120424334 -8.73163768075096 0
    endloop
  endfacet
  facet normal 0 0 -1
    outer loop
      vertex -59.5 -13 0
      vertex -47.43678401266597 -8.30611842282273 0
      vertex -54.24143708368174 -12.255934242118451 0
    endloop
  endfacet
  facet normal 0 0 -1
    outer loop
      vertex -49.65200328985745 -16.565699440830574 0
      vertex -49.47822642086318 -16.196404796225206 0
      vertex -46.456230589874906 -16.058013454126453 0
    endloop
  endfacet
  facet normal 0 0 -1
    outer loop
      vertex -49.47822642086318 -16.196404796225206 0
      vertex -49.35210472633195 -15.808242133285777 0
      vertex -46.67359767459885 -15.66262419483242 0
    endloop
  endfacet
  facet normal 0 0 -1
    outer loop
      vertex -49.35210472633195 -15.808242133285777 0
      vertex -49.27562722072795 -15.407333009083988 0
      vertex -46.74344969003154 -15.447641796896738 0
    endloop
  endfacet
  facet normal 0 0 -1
    outer loop
      vertex -49.27562722072795 -15.407333009083988 0
      vertex -49.25 -15 0
      vertex -46.78580646236606 -15.225599820415747 0
    endloop
  endfacet
  facet normal 0 0 -1
    outer loop
      vertex -49.25 -15 0
      vertex -49.27562722072795 -14.592666990916012 0
      vertex -46.78580646236606 -14.774400179584253 0
    endloop
  endfacet
  facet normal 0 0 -1
    outer loop
      vertex -49.27562722072795 -14.592666990916012 0
      vertex -49.35210472633195 -14.191757866714221 0
      vertex -46.74344969003154 -14.552358203103262 0
    endloop
  endfacet
  facet normal 0 0 -1
    outer loop
      vertex -49.35210472633195 -14.191757866714221 0
      vertex -49.47822642086318 -13.803595203774798 0
      vertex -46.67359767459885 -14.33737580516758 0
    endloop
  endfacet
  facet normal 0 0 -1
    outer loop
      vertex -49.65200328985745 -16.565699440830574 0
      vertex -46.456230589874906 -16.058013454126453 0
      vertex -46.31214352935854 -16.23218479067164 0
    endloop
  endfacet
  facet normal 0 0 -1
    outer loop
      vertex -49.47822642086318 -16.196404796225206 0
      vertex -46.577352024078955 -15.867156613383088 0
      vertex -46.456230589874906 -16.058013454126453 0
    endloop
  endfacet
  facet normal 0 0 -1
    outer loop
      vertex -49.47822642086318 -16.196404796225206 0
      vertex -46.67359767459885 -15.66262419483242 0
      vertex -46.577352024078955 -15.867156613383088 0
    endloop
  endfacet
  facet normal 0 0 -1
    outer loop
      vertex -49.35210472633195 -15.808242133285777 0
      vertex -46.74344969003154 -15.447641796896738 0
      vertex -46.67359767459885 -15.66262419483242 0
    endloop
  endfacet
  facet normal 0 0 -1
    outer loop
      vertex -49.27562722072795 -15.407333009083988 0
      vertex -46.78580646236606 -15.225599820415747 0
      vertex -46.74344969003154 -15.447641796896738 0
    endloop
  endfacet
  facet normal 0 0 -1
    outer loop
      vertex -49.25 -15 0
      vertex -46.8 -15 0
      vertex -46.78580646236606 -15.225599820415747 0
    endloop
  endfacet
  facet normal 0 0 -1
    outer loop
      vertex -49.25 -15 0
      vertex -46.78580646236606 -14.774400179584253 0
      vertex -46.8 -15 0
    endloop
  endfacet
  facet normal 0 0 -1
    outer loop
      vertex -49.27562722072795 -14.592666990916012 0
      vertex -46.74344969003154 -14.552358203103262 0
      vertex -46.78580646236606 -14.774400179584253 0
    endloop
  endfacet
  facet normal 0 0 -1
    outer loop
      vertex -49.35210472633195 -14.191757866714221 0
      vertex -46.67359767459885 -14.33737580516758 0
      vertex -46.74344969003154 -14.552358203103262 0
    endloop
  endfacet
  facet normal 0 0 -1
    outer loop
      vertex -49.47822642086318 -13.803595203774798 0
      vertex -46.577352024078955 -14.132843386616912 0
      vertex -46.67359767459885 -14.33737580516758 0
    endloop
  endfacet
  facet normal 0 0 -1
    outer loop
      vertex -49.47822642086318 -13.803595203774798 0
      vertex -46.456230589874906 -13.941986545873549 0
      vertex -46.577352024078955 -14.132843386616912 0
    endloop
  endfacet
  facet normal 0 0 -1
    outer loop
      vertex -49.47822642086318 -13.803595203774798 0
      vertex -49.65200328985745 -13.434300559169426 0
      vertex -46.456230589874906 -13.941986545873549 0
    endloop
  endfacet
  facet normal 0 0 -1
    outer loop
      vertex -46.31214352935854 -13.767815209328361 0
      vertex -49.65200328985745 -13.434300559169426 0
      vertex -49.870694768281425 -13.089697930049462 0
    endloop
  endfacet
  facet normal 0 0 -1
    outer loop
      vertex -50.13085196088041 -12.775221905731762 0
      vertex -45.964488230962196 -13.480209734096373 0
      vertex -49.870694768281425 -13.089697930049462 0
    endloop
  endfacet
  facet normal 0 0 -1
    outer loop
      vertex -46.31214352935854 -13.767815209328361 0
      vertex -46.456230589874906 -13.941986545873549 0
      vertex -49.65200328985745 -13.434300559169426 0
    endloop
  endfacet
  facet normal 0 0 -1
    outer loop
      vertex -46.31214352935854 -13.767815209328361 0
      vertex -49.870694768281425 -13.089697930049462 0
      vertex -46.14736318154764 -13.61307616300358 0
    endloop
  endfacet
  facet normal 0 0 -1
    outer loop
      vertex -49.870694768281425 -13.089697930049462 0
      vertex -45.964488230962196 -13.480209734096373 0
      vertex -46.14736318154764 -13.61307616300358 0
    endloop
  endfacet
  facet normal 0 0 -1
    outer loop
      vertex -50.13085196088041 -12.775221905731762 0
      vertex -45.766402724817134 -13.371311305561164 0
      vertex -45.964488230962196 -13.480209734096373 0
    endloop
  endfacet
  facet normal 0 0 -1
    outer loop
      vertex -50.13085196088041 -12.775221905731762 0
      vertex -45.55623058987491 -13.288098270668723 0
      vertex -45.766402724817134 -13.371311305561164 0
    endloop
  endfacet
  facet normal 0 0 -1
    outer loop
      vertex -50.13085196088041 -12.775221905731762 0
      vertex -45.337286366254304 -13.23188294868836 0
      vertex -45.55623058987491 -13.288098270668723 0
    endloop
  endfacet
  facet normal 0 0 -1
    outer loop
      vertex -50.13085196088041 -12.775221905731762 0
      vertex -45.11302293515276 -13.20355188882911 0
      vertex -45.337286366254304 -13.23188294868836 0
    endloop
  endfacet
  facet normal 0 0 -1
    outer loop
      vertex -39.86914803911959 -12.775221905731762 0
      vertex -50.13085196088041 -12.775221905731762 0
      vertex -50.428372033316755 -12.495831960978686 0
    endloop
  endfacet
  facet normal 0 0 -1
    outer loop
      vertex -50.13085196088041 -12.775221905731762 0
      vertex -40.129305231718575 -13.089697930049462 0
      vertex -45.11302293515276 -13.20355188882911 0
    endloop
  endfacet
  facet normal 0 0 -1
    outer loop
      vertex -50.428372033316755 -12.495831960978686 0
      vertex -50.75856291631826 -12.255934242118451 0
      vertex -39.24143708368174 -12.255934242118451 0
    endloop
  endfacet
  facet normal 0 0 -1
    outer loop
      vertex -54.81395259764657 -21.99013364214136 0
      vertex -38.504305231718575 -18.09093367795925 0
      vertex -38.108989272403605 -18.19243356486824 0
    endloop
  endfacet
  facet normal 0 0 -1
    outer loop
      vertex -54.81395259764657 -21.99013364214136 0
      vertex -38.88378269758648 -17.940687920514563 0
      vertex -38.504305231718575 -18.09093367795925 0
    endloop
  endfacet
  facet normal 0 0 -1
    outer loop
      vertex -54.81395259764657 -21.99013364214136 0
      vertex -38.108989272403605 -18.19243356486824 0
      vertex -37.70406918847027 -18.243586867391883 0
    endloop
  endfacet
  facet normal 0 0 -1
    outer loop
      vertex -54.81395259764657 -21.99013364214136 0
      vertex -37.70406918847027 -18.243586867391883 0
      vertex -37.29593081152973 -18.243586867391883 0
    endloop
  endfacet
  facet normal 0 0 -1
    outer loop
      vertex -54.81395259764657 -21.99013364214136 0
      vertex -37.29593081152973 -18.243586867391883 0
      vertex -23.108989272403605 -18.19243356486824 0
    endloop
  endfacet
  facet normal 0 0 -1
    outer loop
      vertex -54.81395259764657 -21.99013364214136 0
      vertex -39.57162796668324 -17.504168039021316 0
      vertex -39.24143708368174 -17.74406575788155 0
    endloop
  endfacet
  facet normal 0 0 -1
    outer loop
      vertex -54.81395259764657 -21.99013364214136 0
      vertex -39.24143708368174 -17.74406575788155 0
      vertex -38.88378269758648 -17.940687920514563 0
    endloop
  endfacet
  facet normal 0 0 -1
    outer loop
      vertex -44.44376941012509 -16.711901729331277 0
      vertex -44.233597275182866 -16.628688694438836 0
      vertex -39.57162796668324 -17.504168039021316 0
    endloop
  endfacet
  facet normal 0 0 -1
    outer loop
      vertex -44.233597275182866 -16.628688694438836 0
      vertex -44.035511769037804 -16.519790265903627 0
      vertex -39.86914803911959 -17.22477809426824 0
    endloop
  endfacet
  facet normal 0 0 -1
    outer loop
      vertex -44.035511769037804 -16.519790265903627 0
      vertex -43.85263681845236 -16.38692383699642 0
      vertex -40.129305231718575 -16.91030206995054 0
    endloop
  endfacet
  facet normal 0 0 -1
    outer loop
      vertex -43.68785647064146 -16.23218479067164 0
      vertex -40.129305231718575 -16.91030206995054 0
      vertex -43.85263681845236 -16.38692383699642 0
    endloop
  endfacet
  facet normal 0 0 -1
    outer loop
      vertex -44.233597275182866 -16.628688694438836 0
      vertex -39.86914803911959 -17.22477809426824 0
      vertex -39.57162796668324 -17.504168039021316 0
    endloop
  endfacet
  facet normal 0 0 -1
    outer loop
      vertex -44.035511769037804 -16.519790265903627 0
      vertex -40.129305231718575 -16.91030206995054 0
      vertex -39.86914803911959 -17.22477809426824 0
    endloop
  endfacet
  facet normal 0 0 -1
    outer loop
      vertex -43.68785647064146 -16.23218479067164 0
      vertex -40.34799671014255 -16.565699440830574 0
      vertex -40.129305231718575 -16.91030206995054 0
    endloop
  endfacet
  facet normal 0 0 -1
    outer loop
      vertex -54.81395259764657 -21.99013364214136 0
      vertex -23.108989272403605 -18.19243356486824 0
      vertex -22.70406918847027 -18.243586867391883 0
    endloop
  endfacet
  facet normal 0 0 -1
    outer loop
      vertex -54.81395259764657 -21.99013364214136 0
      vertex -22.70406918847027 -18.243586867391883 0
      vertex -22.29593081152973 -18.243586867391883 0
    endloop
  endfacet
  facet normal 0 0 -1
    outer loop
      vertex -36.495694768281425 -18.09093367795925 0
      vertex -36.11621730241352 -17.940687920514563 0
      vertex -30.113022935152763 -16.79644811117089 0
    endloop
  endfacet
  facet normal 0 0 -1
    outer loop
      vertex -36.11621730241352 -17.940687920514563 0
      vertex -35.75856291631826 -17.74406575788155 0
      vertex -30.337286366254304 -16.76811705131164 0
    endloop
  endfacet
  facet normal 0 0 -1
    outer loop
      vertex -35.75856291631826 -17.74406575788155 0
      vertex -35.428372033316755 -17.504168039021316 0
      vertex -30.556230589874904 -16.711901729331277 0
    endloop
  endfacet
  facet normal 0 0 -1
    outer loop
      vertex -35.13085196088041 -17.22477809426824 0
      vertex -30.76640272481713 -16.628688694438836 0
      vertex -35.428372033316755 -17.504168039021316 0
    endloop
  endfacet
  facet normal 0 0 -1
    outer loop
      vertex -35.13085196088041 -17.22477809426824 0
      vertex -34.870694768281425 -16.91030206995054 0
      vertex -30.964488230962193 -16.519790265903627 0
    endloop
  endfacet
  facet normal 0 0 -1
    outer loop
      vertex -34.870694768281425 -16.91030206995054 0
      vertex -34.65200328985745 -16.565699440830574 0
      vertex -31.31214352935854 -16.23218479067164 0
    endloop
  endfacet
  facet normal 0 0 -1
    outer loop
      vertex -37.29593081152973 -18.243586867391883 0
      vertex -36.891010727596395 -18.19243356486824 0
      vertex -23.108989272403605 -18.19243356486824 0
    endloop
  endfacet
  facet normal 0 0 -1
    outer loop
      vertex -36.891010727596395 -18.19243356486824 0
      vertex -36.495694768281425 -18.09093367795925 0
      vertex -23.50430523171858 -18.09093367795925 0
    endloop
  endfacet
  facet normal 0 0 -1
    outer loop
      vertex -36.495694768281425 -18.09093367795925 0
      vertex -30.113022935152763 -16.79644811117089 0
      vertex -29.886977064847237 -16.79644811117089 0
    endloop
  endfacet
  facet normal 0 0 -1
    outer loop
      vertex -36.11621730241352 -17.940687920514563 0
      vertex -30.337286366254304 -16.76811705131164 0
      vertex -30.113022935152763 -16.79644811117089 0
    endloop
  endfacet
  facet normal 0 0 -1
    outer loop
      vertex -35.75856291631826 -17.74406575788155 0
      vertex -30.556230589874904 -16.711901729331277 0
      vertex -30.337286366254304 -16.76811705131164 0
    endloop
  endfacet
  facet normal 0 0 -1
    outer loop
      vertex -35.428372033316755 -17.504168039021316 0
      vertex -30.76640272481713 -16.628688694438836 0
      vertex -30.556230589874904 -16.711901729331277 0
    endloop
  endfacet
  facet normal 0 0 -1
    outer loop
      vertex -35.13085196088041 -17.22477809426824 0
      vertex -30.964488230962193 -16.519790265903627 0
      vertex -30.76640272481713 -16.628688694438836 0
    endloop
  endfacet
  facet normal 0 0 -1
    outer loop
      vertex -34.870694768281425 -16.91030206995054 0
      vertex -31.14736318154764 -16.38692383699642 0
      vertex -30.964488230962193 -16.519790265903627 0
    endloop
  endfacet
  facet normal 0 0 -1
    outer loop
      vertex -34.870694768281425 -16.91030206995054 0
      vertex -31.31214352935854 -16.23218479067164 0
      vertex -31.14736318154764 -16.38692383699642 0
    endloop
  endfacet
  facet normal 0 0 -1
    outer loop
      vertex -36.495694768281425 -18.09093367795925 0
      vertex -29.886977064847237 -16.79644811117089 0
      vertex -23.883782697586486 -17.940687920514563 0
    endloop
  endfacet
  facet normal 0 0 -1
    outer loop
      vertex -43.68785647064146 -16.23218479067164 0
      vertex -43.543769410125094 -16.058013454126453 0
      vertex -40.34799671014255 -16.565699440830574 0
    endloop
  endfacet
  facet normal 0 0 -1
    outer loop
      vertex -43.543769410125094 -16.058013454126453 0
      vertex -43.422647975921045 -15.867156613383088 0
      vertex -40.52177357913682 -16.196404796225202 0
    endloop
  endfacet
  facet normal 0 0 -1
    outer loop
      vertex -43.422647975921045 -15.867156613383088 0
      vertex -43.32640232540115 -15.662624194832421 0
      vertex -40.52177357913682 -16.196404796225202 0
    endloop
  endfacet
  facet normal 0 0 -1
    outer loop
      vertex -43.543769410125094 -16.058013454126453 0
      vertex -40.52177357913682 -16.196404796225202 0
      vertex -40.34799671014255 -16.565699440830574 0
    endloop
  endfacet
  facet normal 0 0 -1
    outer loop
      vertex -43.32640232540115 -15.662624194832421 0
      vertex -40.64789527366805 -15.808242133285779 0
      vertex -40.52177357913682 -16.196404796225202 0
    endloop
  endfacet
  facet normal 0 0 -1
    outer loop
      vertex -43.32640232540115 -15.662624194832421 0
      vertex -43.25655030996846 -15.447641796896738 0
      vertex -40.64789527366805 -15.808242133285779 0
    endloop
  endfacet
  facet normal 0 0 -1
    outer loop
      vertex -43.25655030996846 -15.447641796896738 0
      vertex -43.21419353763394 -15.225599820415747 0
      vertex -40.72437277927205 -15.407333009083988 0
    endloop
  endfacet
  facet normal 0 0 -1
    outer loop
      vertex -43.25655030996846 -15.447641796896738 0
      vertex -40.72437277927205 -15.407333009083988 0
      vertex -40.64789527366805 -15.808242133285779 0
    endloop
  endfacet
  facet normal 0 0 -1
    outer loop
      vertex -43.21419353763394 -15.225599820415747 0
      vertex -40.75 -15 0
      vertex -40.72437277927205 -15.407333009083988 0
    endloop
  endfacet
  facet normal 0 0 -1
    outer loop
      vertex -43.21419353763394 -15.225599820415747 0
      vertex -43.2 -15 0
      vertex -40.75 -15 0
    endloop
  endfacet
  facet normal 0 0 -1
    outer loop
      vertex -43.2 -15 0
      vertex -43.21419353763394 -14.774400179584251 0
      vertex -40.75 -15 0
    endloop
  endfacet
  facet normal 0 0 -1
    outer loop
      vertex -43.21419353763394 -14.774400179584251 0
      vertex -43.25655030996846 -14.552358203103262 0
      vertex -40.72437277927205 -14.592666990916012 0
    endloop
  endfacet
  facet normal 0 0 -1
    outer loop
      vertex -43.21419353763394 -14.774400179584251 0
      vertex -40.72437277927205 -14.592666990916012 0
      vertex -40.75 -15 0
    endloop
  endfacet
  facet normal 0 0 -1
    outer loop
      vertex -43.25655030996846 -14.552358203103262 0
      vertex -40.64789527366805 -14.191757866714221 0
      vertex -40.72437277927205 -14.592666990916012 0
    endloop
  endfacet
  facet normal 0 0 -1
    outer loop
      vertex -43.25655030996846 -14.552358203103262 0
      vertex -43.32640232540115 -14.33737580516758 0
      vertex -40.64789527366805 -14.191757866714221 0
    endloop
  endfacet
  facet normal 0 0 -1
    outer loop
      vertex -43.32640232540115 -14.33737580516758 0
      vertex -43.422647975921045 -14.132843386616912 0
      vertex -40.64789527366805 -14.191757866714221 0
    endloop
  endfacet
  facet normal 0 0 -1
    outer loop
      vertex -43.422647975921045 -14.132843386616912 0
      vertex -43.543769410125094 -13.941986545873549 0
      vertex -40.52177357913682 -13.803595203774798 0
    endloop
  endfacet
  facet normal 0 0 -1
    outer loop
      vertex -43.422647975921045 -14.132843386616912 0
      vertex -40.52177357913682 -13.803595203774798 0
      vertex -40.64789527366805 -14.191757866714221 0
    endloop
  endfacet
  facet normal 0 0 -1
    outer loop
      vertex -40.129305231718575 -13.089697930049462 0
      vertex -44.88697706484724 -13.20355188882911 0
      vertex -45.11302293515276 -13.20355188882911 0
    endloop
  endfacet
  facet normal 0 0 -1
    outer loop
      vertex -40.129305231718575 -13.089697930049462 0
      vertex -44.233597275182866 -13.371311305561164 0
      vertex -44.44376941012509 -13.288098270668723 0
    endloop
  endfacet
  facet normal 0 0 -1
    outer loop
      vertex -40.129305231718575 -13.089697930049462 0
      vertex -44.035511769037804 -13.480209734096373 0
      vertex -44.233597275182866 -13.371311305561164 0
    endloop
  endfacet
  facet normal 0 0 -1
    outer loop
      vertex -40.129305231718575 -13.089697930049462 0
      vertex -44.662713633745696 -13.23188294868836 0
      vertex -44.88697706484724 -13.20355188882911 0
    endloop
  endfacet
  facet normal 0 0 -1
    outer loop
      vertex -40.129305231718575 -13.089697930049462 0
      vertex -44.44376941012509 -13.288098270668723 0
      vertex -44.662713633745696 -13.23188294868836 0
    endloop
  endfacet
  facet normal 0 0 -1
    outer loop
      vertex -50.13085196088041 -12.775221905731762 0
      vertex -39.86914803911959 -12.775221905731762 0
      vertex -40.129305231718575 -13.089697930049462 0
    endloop
  endfacet
  facet normal 0 0 -1
    outer loop
      vertex -39.86914803911959 -12.775221905731762 0
      vertex -50.428372033316755 -12.495831960978686 0
      vertex -39.57162796668324 -12.495831960978684 0
    endloop
  endfacet
  facet normal 0 0 -1
    outer loop
      vertex -50.428372033316755 -12.495831960978686 0
      vertex -39.24143708368174 -12.255934242118451 0
      vertex -39.57162796668324 -12.495831960978684 0
    endloop
  endfacet
  facet normal 0 0 -1
    outer loop
      vertex -43.68785647064146 -13.76781520932836 0
      vertex -43.85263681845236 -13.61307616300358 0
      vertex -40.34799671014255 -13.434300559169426 0
    endloop
  endfacet
  facet normal 0 0 -1
    outer loop
      vertex -43.68785647064146 -13.76781520932836 0
      vertex -40.34799671014255 -13.434300559169426 0
      vertex -43.543769410125094 -13.941986545873549 0
    endloop
  endfacet
  facet normal 0 0 -1
    outer loop
      vertex -44.035511769037804 -13.480209734096373 0
      vertex -40.129305231718575 -13.089697930049462 0
      vertex -43.85263681845236 -13.61307616300358 0
    endloop
  endfacet
  facet normal 0 0 -1
    outer loop
      vertex -43.543769410125094 -13.941986545873549 0
      vertex -40.34799671014255 -13.434300559169426 0
      vertex -40.52177357913682 -13.803595203774798 0
    endloop
  endfacet
  facet normal 0 0 -1
    outer loop
      vertex -43.85263681845236 -13.61307616300358 0
      vertex -40.129305231718575 -13.089697930049462 0
      vertex -40.34799671014255 -13.434300559169426 0
    endloop
  endfacet
  facet normal 0 0 -1
    outer loop
      vertex -34.65200328985745 -16.565699440830574 0
      vertex -34.47822642086318 -16.196404796225206 0
      vertex -31.456230589874906 -16.058013454126453 0
    endloop
  endfacet
  facet normal 0 0 -1
    outer loop
      vertex -34.47822642086318 -16.196404796225206 0
      vertex -34.35210472633195 -15.808242133285777 0
      vertex -31.673597674598852 -15.66262419483242 0
    endloop
  endfacet
  facet normal 0 0 -1
    outer loop
      vertex -34.35210472633195 -14.191757866714221 0
      vertex -34.47822642086318 -13.803595203774798 0
      vertex -31.673597674598852 -14.33737580516758 0
    endloop
  endfacet
  facet normal 0 0 -1
    outer loop
      vertex -34.47822642086318 -16.196404796225206 0
      vertex -31.673597674598852 -15.66262419483242 0
      vertex -31.577352024078955 -15.867156613383088 0
    endloop
  endfacet
  facet normal 0 0 -1
    outer loop
      vertex -34.65200328985745 -16.565699440830574 0
      vertex -31.456230589874906 -16.058013454126453 0
      vertex -31.31214352935854 -16.23218479067164 0
    endloop
  endfacet
  facet normal 0 0 -1
    outer loop
      vertex -34.47822642086318 -16.196404796225206 0
      vertex -31.577352024078955 -15.867156613383088 0
      vertex -31.456230589874906 -16.058013454126453 0
    endloop
  endfacet
  facet normal 0 0 -1
    outer loop
      vertex -34.35210472633195 -15.808242133285777 0
      vertex -34.27562722072795 -15.407333009083988 0
      vertex -31.743449690031536 -15.447641796896738 0
    endloop
  endfacet
  facet normal 0 0 -1
    outer loop
      vertex -34.35210472633195 -15.808242133285777 0
      vertex -31.743449690031536 -15.447641796896738 0
      vertex -31.673597674598852 -15.66262419483242 0
    endloop
  endfacet
  facet normal 0 0 -1
    outer loop
      vertex -34.27562722072795 -15.407333009083988 0
      vertex -34.25 -15 0
      vertex -31.78580646236606 -15.225599820415747 0
    endloop
  endfacet
  facet normal 0 0 -1
    outer loop
      vertex -34.27562722072795 -15.407333009083988 0
      vertex -31.78580646236606 -15.225599820415747 0
      vertex -31.743449690031536 -15.447641796896738 0
    endloop
  endfacet
  facet normal 0 0 -1
    outer loop
      vertex -34.25 -15 0
      vertex -34.27562722072795 -14.592666990916012 0
      vertex -31.78580646236606 -14.774400179584253 0
    endloop
  endfacet
  facet normal 0 0 -1
    outer loop
      vertex -34.25 -15 0
      vertex -31.8 -15 0
      vertex -31.78580646236606 -15.225599820415747 0
    endloop
  endfacet
  facet normal 0 0 -1
    outer loop
      vertex -34.25 -15 0
      vertex -31.78580646236606 -14.774400179584253 0
      vertex -31.8 -15 0
    endloop
  endfacet
  facet normal 0 0 -1
    outer loop
      vertex -34.27562722072795 -14.592666990916012 0
      vertex -34.35210472633195 -14.191757866714221 0
      vertex -31.743449690031536 -14.552358203103262 0
    endloop
  endfacet
  facet normal 0 0 -1
    outer loop
      vertex -34.27562722072795 -14.592666990916012 0
      vertex -31.743449690031536 -14.552358203103262 0
      vertex -31.78580646236606 -14.774400179584253 0
    endloop
  endfacet
  facet normal 0 0 -1
    outer loop
      vertex -34.35210472633195 -14.191757866714221 0
      vertex -31.673597674598852 -14.33737580516758 0
      vertex -31.743449690031536 -14.552358203103262 0
    endloop
  endfacet
  facet normal 0 0 -1
    outer loop
      vertex -34.47822642086318 -13.803595203774798 0
      vertex -31.577352024078955 -14.132843386616912 0
      vertex -31.673597674598852 -14.33737580516758 0
    endloop
  endfacet
  facet normal 0 0 -1
    outer loop
      vertex -34.47822642086318 -13.803595203774798 0
      vertex -31.456230589874906 -13.941986545873549 0
      vertex -31.577352024078955 -14.132843386616912 0
    endloop
  endfacet
  facet normal 0 0 -1
    outer loop
      vertex -34.47822642086318 -13.803595203774798 0
      vertex -34.65200328985745 -13.434300559169426 0
      vertex -31.456230589874906 -13.941986545873549 0
    endloop
  endfacet
  facet normal 0 0 -1
    outer loop
      vertex -31.31214352935854 -13.767815209328361 0
      vertex -34.65200328985745 -13.434300559169426 0
      vertex -34.870694768281425 -13.089697930049462 0
    endloop
  endfacet
  facet normal 0 0 -1
    outer loop
      vertex -35.13085196088041 -12.775221905731762 0
      vertex -30.964488230962193 -13.480209734096373 0
      vertex -34.870694768281425 -13.089697930049462 0
    endloop
  endfacet
  facet normal 0 0 -1
    outer loop
      vertex -31.31214352935854 -13.767815209328361 0
      vertex -31.456230589874906 -13.941986545873549 0
      vertex -34.65200328985745 -13.434300559169426 0
    endloop
  endfacet
  facet normal 0 0 -1
    outer loop
      vertex -31.31214352935854 -13.767815209328361 0
      vertex -34.870694768281425 -13.089697930049462 0
      vertex -31.14736318154764 -13.61307616300358 0
    endloop
  endfacet
  facet normal 0 0 -1
    outer loop
      vertex -34.870694768281425 -13.089697930049462 0
      vertex -30.964488230962193 -13.480209734096373 0
      vertex -31.14736318154764 -13.61307616300358 0
    endloop
  endfacet
  facet normal 0 0 -1
    outer loop
      vertex -35.13085196088041 -12.775221905731762 0
      vertex -30.76640272481713 -13.371311305561164 0
      vertex -30.964488230962193 -13.480209734096373 0
    endloop
  endfacet
  facet normal 0 0 -1
    outer loop
      vertex -35.13085196088041 -12.775221905731762 0
      vertex -30.556230589874904 -13.288098270668723 0
      vertex -30.76640272481713 -13.371311305561164 0
    endloop
  endfacet
  facet normal 0 0 -1
    outer loop
      vertex -35.13085196088041 -12.775221905731762 0
      vertex -30.337286366254304 -13.23188294868836 0
      vertex -30.556230589874904 -13.288098270668723 0
    endloop
  endfacet
  facet normal 0 0 -1
    outer loop
      vertex -35.13085196088041 -12.775221905731762 0
      vertex -30.113022935152763 -13.20355188882911 0
      vertex -30.337286366254304 -13.23188294868836 0
    endloop
  endfacet
  facet normal 0 0 -1
    outer loop
      vertex -24.869148039119587 -12.775221905731762 0
      vertex -35.13085196088041 -12.775221905731762 0
      vertex -35.428372033316755 -12.495831960978686 0
    endloop
  endfacet
  facet normal 0 0 -1
    outer loop
      vertex -35.13085196088041 -12.775221905731762 0
      vertex -25.12930523171858 -13.089697930049462 0
      vertex -30.113022935152763 -13.20355188882911 0
    endloop
  endfacet
  facet normal 0 0 -1
    outer loop
      vertex -35.75856291631826 -12.255934242118451 0
      vertex -24.24143708368174 -12.255934242118451 0
      vertex -35.428372033316755 -12.495831960978686 0
    endloop
  endfacet
  facet normal 0 0 -1
    outer loop
      vertex -36.11621730241352 -12.059312079485437 0
      vertex -23.883782697586486 -12.059312079485437 0
      vertex -35.75856291631826 -12.255934242118451 0
    endloop
  endfacet
  facet normal 0 0 -1
    outer loop
      vertex -36.891010727596395 -11.807566435131761 0
      vertex -23.50430523171858 -11.90906632204075 0
      vertex -36.495694768281425 -11.90906632204075 0
    endloop
  endfacet
  facet normal 0 0 -1
    outer loop
      vertex -36.495694768281425 -11.90906632204075 0
      vertex -23.50430523171858 -11.90906632204075 0
      vertex -36.11621730241352 -12.059312079485437 0
    endloop
  endfacet
  facet normal -0.3681245526846774 -0.9297764858882517 0
    outer loop
      vertex -56.045084971874736 -21.755282581475768 0
      vertex -56.045084971874736 -21.755282581475768 3
      vertex -56.62889645782536 -21.5241352623301 0
    endloop
  endfacet
  facet normal -0.5877852522924681 -0.809016994374951 0
    outer loop
      vertex -57.68711994874345 -20.852566213878948 0
      vertex -57.17913397489498 -21.221639627510076 0
      vertex -57.17913397489498 -21.221639627510076 3
    endloop
  endfacet
  facet normal -0.6845471059286904 -0.7289686274214099 0
    outer loop
      vertex -57.68711994874345 -20.852566213878948 0
      vertex -58.14484313710706 -20.422735529643443 3
      vertex -58.14484313710706 -20.422735529643443 0
    endloop
  endfacet
  facet normal -0.8443279255020154 -0.5358267949789961 0
    outer loop
      vertex -58.545084971874736 -19.938926261462367 0
      vertex -58.88153340021932 -19.408768370508575 3
      vertex -58.88153340021932 -19.408768370508575 0
    endloop
  endfacet
  facet normal -0.24868988716485468 -0.9685831611286311 0
    outer loop
      vertex -56.045084971874736 -21.755282581475768 0
      vertex -55.43690657292862 -21.911436253643444 0
      vertex -55.43690657292862 -21.911436253643444 3
    endloop
  endfacet
  facet normal -0.9048270524660187 -0.42577929156507455 0
    outer loop
      vertex -58.88153340021932 -19.408768370508575 0
      vertex -58.88153340021932 -19.408768370508575 3
      vertex -59.14888242944126 -18.84062276342339 0
    endloop
  endfacet
  facet normal -0.9510565162951524 -0.30901699437495084 0
    outer loop
      vertex -59.14888242944126 -18.84062276342339 0
      vertex -59.34291580564316 -18.243449435824274 3
      vertex -59.34291580564316 -18.243449435824274 0
    endloop
  endfacet
  facet normal -0.9980267284282714 -0.06279051952931593 0
    outer loop
      vertex -59.46057350657239 -17.62666616782152 0
      vertex -59.46057350657239 -17.62666616782152 3
      vertex -59.5 -17 0
    endloop
  endfacet
  facet normal -1 0 0
    outer loop
      vertex -59.5 -17 0
      vertex -59.5 -13 3
      vertex -59.5 -13 0
    endloop
  endfacet
  facet normal 0 0 -1
    outer loop
      vertex -59.5 -13 0
      vertex -56.407431120424334 -8.73163768075096 0
      vertex -54.620177029053636 -8.417541212957351 0
    endloop
  endfacet
  facet normal 0 0 -1
    outer loop
      vertex -59.5 -13 0
      vertex -54.620177029053636 -8.417541212957351 0
      vertex -53.956230589874906 -8.558013454126451 0
    endloop
  endfacet
  facet normal 0 0 -1
    outer loop
      vertex -56.407431120424334 -8.73163768075096 0
      vertex -56.439867577928595 -8.461750992807128 0
      vertex -54.615130560162946 -8.064072166486412 0
    endloop
  endfacet
  facet normal 0 0 -1
    outer loop
      vertex -59.5 -13 0
      vertex -53.464488230962196 -9.019790265903627 0
      vertex -53.266402724817134 -9.128688694438836 0
    endloop
  endfacet
  facet normal 0 0 -1
    outer loop
      vertex -59.5 -13 0
      vertex -53.05623058987491 -9.211901729331277 0
      vertex -52.837286366254304 -9.26811705131164 0
    endloop
  endfacet
  facet normal 0 0 -1
    outer loop
      vertex -59.5 -13 0
      vertex -52.837286366254304 -9.26811705131164 0
      vertex -52.61302293515276 -9.29644811117089 0
    endloop
  endfacet
  facet normal 0 0 -1
    outer loop
      vertex -59.5 -13 0
      vertex -53.266402724817134 -9.128688694438836 0
      vertex -53.05623058987491 -9.211901729331277 0
    endloop
  endfacet
  facet normal 0 0 -1
    outer loop
      vertex -59.5 -13 0
      vertex -52.61302293515276 -9.29644811117089 0
      vertex -52.38697706484724 -9.29644811117089 0
    endloop
  endfacet
  facet normal 0 0 -1
    outer loop
      vertex -59.5 -13 0
      vertex -52.38697706484724 -9.29644811117089 0
      vertex -52.162713633745696 -9.26811705131164 0
    endloop
  endfacet
  facet normal 0 0 -1
    outer loop
      vertex -59.5 -13 0
      vertex -53.81214352935854 -8.732184790671639 0
      vertex -53.64736318154764 -8.88692383699642 0
    endloop
  endfacet
  facet normal 0 0 -1
    outer loop
      vertex -59.5 -13 0
      vertex -53.64736318154764 -8.88692383699642 0
      vertex -53.464488230962196 -9.019790265903627 0
    endloop
  endfacet
  facet normal 0 0 -1
    outer loop
      vertex -59.5 -13 0
      vertex -53.956230589874906 -8.558013454126451 0
      vertex -53.81214352935854 -8.732184790671639 0
    endloop
  endfacet
  facet normal 0 0 -1
    outer loop
      vertex -59.5 -13 0
      vertex -52.162713633745696 -9.26811705131164 0
      vertex -47.43678401266597 -8.30611842282273 0
    endloop
  endfacet
  facet normal 0 0 -1
    outer loop
      vertex -56.407431120424334 -8.73163768075096 0
      vertex -54.615130560162946 -8.064072166486412 0
      vertex -54.620177029053636 -8.417541212957351 0
    endloop
  endfacet
  facet normal 0 0 -1
    outer loop
      vertex -54.620177029053636 -8.417541212957351 0
      vertex -54.050979980916594 -8.408712303959176 0
      vertex -53.956230589874906 -8.558013454126451 0
    endloop
  endfacet
  facet normal 0 0 -1
    outer loop
      vertex -47.43678401266597 -8.30611842282273 0
      vertex -53.88378269758648 -12.059312079485437 0
      vertex -54.24143708368174 -12.255934242118451 0
    endloop
  endfacet
  facet normal 0 0 -1
    outer loop
      vertex -47.43678401266597 -8.30611842282273 0
      vertex -53.504305231718575 -11.90906632204075 0
      vertex -53.88378269758648 -12.059312079485437 0
    endloop
  endfacet
  facet normal 0 0 -1
    outer loop
      vertex -47.43678401266597 -8.30611842282273 0
      vertex -53.108989272403605 -11.807566435131761 0
      vertex -53.504305231718575 -11.90906632204075 0
    endloop
  endfacet
  facet normal 0 0 -1
    outer loop
      vertex -47.43678401266597 -8.30611842282273 0
      vertex -51.495694768281425 -11.90906632204075 0
      vertex -51.891010727596395 -11.807566435131761 0
    endloop
  endfacet
  facet normal 0 0 -1
    outer loop
      vertex -47.43678401266597 -8.30611842282273 0
      vertex -52.70406918847027 -11.756413132608117 0
      vertex -53.108989272403605 -11.807566435131761 0
    endloop
  endfacet
  facet normal 0 0 -1
    outer loop
      vertex -47.43678401266597 -8.30611842282273 0
      vertex -52.29593081152973 -11.756413132608117 0
      vertex -52.70406918847027 -11.756413132608117 0
    endloop
  endfacet
  facet normal 0 0 -1
    outer loop
      vertex -47.43678401266597 -8.30611842282273 0
      vertex -51.891010727596395 -11.807566435131761 0
      vertex -52.29593081152973 -11.756413132608117 0
    endloop
  endfacet
  facet normal 0 0 -1
    outer loop
      vertex -47.43678401266597 -8.30611842282273 0
      vertex -50.75856291631826 -12.255934242118451 0
      vertex -51.11621730241352 -12.059312079485437 0
    endloop
  endfacet
  facet normal 0 0 -1
    outer loop
      vertex -47.43678401266597 -8.30611842282273 0
      vertex -51.11621730241352 -12.059312079485437 0
      vertex -51.495694768281425 -11.90906632204075 0
    endloop
  endfacet
  facet normal 0 0 -1
    outer loop
      vertex -47.43678401266597 -8.30611842282273 0
      vertex -52.162713633745696 -9.26811705131164 0
      vertex -51.94376941012509 -9.211901729331277 0
    endloop
  endfacet
  facet normal 0 0 -1
    outer loop
      vertex -47.43678401266597 -8.30611842282273 0
      vertex -51.94376941012509 -9.211901729331277 0
      vertex -51.733597275182866 -9.128688694438836 0
    endloop
  endfacet
  facet normal 0 0 -1
    outer loop
      vertex -47.43678401266597 -8.30611842282273 0
      vertex -51.733597275182866 -9.128688694438836 0
      vertex -51.535511769037804 -9.019790265903627 0
    endloop
  endfacet
  facet normal 0 0 -1
    outer loop
      vertex -47.43678401266597 -8.30611842282273 0
      vertex -51.535511769037804 -9.019790265903627 0
      vertex -51.35263681845236 -8.88692383699642 0
    endloop
  endfacet
  facet normal 0 0 -1
    outer loop
      vertex -47.43678401266597 -8.30611842282273 0
      vertex -51.35263681845236 -8.88692383699642 0
      vertex -51.18785647064146 -8.732184790671639 0
    endloop
  endfacet
  facet normal 0 0 -1
    outer loop
      vertex -47.43678401266597 -8.30611842282273 0
      vertex -51.18785647064146 -8.732184790671639 0
      vertex -51.043769410125094 -8.558013454126451 0
    endloop
  endfacet
  facet normal 0 0 -1
    outer loop
      vertex -47.43678401266597 -8.30611842282273 0
      vertex -51.043769410125094 -8.558013454126451 0
      vertex -50.922647975921045 -8.367156613383088 0
    endloop
  endfacet
  facet normal 0 0 -1
    outer loop
      vertex -47.43678401266597 -8.30611842282273 0
      vertex -50.922647975921045 -8.367156613383088 0
      vertex -50.91934479456974 -8.360136995696008 0
    endloop
  endfacet
  facet normal 0 0 -1
    outer loop
      vertex -47.43678401266597 -8.30611842282273 0
      vertex -39.24143708368174 -12.255934242118451 0
      vertex -50.75856291631826 -12.255934242118451 0
    endloop
  endfacet
  facet normal 0 0 -1
    outer loop
      vertex -47.43678401266597 -8.30611842282273 0
      vertex -47.50278172128993 -8.009866357858641 0
      vertex -45.5 -8.009866357858641 0
    endloop
  endfacet
  facet normal 0 0 -1
    outer loop
      vertex -47.43678401266597 -8.30611842282273 0
      vertex -38.88378269758648 -12.059312079485437 0
      vertex -39.24143708368174 -12.255934242118451 0
    endloop
  endfacet
  facet normal 0 0 -1
    outer loop
      vertex -47.43678401266597 -8.30611842282273 0
      vertex -38.504305231718575 -11.90906632204075 0
      vertex -38.88378269758648 -12.059312079485437 0
    endloop
  endfacet
  facet normal 0 0 -1
    outer loop
      vertex -47.43678401266597 -8.30611842282273 0
      vertex -38.108989272403605 -11.807566435131761 0
      vertex -38.504305231718575 -11.90906632204075 0
    endloop
  endfacet
  facet normal 0 0 -1
    outer loop
      vertex -47.43678401266597 -8.30611842282273 0
      vertex -37.70406918847027 -11.756413132608117 0
      vertex -38.108989272403605 -11.807566435131761 0
    endloop
  endfacet
  facet normal 0 0 -1
    outer loop
      vertex -47.43678401266597 -8.30611842282273 0
      vertex -37.29593081152973 -11.756413132608117 0
      vertex -37.70406918847027 -11.756413132608117 0
    endloop
  endfacet
  facet normal 0 0 -1
    outer loop
      vertex -47.43678401266597 -8.30611842282273 0
      vertex -36.891010727596395 -11.807566435131761 0
      vertex -37.29593081152973 -11.756413132608117 0
    endloop
  endfacet
  facet normal 0 0 -1
    outer loop
      vertex -47.43678401266597 -8.30611842282273 0
      vertex -23.108989272403605 -11.807566435131761 0
      vertex -36.891010727596395 -11.807566435131761 0
    endloop
  endfacet
  facet normal 0 0 -1
    outer loop
      vertex -47.43678401266597 -8.30611842282273 0
      vertex -22.704069188470267 -11.756413132608117 0
      vertex -23.108989272403605 -11.807566435131761 0
    endloop
  endfacet
  facet normal 0 0 -1
    outer loop
      vertex -47.43678401266597 -8.30611842282273 0
      vertex -22.295930811529733 -11.756413132608117 0
      vertex -22.704069188470267 -11.756413132608117 0
    endloop
  endfacet
  facet normal 0 0 -1
    outer loop
      vertex -54.81395259764657 -21.99013364214136 0
      vertex -22.29593081152973 -18.243586867391883 0
      vertex -7.70406918847027 -18.243586867391883 0
    endloop
  endfacet
  facet normal 0 0 -1
    outer loop
      vertex -54.81395259764657 -21.99013364214136 0
      vertex -7.70406918847027 -18.243586867391883 0
      vertex -7.29593081152973 -18.243586867391883 0
    endloop
  endfacet
  facet normal 0 0 -1
    outer loop
      vertex -36.495694768281425 -18.09093367795925 0
      vertex -23.883782697586486 -17.940687920514563 0
      vertex -23.50430523171858 -18.09093367795925 0
    endloop
  endfacet
  facet normal 0 0 -1
    outer loop
      vertex -36.891010727596395 -18.19243356486824 0
      vertex -23.50430523171858 -18.09093367795925 0
      vertex -23.108989272403605 -18.19243356486824 0
    endloop
  endfacet
  facet normal 0 0 -1
    outer loop
      vertex -29.443769410125096 -16.711901729331277 0
      vertex -24.57162796668324 -17.504168039021316 0
      vertex -24.24143708368174 -17.74406575788155 0
    endloop
  endfacet
  facet normal 0 0 -1
    outer loop
      vertex -29.886977064847237 -16.79644811117089 0
      vertex -29.662713633745696 -16.76811705131164 0
      vertex -23.883782697586486 -17.940687920514563 0
    endloop
  endfacet
  facet normal 0 0 -1
    outer loop
      vertex -29.662713633745696 -16.76811705131164 0
      vertex -29.443769410125096 -16.711901729331277 0
      vertex -24.24143708368174 -17.74406575788155 0
    endloop
  endfacet
  facet normal 0 0 -1
    outer loop
      vertex -29.443769410125096 -16.711901729331277 0
      vertex -29.23359727518287 -16.628688694438836 0
      vertex -24.57162796668324 -17.504168039021316 0
    endloop
  endfacet
  facet normal 0 0 -1
    outer loop
      vertex -29.23359727518287 -16.628688694438836 0
      vertex -29.035511769037807 -16.519790265903627 0
      vertex -24.869148039119587 -17.22477809426824 0
    endloop
  endfacet
  facet normal 0 0 -1
    outer loop
      vertex -29.035511769037807 -16.519790265903627 0
      vertex -28.852636818452357 -16.38692383699642 0
      vertex -25.12930523171858 -16.91030206995054 0
    endloop
  endfacet
  facet normal 0 0 -1
    outer loop
      vertex -28.68785647064146 -16.23218479067164 0
      vertex -25.12930523171858 -16.91030206995054 0
      vertex -28.852636818452357 -16.38692383699642 0
    endloop
  endfacet
  facet normal 0 0 -1
    outer loop
      vertex -29.23359727518287 -16.628688694438836 0
      vertex -24.869148039119587 -17.22477809426824 0
      vertex -24.57162796668324 -17.504168039021316 0
    endloop
  endfacet
  facet normal 0 0 -1
    outer loop
      vertex -29.035511769037807 -16.519790265903627 0
      vertex -25.12930523171858 -16.91030206995054 0
      vertex -24.869148039119587 -17.22477809426824 0
    endloop
  endfacet
  facet normal 0 0 -1
    outer loop
      vertex -28.68785647064146 -16.23218479067164 0
      vertex -25.347996710142557 -16.565699440830574 0
      vertex -25.12930523171858 -16.91030206995054 0
    endloop
  endfacet
  facet normal 0 0 -1
    outer loop
      vertex -29.662713633745696 -16.76811705131164 0
      vertex -24.24143708368174 -17.74406575788155 0
      vertex -23.883782697586486 -17.940687920514563 0
    endloop
  endfacet
  facet normal 0 0 -1
    outer loop
      vertex -54.81395259764657 -21.99013364214136 0
      vertex -7.29593081152973 -18.243586867391883 0
      vertex 5.428372033316759 -17.504168039021316 0
    endloop
  endfacet
  facet normal 0 0 -1
    outer loop
      vertex -21.49569476828142 -18.09093367795925 0
      vertex -21.116217302413514 -17.940687920514563 0
      vertex -15.113022935152765 -16.79644811117089 0
    endloop
  endfacet
  facet normal 0 0 -1
    outer loop
      vertex -21.116217302413514 -17.940687920514563 0
      vertex -20.75856291631826 -17.74406575788155 0
      vertex -15.337286366254304 -16.76811705131164 0
    endloop
  endfacet
  facet normal 0 0 -1
    outer loop
      vertex -20.75856291631826 -17.74406575788155 0
      vertex -20.42837203331676 -17.504168039021316 0
      vertex -15.556230589874906 -16.711901729331277 0
    endloop
  endfacet
  facet normal 0 0 -1
    outer loop
      vertex -20.130851960880413 -17.22477809426824 0
      vertex -15.76640272481713 -16.628688694438836 0
      vertex -20.42837203331676 -17.504168039021316 0
    endloop
  endfacet
  facet normal 0 0 -1
    outer loop
      vertex -20.130851960880413 -17.22477809426824 0
      vertex -19.87069476828142 -16.91030206995054 0
      vertex -15.964488230962194 -16.519790265903627 0
    endloop
  endfacet
  facet normal 0 0 -1
    outer loop
      vertex -19.87069476828142 -16.91030206995054 0
      vertex -19.652003289857443 -16.565699440830574 0
      vertex -16.31214352935854 -16.23218479067164 0
    endloop
  endfacet
  facet normal 0 0 -1
    outer loop
      vertex -22.29593081152973 -18.243586867391883 0
      vertex -21.891010727596395 -18.19243356486824 0
      vertex -8.108989272403605 -18.19243356486824 0
    endloop
  endfacet
  facet normal 0 0 -1
    outer loop
      vertex -21.891010727596395 -18.19243356486824 0
      vertex -21.49569476828142 -18.09093367795925 0
      vertex -8.504305231718579 -18.09093367795925 0
    endloop
  endfacet
  facet normal 0 0 -1
    outer loop
      vertex -21.49569476828142 -18.09093367795925 0
      vertex -15.113022935152765 -16.79644811117089 0
      vertex -14.886977064847235 -16.79644811117089 0
    endloop
  endfacet
  facet normal 0 0 -1
    outer loop
      vertex -20.75856291631826 -17.74406575788155 0
      vertex -15.556230589874906 -16.711901729331277 0
      vertex -15.337286366254304 -16.76811705131164 0
    endloop
  endfacet
  facet normal 0 0 -1
    outer loop
      vertex -20.42837203331676 -17.504168039021316 0
      vertex -15.76640272481713 -16.628688694438836 0
      vertex -15.556230589874906 -16.711901729331277 0
    endloop
  endfacet
  facet normal 0 0 -1
    outer loop
      vertex -21.116217302413514 -17.940687920514563 0
      vertex -15.337286366254304 -16.76811705131164 0
      vertex -15.113022935152765 -16.79644811117089 0
    endloop
  endfacet
  facet normal 0 0 -1
    outer loop
      vertex -20.130851960880413 -17.22477809426824 0
      vertex -15.964488230962194 -16.519790265903627 0
      vertex -15.76640272481713 -16.628688694438836 0
    endloop
  endfacet
  facet normal 0 0 -1
    outer loop
      vertex -19.87069476828142 -16.91030206995054 0
      vertex -16.31214352935854 -16.23218479067164 0
      vertex -16.14736318154764 -16.38692383699642 0
    endloop
  endfacet
  facet normal 0 0 -1
    outer loop
      vertex -19.87069476828142 -16.91030206995054 0
      vertex -16.14736318154764 -16.38692383699642 0
      vertex -15.964488230962194 -16.519790265903627 0
    endloop
  endfacet
  facet normal 0 0 -1
    outer loop
      vertex -21.49569476828142 -18.09093367795925 0
      vertex -14.886977064847235 -16.79644811117089 0
      vertex -8.883782697586486 -17.940687920514563 0
    endloop
  endfacet
  facet normal 0 0 -1
    outer loop
      vertex -28.68785647064146 -16.23218479067164 0
      vertex -28.543769410125094 -16.058013454126453 0
      vertex -25.347996710142557 -16.565699440830574 0
    endloop
  endfacet
  facet normal 0 0 -1
    outer loop
      vertex -28.543769410125094 -16.058013454126453 0
      vertex -28.422647975921045 -15.867156613383088 0
      vertex -25.521773579136816 -16.196404796225202 0
    endloop
  endfacet
  facet normal 0 0 -1
    outer loop
      vertex -28.422647975921045 -15.867156613383088 0
      vertex -28.326402325401148 -15.662624194832421 0
      vertex -25.521773579136816 -16.196404796225202 0
    endloop
  endfacet
  facet normal 0 0 -1
    outer loop
      vertex -28.543769410125094 -16.058013454126453 0
      vertex -25.521773579136816 -16.196404796225202 0
      vertex -25.347996710142557 -16.565699440830574 0
    endloop
  endfacet
  facet normal 0 0 -1
    outer loop
      vertex -28.326402325401148 -15.662624194832421 0
      vertex -25.647895273668052 -15.808242133285779 0
      vertex -25.521773579136816 -16.196404796225202 0
    endloop
  endfacet
  facet normal 0 0 -1
    outer loop
      vertex -28.326402325401148 -15.662624194832421 0
      vertex -28.256550309968464 -15.447641796896738 0
      vertex -25.647895273668052 -15.808242133285779 0
    endloop
  endfacet
  facet normal 0 0 -1
    outer loop
      vertex -28.256550309968464 -15.447641796896738 0
      vertex -28.21419353763394 -15.225599820415747 0
      vertex -25.724372779272052 -15.407333009083988 0
    endloop
  endfacet
  facet normal 0 0 -1
    outer loop
      vertex -28.256550309968464 -15.447641796896738 0
      vertex -25.724372779272052 -15.407333009083988 0
      vertex -25.647895273668052 -15.808242133285779 0
    endloop
  endfacet
  facet normal 0 0 -1
    outer loop
      vertex -28.21419353763394 -15.225599820415747 0
      vertex -25.75 -15 0
      vertex -25.724372779272052 -15.407333009083988 0
    endloop
  endfacet
  facet normal 0 0 -1
    outer loop
      vertex -28.21419353763394 -15.225599820415747 0
      vertex -28.2 -15 0
      vertex -25.75 -15 0
    endloop
  endfacet
  facet normal 0 0 -1
    outer loop
      vertex -28.2 -15 0
      vertex -28.21419353763394 -14.774400179584251 0
      vertex -25.75 -15 0
    endloop
  endfacet
  facet normal 0 0 -1
    outer loop
      vertex -28.21419353763394 -14.774400179584251 0
      vertex -28.256550309968464 -14.552358203103262 0
      vertex -25.724372779272052 -14.592666990916012 0
    endloop
  endfacet
  facet normal 0 0 -1
    outer loop
      vertex -28.21419353763394 -14.774400179584251 0
      vertex -25.724372779272052 -14.592666990916012 0
      vertex -25.75 -15 0
    endloop
  endfacet
  facet normal 0 0 -1
    outer loop
      vertex -28.256550309968464 -14.552358203103262 0
      vertex -25.647895273668052 -14.191757866714221 0
      vertex -25.724372779272052 -14.592666990916012 0
    endloop
  endfacet
  facet normal 0 0 -1
    outer loop
      vertex -28.326402325401148 -14.33737580516758 0
      vertex -28.422647975921045 -14.132843386616912 0
      vertex -25.647895273668052 -14.191757866714221 0
    endloop
  endfacet
  facet normal 0 0 -1
    outer loop
      vertex -28.256550309968464 -14.552358203103262 0
      vertex -28.326402325401148 -14.33737580516758 0
      vertex -25.647895273668052 -14.191757866714221 0
    endloop
  endfacet
  facet normal 0 0 -1
    outer loop
      vertex -28.422647975921045 -14.132843386616912 0
      vertex -28.543769410125094 -13.941986545873549 0
      vertex -25.521773579136816 -13.803595203774798 0
    endloop
  endfacet
  facet normal 0 0 -1
    outer loop
      vertex -28.422647975921045 -14.132843386616912 0
      vertex -25.521773579136816 -13.803595203774798 0
      vertex -25.647895273668052 -14.191757866714221 0
    endloop
  endfacet
  facet normal 0 0 -1
    outer loop
      vertex -25.12930523171858 -13.089697930049462 0
      vertex -29.886977064847237 -13.20355188882911 0
      vertex -30.113022935152763 -13.20355188882911 0
    endloop
  endfacet
  facet normal 0 0 -1
    outer loop
      vertex -25.12930523171858 -13.089697930049462 0
      vertex -29.23359727518287 -13.371311305561164 0
      vertex -29.443769410125096 -13.288098270668723 0
    endloop
  endfacet
  facet normal 0 0 -1
    outer loop
      vertex -25.12930523171858 -13.089697930049462 0
      vertex -29.662713633745696 -13.23188294868836 0
      vertex -29.886977064847237 -13.20355188882911 0
    endloop
  endfacet
  facet normal 0 0 -1
    outer loop
      vertex -25.12930523171858 -13.089697930049462 0
      vertex -29.443769410125096 -13.288098270668723 0
      vertex -29.662713633745696 -13.23188294868836 0
    endloop
  endfacet
  facet normal 0 0 -1
    outer loop
      vertex -25.12930523171858 -13.089697930049462 0
      vertex -35.13085196088041 -12.775221905731762 0
      vertex -24.869148039119587 -12.775221905731762 0
    endloop
  endfacet
  facet normal 0 0 -1
    outer loop
      vertex -24.869148039119587 -12.775221905731762 0
      vertex -35.428372033316755 -12.495831960978686 0
      vertex -24.57162796668324 -12.495831960978684 0
    endloop
  endfacet
  facet normal 0 0 -1
    outer loop
      vertex -35.428372033316755 -12.495831960978686 0
      vertex -24.24143708368174 -12.255934242118451 0
      vertex -24.57162796668324 -12.495831960978684 0
    endloop
  endfacet
  facet normal 0 0 -1
    outer loop
      vertex -28.543769410125094 -13.941986545873549 0
      vertex -28.68785647064146 -13.76781520932836 0
      vertex -25.347996710142557 -13.434300559169426 0
    endloop
  endfacet
  facet normal 0 0 -1
    outer loop
      vertex -28.68785647064146 -13.76781520932836 0
      vertex -28.852636818452357 -13.61307616300358 0
      vertex -25.347996710142557 -13.434300559169426 0
    endloop
  endfacet
  facet normal 0 0 -1
    outer loop
      vertex -28.852636818452357 -13.61307616300358 0
      vertex -29.035511769037807 -13.480209734096373 0
      vertex -25.12930523171858 -13.089697930049462 0
    endloop
  endfacet
  facet normal 0 0 -1
    outer loop
      vertex -25.12930523171858 -13.089697930049462 0
      vertex -29.035511769037807 -13.480209734096373 0
      vertex -29.23359727518287 -13.371311305561164 0
    endloop
  endfacet
  facet normal 0 0 -1
    outer loop
      vertex -28.543769410125094 -13.941986545873549 0
      vertex -25.347996710142557 -13.434300559169426 0
      vertex -25.521773579136816 -13.803595203774798 0
    endloop
  endfacet
  facet normal 0 0 -1
    outer loop
      vertex -28.852636818452357 -13.61307616300358 0
      vertex -25.12930523171858 -13.089697930049462 0
      vertex -25.347996710142557 -13.434300559169426 0
    endloop
  endfacet
  facet normal 0 0 -1
    outer loop
      vertex -35.75856291631826 -12.255934242118451 0
      vertex -23.883782697586486 -12.059312079485437 0
      vertex -24.24143708368174 -12.255934242118451 0
    endloop
  endfacet
  facet normal 0 0 -1
    outer loop
      vertex -36.11621730241352 -12.059312079485437 0
      vertex -23.50430523171858 -11.90906632204075 0
      vertex -23.883782697586486 -12.059312079485437 0
    endloop
  endfacet
  facet normal 0 0 -1
    outer loop
      vertex -36.891010727596395 -11.807566435131761 0
      vertex -23.108989272403605 -11.807566435131761 0
      vertex -23.50430523171858 -11.90906632204075 0
    endloop
  endfacet
  facet normal 0 0 -1
    outer loop
      vertex -19.652003289857443 -16.565699440830574 0
      vertex -19.478226420863184 -16.196404796225206 0
      vertex -16.456230589874906 -16.058013454126453 0
    endloop
  endfacet
  facet normal 0 0 -1
    outer loop
      vertex -19.478226420863184 -16.196404796225206 0
      vertex -19.352104726331948 -15.808242133285777 0
      vertex -16.673597674598852 -15.66262419483242 0
    endloop
  endfacet
  facet normal 0 0 -1
    outer loop
      vertex -19.652003289857443 -16.565699440830574 0
      vertex -16.456230589874906 -16.058013454126453 0
      vertex -16.31214352935854 -16.23218479067164 0
    endloop
  endfacet
  facet normal 0 0 -1
    outer loop
      vertex -19.478226420863184 -16.196404796225206 0
      vertex -16.577352024078955 -15.867156613383088 0
      vertex -16.456230589874906 -16.058013454126453 0
    endloop
  endfacet
  facet normal 0 0 -1
    outer loop
      vertex -19.478226420863184 -16.196404796225206 0
      vertex -16.673597674598852 -15.66262419483242 0
      vertex -16.577352024078955 -15.867156613383088 0
    endloop
  endfacet
  facet normal 0 0 -1
    outer loop
      vertex -19.352104726331948 -15.808242133285777 0
      vertex -19.275627220727948 -15.407333009083988 0
      vertex -16.743449690031536 -15.447641796896738 0
    endloop
  endfacet
  facet normal 0 0 -1
    outer loop
      vertex -19.275627220727948 -15.407333009083988 0
      vertex -19.25 -15 0
      vertex -16.78580646236606 -15.225599820415747 0
    endloop
  endfacet
  facet normal 0 0 -1
    outer loop
      vertex -19.352104726331948 -15.808242133285777 0
      vertex -16.743449690031536 -15.447641796896738 0
      vertex -16.673597674598852 -15.66262419483242 0
    endloop
  endfacet
  facet normal 0 0 -1
    outer loop
      vertex -19.275627220727948 -15.407333009083988 0
      vertex -16.78580646236606 -15.225599820415747 0
      vertex -16.743449690031536 -15.447641796896738 0
    endloop
  endfacet
  facet normal 0 0 -1
    outer loop
      vertex -19.25 -15 0
      vertex -19.275627220727948 -14.592666990916012 0
      vertex -16.78580646236606 -14.774400179584253 0
    endloop
  endfacet
  facet normal 0 0 -1
    outer loop
      vertex -19.275627220727948 -14.592666990916012 0
      vertex -19.352104726331948 -14.191757866714221 0
      vertex -16.743449690031536 -14.552358203103262 0
    endloop
  endfacet
  facet normal 0 0 -1
    outer loop
      vertex -19.25 -15 0
      vertex -16.8 -15 0
      vertex -16.78580646236606 -15.225599820415747 0
    endloop
  endfacet
  facet normal 0 0 -1
    outer loop
      vertex -19.25 -15 0
      vertex -16.78580646236606 -14.774400179584253 0
      vertex -16.8 -15 0
    endloop
  endfacet
  facet normal 0 0 -1
    outer loop
      vertex -19.275627220727948 -14.592666990916012 0
      vertex -16.743449690031536 -14.552358203103262 0
      vertex -16.78580646236606 -14.774400179584253 0
    endloop
  endfacet
  facet normal 0 0 -1
    outer loop
      vertex -19.352104726331948 -14.191757866714221 0
      vertex -19.478226420863184 -13.803595203774798 0
      vertex -16.673597674598852 -14.33737580516758 0
    endloop
  endfacet
  facet normal 0 0 -1
    outer loop
      vertex -19.352104726331948 -14.191757866714221 0
      vertex -16.673597674598852 -14.33737580516758 0
      vertex -16.743449690031536 -14.552358203103262 0
    endloop
  endfacet
  facet normal 0 0 -1
    outer loop
      vertex -19.478226420863184 -13.803595203774798 0
      vertex -16.577352024078955 -14.132843386616912 0
      vertex -16.673597674598852 -14.33737580516758 0
    endloop
  endfacet
  facet normal 0 0 -1
    outer loop
      vertex -19.478226420863184 -13.803595203774798 0
      vertex -16.456230589874906 -13.941986545873549 0
      vertex -16.577352024078955 -14.132843386616912 0
    endloop
  endfacet
  facet normal 0 0 -1
    outer loop
      vertex -16.31214352935854 -13.767815209328361 0
      vertex -19.652003289857443 -13.434300559169426 0
      vertex -19.87069476828142 -13.089697930049462 0
    endloop
  endfacet
  facet normal 0 0 -1
    outer loop
      vertex -20.130851960880413 -12.775221905731762 0
      vertex -15.964488230962194 -13.480209734096373 0
      vertex -19.87069476828142 -13.089697930049462 0
    endloop
  endfacet
  facet normal 0 0 -1
    outer loop
      vertex -19.478226420863184 -13.803595203774798 0
      vertex -19.652003289857443 -13.434300559169426 0
      vertex -16.456230589874906 -13.941986545873549 0
    endloop
  endfacet
  facet normal 0 0 -1
    outer loop
      vertex -16.31214352935854 -13.767815209328361 0
      vertex -16.456230589874906 -13.941986545873549 0
      vertex -19.652003289857443 -13.434300559169426 0
    endloop
  endfacet
  facet normal 0 0 -1
    outer loop
      vertex -16.31214352935854 -13.767815209328361 0
      vertex -19.87069476828142 -13.089697930049462 0
      vertex -16.14736318154764 -13.61307616300358 0
    endloop
  endfacet
  facet normal 0 0 -1
    outer loop
      vertex -19.87069476828142 -13.089697930049462 0
      vertex -15.964488230962194 -13.480209734096373 0
      vertex -16.14736318154764 -13.61307616300358 0
    endloop
  endfacet
  facet normal 0 0 -1
    outer loop
      vertex -20.130851960880413 -12.775221905731762 0
      vertex -15.76640272481713 -13.371311305561164 0
      vertex -15.964488230962194 -13.480209734096373 0
    endloop
  endfacet
  facet normal 0 0 -1
    outer loop
      vertex -20.130851960880413 -12.775221905731762 0
      vertex -15.556230589874906 -13.288098270668723 0
      vertex -15.76640272481713 -13.371311305561164 0
    endloop
  endfacet
  facet normal 0 0 -1
    outer loop
      vertex -20.130851960880413 -12.775221905731762 0
      vertex -15.337286366254304 -13.23188294868836 0
      vertex -15.556230589874906 -13.288098270668723 0
    endloop
  endfacet
  facet normal 0 0 -1
    outer loop
      vertex -20.130851960880413 -12.775221905731762 0
      vertex -15.113022935152763 -13.20355188882911 0
      vertex -15.337286366254304 -13.23188294868836 0
    endloop
  endfacet
  facet normal 0 0 -1
    outer loop
      vertex -20.42837203331676 -12.495831960978686 0
      vertex -20.75856291631826 -12.255934242118451 0
      vertex -9.571627966683241 -12.495831960978684 0
    endloop
  endfacet
  facet normal 0 0 -1
    outer loop
      vertex -20.130851960880413 -12.775221905731762 0
      vertex -20.42837203331676 -12.495831960978686 0
      vertex -9.571627966683241 -12.495831960978684 0
    endloop
  endfacet
  facet normal 0 0 -1
    outer loop
      vertex -20.130851960880413 -12.775221905731762 0
      vertex -10.129305231718579 -13.089697930049462 0
      vertex -15.113022935152763 -13.20355188882911 0
    endloop
  endfacet
  facet normal 0 0 -1
    outer loop
      vertex -21.116217302413514 -12.059312079485437 0
      vertex -9.24143708368174 -12.255934242118451 0
      vertex -20.75856291631826 -12.255934242118451 0
    endloop
  endfacet
  facet normal 0 0 -1
    outer loop
      vertex -22.295930811529733 -11.756413132608117 0
      vertex -7.704069188470268 -11.756413132608117 0
      vertex -21.891010727596395 -11.807566435131761 0
    endloop
  endfacet
  facet normal 0 0 -1
    outer loop
      vertex -21.116217302413514 -12.059312079485437 0
      vertex -21.49569476828142 -11.90906632204075 0
      vertex -8.504305231718579 -11.90906632204075 0
    endloop
  endfacet
  facet normal 0 0 -1
    outer loop
      vertex -21.891010727596395 -11.807566435131761 0
      vertex -8.108989272403605 -11.807566435131761 0
      vertex -21.49569476828142 -11.90906632204075 0
    endloop
  endfacet
  facet normal 0 0 -1
    outer loop
      vertex -54.81395259764657 -21.99013364214136 0
      vertex 6.1162173024135145 -17.940687920514563 0
      vertex 6.495694768281421 -18.09093367795925 0
    endloop
  endfacet
  facet normal 0 0 -1
    outer loop
      vertex -54.81395259764657 -21.99013364214136 0
      vertex 6.495694768281421 -18.09093367795925 0
      vertex 6.891010727596394 -18.19243356486824 0
    endloop
  endfacet
  facet normal 0 0 -1
    outer loop
      vertex -54.81395259764657 -21.99013364214136 0
      vertex 6.891010727596394 -18.19243356486824 0
      vertex 7.29593081152973 -18.243586867391883 0
    endloop
  endfacet
  facet normal 0 0 -1
    outer loop
      vertex -54.81395259764657 -21.99013364214136 0
      vertex 7.29593081152973 -18.243586867391883 0
      vertex 7.70406918847027 -18.243586867391883 0
    endloop
  endfacet
  facet normal 0 0 -1
    outer loop
      vertex -54.81395259764657 -21.99013364214136 0
      vertex 7.70406918847027 -18.243586867391883 0
      vertex 22.29593081152973 -18.243586867391883 0
    endloop
  endfacet
  facet normal 0 0 -1
    outer loop
      vertex -54.81395259764657 -21.99013364214136 0
      vertex 5.428372033316759 -17.504168039021316 0
      vertex 5.758562916318261 -17.74406575788155 0
    endloop
  endfacet
  facet normal 0 0 -1
    outer loop
      vertex -54.81395259764657 -21.99013364214136 0
      vertex 5.758562916318261 -17.74406575788155 0
      vertex 6.1162173024135145 -17.940687920514563 0
    endloop
  endfacet
  facet normal 0 0 -1
    outer loop
      vertex -22.29593081152973 -18.243586867391883 0
      vertex -8.108989272403605 -18.19243356486824 0
      vertex -7.70406918847027 -18.243586867391883 0
    endloop
  endfacet
  facet normal 0 0 -1
    outer loop
      vertex -21.891010727596395 -18.19243356486824 0
      vertex -8.504305231718579 -18.09093367795925 0
      vertex -8.108989272403605 -18.19243356486824 0
    endloop
  endfacet
  facet normal 0 0 -1
    outer loop
      vertex -21.49569476828142 -18.09093367795925 0
      vertex -8.883782697586486 -17.940687920514563 0
      vertex -8.504305231718579 -18.09093367795925 0
    endloop
  endfacet
  facet normal 0 0 -1
    outer loop
      vertex -14.886977064847235 -16.79644811117089 0
      vertex -14.662713633745696 -16.76811705131164 0
      vertex -8.883782697586486 -17.940687920514563 0
    endloop
  endfacet
  facet normal 0 0 -1
    outer loop
      vertex -14.662713633745696 -16.76811705131164 0
      vertex -14.443769410125094 -16.711901729331277 0
      vertex -9.24143708368174 -17.74406575788155 0
    endloop
  endfacet
  facet normal 0 0 -1
    outer loop
      vertex -14.443769410125094 -16.711901729331277 0
      vertex -14.23359727518287 -16.628688694438836 0
      vertex -9.571627966683241 -17.504168039021316 0
    endloop
  endfacet
  facet normal 0 0 -1
    outer loop
      vertex -14.23359727518287 -16.628688694438836 0
      vertex -14.035511769037807 -16.519790265903627 0
      vertex -9.869148039119588 -17.22477809426824 0
    endloop
  endfacet
  facet normal 0 0 -1
    outer loop
      vertex -14.035511769037807 -16.519790265903627 0
      vertex -13.852636818452359 -16.38692383699642 0
      vertex -10.129305231718579 -16.91030206995054 0
    endloop
  endfacet
  facet normal 0 0 -1
    outer loop
      vertex -13.687856470641458 -16.23218479067164 0
      vertex -10.129305231718579 -16.91030206995054 0
      vertex -13.852636818452359 -16.38692383699642 0
    endloop
  endfacet
  facet normal 0 0 -1
    outer loop
      vertex -14.23359727518287 -16.628688694438836 0
      vertex -9.869148039119588 -17.22477809426824 0
      vertex -9.571627966683241 -17.504168039021316 0
    endloop
  endfacet
  facet normal 0 0 -1
    outer loop
      vertex -14.035511769037807 -16.519790265903627 0
      vertex -10.129305231718579 -16.91030206995054 0
      vertex -9.869148039119588 -17.22477809426824 0
    endloop
  endfacet
  facet normal 0 0 -1
    outer loop
      vertex -13.687856470641458 -16.23218479067164 0
      vertex -10.347996710142557 -16.565699440830574 0
      vertex -10.129305231718579 -16.91030206995054 0
    endloop
  endfacet
  facet normal 0 0 -1
    outer loop
      vertex -14.662713633745696 -16.76811705131164 0
      vertex -9.24143708368174 -17.74406575788155 0
      vertex -8.883782697586486 -17.940687920514563 0
    endloop
  endfacet
  facet normal 0 0 -1
    outer loop
      vertex -14.443769410125094 -16.711901729331277 0
      vertex -9.571627966683241 -17.504168039021316 0
      vertex -9.24143708368174 -17.74406575788155 0
    endloop
  endfacet
  facet normal 0 0 -1
    outer loop
      vertex -54.81395259764657 -21.99013364214136 0
      vertex 22.29593081152973 -18.243586867391883 0
      vertex 22.70406918847027 -18.243586867391883 0
    endloop
  endfacet
  facet normal 0 0 -1
    outer loop
      vertex -6.495694768281421 -18.09093367795925 0
      vertex -6.1162173024135145 -17.940687920514563 0
      vertex -0.11302293515276478 -16.79644811117089 0
    endloop
  endfacet
  facet normal 0 0 -1
    outer loop
      vertex -6.1162173024135145 -17.940687920514563 0
      vertex -5.758562916318263 -17.74406575788155 0
      vertex -0.3372863662543047 -16.76811705131164 0
    endloop
  endfacet
  facet normal 0 0 -1
    outer loop
      vertex -5.758562916318263 -17.74406575788155 0
      vertex -5.428372033316758 -17.504168039021316 0
      vertex -0.5562305898749054 -16.711901729331277 0
    endloop
  endfacet
  facet normal 0 0 -1
    outer loop
      vertex -5.1308519608804115 -17.22477809426824 0
      vertex -0.7664027248171305 -16.628688694438836 0
      vertex -5.428372033316758 -17.504168039021316 0
    endloop
  endfacet
  facet normal 0 0 -1
    outer loop
      vertex 5.428372033316759 -17.504168039021316 0
      vertex -7.29593081152973 -18.243586867391883 0
      vertex -6.891010727596394 -18.19243356486824 0
    endloop
  endfacet
  facet normal 0 0 -1
    outer loop
      vertex 5.428372033316759 -17.504168039021316 0
      vertex -6.891010727596394 -18.19243356486824 0
      vertex -6.495694768281421 -18.09093367795925 0
    endloop
  endfacet
  facet normal 0 0 -1
    outer loop
      vertex -6.495694768281421 -18.09093367795925 0
      vertex -0.11302293515276478 -16.79644811117089 0
      vertex 0.11302293515276478 -16.79644811117089 0
    endloop
  endfacet
  facet normal 0 0 -1
    outer loop
      vertex -5.1308519608804115 -17.22477809426824 0
      vertex -4.870694768281421 -16.91030206995054 0
      vertex -0.9644882309621942 -16.519790265903627 0
    endloop
  endfacet
  facet normal 0 0 -1
    outer loop
      vertex -4.870694768281421 -16.91030206995054 0
      vertex -4.6520032898574435 -16.565699440830574 0
      vertex -1.312143529358541 -16.23218479067164 0
    endloop
  endfacet
  facet normal 0 0 -1
    outer loop
      vertex -6.1162173024135145 -17.940687920514563 0
      vertex -0.3372863662543047 -16.76811705131164 0
      vertex -0.11302293515276478 -16.79644811117089 0
    endloop
  endfacet
  facet normal 0 0 -1
    outer loop
      vertex -5.758562916318263 -17.74406575788155 0
      vertex -0.5562305898749054 -16.711901729331277 0
      vertex -0.3372863662543047 -16.76811705131164 0
    endloop
  endfacet
  facet normal 0 0 -1
    outer loop
      vertex -5.428372033316758 -17.504168039021316 0
      vertex -0.7664027248171305 -16.628688694438836 0
      vertex -0.5562305898749054 -16.711901729331277 0
    endloop
  endfacet
  facet normal 0 0 -1
    outer loop
      vertex -4.870694768281421 -16.91030206995054 0
      vertex -1.1473631815476413 -16.38692383699642 0
      vertex -0.9644882309621942 -16.519790265903627 0
    endloop
  endfacet
  facet normal 0 0 -1
    outer loop
      vertex -4.870694768281421 -16.91030206995054 0
      vertex -1.312143529358541 -16.23218479067164 0
      vertex -1.1473631815476413 -16.38692383699642 0
    endloop
  endfacet
  facet normal 0 0 -1
    outer loop
      vertex -5.1308519608804115 -17.22477809426824 0
      vertex -0.9644882309621942 -16.519790265903627 0
      vertex -0.7664027248171305 -16.628688694438836 0
    endloop
  endfacet
  facet normal 0 0 -1
    outer loop
      vertex 5.428372033316759 -17.504168039021316 0
      vertex -6.495694768281421 -18.09093367795925 0
      vertex 0.11302293515276478 -16.79644811117089 0
    endloop
  endfacet
  facet normal 0 0 -1
    outer loop
      vertex -13.687856470641458 -16.23218479067164 0
      vertex -13.543769410125094 -16.058013454126453 0
      vertex -10.347996710142557 -16.565699440830574 0
    endloop
  endfacet
  facet normal 0 0 -1
    outer loop
      vertex -13.543769410125094 -16.058013454126453 0
      vertex -13.422647975921045 -15.867156613383088 0
      vertex -10.521773579136816 -16.196404796225202 0
    endloop
  endfacet
  facet normal 0 0 -1
    outer loop
      vertex -10.521773579136816 -16.196404796225202 0
      vertex -13.422647975921045 -15.867156613383088 0
      vertex -13.326402325401148 -15.662624194832421 0
    endloop
  endfacet
  facet normal 0 0 -1
    outer loop
      vertex -13.543769410125094 -16.058013454126453 0
      vertex -10.521773579136816 -16.196404796225202 0
      vertex -10.347996710142557 -16.565699440830574 0
    endloop
  endfacet
  facet normal 0 0 -1
    outer loop
      vertex -10.521773579136816 -16.196404796225202 0
      vertex -13.326402325401148 -15.662624194832421 0
      vertex -10.647895273668052 -15.808242133285779 0
    endloop
  endfacet
  facet normal 0 0 -1
    outer loop
      vertex -13.326402325401148 -15.662624194832421 0
      vertex -13.256550309968464 -15.447641796896738 0
      vertex -10.647895273668052 -15.808242133285779 0
    endloop
  endfacet
  facet normal 0 0 -1
    outer loop
      vertex -13.256550309968464 -15.447641796896738 0
      vertex -13.214193537633939 -15.225599820415747 0
      vertex -10.724372779272052 -15.407333009083988 0
    endloop
  endfacet
  facet normal 0 0 -1
    outer loop
      vertex -13.256550309968464 -15.447641796896738 0
      vertex -10.724372779272052 -15.407333009083988 0
      vertex -10.647895273668052 -15.808242133285779 0
    endloop
  endfacet
  facet normal 0 0 -1
    outer loop
      vertex -13.214193537633939 -15.225599820415747 0
      vertex -10.75 -15 0
      vertex -10.724372779272052 -15.407333009083988 0
    endloop
  endfacet
  facet normal 0 0 -1
    outer loop
      vertex -13.214193537633939 -15.225599820415747 0
      vertex -13.2 -15 0
      vertex -10.75 -15 0
    endloop
  endfacet
  facet normal 0 0 -1
    outer loop
      vertex -13.2 -15 0
      vertex -13.214193537633939 -14.774400179584251 0
      vertex -10.75 -15 0
    endloop
  endfacet
  facet normal 0 0 -1
    outer loop
      vertex -13.214193537633939 -14.774400179584251 0
      vertex -13.256550309968464 -14.552358203103262 0
      vertex -10.724372779272052 -14.592666990916012 0
    endloop
  endfacet
  facet normal 0 0 -1
    outer loop
      vertex -13.214193537633939 -14.774400179584251 0
      vertex -10.724372779272052 -14.592666990916012 0
      vertex -10.75 -15 0
    endloop
  endfacet
  facet normal 0 0 -1
    outer loop
      vertex -13.256550309968464 -14.552358203103262 0
      vertex -10.647895273668052 -14.191757866714221 0
      vertex -10.724372779272052 -14.592666990916012 0
    endloop
  endfacet
  facet normal 0 0 -1
    outer loop
      vertex -13.256550309968464 -14.552358203103262 0
      vertex -13.326402325401148 -14.33737580516758 0
      vertex -10.647895273668052 -14.191757866714221 0
    endloop
  endfacet
  facet normal 0 0 -1
    outer loop
      vertex -13.326402325401148 -14.33737580516758 0
      vertex -13.422647975921045 -14.132843386616912 0
      vertex -10.647895273668052 -14.191757866714221 0
    endloop
  endfacet
  facet normal 0 0 -1
    outer loop
      vertex -13.543769410125094 -13.941986545873549 0
      vertex -10.521773579136816 -13.803595203774798 0
      vertex -13.422647975921045 -14.132843386616912 0
    endloop
  endfacet
  facet normal 0 0 -1
    outer loop
      vertex -13.422647975921045 -14.132843386616912 0
      vertex -10.521773579136816 -13.803595203774798 0
      vertex -10.647895273668052 -14.191757866714221 0
    endloop
  endfacet
  facet normal 0 0 -1
    outer loop
      vertex -10.129305231718579 -13.089697930049462 0
      vertex -14.886977064847237 -13.20355188882911 0
      vertex -15.113022935152763 -13.20355188882911 0
    endloop
  endfacet
  facet normal 0 0 -1
    outer loop
      vertex -10.129305231718579 -13.089697930049462 0
      vertex -14.662713633745696 -13.23188294868836 0
      vertex -14.886977064847237 -13.20355188882911 0
    endloop
  endfacet
  facet normal 0 0 -1
    outer loop
      vertex -10.129305231718579 -13.089697930049462 0
      vertex -14.443769410125094 -13.288098270668723 0
      vertex -14.662713633745696 -13.23188294868836 0
    endloop
  endfacet
  facet normal 0 0 -1
    outer loop
      vertex -20.130851960880413 -12.775221905731762 0
      vertex -9.869148039119588 -12.775221905731762 0
      vertex -10.129305231718579 -13.089697930049462 0
    endloop
  endfacet
  facet normal 0 0 -1
    outer loop
      vertex -9.869148039119588 -12.775221905731762 0
      vertex -20.130851960880413 -12.775221905731762 0
      vertex -9.571627966683241 -12.495831960978684 0
    endloop
  endfacet
  facet normal 0 0 -1
    outer loop
      vertex -13.68785647064146 -13.76781520932836 0
      vertex -13.852636818452359 -13.61307616300358 0
      vertex -10.347996710142557 -13.434300559169426 0
    endloop
  endfacet
  facet normal 0 0 -1
    outer loop
      vertex -13.543769410125094 -13.941986545873549 0
      vertex -13.68785647064146 -13.76781520932836 0
      vertex -10.347996710142557 -13.434300559169426 0
    endloop
  endfacet
  facet normal 0 0 -1
    outer loop
      vertex -10.129305231718579 -13.089697930049462 0
      vertex -14.23359727518287 -13.371311305561164 0
      vertex -14.443769410125094 -13.288098270668723 0
    endloop
  endfacet
  facet normal 0 0 -1
    outer loop
      vertex -10.129305231718579 -13.089697930049462 0
      vertex -14.035511769037806 -13.480209734096373 0
      vertex -14.23359727518287 -13.371311305561164 0
    endloop
  endfacet
  facet normal 0 0 -1
    outer loop
      vertex -14.035511769037806 -13.480209734096373 0
      vertex -10.129305231718579 -13.089697930049462 0
      vertex -13.852636818452359 -13.61307616300358 0
    endloop
  endfacet
  facet normal 0 0 -1
    outer loop
      vertex -13.543769410125094 -13.941986545873549 0
      vertex -10.347996710142557 -13.434300559169426 0
      vertex -10.521773579136816 -13.803595203774798 0
    endloop
  endfacet
  facet normal 0 0 -1
    outer loop
      vertex -13.852636818452359 -13.61307616300358 0
      vertex -10.129305231718579 -13.089697930049462 0
      vertex -10.347996710142557 -13.434300559169426 0
    endloop
  endfacet
  facet normal 0 0 -1
    outer loop
      vertex -20.75856291631826 -12.255934242118451 0
      vertex -9.24143708368174 -12.255934242118451 0
      vertex -9.571627966683241 -12.495831960978684 0
    endloop
  endfacet
  facet normal 0 0 -1
    outer loop
      vertex -21.116217302413514 -12.059312079485437 0
      vertex -8.883782697586486 -12.059312079485437 0
      vertex -9.24143708368174 -12.255934242118451 0
    endloop
  endfacet
  facet normal 0 0 -1
    outer loop
      vertex -21.116217302413514 -12.059312079485437 0
      vertex -8.504305231718579 -11.90906632204075 0
      vertex -8.883782697586486 -12.059312079485437 0
    endloop
  endfacet
  facet normal 0 0 -1
    outer loop
      vertex -21.49569476828142 -11.90906632204075 0
      vertex -8.108989272403605 -11.807566435131761 0
      vertex -8.504305231718579 -11.90906632204075 0
    endloop
  endfacet
  facet normal 0 0 -1
    outer loop
      vertex -21.891010727596395 -11.807566435131761 0
      vertex -7.704069188470268 -11.756413132608117 0
      vertex -8.108989272403605 -11.807566435131761 0
    endloop
  endfacet
  facet normal 0 0 -1
    outer loop
      vertex -4.6520032898574435 -16.565699440830574 0
      vertex -4.478226420863184 -16.196404796225206 0
      vertex -1.4562305898749055 -16.058013454126453 0
    endloop
  endfacet
  facet normal 0 0 -1
    outer loop
      vertex -4.478226420863184 -16.196404796225206 0
      vertex -4.352104726331948 -15.808242133285777 0
      vertex -1.6735976745988526 -15.66262419483242 0
    endloop
  endfacet
  facet normal 0 0 -1
    outer loop
      vertex -4.6520032898574435 -16.565699440830574 0
      vertex -1.4562305898749055 -16.058013454126453 0
      vertex -1.312143529358541 -16.23218479067164 0
    endloop
  endfacet
  facet normal 0 0 -1
    outer loop
      vertex -4.478226420863184 -16.196404796225206 0
      vertex -1.5773520240789543 -15.867156613383088 0
      vertex -1.4562305898749055 -16.058013454126453 0
    endloop
  endfacet
  facet normal 0 0 -1
    outer loop
      vertex -4.478226420863184 -16.196404796225206 0
      vertex -1.6735976745988526 -15.66262419483242 0
      vertex -1.5773520240789543 -15.867156613383088 0
    endloop
  endfacet
  facet normal 0 0 -1
    outer loop
      vertex -4.352104726331948 -15.808242133285777 0
      vertex -4.275627220727947 -15.407333009083988 0
      vertex -1.743449690031536 -15.447641796896738 0
    endloop
  endfacet
  facet normal 0 0 -1
    outer loop
      vertex -4.275627220727947 -15.407333009083988 0
      vertex -4.25 -15 0
      vertex -1.8 -15 0
    endloop
  endfacet
  facet normal 0 0 -1
    outer loop
      vertex -4.352104726331948 -15.808242133285777 0
      vertex -1.743449690031536 -15.447641796896738 0
      vertex -1.6735976745988526 -15.66262419483242 0
    endloop
  endfacet
  facet normal 0 0 -1
    outer loop
      vertex -4.275627220727947 -15.407333009083988 0
      vertex -1.78580646236606 -15.225599820415747 0
      vertex -1.743449690031536 -15.447641796896738 0
    endloop
  endfacet
  facet normal 0 0 -1
    outer loop
      vertex -4.275627220727947 -15.407333009083988 0
      vertex -1.8 -15 0
      vertex -1.78580646236606 -15.225599820415747 0
    endloop
  endfacet
  facet normal 0 0 -1
    outer loop
      vertex -4.25 -15 0
      vertex -4.275627220727947 -14.592666990916012 0
      vertex -1.8 -15 0
    endloop
  endfacet
  facet normal 0 0 -1
    outer loop
      vertex -4.275627220727947 -14.592666990916012 0
      vertex -4.352104726331949 -14.191757866714221 0
      vertex -1.743449690031536 -14.552358203103262 0
    endloop
  endfacet
  facet normal 0 0 -1
    outer loop
      vertex -4.275627220727947 -14.592666990916012 0
      vertex -1.78580646236606 -14.774400179584253 0
      vertex -1.8 -15 0
    endloop
  endfacet
  facet normal 0 0 -1
    outer loop
      vertex -4.275627220727947 -14.592666990916012 0
      vertex -1.743449690031536 -14.552358203103262 0
      vertex -1.78580646236606 -14.774400179584253 0
    endloop
  endfacet
  facet normal 0 0 -1
    outer loop
      vertex -4.352104726331949 -14.191757866714221 0
      vertex -4.478226420863184 -13.803595203774798 0
      vertex -1.6735976745988526 -14.33737580516758 0
    endloop
  endfacet
  facet normal 0 0 -1
    outer loop
      vertex -4.352104726331949 -14.191757866714221 0
      vertex -1.6735976745988526 -14.33737580516758 0
      vertex -1.743449690031536 -14.552358203103262 0
    endloop
  endfacet
  facet normal 0 0 -1
    outer loop
      vertex -4.478226420863184 -13.803595203774798 0
      vertex -1.5773520240789543 -14.132843386616912 0
      vertex -1.6735976745988526 -14.33737580516758 0
    endloop
  endfacet
  facet normal 0 0 -1
    outer loop
      vertex -4.478226420863184 -13.803595203774798 0
      vertex -1.4562305898749055 -13.941986545873549 0
      vertex -1.5773520240789543 -14.132843386616912 0
    endloop
  endfacet
  facet normal 0 0 -1
    outer loop
      vertex -4.478226420863184 -13.803595203774798 0
      vertex -4.6520032898574435 -13.434300559169426 0
      vertex -1.4562305898749055 -13.941986545873549 0
    endloop
  endfacet
  facet normal 0 0 -1
    outer loop
      vertex -1.312143529358541 -13.767815209328361 0
      vertex -4.6520032898574435 -13.434300559169426 0
      vertex -4.870694768281421 -13.089697930049462 0
    endloop
  endfacet
  facet normal 0 0 -1
    outer loop
      vertex -5.130851960880412 -12.775221905731762 0
      vertex -0.9644882309621942 -13.480209734096373 0
      vertex -4.870694768281421 -13.089697930049462 0
    endloop
  endfacet
  facet normal 0 0 -1
    outer loop
      vertex -1.312143529358541 -13.767815209328361 0
      vertex -1.4562305898749055 -13.941986545873549 0
      vertex -4.6520032898574435 -13.434300559169426 0
    endloop
  endfacet
  facet normal 0 0 -1
    outer loop
      vertex -1.312143529358541 -13.767815209328361 0
      vertex -4.870694768281421 -13.089697930049462 0
      vertex -1.1473631815476413 -13.61307616300358 0
    endloop
  endfacet
  facet normal 0 0 -1
    outer loop
      vertex -4.870694768281421 -13.089697930049462 0
      vertex -0.9644882309621942 -13.480209734096373 0
      vertex -1.1473631815476413 -13.61307616300358 0
    endloop
  endfacet
  facet normal 0 0 -1
    outer loop
      vertex -5.130851960880412 -12.775221905731762 0
      vertex -0.7664027248171309 -13.371311305561164 0
      vertex -0.9644882309621942 -13.480209734096373 0
    endloop
  endfacet
  facet normal 0 0 -1
    outer loop
      vertex -5.130851960880412 -12.775221905731762 0
      vertex -0.5562305898749054 -13.288098270668723 0
      vertex -0.7664027248171309 -13.371311305561164 0
    endloop
  endfacet
  facet normal 0 0 -1
    outer loop
      vertex -5.130851960880412 -12.775221905731762 0
      vertex -0.33728636625430425 -13.23188294868836 0
      vertex -0.5562305898749054 -13.288098270668723 0
    endloop
  endfacet
  facet normal 0 0 -1
    outer loop
      vertex -5.130851960880412 -12.775221905731762 0
      vertex -0.1130229351527639 -13.20355188882911 0
      vertex -0.33728636625430425 -13.23188294868836 0
    endloop
  endfacet
  facet normal 0 0 -1
    outer loop
      vertex -5.428372033316759 -12.495831960978686 0
      vertex -5.758562916318261 -12.255934242118451 0
      vertex 5.428372033316759 -12.495831960978684 0
    endloop
  endfacet
  facet normal 0 0 -1
    outer loop
      vertex -5.130851960880412 -12.775221905731762 0
      vertex -5.428372033316759 -12.495831960978686 0
      vertex 5.428372033316759 -12.495831960978684 0
    endloop
  endfacet
  facet normal 0 0 -1
    outer loop
      vertex -5.130851960880412 -12.775221905731762 0
      vertex 4.870694768281421 -13.089697930049462 0
      vertex -0.1130229351527639 -13.20355188882911 0
    endloop
  endfacet
  facet normal 0 0 -1
    outer loop
      vertex -6.116217302413514 -12.059312079485437 0
      vertex 6.116217302413514 -12.059312079485437 0
      vertex -5.758562916318261 -12.255934242118451 0
    endloop
  endfacet
  facet normal 0 0 -1
    outer loop
      vertex -6.116217302413514 -12.059312079485437 0
      vertex -6.495694768281421 -11.90906632204075 0
      vertex 6.495694768281421 -11.90906632204075 0
    endloop
  endfacet
  facet normal 0 0 -1
    outer loop
      vertex -7.295930811529732 -11.756413132608117 0
      vertex 7.295930811529732 -11.756413132608117 0
      vertex -6.891010727596395 -11.807566435131761 0
    endloop
  endfacet
  facet normal 0 0 -1
    outer loop
      vertex -6.891010727596395 -11.807566435131761 0
      vertex 6.891010727596395 -11.807566435131761 0
      vertex -6.495694768281421 -11.90906632204075 0
    endloop
  endfacet
  facet normal 0 0 -1
    outer loop
      vertex -47.43678401266597 -8.30611842282273 0
      vertex -7.704069188470268 -11.756413132608117 0
      vertex -22.295930811529733 -11.756413132608117 0
    endloop
  endfacet
  facet normal 0 0 -1
    outer loop
      vertex -47.43678401266597 -8.30611842282273 0
      vertex -7.295930811529732 -11.756413132608117 0
      vertex -7.704069188470268 -11.756413132608117 0
    endloop
  endfacet
  facet normal 0 0 -1
    outer loop
      vertex -47.43678401266597 -8.30611842282273 0
      vertex 7.295930811529732 -11.756413132608117 0
      vertex -7.295930811529732 -11.756413132608117 0
    endloop
  endfacet
  facet normal 0 0 -1
    outer loop
      vertex -47.43678401266597 -8.30611842282273 0
      vertex 7.704069188470268 -11.756413132608117 0
      vertex 7.295930811529732 -11.756413132608117 0
    endloop
  endfacet
  facet normal 0 0 -1
    outer loop
      vertex -47.43678401266597 -8.30611842282273 0
      vertex -45.5 -8.009866357858641 0
      vertex 54.81395259764657 -8.009866357858641 0
    endloop
  endfacet
  facet normal 0 0 -1
    outer loop
      vertex -47.43678401266597 -8.30611842282273 0
      vertex 22.295930811529733 -11.756413132608117 0
      vertex 7.704069188470268 -11.756413132608117 0
    endloop
  endfacet
  facet normal 0 0 -1
    outer loop
      vertex -47.43678401266597 -8.30611842282273 0
      vertex 22.704069188470267 -11.756413132608117 0
      vertex 22.295930811529733 -11.756413132608117 0
    endloop
  endfacet
  facet normal -0.6845471059286904 -0.7289686274214099 0
    outer loop
      vertex -57.68711994874345 -20.852566213878948 0
      vertex -57.68711994874345 -20.852566213878948 3
      vertex -58.14484313710706 -20.422735529643443 3
    endloop
  endfacet
  facet normal -0.24868988716485468 -0.9685831611286311 0
    outer loop
      vertex -56.045084971874736 -21.755282581475768 0
      vertex -55.43690657292862 -21.911436253643444 3
      vertex -56.045084971874736 -21.755282581475768 3
    endloop
  endfacet
  facet normal -0.3681245526846774 -0.9297764858882517 0
    outer loop
      vertex -56.62889645782536 -21.5241352623301 0
      vertex -56.045084971874736 -21.755282581475768 3
      vertex -56.62889645782536 -21.5241352623301 3
    endloop
  endfacet
  facet normal -0.5877852522924681 -0.809016994374951 0
    outer loop
      vertex -57.68711994874345 -20.852566213878948 0
      vertex -57.17913397489498 -21.221639627510076 3
      vertex -57.68711994874345 -20.852566213878948 3
    endloop
  endfacet
  facet normal -0.8443279255020154 -0.5358267949789961 0
    outer loop
      vertex -58.545084971874736 -19.938926261462367 0
      vertex -58.545084971874736 -19.938926261462367 3
      vertex -58.88153340021932 -19.408768370508575 3
    endloop
  endfacet
  facet normal -0.9048270524660187 -0.42577929156507455 0
    outer loop
      vertex -59.14888242944126 -18.84062276342339 0
      vertex -58.88153340021932 -19.408768370508575 3
      vertex -59.14888242944126 -18.84062276342339 3
    endloop
  endfacet
  facet normal -0.9510565162951524 -0.30901699437495084 0
    outer loop
      vertex -59.14888242944126 -18.84062276342339 0
      vertex -59.14888242944126 -18.84062276342339 3
      vertex -59.34291580564316 -18.243449435824274 3
    endloop
  endfacet
  facet normal -0.9980267284282714 -0.06279051952931593 0
    outer loop
      vertex -59.5 -17 0
      vertex -59.46057350657239 -17.62666616782152 3
      vertex -59.5 -17 3
    endloop
  endfacet
  facet normal -1 0 0
    outer loop
      vertex -59.5 -17 0
      vertex -59.5 -17 3
      vertex -59.5 -13 3
    endloop
  endfacet
  facet normal 0 0 1
    outer loop
      vertex -57.68711994874345 -20.852566213878948 3
      vertex -57.17913397489498 -21.221639627510076 3
      vertex -58.14484313710706 -20.422735529643443 3
    endloop
  endfacet
  facet normal 0 0 1
    outer loop
      vertex -56.045084971874736 -21.755282581475768 3
      vertex -54.81395259764657 -21.99013364214136 3
      vertex -57.17913397489498 -21.221639627510076 3
    endloop
  endfacet
  facet normal 0 0 1
    outer loop
      vertex -57.17913397489498 -21.221639627510076 3
      vertex -58.5940337118993 -19.714924442696486 3
      vertex -58.14484313710706 -20.422735529643443 3
    endloop
  endfacet
  facet normal 0 0 1
    outer loop
      vertex -58.545084971874736 -19.938926261462367 3
      vertex -58.6966318323964 -19.663263545526817 3
      vertex -58.88153340021932 -19.408768370508575 3
    endloop
  endfacet
  facet normal 0 0 1
    outer loop
      vertex -54.64521850230143 -18.233280265899825 3
      vertex -49.4339091029525 -21.755279230855706 3
      vertex -53.88378269758648 -17.940687920514563 3
    endloop
  endfacet
  facet normal 0 0 1
    outer loop
      vertex -49.4339091029525 -21.755279230855706 3
      vertex -53.504305231718575 -18.09093367795925 3
      vertex -53.88378269758648 -17.940687920514563 3
    endloop
  endfacet
  facet normal 0 0 1
    outer loop
      vertex -58.88153340021932 -19.408768370508575 3
      vertex -59.34291580564316 -18.243449435824274 3
      vertex -59.14888242944126 -18.84062276342339 3
    endloop
  endfacet
  facet normal 0 0 1
    outer loop
      vertex -54.64521850230143 -18.233280265899825 3
      vertex -54.24143708368174 -17.74406575788155 3
      vertex -54.32914185096455 -17.680344514541776 3
    endloop
  endfacet
  facet normal 0 0 1
    outer loop
      vertex -54.64521850230143 -18.233280265899825 3
      vertex -53.88378269758648 -17.940687920514563 3
      vertex -54.24143708368174 -17.74406575788155 3
    endloop
  endfacet
  facet normal 0 0 1
    outer loop
      vertex -49.4339091029525 -21.755279230855706 3
      vertex -53.108989272403605 -18.19243356486824 3
      vertex -53.504305231718575 -18.09093367795925 3
    endloop
  endfacet
  facet normal 0 0 1
    outer loop
      vertex -49.4339091029525 -21.755279230855706 3
      vertex -52.70406918847027 -18.243586867391883 3
      vertex -53.108989272403605 -18.19243356486824 3
    endloop
  endfacet
  facet normal 0 0 1
    outer loop
      vertex -49.4339091029525 -21.755279230855706 3
      vertex -52.29593081152973 -18.243586867391883 3
      vertex -52.70406918847027 -18.243586867391883 3
    endloop
  endfacet
  facet normal 0 0 1
    outer loop
      vertex -49.4339091029525 -21.755279230855706 3
      vertex -51.891010727596395 -18.19243356486824 3
      vertex -52.29593081152973 -18.243586867391883 3
    endloop
  endfacet
  facet normal 0 0 1
    outer loop
      vertex -49.4339091029525 -21.755279230855706 3
      vertex -51.495694768281425 -18.09093367795925 3
      vertex -51.891010727596395 -18.19243356486824 3
    endloop
  endfacet
  facet normal 0 0 1
    outer loop
      vertex -49.4339091029525 -21.755279230855706 3
      vertex -51.11621730241352 -17.940687920514563 3
      vertex -51.495694768281425 -18.09093367795925 3
    endloop
  endfacet
  facet normal 0 0 1
    outer loop
      vertex -49.4339091029525 -21.755279230855706 3
      vertex -50.75856291631826 -17.74406575788155 3
      vertex -51.11621730241352 -17.940687920514563 3
    endloop
  endfacet
  facet normal 0 0 1
    outer loop
      vertex -49.4339091029525 -21.755279230855706 3
      vertex -50.428372033316755 -17.504168039021316 3
      vertex -50.75856291631826 -17.74406575788155 3
    endloop
  endfacet
  facet normal 0 0 1
    outer loop
      vertex -49.4339091029525 -21.755279230855706 3
      vertex -50.13085196088041 -17.22477809426824 3
      vertex -50.428372033316755 -17.504168039021316 3
    endloop
  endfacet
  facet normal 0 0 1
    outer loop
      vertex -49.4339091029525 -21.755279230855706 3
      vertex -49.870694768281425 -16.91030206995054 3
      vertex -50.13085196088041 -17.22477809426824 3
    endloop
  endfacet
  facet normal 0 0 1
    outer loop
      vertex -49.4339091029525 -21.755279230855706 3
      vertex -49.65200328985745 -16.565699440830574 3
      vertex -49.870694768281425 -16.91030206995054 3
    endloop
  endfacet
  facet normal 0 0 1
    outer loop
      vertex -49.4339091029525 -21.755279230855706 3
      vertex -49.47822642086318 -16.196404796225206 3
      vertex -49.65200328985745 -16.565699440830574 3
    endloop
  endfacet
  facet normal 0 0 1
    outer loop
      vertex -49.4339091029525 -21.755279230855706 3
      vertex -49.35210472633195 -15.808242133285777 3
      vertex -49.47822642086318 -16.196404796225206 3
    endloop
  endfacet
  facet normal 0 0 1
    outer loop
      vertex -49.4339091029525 -21.755279230855706 3
      vertex -49.27562722072795 -15.407333009083988 3
      vertex -49.35210472633195 -15.808242133285777 3
    endloop
  endfacet
  facet normal 0 0 1
    outer loop
      vertex -49.4339091029525 -21.755279230855706 3
      vertex -49.25 -15 3
      vertex -49.27562722072795 -15.407333009083988 3
    endloop
  endfacet
  facet normal 0 0 1
    outer loop
      vertex -49.4339091029525 -21.755279230855706 3
      vertex -46.456230589874906 -16.058013454126453 3
      vertex -46.577352024078955 -15.867156613383088 3
    endloop
  endfacet
  facet normal 0 0 1
    outer loop
      vertex -49.4339091029525 -21.755279230855706 3
      vertex -45.964488230962196 -16.519790265903627 3
      vertex -46.14736318154764 -16.38692383699642 3
    endloop
  endfacet
  facet normal 0 0 1
    outer loop
      vertex -49.4339091029525 -21.755279230855706 3
      vertex -45.766402724817134 -16.628688694438836 3
      vertex -45.964488230962196 -16.519790265903627 3
    endloop
  endfacet
  facet normal 0 0 1
    outer loop
      vertex -49.4339091029525 -21.755279230855706 3
      vertex -45.337286366254304 -16.76811705131164 3
      vertex -45.55623058987491 -16.711901729331277 3
    endloop
  endfacet
  facet normal 0 0 1
    outer loop
      vertex -49.4339091029525 -21.755279230855706 3
      vertex -45.11302293515276 -16.79644811117089 3
      vertex -45.337286366254304 -16.76811705131164 3
    endloop
  endfacet
  facet normal 0 0 1
    outer loop
      vertex -49.4339091029525 -21.755279230855706 3
      vertex -45.55623058987491 -16.711901729331277 3
      vertex -45.766402724817134 -16.628688694438836 3
    endloop
  endfacet
  facet normal 0 0 1
    outer loop
      vertex -49.4339091029525 -21.755279230855706 3
      vertex -46.14736318154764 -16.38692383699642 3
      vertex -46.31214352935854 -16.23218479067164 3
    endloop
  endfacet
  facet normal 0 0 1
    outer loop
      vertex -49.4339091029525 -21.755279230855706 3
      vertex -46.31214352935854 -16.23218479067164 3
      vertex -46.456230589874906 -16.058013454126453 3
    endloop
  endfacet
  facet normal 0 0 1
    outer loop
      vertex -49.4339091029525 -21.755279230855706 3
      vertex -44.88697706484724 -16.79644811117089 3
      vertex -45.11302293515276 -16.79644811117089 3
    endloop
  endfacet
  facet normal 0 0 1
    outer loop
      vertex -49.4339091029525 -21.755279230855706 3
      vertex -46.577352024078955 -15.867156613383088 3
      vertex -46.67359767459885 -15.66262419483242 3
    endloop
  endfacet
  facet normal 0 0 1
    outer loop
      vertex -49.4339091029525 -21.755279230855706 3
      vertex -46.67359767459885 -15.66262419483242 3
      vertex -46.74344969003154 -15.447641796896738 3
    endloop
  endfacet
  facet normal 0 0 1
    outer loop
      vertex -49.4339091029525 -21.755279230855706 3
      vertex -46.74344969003154 -15.447641796896738 3
      vertex -46.78580646236606 -15.225599820415747 3
    endloop
  endfacet
  facet normal 0 0 1
    outer loop
      vertex -49.4339091029525 -21.755279230855706 3
      vertex -46.78580646236606 -15.225599820415747 3
      vertex -46.8 -15 3
    endloop
  endfacet
  facet normal 0 0 1
    outer loop
      vertex -49.4339091029525 -21.755279230855706 3
      vertex -46.8 -15 3
      vertex -46.78580646236606 -14.774400179584253 3
    endloop
  endfacet
  facet normal 0 0 1
    outer loop
      vertex -49.4339091029525 -21.755279230855706 3
      vertex -46.78580646236606 -14.774400179584253 3
      vertex -46.74344969003154 -14.552358203103262 3
    endloop
  endfacet
  facet normal 0 0 1
    outer loop
      vertex -49.4339091029525 -21.755279230855706 3
      vertex -46.74344969003154 -14.552358203103262 3
      vertex -46.67359767459885 -14.33737580516758 3
    endloop
  endfacet
  facet normal 0 0 1
    outer loop
      vertex -59.46057350657239 -17.62666616782152 3
      vertex -59.5 -13 3
      vertex -59.5 -17 3
    endloop
  endfacet
  facet normal 0 0 1
    outer loop
      vertex -49.4339091029525 -21.755279230855706 3
      vertex -49.034061932502965 -8.417278163921372 3
      vertex -49.25 -15 3
    endloop
  endfacet
  facet normal 0 0 1
    outer loop
      vertex -49.4339091029525 -21.755279230855706 3
      vertex -46.67359767459885 -14.33737580516758 3
      vertex -49.034061932502965 -8.417278163921372 3
    endloop
  endfacet
  facet normal 0 0 1
    outer loop
      vertex -49.034061932502965 -8.417278163921372 3
      vertex -49.27562722072795 -14.592666990916012 3
      vertex -49.25 -15 3
    endloop
  endfacet
  facet normal 0 0 1
    outer loop
      vertex -49.034061932502965 -8.417278163921372 3
      vertex -49.35210472633195 -14.191757866714221 3
      vertex -49.27562722072795 -14.592666990916012 3
    endloop
  endfacet
  facet normal 0 0 1
    outer loop
      vertex -49.034061932502965 -8.417278163921372 3
      vertex -49.47822642086318 -13.803595203774798 3
      vertex -49.35210472633195 -14.191757866714221 3
    endloop
  endfacet
  facet normal 0 0 1
    outer loop
      vertex -49.034061932502965 -8.417278163921372 3
      vertex -49.65200328985745 -13.434300559169426 3
      vertex -49.47822642086318 -13.803595203774798 3
    endloop
  endfacet
  facet normal 0 0 1
    outer loop
      vertex -49.034061932502965 -8.417278163921372 3
      vertex -49.870694768281425 -13.089697930049462 3
      vertex -49.65200328985745 -13.434300559169426 3
    endloop
  endfacet
  facet normal 0 0 1
    outer loop
      vertex -49.034061932502965 -8.417278163921372 3
      vertex -50.13085196088041 -12.775221905731762 3
      vertex -49.870694768281425 -13.089697930049462 3
    endloop
  endfacet
  facet normal 0 0 1
    outer loop
      vertex -49.034061932502965 -8.417278163921372 3
      vertex -50.428372033316755 -12.495831960978686 3
      vertex -50.13085196088041 -12.775221905731762 3
    endloop
  endfacet
  facet normal 0 0 1
    outer loop
      vertex -49.034061932502965 -8.417278163921372 3
      vertex -50.75856291631826 -12.255934242118451 3
      vertex -50.428372033316755 -12.495831960978686 3
    endloop
  endfacet
  facet normal 0 0 1
    outer loop
      vertex -49.034061932502965 -8.417278163921372 3
      vertex -46.67359767459885 -14.33737580516758 3
      vertex -46.577352024078955 -14.132843386616912 3
    endloop
  endfacet
  facet normal 0 0 1
    outer loop
      vertex -49.034061932502965 -8.417278163921372 3
      vertex -46.577352024078955 -14.132843386616912 3
      vertex -46.456230589874906 -13.941986545873549 3
    endloop
  endfacet
  facet normal 0 0 1
    outer loop
      vertex -49.034061932502965 -8.417278163921372 3
      vertex -46.456230589874906 -13.941986545873549 3
      vertex -46.31214352935854 -13.767815209328361 3
    endloop
  endfacet
  facet normal 0 0 1
    outer loop
      vertex -49.034061932502965 -8.417278163921372 3
      vertex -46.31214352935854 -13.767815209328361 3
      vertex -46.14736318154764 -13.61307616300358 3
    endloop
  endfacet
  facet normal 0 0 1
    outer loop
      vertex -49.034061932502965 -8.417278163921372 3
      vertex -46.14736318154764 -13.61307616300358 3
      vertex -45.964488230962196 -13.480209734096373 3
    endloop
  endfacet
  facet normal 0 0 1
    outer loop
      vertex -49.034061932502965 -8.417278163921372 3
      vertex -45.964488230962196 -13.480209734096373 3
      vertex -45.766402724817134 -13.371311305561164 3
    endloop
  endfacet
  facet normal 0 0 1
    outer loop
      vertex -49.034061932502965 -8.417278163921372 3
      vertex -45.766402724817134 -13.371311305561164 3
      vertex -45.55623058987491 -13.288098270668723 3
    endloop
  endfacet
  facet normal 0 0 1
    outer loop
      vertex -49.034061932502965 -8.417278163921372 3
      vertex -45.55623058987491 -13.288098270668723 3
      vertex -45.337286366254304 -13.23188294868836 3
    endloop
  endfacet
  facet normal 0 0 1
    outer loop
      vertex -49.034061932502965 -8.417278163921372 3
      vertex -45.337286366254304 -13.23188294868836 3
      vertex -45.11302293515276 -13.20355188882911 3
    endloop
  endfacet
  facet normal 0 0 1
    outer loop
      vertex -49.034061932502965 -8.417278163921372 3
      vertex -45.11302293515276 -13.20355188882911 3
      vertex -44.88697706484724 -13.20355188882911 3
    endloop
  endfacet
  facet normal 0 0 1
    outer loop
      vertex -49.4339091029525 -21.755279230855706 3
      vertex -38.504305231718575 -18.09093367795925 3
      vertex -38.88378269758648 -17.940687920514563 3
    endloop
  endfacet
  facet normal 0 0 1
    outer loop
      vertex -49.4339091029525 -21.755279230855706 3
      vertex -38.108989272403605 -18.19243356486824 3
      vertex -38.504305231718575 -18.09093367795925 3
    endloop
  endfacet
  facet normal 0 0 1
    outer loop
      vertex -49.4339091029525 -21.755279230855706 3
      vertex -37.29593081152973 -18.243586867391883 3
      vertex -37.70406918847027 -18.243586867391883 3
    endloop
  endfacet
  facet normal 0 0 1
    outer loop
      vertex -49.4339091029525 -21.755279230855706 3
      vertex -37.70406918847027 -18.243586867391883 3
      vertex -38.108989272403605 -18.19243356486824 3
    endloop
  endfacet
  facet normal 0 0 1
    outer loop
      vertex -49.4339091029525 -21.755279230855706 3
      vertex -36.891010727596395 -18.19243356486824 3
      vertex -37.29593081152973 -18.243586867391883 3
    endloop
  endfacet
  facet normal 0 0 1
    outer loop
      vertex -49.4339091029525 -21.755279230855706 3
      vertex -38.88378269758648 -17.940687920514563 3
      vertex -44.88697706484724 -16.79644811117089 3
    endloop
  endfacet
  facet normal 0 0 1
    outer loop
      vertex -44.88697706484724 -16.79644811117089 3
      vertex -38.88378269758648 -17.940687920514563 3
      vertex -44.662713633745696 -16.76811705131164 3
    endloop
  endfacet
  facet normal 0 0 1
    outer loop
      vertex -44.662713633745696 -16.76811705131164 3
      vertex -39.24143708368174 -17.74406575788155 3
      vertex -44.44376941012509 -16.711901729331277 3
    endloop
  endfacet
  facet normal 0 0 1
    outer loop
      vertex -44.662713633745696 -16.76811705131164 3
      vertex -38.88378269758648 -17.940687920514563 3
      vertex -39.24143708368174 -17.74406575788155 3
    endloop
  endfacet
  facet normal 0 0 1
    outer loop
      vertex -44.44376941012509 -16.711901729331277 3
      vertex -39.24143708368174 -17.74406575788155 3
      vertex -39.57162796668324 -17.504168039021316 3
    endloop
  endfacet
  facet normal 0 0 1
    outer loop
      vertex -44.44376941012509 -16.711901729331277 3
      vertex -39.57162796668324 -17.504168039021316 3
      vertex -44.233597275182866 -16.628688694438836 3
    endloop
  endfacet
  facet normal 0 0 1
    outer loop
      vertex -44.233597275182866 -16.628688694438836 3
      vertex -39.86914803911959 -17.22477809426824 3
      vertex -44.035511769037804 -16.519790265903627 3
    endloop
  endfacet
  facet normal 0 0 1
    outer loop
      vertex -44.035511769037804 -16.519790265903627 3
      vertex -40.129305231718575 -16.91030206995054 3
      vertex -43.85263681845236 -16.38692383699642 3
    endloop
  endfacet
  facet normal 0 0 1
    outer loop
      vertex -43.85263681845236 -16.38692383699642 3
      vertex -40.129305231718575 -16.91030206995054 3
      vertex -43.68785647064146 -16.23218479067164 3
    endloop
  endfacet
  facet normal 0 0 1
    outer loop
      vertex -44.233597275182866 -16.628688694438836 3
      vertex -39.57162796668324 -17.504168039021316 3
      vertex -39.86914803911959 -17.22477809426824 3
    endloop
  endfacet
  facet normal 0 0 1
    outer loop
      vertex -44.035511769037804 -16.519790265903627 3
      vertex -39.86914803911959 -17.22477809426824 3
      vertex -40.129305231718575 -16.91030206995054 3
    endloop
  endfacet
  facet normal 0 0 1
    outer loop
      vertex -43.68785647064146 -16.23218479067164 3
      vertex -40.129305231718575 -16.91030206995054 3
      vertex -40.34799671014255 -16.565699440830574 3
    endloop
  endfacet
  facet normal 0 0 1
    outer loop
      vertex -49.4339091029525 -21.755279230855706 3
      vertex -23.108989272403605 -18.19243356486824 3
      vertex -36.891010727596395 -18.19243356486824 3
    endloop
  endfacet
  facet normal 0 0 1
    outer loop
      vertex -49.4339091029525 -21.755279230855706 3
      vertex -22.70406918847027 -18.243586867391883 3
      vertex -23.108989272403605 -18.19243356486824 3
    endloop
  endfacet
  facet normal 0 0 1
    outer loop
      vertex -36.11621730241352 -17.940687920514563 3
      vertex -30.337286366254304 -16.76811705131164 3
      vertex -35.75856291631826 -17.74406575788155 3
    endloop
  endfacet
  facet normal 0 0 1
    outer loop
      vertex -35.75856291631826 -17.74406575788155 3
      vertex -30.556230589874904 -16.711901729331277 3
      vertex -35.428372033316755 -17.504168039021316 3
    endloop
  endfacet
  facet normal 0 0 1
    outer loop
      vertex -35.428372033316755 -17.504168039021316 3
      vertex -30.76640272481713 -16.628688694438836 3
      vertex -35.13085196088041 -17.22477809426824 3
    endloop
  endfacet
  facet normal 0 0 1
    outer loop
      vertex -35.13085196088041 -17.22477809426824 3
      vertex -30.964488230962193 -16.519790265903627 3
      vertex -34.870694768281425 -16.91030206995054 3
    endloop
  endfacet
  facet normal 0 0 1
    outer loop
      vertex -34.870694768281425 -16.91030206995054 3
      vertex -31.31214352935854 -16.23218479067164 3
      vertex -34.65200328985745 -16.565699440830574 3
    endloop
  endfacet
  facet normal 0 0 1
    outer loop
      vertex -36.891010727596395 -18.19243356486824 3
      vertex -23.50430523171858 -18.09093367795925 3
      vertex -36.495694768281425 -18.09093367795925 3
    endloop
  endfacet
  facet normal 0 0 1
    outer loop
      vertex -36.495694768281425 -18.09093367795925 3
      vertex -23.50430523171858 -18.09093367795925 3
      vertex -36.11621730241352 -17.940687920514563 3
    endloop
  endfacet
  facet normal 0 0 1
    outer loop
      vertex -36.11621730241352 -17.940687920514563 3
      vertex -30.113022935152763 -16.79644811117089 3
      vertex -30.337286366254304 -16.76811705131164 3
    endloop
  endfacet
  facet normal 0 0 1
    outer loop
      vertex -35.75856291631826 -17.74406575788155 3
      vertex -30.337286366254304 -16.76811705131164 3
      vertex -30.556230589874904 -16.711901729331277 3
    endloop
  endfacet
  facet normal 0 0 1
    outer loop
      vertex -35.428372033316755 -17.504168039021316 3
      vertex -30.556230589874904 -16.711901729331277 3
      vertex -30.76640272481713 -16.628688694438836 3
    endloop
  endfacet
  facet normal 0 0 1
    outer loop
      vertex -35.13085196088041 -17.22477809426824 3
      vertex -30.76640272481713 -16.628688694438836 3
      vertex -30.964488230962193 -16.519790265903627 3
    endloop
  endfacet
  facet normal 0 0 1
    outer loop
      vertex -34.870694768281425 -16.91030206995054 3
      vertex -30.964488230962193 -16.519790265903627 3
      vertex -31.14736318154764 -16.38692383699642 3
    endloop
  endfacet
  facet normal 0 0 1
    outer loop
      vertex -34.870694768281425 -16.91030206995054 3
      vertex -31.14736318154764 -16.38692383699642 3
      vertex -31.31214352935854 -16.23218479067164 3
    endloop
  endfacet
  facet normal 0 0 1
    outer loop
      vertex -36.11621730241352 -17.940687920514563 3
      vertex -23.50430523171858 -18.09093367795925 3
      vertex -30.113022935152763 -16.79644811117089 3
    endloop
  endfacet
  facet normal 0 0 1
    outer loop
      vertex -43.68785647064146 -16.23218479067164 3
      vertex -40.34799671014255 -16.565699440830574 3
      vertex -43.543769410125094 -16.058013454126453 3
    endloop
  endfacet
  facet normal 0 0 1
    outer loop
      vertex -43.543769410125094 -16.058013454126453 3
      vertex -40.52177357913682 -16.196404796225202 3
      vertex -43.422647975921045 -15.867156613383088 3
    endloop
  endfacet
  facet normal 0 0 1
    outer loop
      vertex -43.422647975921045 -15.867156613383088 3
      vertex -40.52177357913682 -16.196404796225202 3
      vertex -43.32640232540115 -15.662624194832421 3
    endloop
  endfacet
  facet normal 0 0 1
    outer loop
      vertex -43.543769410125094 -16.058013454126453 3
      vertex -40.34799671014255 -16.565699440830574 3
      vertex -40.52177357913682 -16.196404796225202 3
    endloop
  endfacet
  facet normal 0 0 1
    outer loop
      vertex -43.32640232540115 -15.662624194832421 3
      vertex -40.52177357913682 -16.196404796225202 3
      vertex -40.64789527366805 -15.808242133285779 3
    endloop
  endfacet
  facet normal 0 0 1
    outer loop
      vertex -43.32640232540115 -15.662624194832421 3
      vertex -40.64789527366805 -15.808242133285779 3
      vertex -43.25655030996846 -15.447641796896738 3
    endloop
  endfacet
  facet normal 0 0 1
    outer loop
      vertex -43.25655030996846 -15.447641796896738 3
      vertex -40.72437277927205 -15.407333009083988 3
      vertex -43.21419353763394 -15.225599820415747 3
    endloop
  endfacet
  facet normal 0 0 1
    outer loop
      vertex -43.25655030996846 -15.447641796896738 3
      vertex -40.64789527366805 -15.808242133285779 3
      vertex -40.72437277927205 -15.407333009083988 3
    endloop
  endfacet
  facet normal 0 0 1
    outer loop
      vertex -43.21419353763394 -15.225599820415747 3
      vertex -40.72437277927205 -15.407333009083988 3
      vertex -40.75 -15 3
    endloop
  endfacet
  facet normal 0 0 1
    outer loop
      vertex -43.21419353763394 -15.225599820415747 3
      vertex -40.75 -15 3
      vertex -43.2 -15 3
    endloop
  endfacet
  facet normal 0 0 1
    outer loop
      vertex -43.2 -15 3
      vertex -40.75 -15 3
      vertex -43.21419353763394 -14.774400179584251 3
    endloop
  endfacet
  facet normal 0 0 1
    outer loop
      vertex -43.21419353763394 -14.774400179584251 3
      vertex -40.72437277927205 -14.592666990916012 3
      vertex -43.25655030996846 -14.552358203103262 3
    endloop
  endfacet
  facet normal 0 0 1
    outer loop
      vertex -43.21419353763394 -14.774400179584251 3
      vertex -40.75 -15 3
      vertex -40.72437277927205 -14.592666990916012 3
    endloop
  endfacet
  facet normal 0 0 1
    outer loop
      vertex -43.25655030996846 -14.552358203103262 3
      vertex -40.72437277927205 -14.592666990916012 3
      vertex -40.64789527366805 -14.191757866714221 3
    endloop
  endfacet
  facet normal 0 0 1
    outer loop
      vertex -43.25655030996846 -14.552358203103262 3
      vertex -40.64789527366805 -14.191757866714221 3
      vertex -43.32640232540115 -14.33737580516758 3
    endloop
  endfacet
  facet normal 0 0 1
    outer loop
      vertex -43.32640232540115 -14.33737580516758 3
      vertex -40.52177357913682 -13.803595203774798 3
      vertex -43.422647975921045 -14.132843386616912 3
    endloop
  endfacet
  facet normal 0 0 1
    outer loop
      vertex -43.422647975921045 -14.132843386616912 3
      vertex -40.52177357913682 -13.803595203774798 3
      vertex -43.543769410125094 -13.941986545873549 3
    endloop
  endfacet
  facet normal 0 0 1
    outer loop
      vertex -43.32640232540115 -14.33737580516758 3
      vertex -40.64789527366805 -14.191757866714221 3
      vertex -40.52177357913682 -13.803595203774798 3
    endloop
  endfacet
  facet normal 0 0 1
    outer loop
      vertex -44.662713633745696 -13.23188294868836 3
      vertex -44.44376941012509 -13.288098270668723 3
      vertex -39.24143708368174 -12.255934242118451 3
    endloop
  endfacet
  facet normal 0 0 1
    outer loop
      vertex -44.662713633745696 -13.23188294868836 3
      vertex -38.88378269758648 -12.059312079485437 3
      vertex -44.88697706484724 -13.20355188882911 3
    endloop
  endfacet
  facet normal 0 0 1
    outer loop
      vertex -43.68785647064146 -13.76781520932836 3
      vertex -43.543769410125094 -13.941986545873549 3
      vertex -40.34799671014255 -13.434300559169426 3
    endloop
  endfacet
  facet normal 0 0 1
    outer loop
      vertex -43.68785647064146 -13.76781520932836 3
      vertex -40.129305231718575 -13.089697930049462 3
      vertex -43.85263681845236 -13.61307616300358 3
    endloop
  endfacet
  facet normal 0 0 1
    outer loop
      vertex -43.85263681845236 -13.61307616300358 3
      vertex -40.129305231718575 -13.089697930049462 3
      vertex -44.035511769037804 -13.480209734096373 3
    endloop
  endfacet
  facet normal 0 0 1
    outer loop
      vertex -44.233597275182866 -13.371311305561164 3
      vertex -44.035511769037804 -13.480209734096373 3
      vertex -39.86914803911959 -12.775221905731762 3
    endloop
  endfacet
  facet normal 0 0 1
    outer loop
      vertex -43.543769410125094 -13.941986545873549 3
      vertex -40.52177357913682 -13.803595203774798 3
      vertex -40.34799671014255 -13.434300559169426 3
    endloop
  endfacet
  facet normal 0 0 1
    outer loop
      vertex -43.68785647064146 -13.76781520932836 3
      vertex -40.34799671014255 -13.434300559169426 3
      vertex -40.129305231718575 -13.089697930049462 3
    endloop
  endfacet
  facet normal 0 0 1
    outer loop
      vertex -44.035511769037804 -13.480209734096373 3
      vertex -40.129305231718575 -13.089697930049462 3
      vertex -39.86914803911959 -12.775221905731762 3
    endloop
  endfacet
  facet normal 0 0 1
    outer loop
      vertex -44.233597275182866 -13.371311305561164 3
      vertex -39.57162796668324 -12.495831960978684 3
      vertex -44.44376941012509 -13.288098270668723 3
    endloop
  endfacet
  facet normal 0 0 1
    outer loop
      vertex -44.233597275182866 -13.371311305561164 3
      vertex -39.86914803911959 -12.775221905731762 3
      vertex -39.57162796668324 -12.495831960978684 3
    endloop
  endfacet
  facet normal 0 0 1
    outer loop
      vertex -44.44376941012509 -13.288098270668723 3
      vertex -39.57162796668324 -12.495831960978684 3
      vertex -39.24143708368174 -12.255934242118451 3
    endloop
  endfacet
  facet normal 0 0 1
    outer loop
      vertex -44.662713633745696 -13.23188294868836 3
      vertex -39.24143708368174 -12.255934242118451 3
      vertex -38.88378269758648 -12.059312079485437 3
    endloop
  endfacet
  facet normal 0 0 1
    outer loop
      vertex -49.034061932502965 -8.417278163921372 3
      vertex -44.88697706484724 -13.20355188882911 3
      vertex -38.88378269758648 -12.059312079485437 3
    endloop
  endfacet
  facet normal 0 0 1
    outer loop
      vertex -34.65200328985745 -16.565699440830574 3
      vertex -31.456230589874906 -16.058013454126453 3
      vertex -34.47822642086318 -16.196404796225206 3
    endloop
  endfacet
  facet normal 0 0 1
    outer loop
      vertex -34.47822642086318 -16.196404796225206 3
      vertex -31.673597674598852 -15.66262419483242 3
      vertex -34.35210472633195 -15.808242133285777 3
    endloop
  endfacet
  facet normal 0 0 1
    outer loop
      vertex -34.35210472633195 -14.191757866714221 3
      vertex -31.673597674598852 -14.33737580516758 3
      vertex -34.47822642086318 -13.803595203774798 3
    endloop
  endfacet
  facet normal 0 0 1
    outer loop
      vertex -34.47822642086318 -16.196404796225206 3
      vertex -31.577352024078955 -15.867156613383088 3
      vertex -31.673597674598852 -15.66262419483242 3
    endloop
  endfacet
  facet normal 0 0 1
    outer loop
      vertex -34.65200328985745 -16.565699440830574 3
      vertex -31.31214352935854 -16.23218479067164 3
      vertex -31.456230589874906 -16.058013454126453 3
    endloop
  endfacet
  facet normal 0 0 1
    outer loop
      vertex -34.47822642086318 -16.196404796225206 3
      vertex -31.456230589874906 -16.058013454126453 3
      vertex -31.577352024078955 -15.867156613383088 3
    endloop
  endfacet
  facet normal 0 0 1
    outer loop
      vertex -34.35210472633195 -15.808242133285777 3
      vertex -31.743449690031536 -15.447641796896738 3
      vertex -34.27562722072795 -15.407333009083988 3
    endloop
  endfacet
  facet normal 0 0 1
    outer loop
      vertex -34.35210472633195 -15.808242133285777 3
      vertex -31.673597674598852 -15.66262419483242 3
      vertex -31.743449690031536 -15.447641796896738 3
    endloop
  endfacet
  facet normal 0 0 1
    outer loop
      vertex -34.27562722072795 -15.407333009083988 3
      vertex -31.78580646236606 -15.225599820415747 3
      vertex -34.25 -15 3
    endloop
  endfacet
  facet normal 0 0 1
    outer loop
      vertex -34.27562722072795 -15.407333009083988 3
      vertex -31.743449690031536 -15.447641796896738 3
      vertex -31.78580646236606 -15.225599820415747 3
    endloop
  endfacet
  facet normal 0 0 1
    outer loop
      vertex -34.25 -15 3
      vertex -31.78580646236606 -14.774400179584253 3
      vertex -34.27562722072795 -14.592666990916012 3
    endloop
  endfacet
  facet normal 0 0 1
    outer loop
      vertex -34.25 -15 3
      vertex -31.78580646236606 -15.225599820415747 3
      vertex -31.8 -15 3
    endloop
  endfacet
  facet normal 0 0 1
    outer loop
      vertex -34.25 -15 3
      vertex -31.8 -15 3
      vertex -31.78580646236606 -14.774400179584253 3
    endloop
  endfacet
  facet normal 0 0 1
    outer loop
      vertex -34.27562722072795 -14.592666990916012 3
      vertex -31.743449690031536 -14.552358203103262 3
      vertex -34.35210472633195 -14.191757866714221 3
    endloop
  endfacet
  facet normal 0 0 1
    outer loop
      vertex -34.27562722072795 -14.592666990916012 3
      vertex -31.78580646236606 -14.774400179584253 3
      vertex -31.743449690031536 -14.552358203103262 3
    endloop
  endfacet
  facet normal 0 0 1
    outer loop
      vertex -34.35210472633195 -14.191757866714221 3
      vertex -31.743449690031536 -14.552358203103262 3
      vertex -31.673597674598852 -14.33737580516758 3
    endloop
  endfacet
  facet normal 0 0 1
    outer loop
      vertex -34.47822642086318 -13.803595203774798 3
      vertex -31.673597674598852 -14.33737580516758 3
      vertex -31.577352024078955 -14.132843386616912 3
    endloop
  endfacet
  facet normal 0 0 1
    outer loop
      vertex -34.47822642086318 -13.803595203774798 3
      vertex -31.577352024078955 -14.132843386616912 3
      vertex -31.456230589874906 -13.941986545873549 3
    endloop
  endfacet
  facet normal 0 0 1
    outer loop
      vertex -34.47822642086318 -13.803595203774798 3
      vertex -31.456230589874906 -13.941986545873549 3
      vertex -34.65200328985745 -13.434300559169426 3
    endloop
  endfacet
  facet normal 0 0 1
    outer loop
      vertex -34.65200328985745 -13.434300559169426 3
      vertex -31.31214352935854 -13.767815209328361 3
      vertex -34.870694768281425 -13.089697930049462 3
    endloop
  endfacet
  facet normal 0 0 1
    outer loop
      vertex -35.13085196088041 -12.775221905731762 3
      vertex -34.870694768281425 -13.089697930049462 3
      vertex -30.964488230962193 -13.480209734096373 3
    endloop
  endfacet
  facet normal 0 0 1
    outer loop
      vertex -35.13085196088041 -12.775221905731762 3
      vertex -30.76640272481713 -13.371311305561164 3
      vertex -35.428372033316755 -12.495831960978686 3
    endloop
  endfacet
  facet normal 0 0 1
    outer loop
      vertex -36.11621730241352 -12.059312079485437 3
      vertex -35.75856291631826 -12.255934242118451 3
      vertex -30.337286366254304 -13.23188294868836 3
    endloop
  endfacet
  facet normal 0 0 1
    outer loop
      vertex -35.428372033316755 -12.495831960978686 3
      vertex -30.556230589874904 -13.288098270668723 3
      vertex -35.75856291631826 -12.255934242118451 3
    endloop
  endfacet
  facet normal 0 0 1
    outer loop
      vertex -31.456230589874906 -13.941986545873549 3
      vertex -31.31214352935854 -13.767815209328361 3
      vertex -34.65200328985745 -13.434300559169426 3
    endloop
  endfacet
  facet normal 0 0 1
    outer loop
      vertex -34.870694768281425 -13.089697930049462 3
      vertex -31.31214352935854 -13.767815209328361 3
      vertex -31.14736318154764 -13.61307616300358 3
    endloop
  endfacet
  facet normal 0 0 1
    outer loop
      vertex -34.870694768281425 -13.089697930049462 3
      vertex -31.14736318154764 -13.61307616300358 3
      vertex -30.964488230962193 -13.480209734096373 3
    endloop
  endfacet
  facet normal 0 0 1
    outer loop
      vertex -35.13085196088041 -12.775221905731762 3
      vertex -30.964488230962193 -13.480209734096373 3
      vertex -30.76640272481713 -13.371311305561164 3
    endloop
  endfacet
  facet normal 0 0 1
    outer loop
      vertex -35.428372033316755 -12.495831960978686 3
      vertex -30.76640272481713 -13.371311305561164 3
      vertex -30.556230589874904 -13.288098270668723 3
    endloop
  endfacet
  facet normal 0 0 1
    outer loop
      vertex -35.75856291631826 -12.255934242118451 3
      vertex -30.556230589874904 -13.288098270668723 3
      vertex -30.337286366254304 -13.23188294868836 3
    endloop
  endfacet
  facet normal 0 0 1
    outer loop
      vertex -36.11621730241352 -12.059312079485437 3
      vertex -30.337286366254304 -13.23188294868836 3
      vertex -30.113022935152763 -13.20355188882911 3
    endloop
  endfacet
  facet normal 0 0 1
    outer loop
      vertex -36.11621730241352 -12.059312079485437 3
      vertex -30.113022935152763 -13.20355188882911 3
      vertex -23.50430523171858 -11.90906632204075 3
    endloop
  endfacet
  facet normal 0 0 1
    outer loop
      vertex -36.495694768281425 -11.90906632204075 3
      vertex -36.11621730241352 -12.059312079485437 3
      vertex -23.50430523171858 -11.90906632204075 3
    endloop
  endfacet
  facet normal 0 0 1
    outer loop
      vertex -49.034061932502965 -8.417278163921372 3
      vertex -51.116029797595615 -12.059415161131389 3
      vertex -50.75856291631826 -12.255934242118451 3
    endloop
  endfacet
  facet normal 0 0 1
    outer loop
      vertex -49.034061932502965 -8.417278163921372 3
      vertex -38.88378269758648 -12.059312079485437 3
      vertex -38.504305231718575 -11.90906632204075 3
    endloop
  endfacet
  facet normal 0 0 1
    outer loop
      vertex -49.034061932502965 -8.417278163921372 3
      vertex -38.504305231718575 -11.90906632204075 3
      vertex -38.108989272403605 -11.807566435131761 3
    endloop
  endfacet
  facet normal 0 0 1
    outer loop
      vertex -49.034061932502965 -8.417278163921372 3
      vertex -38.108989272403605 -11.807566435131761 3
      vertex -37.70406918847027 -11.756413132608117 3
    endloop
  endfacet
  facet normal 0 0 1
    outer loop
      vertex -49.034061932502965 -8.417278163921372 3
      vertex -37.29593081152973 -11.756413132608117 3
      vertex -36.891010727596395 -11.807566435131761 3
    endloop
  endfacet
  facet normal 0 0 1
    outer loop
      vertex -49.034061932502965 -8.417278163921372 3
      vertex -37.70406918847027 -11.756413132608117 3
      vertex -37.29593081152973 -11.756413132608117 3
    endloop
  endfacet
  facet normal 0 0 1
    outer loop
      vertex -49.034061932502965 -8.417278163921372 3
      vertex -36.891010727596395 -11.807566435131761 3
      vertex -36.495694768281425 -11.90906632204075 3
    endloop
  endfacet
  facet normal 0 0 1
    outer loop
      vertex -49.034061932502965 -8.417278163921372 3
      vertex -22.704069188470267 -11.756413132608117 3
      vertex -45.5 -8.696746839266913 3
    endloop
  endfacet
  facet normal 0 0 1
    outer loop
      vertex -49.034061932502965 -8.417278163921372 3
      vertex -36.495694768281425 -11.90906632204075 3
      vertex -23.50430523171858 -11.90906632204075 3
    endloop
  endfacet
  facet normal 0 0 1
    outer loop
      vertex -49.034061932502965 -8.417278163921372 3
      vertex -23.50430523171858 -11.90906632204075 3
      vertex -23.108989272403605 -11.807566435131761 3
    endloop
  endfacet
  facet normal 0 0 1
    outer loop
      vertex -49.034061932502965 -8.417278163921372 3
      vertex -23.108989272403605 -11.807566435131761 3
      vertex -22.704069188470267 -11.756413132608117 3
    endloop
  endfacet
  facet normal 0 0 1
    outer loop
      vertex -45.5 -8.696746839266913 3
      vertex -22.704069188470267 -11.756413132608117 3
      vertex -22.295930811529733 -11.756413132608117 3
    endloop
  endfacet
  facet normal 0 -1 0
    outer loop
      vertex -54.81395259764657 -21.99013364214136 0
      vertex 54.81395259764657 -21.99013364214136 3
      vertex -54.81395259764657 -21.99013364214136 3
    endloop
  endfacet
  facet normal 0 0 1
    outer loop
      vertex -36.891010727596395 -18.19243356486824 3
      vertex -23.108989272403605 -18.19243356486824 3
      vertex -23.50430523171858 -18.09093367795925 3
    endloop
  endfacet
  facet normal 0 0 1
    outer loop
      vertex -30.113022935152763 -16.79644811117089 3
      vertex -23.50430523171858 -18.09093367795925 3
      vertex -29.886977064847237 -16.79644811117089 3
    endloop
  endfacet
  facet normal 0 0 1
    outer loop
      vertex -29.443769410125096 -16.711901729331277 3
      vertex -24.24143708368174 -17.74406575788155 3
      vertex -24.57162796668324 -17.504168039021316 3
    endloop
  endfacet
  facet normal 0 0 1
    outer loop
      vertex -29.886977064847237 -16.79644811117089 3
      vertex -23.883782697586486 -17.940687920514563 3
      vertex -29.662713633745696 -16.76811705131164 3
    endloop
  endfacet
  facet normal 0 0 1
    outer loop
      vertex -29.662713633745696 -16.76811705131164 3
      vertex -24.24143708368174 -17.74406575788155 3
      vertex -29.443769410125096 -16.711901729331277 3
    endloop
  endfacet
  facet normal 0 0 1
    outer loop
      vertex -29.443769410125096 -16.711901729331277 3
      vertex -24.57162796668324 -17.504168039021316 3
      vertex -29.23359727518287 -16.628688694438836 3
    endloop
  endfacet
  facet normal 0 0 1
    outer loop
      vertex -29.23359727518287 -16.628688694438836 3
      vertex -24.869148039119587 -17.22477809426824 3
      vertex -29.035511769037807 -16.519790265903627 3
    endloop
  endfacet
  facet normal 0 0 1
    outer loop
      vertex -29.035511769037807 -16.519790265903627 3
      vertex -25.12930523171858 -16.91030206995054 3
      vertex -28.852636818452357 -16.38692383699642 3
    endloop
  endfacet
  facet normal 0 0 1
    outer loop
      vertex -28.852636818452357 -16.38692383699642 3
      vertex -25.12930523171858 -16.91030206995054 3
      vertex -28.68785647064146 -16.23218479067164 3
    endloop
  endfacet
  facet normal 0 0 1
    outer loop
      vertex -29.23359727518287 -16.628688694438836 3
      vertex -24.57162796668324 -17.504168039021316 3
      vertex -24.869148039119587 -17.22477809426824 3
    endloop
  endfacet
  facet normal 0 0 1
    outer loop
      vertex -29.035511769037807 -16.519790265903627 3
      vertex -24.869148039119587 -17.22477809426824 3
      vertex -25.12930523171858 -16.91030206995054 3
    endloop
  endfacet
  facet normal 0 0 1
    outer loop
      vertex -28.68785647064146 -16.23218479067164 3
      vertex -25.12930523171858 -16.91030206995054 3
      vertex -25.347996710142557 -16.565699440830574 3
    endloop
  endfacet
  facet normal 0 0 1
    outer loop
      vertex -29.886977064847237 -16.79644811117089 3
      vertex -23.50430523171858 -18.09093367795925 3
      vertex -23.883782697586486 -17.940687920514563 3
    endloop
  endfacet
  facet normal 0 0 1
    outer loop
      vertex -29.662713633745696 -16.76811705131164 3
      vertex -23.883782697586486 -17.940687920514563 3
      vertex -24.24143708368174 -17.74406575788155 3
    endloop
  endfacet
  facet normal 0 0 1
    outer loop
      vertex -54.81395259764657 -21.99013364214136 3
      vertex 54.81395259764657 -21.99013364214136 3
      vertex -49.4339091029525 -21.755279230855706 3
    endloop
  endfacet
  facet normal 0 0 1
    outer loop
      vertex -21.116217302413514 -17.940687920514563 3
      vertex -15.337286366254304 -16.76811705131164 3
      vertex -20.75856291631826 -17.74406575788155 3
    endloop
  endfacet
  facet normal 0 0 1
    outer loop
      vertex -20.75856291631826 -17.74406575788155 3
      vertex -15.556230589874906 -16.711901729331277 3
      vertex -20.42837203331676 -17.504168039021316 3
    endloop
  endfacet
  facet normal 0 0 1
    outer loop
      vertex -20.42837203331676 -17.504168039021316 3
      vertex -15.76640272481713 -16.628688694438836 3
      vertex -20.130851960880413 -17.22477809426824 3
    endloop
  endfacet
  facet normal 0 0 1
    outer loop
      vertex -20.130851960880413 -17.22477809426824 3
      vertex -15.964488230962194 -16.519790265903627 3
      vertex -19.87069476828142 -16.91030206995054 3
    endloop
  endfacet
  facet normal 0 0 1
    outer loop
      vertex -19.87069476828142 -16.91030206995054 3
      vertex -16.31214352935854 -16.23218479067164 3
      vertex -19.652003289857443 -16.565699440830574 3
    endloop
  endfacet
  facet normal 0 0 1
    outer loop
      vertex -21.891010727596395 -18.19243356486824 3
      vertex -8.108989272403605 -18.19243356486824 3
      vertex -21.49569476828142 -18.09093367795925 3
    endloop
  endfacet
  facet normal 0 0 1
    outer loop
      vertex -21.49569476828142 -18.09093367795925 3
      vertex -8.504305231718579 -18.09093367795925 3
      vertex -21.116217302413514 -17.940687920514563 3
    endloop
  endfacet
  facet normal 0 0 1
    outer loop
      vertex -20.75856291631826 -17.74406575788155 3
      vertex -15.337286366254304 -16.76811705131164 3
      vertex -15.556230589874906 -16.711901729331277 3
    endloop
  endfacet
  facet normal 0 0 1
    outer loop
      vertex -20.42837203331676 -17.504168039021316 3
      vertex -15.556230589874906 -16.711901729331277 3
      vertex -15.76640272481713 -16.628688694438836 3
    endloop
  endfacet
  facet normal 0 0 1
    outer loop
      vertex -21.116217302413514 -17.940687920514563 3
      vertex -15.113022935152765 -16.79644811117089 3
      vertex -15.337286366254304 -16.76811705131164 3
    endloop
  endfacet
  facet normal 0 0 1
    outer loop
      vertex -20.130851960880413 -17.22477809426824 3
      vertex -15.76640272481713 -16.628688694438836 3
      vertex -15.964488230962194 -16.519790265903627 3
    endloop
  endfacet
  facet normal 0 0 1
    outer loop
      vertex -19.87069476828142 -16.91030206995054 3
      vertex -16.14736318154764 -16.38692383699642 3
      vertex -16.31214352935854 -16.23218479067164 3
    endloop
  endfacet
  facet normal 0 0 1
    outer loop
      vertex -19.87069476828142 -16.91030206995054 3
      vertex -15.964488230962194 -16.519790265903627 3
      vertex -16.14736318154764 -16.38692383699642 3
    endloop
  endfacet
  facet normal 0 0 1
    outer loop
      vertex -21.116217302413514 -17.940687920514563 3
      vertex -8.504305231718579 -18.09093367795925 3
      vertex -15.113022935152765 -16.79644811117089 3
    endloop
  endfacet
  facet normal 0 0 1
    outer loop
      vertex -28.68785647064146 -16.23218479067164 3
      vertex -25.347996710142557 -16.565699440830574 3
      vertex -28.543769410125094 -16.058013454126453 3
    endloop
  endfacet
  facet normal 0 0 1
    outer loop
      vertex -28.543769410125094 -16.058013454126453 3
      vertex -25.521773579136816 -16.196404796225202 3
      vertex -28.422647975921045 -15.867156613383088 3
    endloop
  endfacet
  facet normal 0 0 1
    outer loop
      vertex -28.422647975921045 -15.867156613383088 3
      vertex -25.521773579136816 -16.196404796225202 3
      vertex -28.326402325401148 -15.662624194832421 3
    endloop
  endfacet
  facet normal 0 0 1
    outer loop
      vertex -28.543769410125094 -16.058013454126453 3
      vertex -25.347996710142557 -16.565699440830574 3
      vertex -25.521773579136816 -16.196404796225202 3
    endloop
  endfacet
  facet normal 0 0 1
    outer loop
      vertex -28.326402325401148 -15.662624194832421 3
      vertex -25.521773579136816 -16.196404796225202 3
      vertex -25.647895273668052 -15.808242133285779 3
    endloop
  endfacet
  facet normal 0 0 1
    outer loop
      vertex -28.326402325401148 -15.662624194832421 3
      vertex -25.647895273668052 -15.808242133285779 3
      vertex -28.256550309968464 -15.447641796896738 3
    endloop
  endfacet
  facet normal 0 0 1
    outer loop
      vertex -28.256550309968464 -15.447641796896738 3
      vertex -25.724372779272052 -15.407333009083988 3
      vertex -28.21419353763394 -15.225599820415747 3
    endloop
  endfacet
  facet normal 0 0 1
    outer loop
      vertex -28.256550309968464 -15.447641796896738 3
      vertex -25.647895273668052 -15.808242133285779 3
      vertex -25.724372779272052 -15.407333009083988 3
    endloop
  endfacet
  facet normal 0 0 1
    outer loop
      vertex -28.21419353763394 -15.225599820415747 3
      vertex -25.724372779272052 -15.407333009083988 3
      vertex -25.75 -15 3
    endloop
  endfacet
  facet normal 0 0 1
    outer loop
      vertex -28.21419353763394 -15.225599820415747 3
      vertex -25.75 -15 3
      vertex -28.2 -15 3
    endloop
  endfacet
  facet normal 0 0 1
    outer loop
      vertex -28.2 -15 3
      vertex -25.75 -15 3
      vertex -28.21419353763394 -14.774400179584251 3
    endloop
  endfacet
  facet normal 0 0 1
    outer loop
      vertex -28.21419353763394 -14.774400179584251 3
      vertex -25.724372779272052 -14.592666990916012 3
      vertex -28.256550309968464 -14.552358203103262 3
    endloop
  endfacet
  facet normal 0 0 1
    outer loop
      vertex -28.21419353763394 -14.774400179584251 3
      vertex -25.75 -15 3
      vertex -25.724372779272052 -14.592666990916012 3
    endloop
  endfacet
  facet normal 0 0 1
    outer loop
      vertex -28.256550309968464 -14.552358203103262 3
      vertex -25.724372779272052 -14.592666990916012 3
      vertex -25.647895273668052 -14.191757866714221 3
    endloop
  endfacet
  facet normal 0 0 1
    outer loop
      vertex -28.256550309968464 -14.552358203103262 3
      vertex -25.647895273668052 -14.191757866714221 3
      vertex -28.326402325401148 -14.33737580516758 3
    endloop
  endfacet
  facet normal 0 0 1
    outer loop
      vertex -28.326402325401148 -14.33737580516758 3
      vertex -25.521773579136816 -13.803595203774798 3
      vertex -28.422647975921045 -14.132843386616912 3
    endloop
  endfacet
  facet normal 0 0 1
    outer loop
      vertex -28.422647975921045 -14.132843386616912 3
      vertex -25.521773579136816 -13.803595203774798 3
      vertex -28.543769410125094 -13.941986545873549 3
    endloop
  endfacet
  facet normal 0 0 1
    outer loop
      vertex -28.326402325401148 -14.33737580516758 3
      vertex -25.647895273668052 -14.191757866714221 3
      vertex -25.521773579136816 -13.803595203774798 3
    endloop
  endfacet
  facet normal 0 0 1
    outer loop
      vertex -28.543769410125094 -13.941986545873549 3
      vertex -25.347996710142557 -13.434300559169426 3
      vertex -28.68785647064146 -13.76781520932836 3
    endloop
  endfacet
  facet normal 0 0 1
    outer loop
      vertex -28.68785647064146 -13.76781520932836 3
      vertex -25.12930523171858 -13.089697930049462 3
      vertex -28.852636818452357 -13.61307616300358 3
    endloop
  endfacet
  facet normal 0 0 1
    outer loop
      vertex -28.852636818452357 -13.61307616300358 3
      vertex -25.12930523171858 -13.089697930049462 3
      vertex -29.035511769037807 -13.480209734096373 3
    endloop
  endfacet
  facet normal 0 0 1
    outer loop
      vertex -29.035511769037807 -13.480209734096373 3
      vertex -24.869148039119587 -12.775221905731762 3
      vertex -29.23359727518287 -13.371311305561164 3
    endloop
  endfacet
  facet normal 0 0 1
    outer loop
      vertex -28.543769410125094 -13.941986545873549 3
      vertex -25.521773579136816 -13.803595203774798 3
      vertex -25.347996710142557 -13.434300559169426 3
    endloop
  endfacet
  facet normal 0 0 1
    outer loop
      vertex -28.68785647064146 -13.76781520932836 3
      vertex -25.347996710142557 -13.434300559169426 3
      vertex -25.12930523171858 -13.089697930049462 3
    endloop
  endfacet
  facet normal 0 0 1
    outer loop
      vertex -29.035511769037807 -13.480209734096373 3
      vertex -25.12930523171858 -13.089697930049462 3
      vertex -24.869148039119587 -12.775221905731762 3
    endloop
  endfacet
  facet normal 0 0 1
    outer loop
      vertex -29.23359727518287 -13.371311305561164 3
      vertex -24.57162796668324 -12.495831960978684 3
      vertex -29.443769410125096 -13.288098270668723 3
    endloop
  endfacet
  facet normal 0 0 1
    outer loop
      vertex -29.662713633745696 -13.23188294868836 3
      vertex -29.443769410125096 -13.288098270668723 3
      vertex -24.24143708368174 -12.255934242118451 3
    endloop
  endfacet
  facet normal 0 0 1
    outer loop
      vertex -29.886977064847237 -13.20355188882911 3
      vertex -29.662713633745696 -13.23188294868836 3
      vertex -23.883782697586486 -12.059312079485437 3
    endloop
  endfacet
  facet normal 0 0 1
    outer loop
      vertex -30.113022935152763 -13.20355188882911 3
      vertex -29.886977064847237 -13.20355188882911 3
      vertex -23.50430523171858 -11.90906632204075 3
    endloop
  endfacet
  facet normal 0 0 1
    outer loop
      vertex -29.23359727518287 -13.371311305561164 3
      vertex -24.869148039119587 -12.775221905731762 3
      vertex -24.57162796668324 -12.495831960978684 3
    endloop
  endfacet
  facet normal 0 0 1
    outer loop
      vertex -29.443769410125096 -13.288098270668723 3
      vertex -24.57162796668324 -12.495831960978684 3
      vertex -24.24143708368174 -12.255934242118451 3
    endloop
  endfacet
  facet normal 0 0 1
    outer loop
      vertex -29.662713633745696 -13.23188294868836 3
      vertex -24.24143708368174 -12.255934242118451 3
      vertex -23.883782697586486 -12.059312079485437 3
    endloop
  endfacet
  facet normal 0 0 1
    outer loop
      vertex -29.886977064847237 -13.20355188882911 3
      vertex -23.883782697586486 -12.059312079485437 3
      vertex -23.50430523171858 -11.90906632204075 3
    endloop
  endfacet
  facet normal 0 0 1
    outer loop
      vertex -19.652003289857443 -16.565699440830574 3
      vertex -16.456230589874906 -16.058013454126453 3
      vertex -19.478226420863184 -16.196404796225206 3
    endloop
  endfacet
  facet normal 0 0 1
    outer loop
      vertex -19.478226420863184 -16.196404796225206 3
      vertex -16.673597674598852 -15.66262419483242 3
      vertex -19.352104726331948 -15.808242133285777 3
    endloop
  endfacet
  facet normal 0 0 1
    outer loop
      vertex -19.652003289857443 -16.565699440830574 3
      vertex -16.31214352935854 -16.23218479067164 3
      vertex -16.456230589874906 -16.058013454126453 3
    endloop
  endfacet
  facet normal 0 0 1
    outer loop
      vertex -19.478226420863184 -16.196404796225206 3
      vertex -16.456230589874906 -16.058013454126453 3
      vertex -16.577352024078955 -15.867156613383088 3
    endloop
  endfacet
  facet normal 0 0 1
    outer loop
      vertex -19.478226420863184 -16.196404796225206 3
      vertex -16.577352024078955 -15.867156613383088 3
      vertex -16.673597674598852 -15.66262419483242 3
    endloop
  endfacet
  facet normal 0 0 1
    outer loop
      vertex -19.352104726331948 -15.808242133285777 3
      vertex -16.743449690031536 -15.447641796896738 3
      vertex -19.275627220727948 -15.407333009083988 3
    endloop
  endfacet
  facet normal 0 0 1
    outer loop
      vertex -19.275627220727948 -15.407333009083988 3
      vertex -16.78580646236606 -15.225599820415747 3
      vertex -19.25 -15 3
    endloop
  endfacet
  facet normal 0 0 1
    outer loop
      vertex -19.352104726331948 -15.808242133285777 3
      vertex -16.673597674598852 -15.66262419483242 3
      vertex -16.743449690031536 -15.447641796896738 3
    endloop
  endfacet
  facet normal 0 0 1
    outer loop
      vertex -19.275627220727948 -15.407333009083988 3
      vertex -16.743449690031536 -15.447641796896738 3
      vertex -16.78580646236606 -15.225599820415747 3
    endloop
  endfacet
  facet normal 0 0 1
    outer loop
      vertex -19.25 -15 3
      vertex -16.78580646236606 -14.774400179584253 3
      vertex -19.275627220727948 -14.592666990916012 3
    endloop
  endfacet
  facet normal 0 0 1
    outer loop
      vertex -19.275627220727948 -14.592666990916012 3
      vertex -16.743449690031536 -14.552358203103262 3
      vertex -19.352104726331948 -14.191757866714221 3
    endloop
  endfacet
  facet normal 0 0 1
    outer loop
      vertex -19.25 -15 3
      vertex -16.78580646236606 -15.225599820415747 3
      vertex -16.8 -15 3
    endloop
  endfacet
  facet normal 0 0 1
    outer loop
      vertex -19.25 -15 3
      vertex -16.8 -15 3
      vertex -16.78580646236606 -14.774400179584253 3
    endloop
  endfacet
  facet normal 0 0 1
    outer loop
      vertex -19.275627220727948 -14.592666990916012 3
      vertex -16.78580646236606 -14.774400179584253 3
      vertex -16.743449690031536 -14.552358203103262 3
    endloop
  endfacet
  facet normal 0 0 1
    outer loop
      vertex -19.352104726331948 -14.191757866714221 3
      vertex -16.577352024078955 -14.132843386616912 3
      vertex -19.478226420863184 -13.803595203774798 3
    endloop
  endfacet
  facet normal 0 0 1
    outer loop
      vertex -19.352104726331948 -14.191757866714221 3
      vertex -16.743449690031536 -14.552358203103262 3
      vertex -16.673597674598852 -14.33737580516758 3
    endloop
  endfacet
  facet normal 0 0 1
    outer loop
      vertex -19.352104726331948 -14.191757866714221 3
      vertex -16.673597674598852 -14.33737580516758 3
      vertex -16.577352024078955 -14.132843386616912 3
    endloop
  endfacet
  facet normal 0 0 1
    outer loop
      vertex -19.478226420863184 -13.803595203774798 3
      vertex -16.577352024078955 -14.132843386616912 3
      vertex -16.456230589874906 -13.941986545873549 3
    endloop
  endfacet
  facet normal 0 0 1
    outer loop
      vertex -19.87069476828142 -13.089697930049462 3
      vertex -15.964488230962194 -13.480209734096373 3
      vertex -20.130851960880413 -12.775221905731762 3
    endloop
  endfacet
  facet normal 0 0 1
    outer loop
      vertex -20.130851960880413 -12.775221905731762 3
      vertex -15.556230589874906 -13.288098270668723 3
      vertex -20.42837203331676 -12.495831960978686 3
    endloop
  endfacet
  facet normal 0 0 1
    outer loop
      vertex -20.42837203331676 -12.495831960978686 3
      vertex -15.113022935152763 -13.20355188882911 3
      vertex -20.75856291631826 -12.255934242118451 3
    endloop
  endfacet
  facet normal 0 0 1
    outer loop
      vertex -19.478226420863184 -13.803595203774798 3
      vertex -16.456230589874906 -13.941986545873549 3
      vertex -19.652003289857443 -13.434300559169426 3
    endloop
  endfacet
  facet normal 0 0 1
    outer loop
      vertex -19.652003289857443 -13.434300559169426 3
      vertex -16.14736318154764 -13.61307616300358 3
      vertex -19.87069476828142 -13.089697930049462 3
    endloop
  endfacet
  facet normal 0 0 1
    outer loop
      vertex -16.456230589874906 -13.941986545873549 3
      vertex -16.31214352935854 -13.767815209328361 3
      vertex -19.652003289857443 -13.434300559169426 3
    endloop
  endfacet
  facet normal 0 0 1
    outer loop
      vertex -19.652003289857443 -13.434300559169426 3
      vertex -16.31214352935854 -13.767815209328361 3
      vertex -16.14736318154764 -13.61307616300358 3
    endloop
  endfacet
  facet normal 0 0 1
    outer loop
      vertex -19.87069476828142 -13.089697930049462 3
      vertex -16.14736318154764 -13.61307616300358 3
      vertex -15.964488230962194 -13.480209734096373 3
    endloop
  endfacet
  facet normal 0 0 1
    outer loop
      vertex -20.130851960880413 -12.775221905731762 3
      vertex -15.964488230962194 -13.480209734096373 3
      vertex -15.76640272481713 -13.371311305561164 3
    endloop
  endfacet
  facet normal 0 0 1
    outer loop
      vertex -20.130851960880413 -12.775221905731762 3
      vertex -15.76640272481713 -13.371311305561164 3
      vertex -15.556230589874906 -13.288098270668723 3
    endloop
  endfacet
  facet normal 0 0 1
    outer loop
      vertex -20.42837203331676 -12.495831960978686 3
      vertex -15.556230589874906 -13.288098270668723 3
      vertex -15.337286366254304 -13.23188294868836 3
    endloop
  endfacet
  facet normal 0 0 1
    outer loop
      vertex -20.42837203331676 -12.495831960978686 3
      vertex -15.337286366254304 -13.23188294868836 3
      vertex -15.113022935152763 -13.20355188882911 3
    endloop
  endfacet
  facet normal 0 0 1
    outer loop
      vertex -20.75856291631826 -12.255934242118451 3
      vertex -15.113022935152763 -13.20355188882911 3
      vertex -14.886977064847237 -13.20355188882911 3
    endloop
  endfacet
  facet normal 0 0 1
    outer loop
      vertex -20.75856291631826 -12.255934242118451 3
      vertex -14.886977064847237 -13.20355188882911 3
      vertex -14.662713633745696 -13.23188294868836 3
    endloop
  endfacet
  facet normal 0 0 1
    outer loop
      vertex -20.75856291631826 -12.255934242118451 3
      vertex -10.347996710142557 -13.434300559169426 3
      vertex -21.116217302413514 -12.059312079485437 3
    endloop
  endfacet
  facet normal 0 0 1
    outer loop
      vertex -20.75856291631826 -12.255934242118451 3
      vertex -14.662713633745696 -13.23188294868836 3
      vertex -10.347996710142557 -13.434300559169426 3
    endloop
  endfacet
  facet normal 0 0 1
    outer loop
      vertex -10.129305231718579 -13.089697930049462 3
      vertex -21.49569476828142 -11.90906632204075 3
      vertex -21.116217302413514 -12.059312079485437 3
    endloop
  endfacet
  facet normal 0 0 1
    outer loop
      vertex -22.295930811529733 -11.756413132608117 3
      vertex -21.891010727596395 -11.807566435131761 3
      vertex -8.108989272403605 -11.807566435131761 3
    endloop
  endfacet
  facet normal 0 0 1
    outer loop
      vertex -21.49569476828142 -11.90906632204075 3
      vertex -8.108989272403605 -11.807566435131761 3
      vertex -21.891010727596395 -11.807566435131761 3
    endloop
  endfacet
  facet normal 0 0 1
    outer loop
      vertex -21.49569476828142 -18.09093367795925 3
      vertex -8.108989272403605 -18.19243356486824 3
      vertex -8.504305231718579 -18.09093367795925 3
    endloop
  endfacet
  facet normal 0 0 1
    outer loop
      vertex -21.891010727596395 -18.19243356486824 3
      vertex -7.70406918847027 -18.243586867391883 3
      vertex -8.108989272403605 -18.19243356486824 3
    endloop
  endfacet
  facet normal 0 0 1
    outer loop
      vertex -15.113022935152765 -16.79644811117089 3
      vertex -8.504305231718579 -18.09093367795925 3
      vertex -14.886977064847235 -16.79644811117089 3
    endloop
  endfacet
  facet normal 0 0 1
    outer loop
      vertex -14.886977064847235 -16.79644811117089 3
      vertex -8.883782697586486 -17.940687920514563 3
      vertex -14.662713633745696 -16.76811705131164 3
    endloop
  endfacet
  facet normal 0 0 1
    outer loop
      vertex -14.662713633745696 -16.76811705131164 3
      vertex -9.24143708368174 -17.74406575788155 3
      vertex -14.443769410125094 -16.711901729331277 3
    endloop
  endfacet
  facet normal 0 0 1
    outer loop
      vertex -14.443769410125094 -16.711901729331277 3
      vertex -9.571627966683241 -17.504168039021316 3
      vertex -14.23359727518287 -16.628688694438836 3
    endloop
  endfacet
  facet normal 0 0 1
    outer loop
      vertex -14.23359727518287 -16.628688694438836 3
      vertex -9.869148039119588 -17.22477809426824 3
      vertex -14.035511769037807 -16.519790265903627 3
    endloop
  endfacet
  facet normal 0 0 1
    outer loop
      vertex -14.035511769037807 -16.519790265903627 3
      vertex -10.129305231718579 -16.91030206995054 3
      vertex -13.852636818452359 -16.38692383699642 3
    endloop
  endfacet
  facet normal 0 0 1
    outer loop
      vertex -13.852636818452359 -16.38692383699642 3
      vertex -10.129305231718579 -16.91030206995054 3
      vertex -13.687856470641458 -16.23218479067164 3
    endloop
  endfacet
  facet normal 0 0 1
    outer loop
      vertex -14.23359727518287 -16.628688694438836 3
      vertex -9.571627966683241 -17.504168039021316 3
      vertex -9.869148039119588 -17.22477809426824 3
    endloop
  endfacet
  facet normal 0 0 1
    outer loop
      vertex -14.035511769037807 -16.519790265903627 3
      vertex -9.869148039119588 -17.22477809426824 3
      vertex -10.129305231718579 -16.91030206995054 3
    endloop
  endfacet
  facet normal 0 0 1
    outer loop
      vertex -13.687856470641458 -16.23218479067164 3
      vertex -10.129305231718579 -16.91030206995054 3
      vertex -10.347996710142557 -16.565699440830574 3
    endloop
  endfacet
  facet normal 0 0 1
    outer loop
      vertex -14.886977064847235 -16.79644811117089 3
      vertex -8.504305231718579 -18.09093367795925 3
      vertex -8.883782697586486 -17.940687920514563 3
    endloop
  endfacet
  facet normal 0 0 1
    outer loop
      vertex -14.662713633745696 -16.76811705131164 3
      vertex -8.883782697586486 -17.940687920514563 3
      vertex -9.24143708368174 -17.74406575788155 3
    endloop
  endfacet
  facet normal 0 0 1
    outer loop
      vertex -14.443769410125094 -16.711901729331277 3
      vertex -9.24143708368174 -17.74406575788155 3
      vertex -9.571627966683241 -17.504168039021316 3
    endloop
  endfacet
  facet normal 0 0 1
    outer loop
      vertex -49.4339091029525 -21.755279230855706 3
      vertex 54.81395259764657 -21.99013364214136 3
      vertex -22.70406918847027 -18.243586867391883 3
    endloop
  endfacet
  facet normal 0 0 1
    outer loop
      vertex -6.495694768281421 -18.09093367795925 3
      vertex -0.11302293515276478 -16.79644811117089 3
      vertex -6.1162173024135145 -17.940687920514563 3
    endloop
  endfacet
  facet normal 0 0 1
    outer loop
      vertex -6.1162173024135145 -17.940687920514563 3
      vertex -0.3372863662543047 -16.76811705131164 3
      vertex -5.758562916318263 -17.74406575788155 3
    endloop
  endfacet
  facet normal 0 0 1
    outer loop
      vertex -5.758562916318263 -17.74406575788155 3
      vertex -0.5562305898749054 -16.711901729331277 3
      vertex -5.428372033316758 -17.504168039021316 3
    endloop
  endfacet
  facet normal 0 0 1
    outer loop
      vertex -5.428372033316758 -17.504168039021316 3
      vertex -0.7664027248171305 -16.628688694438836 3
      vertex -5.1308519608804115 -17.22477809426824 3
    endloop
  endfacet
  facet normal 0 0 1
    outer loop
      vertex -7.29593081152973 -18.243586867391883 3
      vertex 7.29593081152973 -18.243586867391883 3
      vertex -6.891010727596394 -18.19243356486824 3
    endloop
  endfacet
  facet normal 0 0 1
    outer loop
      vertex -6.891010727596394 -18.19243356486824 3
      vertex 6.891010727596394 -18.19243356486824 3
      vertex -6.495694768281421 -18.09093367795925 3
    endloop
  endfacet
  facet normal 0 0 1
    outer loop
      vertex -6.495694768281421 -18.09093367795925 3
      vertex 0.11302293515276478 -16.79644811117089 3
      vertex -0.11302293515276478 -16.79644811117089 3
    endloop
  endfacet
  facet normal 0 0 1
    outer loop
      vertex -5.1308519608804115 -17.22477809426824 3
      vertex -0.9644882309621942 -16.519790265903627 3
      vertex -4.870694768281421 -16.91030206995054 3
    endloop
  endfacet
  facet normal 0 0 1
    outer loop
      vertex -4.870694768281421 -16.91030206995054 3
      vertex -1.312143529358541 -16.23218479067164 3
      vertex -4.6520032898574435 -16.565699440830574 3
    endloop
  endfacet
  facet normal 0 0 1
    outer loop
      vertex -6.1162173024135145 -17.940687920514563 3
      vertex -0.11302293515276478 -16.79644811117089 3
      vertex -0.3372863662543047 -16.76811705131164 3
    endloop
  endfacet
  facet normal 0 0 1
    outer loop
      vertex -5.758562916318263 -17.74406575788155 3
      vertex -0.3372863662543047 -16.76811705131164 3
      vertex -0.5562305898749054 -16.711901729331277 3
    endloop
  endfacet
  facet normal 0 0 1
    outer loop
      vertex -5.428372033316758 -17.504168039021316 3
      vertex -0.5562305898749054 -16.711901729331277 3
      vertex -0.7664027248171305 -16.628688694438836 3
    endloop
  endfacet
  facet normal 0 0 1
    outer loop
      vertex -4.870694768281421 -16.91030206995054 3
      vertex -0.9644882309621942 -16.519790265903627 3
      vertex -1.1473631815476413 -16.38692383699642 3
    endloop
  endfacet
  facet normal 0 0 1
    outer loop
      vertex -4.870694768281421 -16.91030206995054 3
      vertex -1.1473631815476413 -16.38692383699642 3
      vertex -1.312143529358541 -16.23218479067164 3
    endloop
  endfacet
  facet normal 0 0 1
    outer loop
      vertex -5.1308519608804115 -17.22477809426824 3
      vertex -0.7664027248171305 -16.628688694438836 3
      vertex -0.9644882309621942 -16.519790265903627 3
    endloop
  endfacet
  facet normal 0 0 1
    outer loop
      vertex -6.495694768281421 -18.09093367795925 3
      vertex 6.1162173024135145 -17.940687920514563 3
      vertex 0.11302293515276478 -16.79644811117089 3
    endloop
  endfacet
  facet normal 0 0 1
    outer loop
      vertex -13.687856470641458 -16.23218479067164 3
      vertex -10.347996710142557 -16.565699440830574 3
      vertex -13.543769410125094 -16.058013454126453 3
    endloop
  endfacet
  facet normal 0 0 1
    outer loop
      vertex -13.543769410125094 -16.058013454126453 3
      vertex -10.521773579136816 -16.196404796225202 3
      vertex -13.422647975921045 -15.867156613383088 3
    endloop
  endfacet
  facet normal 0 0 1
    outer loop
      vertex -10.521773579136816 -16.196404796225202 3
      vertex -13.326402325401148 -15.662624194832421 3
      vertex -13.422647975921045 -15.867156613383088 3
    endloop
  endfacet
  facet normal 0 0 1
    outer loop
      vertex -13.543769410125094 -16.058013454126453 3
      vertex -10.347996710142557 -16.565699440830574 3
      vertex -10.521773579136816 -16.196404796225202 3
    endloop
  endfacet
  facet normal 0 0 1
    outer loop
      vertex -10.521773579136816 -16.196404796225202 3
      vertex -10.647895273668052 -15.808242133285779 3
      vertex -13.326402325401148 -15.662624194832421 3
    endloop
  endfacet
  facet normal 0 0 1
    outer loop
      vertex -13.326402325401148 -15.662624194832421 3
      vertex -10.647895273668052 -15.808242133285779 3
      vertex -13.256550309968464 -15.447641796896738 3
    endloop
  endfacet
  facet normal 0 0 1
    outer loop
      vertex -13.256550309968464 -15.447641796896738 3
      vertex -10.724372779272052 -15.407333009083988 3
      vertex -13.214193537633939 -15.225599820415747 3
    endloop
  endfacet
  facet normal 0 0 1
    outer loop
      vertex -13.256550309968464 -15.447641796896738 3
      vertex -10.647895273668052 -15.808242133285779 3
      vertex -10.724372779272052 -15.407333009083988 3
    endloop
  endfacet
  facet normal 0 0 1
    outer loop
      vertex -13.214193537633939 -15.225599820415747 3
      vertex -10.724372779272052 -15.407333009083988 3
      vertex -10.75 -15 3
    endloop
  endfacet
  facet normal 0 0 1
    outer loop
      vertex -13.214193537633939 -15.225599820415747 3
      vertex -10.75 -15 3
      vertex -13.2 -15 3
    endloop
  endfacet
  facet normal 0 0 1
    outer loop
      vertex -13.2 -15 3
      vertex -10.75 -15 3
      vertex -13.214193537633939 -14.774400179584251 3
    endloop
  endfacet
  facet normal 0 0 1
    outer loop
      vertex -13.214193537633939 -14.774400179584251 3
      vertex -10.724372779272052 -14.592666990916012 3
      vertex -13.256550309968464 -14.552358203103262 3
    endloop
  endfacet
  facet normal 0 0 1
    outer loop
      vertex -13.214193537633939 -14.774400179584251 3
      vertex -10.75 -15 3
      vertex -10.724372779272052 -14.592666990916012 3
    endloop
  endfacet
  facet normal 0 0 1
    outer loop
      vertex -13.256550309968464 -14.552358203103262 3
      vertex -10.724372779272052 -14.592666990916012 3
      vertex -10.647895273668052 -14.191757866714221 3
    endloop
  endfacet
  facet normal 0 0 1
    outer loop
      vertex -13.256550309968464 -14.552358203103262 3
      vertex -10.647895273668052 -14.191757866714221 3
      vertex -13.326402325401148 -14.33737580516758 3
    endloop
  endfacet
  facet normal 0 0 1
    outer loop
      vertex -13.326402325401148 -14.33737580516758 3
      vertex -10.521773579136816 -13.803595203774798 3
      vertex -13.422647975921045 -14.132843386616912 3
    endloop
  endfacet
  facet normal 0 0 1
    outer loop
      vertex -13.543769410125094 -13.941986545873549 3
      vertex -13.422647975921045 -14.132843386616912 3
      vertex -10.521773579136816 -13.803595203774798 3
    endloop
  endfacet
  facet normal 0 0 1
    outer loop
      vertex -13.326402325401148 -14.33737580516758 3
      vertex -10.647895273668052 -14.191757866714221 3
      vertex -10.521773579136816 -13.803595203774798 3
    endloop
  endfacet
  facet normal 0 0 1
    outer loop
      vertex -10.347996710142557 -13.434300559169426 3
      vertex -14.662713633745696 -13.23188294868836 3
      vertex -14.443769410125094 -13.288098270668723 3
    endloop
  endfacet
  facet normal 0 0 1
    outer loop
      vertex -10.129305231718579 -13.089697930049462 3
      vertex -21.116217302413514 -12.059312079485437 3
      vertex -10.347996710142557 -13.434300559169426 3
    endloop
  endfacet
  facet normal 0 0 1
    outer loop
      vertex -21.49569476828142 -11.90906632204075 3
      vertex -10.129305231718579 -13.089697930049462 3
      vertex -9.869148039119588 -12.775221905731762 3
    endloop
  endfacet
  facet normal 0 0 1
    outer loop
      vertex -21.49569476828142 -11.90906632204075 3
      vertex -9.869148039119588 -12.775221905731762 3
      vertex -9.571627966683241 -12.495831960978684 3
    endloop
  endfacet
  facet normal 0 0 1
    outer loop
      vertex -10.347996710142557 -13.434300559169426 3
      vertex -13.852636818452359 -13.61307616300358 3
      vertex -13.68785647064146 -13.76781520932836 3
    endloop
  endfacet
  facet normal 0 0 1
    outer loop
      vertex -10.347996710142557 -13.434300559169426 3
      vertex -14.23359727518287 -13.371311305561164 3
      vertex -14.035511769037806 -13.480209734096373 3
    endloop
  endfacet
  facet normal 0 0 1
    outer loop
      vertex -10.347996710142557 -13.434300559169426 3
      vertex -14.035511769037806 -13.480209734096373 3
      vertex -13.852636818452359 -13.61307616300358 3
    endloop
  endfacet
  facet normal 0 0 1
    outer loop
      vertex -10.347996710142557 -13.434300559169426 3
      vertex -13.68785647064146 -13.76781520932836 3
      vertex -13.543769410125094 -13.941986545873549 3
    endloop
  endfacet
  facet normal 0 0 1
    outer loop
      vertex -10.347996710142557 -13.434300559169426 3
      vertex -14.443769410125094 -13.288098270668723 3
      vertex -14.23359727518287 -13.371311305561164 3
    endloop
  endfacet
  facet normal 0 0 1
    outer loop
      vertex -10.347996710142557 -13.434300559169426 3
      vertex -13.543769410125094 -13.941986545873549 3
      vertex -10.521773579136816 -13.803595203774798 3
    endloop
  endfacet
  facet normal 0 0 1
    outer loop
      vertex -21.49569476828142 -11.90906632204075 3
      vertex -9.571627966683241 -12.495831960978684 3
      vertex -9.24143708368174 -12.255934242118451 3
    endloop
  endfacet
  facet normal 0 0 1
    outer loop
      vertex -21.49569476828142 -11.90906632204075 3
      vertex -9.24143708368174 -12.255934242118451 3
      vertex -8.883782697586486 -12.059312079485437 3
    endloop
  endfacet
  facet normal 0 0 1
    outer loop
      vertex -21.49569476828142 -11.90906632204075 3
      vertex -8.883782697586486 -12.059312079485437 3
      vertex -8.504305231718579 -11.90906632204075 3
    endloop
  endfacet
  facet normal 0 0 1
    outer loop
      vertex -21.49569476828142 -11.90906632204075 3
      vertex -8.504305231718579 -11.90906632204075 3
      vertex -8.108989272403605 -11.807566435131761 3
    endloop
  endfacet
  facet normal 0 0 1
    outer loop
      vertex -22.295930811529733 -11.756413132608117 3
      vertex -8.108989272403605 -11.807566435131761 3
      vertex -7.704069188470268 -11.756413132608117 3
    endloop
  endfacet
  facet normal 0 0 1
    outer loop
      vertex -45.5 -8.696746839266913 3
      vertex 5.428372033316759 -12.495831960978684 3
      vertex 5.758562916318261 -12.255934242118451 3
    endloop
  endfacet
  facet normal 0 0 1
    outer loop
      vertex -45.5 -8.696746839266913 3
      vertex 5.758562916318261 -12.255934242118451 3
      vertex 6.116217302413514 -12.059312079485437 3
    endloop
  endfacet
  facet normal 0 0 1
    outer loop
      vertex -4.6520032898574435 -16.565699440830574 3
      vertex -1.4562305898749055 -16.058013454126453 3
      vertex -4.478226420863184 -16.196404796225206 3
    endloop
  endfacet
  facet normal 0 0 1
    outer loop
      vertex -4.478226420863184 -16.196404796225206 3
      vertex -1.6735976745988526 -15.66262419483242 3
      vertex -4.352104726331948 -15.808242133285777 3
    endloop
  endfacet
  facet normal 0 0 1
    outer loop
      vertex -4.6520032898574435 -16.565699440830574 3
      vertex -1.312143529358541 -16.23218479067164 3
      vertex -1.4562305898749055 -16.058013454126453 3
    endloop
  endfacet
  facet normal 0 0 1
    outer loop
      vertex -4.478226420863184 -16.196404796225206 3
      vertex -1.4562305898749055 -16.058013454126453 3
      vertex -1.5773520240789543 -15.867156613383088 3
    endloop
  endfacet
  facet normal 0 0 1
    outer loop
      vertex -4.478226420863184 -16.196404796225206 3
      vertex -1.5773520240789543 -15.867156613383088 3
      vertex -1.6735976745988526 -15.66262419483242 3
    endloop
  endfacet
  facet normal 0 0 1
    outer loop
      vertex -4.352104726331948 -15.808242133285777 3
      vertex -1.743449690031536 -15.447641796896738 3
      vertex -4.275627220727947 -15.407333009083988 3
    endloop
  endfacet
  facet normal 0 0 1
    outer loop
      vertex -4.275627220727947 -15.407333009083988 3
      vertex -1.8 -15 3
      vertex -4.25 -15 3
    endloop
  endfacet
  facet normal 0 0 1
    outer loop
      vertex -4.352104726331948 -15.808242133285777 3
      vertex -1.6735976745988526 -15.66262419483242 3
      vertex -1.743449690031536 -15.447641796896738 3
    endloop
  endfacet
  facet normal 0 0 1
    outer loop
      vertex -4.275627220727947 -15.407333009083988 3
      vertex -1.743449690031536 -15.447641796896738 3
      vertex -1.78580646236606 -15.225599820415747 3
    endloop
  endfacet
  facet normal 0 0 1
    outer loop
      vertex -4.275627220727947 -15.407333009083988 3
      vertex -1.78580646236606 -15.225599820415747 3
      vertex -1.8 -15 3
    endloop
  endfacet
  facet normal 0 0 1
    outer loop
      vertex -4.25 -15 3
      vertex -1.78580646236606 -14.774400179584253 3
      vertex -4.275627220727947 -14.592666990916012 3
    endloop
  endfacet
  facet normal 0 0 1
    outer loop
      vertex -4.25 -15 3
      vertex -1.8 -15 3
      vertex -1.78580646236606 -14.774400179584253 3
    endloop
  endfacet
  facet normal 0 0 1
    outer loop
      vertex -1.743449690031536 -14.552358203103262 3
      vertex -4.275627220727947 -14.592666990916012 3
      vertex -1.78580646236606 -14.774400179584253 3
    endloop
  endfacet
  facet normal 0 0 1
    outer loop
      vertex -4.275627220727947 -14.592666990916012 3
      vertex -1.743449690031536 -14.552358203103262 3
      vertex -1.6735976745988526 -14.33737580516758 3
    endloop
  endfacet
  facet normal 0 0 1
    outer loop
      vertex -4.275627220727947 -14.592666990916012 3
      vertex -1.6735976745988526 -14.33737580516758 3
      vertex -4.352104726331949 -14.191757866714221 3
    endloop
  endfacet
  facet normal 0 0 1
    outer loop
      vertex -4.352104726331949 -14.191757866714221 3
      vertex -1.5773520240789543 -14.132843386616912 3
      vertex -4.478226420863184 -13.803595203774798 3
    endloop
  endfacet
  facet normal 0 0 1
    outer loop
      vertex -4.352104726331949 -14.191757866714221 3
      vertex -1.6735976745988526 -14.33737580516758 3
      vertex -1.5773520240789543 -14.132843386616912 3
    endloop
  endfacet
  facet normal 0 0 1
    outer loop
      vertex -4.478226420863184 -13.803595203774798 3
      vertex -1.5773520240789543 -14.132843386616912 3
      vertex -1.4562305898749055 -13.941986545873549 3
    endloop
  endfacet
  facet normal 0 0 1
    outer loop
      vertex -5.428372033316759 -12.495831960978686 3
      vertex -5.130851960880412 -12.775221905731762 3
      vertex -0.7664027248171309 -13.371311305561164 3
    endloop
  endfacet
  facet normal 0 0 1
    outer loop
      vertex -0.1130229351527639 -13.20355188882911 3
      vertex -6.495694768281421 -11.90906632204075 3
      vertex -6.116217302413514 -12.059312079485437 3
    endloop
  endfacet
  facet normal 0 0 1
    outer loop
      vertex -5.428372033316759 -12.495831960978686 3
      vertex -0.5562305898749054 -13.288098270668723 3
      vertex -5.758562916318261 -12.255934242118451 3
    endloop
  endfacet
  facet normal 0 0 1
    outer loop
      vertex -5.758562916318261 -12.255934242118451 3
      vertex -0.33728636625430425 -13.23188294868836 3
      vertex -6.116217302413514 -12.059312079485437 3
    endloop
  endfacet
  facet normal 0 0 1
    outer loop
      vertex -4.478226420863184 -13.803595203774798 3
      vertex -1.4562305898749055 -13.941986545873549 3
      vertex -4.6520032898574435 -13.434300559169426 3
    endloop
  endfacet
  facet normal 0 0 1
    outer loop
      vertex -4.6520032898574435 -13.434300559169426 3
      vertex -1.312143529358541 -13.767815209328361 3
      vertex -4.870694768281421 -13.089697930049462 3
    endloop
  endfacet
  facet normal 0 0 1
    outer loop
      vertex -4.870694768281421 -13.089697930049462 3
      vertex -0.9644882309621942 -13.480209734096373 3
      vertex -5.130851960880412 -12.775221905731762 3
    endloop
  endfacet
  facet normal 0 0 1
    outer loop
      vertex -1.4562305898749055 -13.941986545873549 3
      vertex -1.312143529358541 -13.767815209328361 3
      vertex -4.6520032898574435 -13.434300559169426 3
    endloop
  endfacet
  facet normal 0 0 1
    outer loop
      vertex -4.870694768281421 -13.089697930049462 3
      vertex -1.312143529358541 -13.767815209328361 3
      vertex -1.1473631815476413 -13.61307616300358 3
    endloop
  endfacet
  facet normal 0 0 1
    outer loop
      vertex -4.870694768281421 -13.089697930049462 3
      vertex -1.1473631815476413 -13.61307616300358 3
      vertex -0.9644882309621942 -13.480209734096373 3
    endloop
  endfacet
  facet normal 0 0 1
    outer loop
      vertex -5.130851960880412 -12.775221905731762 3
      vertex -0.9644882309621942 -13.480209734096373 3
      vertex -0.7664027248171309 -13.371311305561164 3
    endloop
  endfacet
  facet normal 0 0 1
    outer loop
      vertex -5.428372033316759 -12.495831960978686 3
      vertex -0.7664027248171309 -13.371311305561164 3
      vertex -0.5562305898749054 -13.288098270668723 3
    endloop
  endfacet
  facet normal 0 0 1
    outer loop
      vertex -5.758562916318261 -12.255934242118451 3
      vertex -0.5562305898749054 -13.288098270668723 3
      vertex -0.33728636625430425 -13.23188294868836 3
    endloop
  endfacet
  facet normal 0 0 1
    outer loop
      vertex -0.1130229351527639 -13.20355188882911 3
      vertex -6.116217302413514 -12.059312079485437 3
      vertex -0.33728636625430425 -13.23188294868836 3
    endloop
  endfacet
  facet normal 0 0 1
    outer loop
      vertex -0.1130229351527639 -13.20355188882911 3
      vertex 0.1130229351527639 -13.20355188882911 3
      vertex -6.495694768281421 -11.90906632204075 3
    endloop
  endfacet
  facet normal 0 0 1
    outer loop
      vertex 5.428372033316759 -12.495831960978684 3
      vertex -6.495694768281421 -11.90906632204075 3
      vertex 0.1130229351527639 -13.20355188882911 3
    endloop
  endfacet
  facet normal 0 0 1
    outer loop
      vertex 5.428372033316759 -12.495831960978684 3
      vertex -7.295930811529732 -11.756413132608117 3
      vertex -6.891010727596395 -11.807566435131761 3
    endloop
  endfacet
  facet normal 0 0 1
    outer loop
      vertex 5.428372033316759 -12.495831960978684 3
      vertex -6.891010727596395 -11.807566435131761 3
      vertex -6.495694768281421 -11.90906632204075 3
    endloop
  endfacet
  facet normal 0 1 0
    outer loop
      vertex -45.5 -8.009866357858641 0
      vertex -45.5 -8.009866357858641 3
      vertex 54.81395259764657 -8.009866357858641 3
    endloop
  endfacet
  facet normal 0 0 1
    outer loop
      vertex -45.5 -8.696746839266913 3
      vertex -22.295930811529733 -11.756413132608117 3
      vertex -7.704069188470268 -11.756413132608117 3
    endloop
  endfacet
  facet normal 0 0 1
    outer loop
      vertex -45.5 -8.696746839266913 3
      vertex -7.704069188470268 -11.756413132608117 3
      vertex -7.295930811529732 -11.756413132608117 3
    endloop
  endfacet
  facet normal 0 0 1
    outer loop
      vertex -45.5 -8.696746839266913 3
      vertex -7.295930811529732 -11.756413132608117 3
      vertex 5.428372033316759 -12.495831960978684 3
    endloop
  endfacet
  facet normal 0 0 1
    outer loop
      vertex -45.5 -8.696746839266913 3
      vertex 6.116217302413514 -12.059312079485437 3
      vertex 6.495694768281421 -11.90906632204075 3
    endloop
  endfacet
  facet normal 0 0 1
    outer loop
      vertex -45.5 -8.696746839266913 3
      vertex 6.495694768281421 -11.90906632204075 3
      vertex 6.891010727596395 -11.807566435131761 3
    endloop
  endfacet
  facet normal 0 0 1
    outer loop
      vertex -45.5 -8.696746839266913 3
      vertex 6.891010727596395 -11.807566435131761 3
      vertex 7.295930811529732 -11.756413132608117 3
    endloop
  endfacet
  facet normal 0 0 1
    outer loop
      vertex -45.5 -8.696746839266913 3
      vertex 7.295930811529732 -11.756413132608117 3
      vertex 7.704069188470268 -11.756413132608117 3
    endloop
  endfacet
  facet normal 0 0 1
    outer loop
      vertex -45.5 -8.696746839266913 3
      vertex 54.81395259764657 -8.009866357858641 3
      vertex -45.5 -8.009866357858641 3
    endloop
  endfacet
  facet normal 0 0 1
    outer loop
      vertex -45.5 -8.696746839266913 3
      vertex 7.704069188470268 -11.756413132608117 3
      vertex 22.295930811529733 -11.756413132608117 3
    endloop
  endfacet
  facet normal 0 0 1
    outer loop
      vertex -45.5 -8.696746839266913 3
      vertex 22.295930811529733 -11.756413132608117 3
      vertex 22.704069188470267 -11.756413132608117 3
    endloop
  endfacet
  facet normal 0 0 -1
    outer loop
      vertex -54.81395259764657 -21.99013364214136 0
      vertex 22.70406918847027 -18.243586867391883 0
      vertex 35.75856291631826 -17.74406575788155 0
    endloop
  endfacet
  facet normal 0 0 -1
    outer loop
      vertex -54.81395259764657 -21.99013364214136 0
      vertex 36.11621730241352 -17.940687920514563 0
      vertex 36.495694768281425 -18.09093367795925 0
    endloop
  endfacet
  facet normal 0 0 -1
    outer loop
      vertex -54.81395259764657 -21.99013364214136 0
      vertex 36.495694768281425 -18.09093367795925 0
      vertex 36.891010727596395 -18.19243356486824 0
    endloop
  endfacet
  facet normal 0 0 -1
    outer loop
      vertex -54.81395259764657 -21.99013364214136 0
      vertex 36.891010727596395 -18.19243356486824 0
      vertex 37.29593081152973 -18.243586867391883 0
    endloop
  endfacet
  facet normal 0 0 -1
    outer loop
      vertex -54.81395259764657 -21.99013364214136 0
      vertex 37.29593081152973 -18.243586867391883 0
      vertex 37.70406918847027 -18.243586867391883 0
    endloop
  endfacet
  facet normal 0 0 -1
    outer loop
      vertex 5.428372033316759 -17.504168039021316 0
      vertex 0.11302293515276478 -16.79644811117089 0
      vertex 0.3372863662543047 -16.76811705131164 0
    endloop
  endfacet
  facet normal 0 0 -1
    outer loop
      vertex 5.428372033316759 -17.504168039021316 0
      vertex 0.3372863662543047 -16.76811705131164 0
      vertex 0.5562305898749054 -16.711901729331277 0
    endloop
  endfacet
  facet normal 0 0 -1
    outer loop
      vertex 5.428372033316759 -17.504168039021316 0
      vertex 0.5562305898749054 -16.711901729331277 0
      vertex 0.7664027248171305 -16.628688694438836 0
    endloop
  endfacet
  facet normal 0 0 -1
    outer loop
      vertex 0.7664027248171305 -16.628688694438836 0
      vertex 0.9644882309621932 -16.519790265903627 0
      vertex 5.1308519608804115 -17.22477809426824 0
    endloop
  endfacet
  facet normal 0 0 -1
    outer loop
      vertex 0.9644882309621932 -16.519790265903627 0
      vertex 1.147363181547642 -16.38692383699642 0
      vertex 4.870694768281421 -16.91030206995054 0
    endloop
  endfacet
  facet normal 0 0 -1
    outer loop
      vertex 1.312143529358541 -16.23218479067164 0
      vertex 4.870694768281421 -16.91030206995054 0
      vertex 1.147363181547642 -16.38692383699642 0
    endloop
  endfacet
  facet normal 0 0 -1
    outer loop
      vertex 0.9644882309621932 -16.519790265903627 0
      vertex 4.870694768281421 -16.91030206995054 0
      vertex 5.1308519608804115 -17.22477809426824 0
    endloop
  endfacet
  facet normal 0 0 -1
    outer loop
      vertex 1.312143529358541 -16.23218479067164 0
      vertex 4.6520032898574435 -16.565699440830574 0
      vertex 4.870694768281421 -16.91030206995054 0
    endloop
  endfacet
  facet normal 0 0 -1
    outer loop
      vertex -54.81395259764657 -21.99013364214136 0
      vertex 35.75856291631826 -17.74406575788155 0
      vertex 36.11621730241352 -17.940687920514563 0
    endloop
  endfacet
  facet normal 0 0 -1
    outer loop
      vertex 5.428372033316759 -17.504168039021316 0
      vertex 0.7664027248171305 -16.628688694438836 0
      vertex 5.1308519608804115 -17.22477809426824 0
    endloop
  endfacet
  facet normal 0 0 -1
    outer loop
      vertex -54.81395259764657 -21.99013364214136 0
      vertex 37.70406918847027 -18.243586867391883 0
      vertex 54.81395259764657 -21.99013364214136 0
    endloop
  endfacet
  facet normal 0 0 -1
    outer loop
      vertex 8.883782697586486 -17.940687920514563 0
      vertex 9.241437083681738 -17.74406575788155 0
      vertex 14.662713633745696 -16.76811705131164 0
    endloop
  endfacet
  facet normal 0 0 -1
    outer loop
      vertex 9.241437083681738 -17.74406575788155 0
      vertex 9.571627966683241 -17.504168039021316 0
      vertex 14.443769410125094 -16.711901729331277 0
    endloop
  endfacet
  facet normal 0 0 -1
    outer loop
      vertex 7.70406918847027 -18.243586867391883 0
      vertex 8.108989272403605 -18.19243356486824 0
      vertex 21.891010727596395 -18.19243356486824 0
    endloop
  endfacet
  facet normal 0 0 -1
    outer loop
      vertex 8.108989272403605 -18.19243356486824 0
      vertex 8.504305231718579 -18.09093367795925 0
      vertex 21.49569476828142 -18.09093367795925 0
    endloop
  endfacet
  facet normal 0 0 -1
    outer loop
      vertex 8.504305231718579 -18.09093367795925 0
      vertex 8.883782697586486 -17.940687920514563 0
      vertex 21.49569476828142 -18.09093367795925 0
    endloop
  endfacet
  facet normal 0 0 -1
    outer loop
      vertex 9.869148039119588 -17.22477809426824 0
      vertex 14.23359727518287 -16.628688694438836 0
      vertex 9.571627966683241 -17.504168039021316 0
    endloop
  endfacet
  facet normal 0 0 -1
    outer loop
      vertex 14.23359727518287 -16.628688694438836 0
      vertex 9.869148039119588 -17.22477809426824 0
      vertex 10.129305231718579 -16.91030206995054 0
    endloop
  endfacet
  facet normal 0 0 -1
    outer loop
      vertex 10.347996710142557 -16.565699440830574 0
      vertex 14.23359727518287 -16.628688694438836 0
      vertex 10.129305231718579 -16.91030206995054 0
    endloop
  endfacet
  facet normal 0 0 -1
    outer loop
      vertex 9.241437083681738 -17.74406575788155 0
      vertex 14.443769410125094 -16.711901729331277 0
      vertex 14.662713633745696 -16.76811705131164 0
    endloop
  endfacet
  facet normal 0 0 -1
    outer loop
      vertex 8.883782697586486 -17.940687920514563 0
      vertex 14.662713633745696 -16.76811705131164 0
      vertex 14.886977064847235 -16.79644811117089 0
    endloop
  endfacet
  facet normal 0 0 -1
    outer loop
      vertex 9.571627966683241 -17.504168039021316 0
      vertex 14.23359727518287 -16.628688694438836 0
      vertex 14.443769410125094 -16.711901729331277 0
    endloop
  endfacet
  facet normal 0 0 -1
    outer loop
      vertex 10.347996710142557 -16.565699440830574 0
      vertex 14.035511769037806 -16.519790265903627 0
      vertex 14.23359727518287 -16.628688694438836 0
    endloop
  endfacet
  facet normal 0 0 -1
    outer loop
      vertex 1.312143529358541 -16.23218479067164 0
      vertex 1.4562305898749055 -16.058013454126453 0
      vertex 4.6520032898574435 -16.565699440830574 0
    endloop
  endfacet
  facet normal 0 0 -1
    outer loop
      vertex 1.4562305898749055 -16.058013454126453 0
      vertex 1.5773520240789543 -15.867156613383088 0
      vertex 4.478226420863183 -16.196404796225202 0
    endloop
  endfacet
  facet normal 0 0 -1
    outer loop
      vertex 4.478226420863183 -16.196404796225202 0
      vertex 1.5773520240789543 -15.867156613383088 0
      vertex 1.6735976745988523 -15.662624194832421 0
    endloop
  endfacet
  facet normal 0 0 -1
    outer loop
      vertex 1.4562305898749055 -16.058013454126453 0
      vertex 4.478226420863183 -16.196404796225202 0
      vertex 4.6520032898574435 -16.565699440830574 0
    endloop
  endfacet
  facet normal 0 0 -1
    outer loop
      vertex 4.478226420863183 -16.196404796225202 0
      vertex 1.6735976745988523 -15.662624194832421 0
      vertex 4.352104726331949 -15.808242133285779 0
    endloop
  endfacet
  facet normal 0 0 -1
    outer loop
      vertex 1.6735976745988523 -15.662624194832421 0
      vertex 1.7434496900315362 -15.447641796896738 0
      vertex 4.352104726331949 -15.808242133285779 0
    endloop
  endfacet
  facet normal 0 0 -1
    outer loop
      vertex 1.7434496900315362 -15.447641796896738 0
      vertex 1.78580646236606 -15.225599820415747 0
      vertex 4.275627220727947 -15.407333009083988 0
    endloop
  endfacet
  facet normal 0 0 -1
    outer loop
      vertex 1.78580646236606 -15.225599820415747 0
      vertex 1.8 -15 0
      vertex 4.275627220727947 -15.407333009083988 0
    endloop
  endfacet
  facet normal 0 0 -1
    outer loop
      vertex 1.7434496900315362 -15.447641796896738 0
      vertex 4.275627220727947 -15.407333009083988 0
      vertex 4.352104726331949 -15.808242133285779 0
    endloop
  endfacet
  facet normal 0 0 -1
    outer loop
      vertex 1.8 -15 0
      vertex 4.25 -15 0
      vertex 4.275627220727947 -15.407333009083988 0
    endloop
  endfacet
  facet normal 0 0 -1
    outer loop
      vertex 1.8 -15 0
      vertex 1.78580646236606 -14.774400179584251 0
      vertex 4.25 -15 0
    endloop
  endfacet
  facet normal 0 0 -1
    outer loop
      vertex 1.78580646236606 -14.774400179584251 0
      vertex 1.743449690031536 -14.552358203103262 0
      vertex 4.275627220727947 -14.592666990916012 0
    endloop
  endfacet
  facet normal 0 0 -1
    outer loop
      vertex 1.78580646236606 -14.774400179584251 0
      vertex 4.275627220727947 -14.592666990916012 0
      vertex 4.25 -15 0
    endloop
  endfacet
  facet normal 0 0 -1
    outer loop
      vertex 1.743449690031536 -14.552358203103262 0
      vertex 4.352104726331949 -14.191757866714221 0
      vertex 4.275627220727947 -14.592666990916012 0
    endloop
  endfacet
  facet normal 0 0 -1
    outer loop
      vertex 1.6735976745988526 -14.33737580516758 0
      vertex 4.352104726331949 -14.191757866714221 0
      vertex 1.743449690031536 -14.552358203103262 0
    endloop
  endfacet
  facet normal 0 0 -1
    outer loop
      vertex 1.6735976745988526 -14.33737580516758 0
      vertex 1.5773520240789545 -14.132843386616912 0
      vertex 4.352104726331949 -14.191757866714221 0
    endloop
  endfacet
  facet normal 0 0 -1
    outer loop
      vertex 1.5773520240789545 -14.132843386616912 0
      vertex 1.4562305898749055 -13.941986545873549 0
      vertex 4.478226420863183 -13.803595203774798 0
    endloop
  endfacet
  facet normal 0 0 -1
    outer loop
      vertex 1.5773520240789545 -14.132843386616912 0
      vertex 4.478226420863183 -13.803595203774798 0
      vertex 4.352104726331949 -14.191757866714221 0
    endloop
  endfacet
  facet normal 0 0 -1
    outer loop
      vertex 4.870694768281421 -13.089697930049462 0
      vertex 0.1130229351527639 -13.20355188882911 0
      vertex -0.1130229351527639 -13.20355188882911 0
    endloop
  endfacet
  facet normal 0 0 -1
    outer loop
      vertex 4.870694768281421 -13.089697930049462 0
      vertex 0.33728636625430425 -13.23188294868836 0
      vertex 0.1130229351527639 -13.20355188882911 0
    endloop
  endfacet
  facet normal 0 0 -1
    outer loop
      vertex -5.130851960880412 -12.775221905731762 0
      vertex 5.1308519608804115 -12.775221905731762 0
      vertex 4.870694768281421 -13.089697930049462 0
    endloop
  endfacet
  facet normal 0 0 -1
    outer loop
      vertex -5.130851960880412 -12.775221905731762 0
      vertex 5.428372033316759 -12.495831960978684 0
      vertex 5.1308519608804115 -12.775221905731762 0
    endloop
  endfacet
  facet normal 0 0 -1
    outer loop
      vertex 1.4562305898749055 -13.941986545873549 0
      vertex 1.3121435293585408 -13.76781520932836 0
      vertex 4.6520032898574435 -13.434300559169426 0
    endloop
  endfacet
  facet normal 0 0 -1
    outer loop
      vertex 1.3121435293585408 -13.76781520932836 0
      vertex 1.1473631815476415 -13.61307616300358 0
      vertex 4.6520032898574435 -13.434300559169426 0
    endloop
  endfacet
  facet normal 0 0 -1
    outer loop
      vertex 4.870694768281421 -13.089697930049462 0
      vertex 0.7664027248171309 -13.371311305561164 0
      vertex 0.5562305898749054 -13.288098270668723 0
    endloop
  endfacet
  facet normal 0 0 -1
    outer loop
      vertex 4.870694768281421 -13.089697930049462 0
      vertex 0.964488230962194 -13.480209734096373 0
      vertex 0.7664027248171309 -13.371311305561164 0
    endloop
  endfacet
  facet normal 0 0 -1
    outer loop
      vertex 4.870694768281421 -13.089697930049462 0
      vertex 0.5562305898749054 -13.288098270668723 0
      vertex 0.33728636625430425 -13.23188294868836 0
    endloop
  endfacet
  facet normal 0 0 -1
    outer loop
      vertex 1.1473631815476415 -13.61307616300358 0
      vertex 0.964488230962194 -13.480209734096373 0
      vertex 4.870694768281421 -13.089697930049462 0
    endloop
  endfacet
  facet normal 0 0 -1
    outer loop
      vertex 1.4562305898749055 -13.941986545873549 0
      vertex 4.6520032898574435 -13.434300559169426 0
      vertex 4.478226420863183 -13.803595203774798 0
    endloop
  endfacet
  facet normal 0 0 -1
    outer loop
      vertex 1.1473631815476415 -13.61307616300358 0
      vertex 4.870694768281421 -13.089697930049462 0
      vertex 4.6520032898574435 -13.434300559169426 0
    endloop
  endfacet
  facet normal 0 0 -1
    outer loop
      vertex -5.758562916318261 -12.255934242118451 0
      vertex 5.758562916318261 -12.255934242118451 0
      vertex 5.428372033316759 -12.495831960978684 0
    endloop
  endfacet
  facet normal 0 0 -1
    outer loop
      vertex -5.758562916318261 -12.255934242118451 0
      vertex 6.116217302413514 -12.059312079485437 0
      vertex 5.758562916318261 -12.255934242118451 0
    endloop
  endfacet
  facet normal 0 0 -1
    outer loop
      vertex -6.116217302413514 -12.059312079485437 0
      vertex 6.495694768281421 -11.90906632204075 0
      vertex 6.116217302413514 -12.059312079485437 0
    endloop
  endfacet
  facet normal 0 0 -1
    outer loop
      vertex -6.495694768281421 -11.90906632204075 0
      vertex 6.891010727596395 -11.807566435131761 0
      vertex 6.495694768281421 -11.90906632204075 0
    endloop
  endfacet
  facet normal 0 0 -1
    outer loop
      vertex -6.891010727596395 -11.807566435131761 0
      vertex 7.295930811529732 -11.756413132608117 0
      vertex 6.891010727596395 -11.807566435131761 0
    endloop
  endfacet
  facet normal 0 0 -1
    outer loop
      vertex 10.347996710142557 -16.565699440830574 0
      vertex 10.521773579136816 -16.196404796225206 0
      vertex 13.543769410125094 -16.058013454126453 0
    endloop
  endfacet
  facet normal 0 0 -1
    outer loop
      vertex 10.521773579136816 -16.196404796225206 0
      vertex 10.647895273668052 -15.808242133285777 0
      vertex 13.422647975921045 -15.867156613383088 0
    endloop
  endfacet
  facet normal 0 0 -1
    outer loop
      vertex 10.347996710142557 -16.565699440830574 0
      vertex 13.543769410125094 -16.058013454126453 0
      vertex 13.687856470641458 -16.23218479067164 0
    endloop
  endfacet
  facet normal 0 0 -1
    outer loop
      vertex 10.347996710142557 -16.565699440830574 0
      vertex 13.852636818452359 -16.38692383699642 0
      vertex 14.035511769037806 -16.519790265903627 0
    endloop
  endfacet
  facet normal 0 0 -1
    outer loop
      vertex 10.347996710142557 -16.565699440830574 0
      vertex 13.687856470641458 -16.23218479067164 0
      vertex 13.852636818452359 -16.38692383699642 0
    endloop
  endfacet
  facet normal 0 0 -1
    outer loop
      vertex 10.521773579136816 -16.196404796225206 0
      vertex 13.422647975921045 -15.867156613383088 0
      vertex 13.543769410125094 -16.058013454126453 0
    endloop
  endfacet
  facet normal 0 0 -1
    outer loop
      vertex 10.647895273668052 -15.808242133285777 0
      vertex 10.724372779272052 -15.407333009083988 0
      vertex 13.256550309968464 -15.447641796896738 0
    endloop
  endfacet
  facet normal 0 0 -1
    outer loop
      vertex 10.724372779272052 -15.407333009083988 0
      vertex 10.75 -15 0
      vertex 13.214193537633939 -15.225599820415747 0
    endloop
  endfacet
  facet normal 0 0 -1
    outer loop
      vertex 10.647895273668052 -15.808242133285777 0
      vertex 13.326402325401148 -15.66262419483242 0
      vertex 13.422647975921045 -15.867156613383088 0
    endloop
  endfacet
  facet normal 0 0 -1
    outer loop
      vertex 10.647895273668052 -15.808242133285777 0
      vertex 13.256550309968464 -15.447641796896738 0
      vertex 13.326402325401148 -15.66262419483242 0
    endloop
  endfacet
  facet normal 0 0 -1
    outer loop
      vertex 10.724372779272052 -15.407333009083988 0
      vertex 13.214193537633939 -15.225599820415747 0
      vertex 13.256550309968464 -15.447641796896738 0
    endloop
  endfacet
  facet normal 0 0 -1
    outer loop
      vertex 10.75 -15 0
      vertex 10.724372779272052 -14.592666990916012 0
      vertex 13.214193537633939 -14.774400179584253 0
    endloop
  endfacet
  facet normal 0 0 -1
    outer loop
      vertex 10.724372779272052 -14.592666990916012 0
      vertex 10.647895273668052 -14.191757866714221 0
      vertex 13.256550309968464 -14.552358203103262 0
    endloop
  endfacet
  facet normal 0 0 -1
    outer loop
      vertex 10.75 -15 0
      vertex 13.2 -15 0
      vertex 13.214193537633939 -15.225599820415747 0
    endloop
  endfacet
  facet normal 0 0 -1
    outer loop
      vertex 10.75 -15 0
      vertex 13.214193537633939 -14.774400179584253 0
      vertex 13.2 -15 0
    endloop
  endfacet
  facet normal 0 0 -1
    outer loop
      vertex 10.724372779272052 -14.592666990916012 0
      vertex 13.256550309968464 -14.552358203103262 0
      vertex 13.214193537633939 -14.774400179584253 0
    endloop
  endfacet
  facet normal 0 0 -1
    outer loop
      vertex 10.647895273668052 -14.191757866714221 0
      vertex 10.521773579136816 -13.803595203774798 0
      vertex 13.326402325401148 -14.33737580516758 0
    endloop
  endfacet
  facet normal 0 0 -1
    outer loop
      vertex 10.647895273668052 -14.191757866714221 0
      vertex 13.326402325401148 -14.33737580516758 0
      vertex 13.256550309968464 -14.552358203103262 0
    endloop
  endfacet
  facet normal 0 0 -1
    outer loop
      vertex 10.521773579136816 -13.803595203774798 0
      vertex 13.422647975921045 -14.132843386616912 0
      vertex 13.326402325401148 -14.33737580516758 0
    endloop
  endfacet
  facet normal 0 0 -1
    outer loop
      vertex 10.521773579136816 -13.803595203774798 0
      vertex 13.543769410125094 -13.941986545873549 0
      vertex 13.422647975921045 -14.132843386616912 0
    endloop
  endfacet
  facet normal 0 0 -1
    outer loop
      vertex 10.521773579136816 -13.803595203774798 0
      vertex 10.347996710142557 -13.434300559169426 0
      vertex 13.543769410125094 -13.941986545873549 0
    endloop
  endfacet
  facet normal 0 0 -1
    outer loop
      vertex 13.687856470641458 -13.767815209328361 0
      vertex 10.347996710142557 -13.434300559169426 0
      vertex 10.129305231718579 -13.089697930049462 0
    endloop
  endfacet
  facet normal 0 0 -1
    outer loop
      vertex 9.869148039119587 -12.775221905731762 0
      vertex 14.035511769037806 -13.480209734096373 0
      vertex 10.129305231718579 -13.089697930049462 0
    endloop
  endfacet
  facet normal 0 0 -1
    outer loop
      vertex 13.687856470641458 -13.767815209328361 0
      vertex 13.543769410125094 -13.941986545873549 0
      vertex 10.347996710142557 -13.434300559169426 0
    endloop
  endfacet
  facet normal 0 0 -1
    outer loop
      vertex 13.687856470641458 -13.767815209328361 0
      vertex 10.129305231718579 -13.089697930049462 0
      vertex 13.852636818452359 -13.61307616300358 0
    endloop
  endfacet
  facet normal 0 0 -1
    outer loop
      vertex 10.129305231718579 -13.089697930049462 0
      vertex 14.035511769037806 -13.480209734096373 0
      vertex 13.852636818452359 -13.61307616300358 0
    endloop
  endfacet
  facet normal 0 0 -1
    outer loop
      vertex 9.869148039119587 -12.775221905731762 0
      vertex 14.23359727518287 -13.371311305561164 0
      vertex 14.035511769037806 -13.480209734096373 0
    endloop
  endfacet
  facet normal 0 0 -1
    outer loop
      vertex 9.869148039119587 -12.775221905731762 0
      vertex 14.443769410125094 -13.288098270668723 0
      vertex 14.23359727518287 -13.371311305561164 0
    endloop
  endfacet
  facet normal 0 0 -1
    outer loop
      vertex 9.869148039119587 -12.775221905731762 0
      vertex 14.662713633745696 -13.23188294868836 0
      vertex 14.443769410125094 -13.288098270668723 0
    endloop
  endfacet
  facet normal 0 0 -1
    outer loop
      vertex 9.869148039119587 -12.775221905731762 0
      vertex 14.886977064847237 -13.20355188882911 0
      vertex 14.662713633745696 -13.23188294868836 0
    endloop
  endfacet
  facet normal 0 0 -1
    outer loop
      vertex 9.869148039119587 -12.775221905731762 0
      vertex 9.571627966683241 -12.495831960978686 0
      vertex 20.42837203331676 -12.495831960978684 0
    endloop
  endfacet
  facet normal 0 0 -1
    outer loop
      vertex 9.571627966683241 -12.495831960978686 0
      vertex 9.241437083681738 -12.255934242118451 0
      vertex 20.42837203331676 -12.495831960978684 0
    endloop
  endfacet
  facet normal 0 0 -1
    outer loop
      vertex 8.504305231718579 -11.90906632204075 0
      vertex 21.49569476828142 -11.90906632204075 0
      vertex 8.883782697586486 -12.059312079485437 0
    endloop
  endfacet
  facet normal 0 0 -1
    outer loop
      vertex 7.704069188470268 -11.756413132608117 0
      vertex 22.295930811529733 -11.756413132608117 0
      vertex 8.108989272403605 -11.807566435131761 0
    endloop
  endfacet
  facet normal 0 0 -1
    outer loop
      vertex 8.108989272403605 -11.807566435131761 0
      vertex 21.891010727596395 -11.807566435131761 0
      vertex 8.504305231718579 -11.90906632204075 0
    endloop
  endfacet
  facet normal 0 0 -1
    outer loop
      vertex 9.241437083681738 -12.255934242118451 0
      vertex 8.883782697586486 -12.059312079485437 0
      vertex 21.116217302413514 -12.059312079485437 0
    endloop
  endfacet
  facet normal 0 0 -1
    outer loop
      vertex 7.70406918847027 -18.243586867391883 0
      vertex 21.891010727596395 -18.19243356486824 0
      vertex 22.29593081152973 -18.243586867391883 0
    endloop
  endfacet
  facet normal 0 0 -1
    outer loop
      vertex 8.108989272403605 -18.19243356486824 0
      vertex 21.49569476828142 -18.09093367795925 0
      vertex 21.891010727596395 -18.19243356486824 0
    endloop
  endfacet
  facet normal 0 0 -1
    outer loop
      vertex 8.883782697586486 -17.940687920514563 0
      vertex 14.886977064847235 -16.79644811117089 0
      vertex 21.49569476828142 -18.09093367795925 0
    endloop
  endfacet
  facet normal 0 0 -1
    outer loop
      vertex 14.886977064847235 -16.79644811117089 0
      vertex 15.113022935152765 -16.79644811117089 0
      vertex 21.49569476828142 -18.09093367795925 0
    endloop
  endfacet
  facet normal 0 0 -1
    outer loop
      vertex 15.113022935152765 -16.79644811117089 0
      vertex 15.337286366254304 -16.76811705131164 0
      vertex 21.116217302413514 -17.940687920514563 0
    endloop
  endfacet
  facet normal 0 0 -1
    outer loop
      vertex 15.337286366254304 -16.76811705131164 0
      vertex 15.556230589874906 -16.711901729331277 0
      vertex 20.75856291631826 -17.74406575788155 0
    endloop
  endfacet
  facet normal 0 0 -1
    outer loop
      vertex 15.556230589874906 -16.711901729331277 0
      vertex 15.76640272481713 -16.628688694438836 0
      vertex 20.42837203331676 -17.504168039021316 0
    endloop
  endfacet
  facet normal 0 0 -1
    outer loop
      vertex 15.76640272481713 -16.628688694438836 0
      vertex 15.964488230962193 -16.519790265903627 0
      vertex 20.130851960880413 -17.22477809426824 0
    endloop
  endfacet
  facet normal 0 0 -1
    outer loop
      vertex 16.147363181547643 -16.38692383699642 0
      vertex 19.87069476828142 -16.91030206995054 0
      vertex 15.964488230962193 -16.519790265903627 0
    endloop
  endfacet
  facet normal 0 0 -1
    outer loop
      vertex 16.147363181547643 -16.38692383699642 0
      vertex 19.652003289857443 -16.565699440830574 0
      vertex 19.87069476828142 -16.91030206995054 0
    endloop
  endfacet
  facet normal 0 0 -1
    outer loop
      vertex 15.113022935152765 -16.79644811117089 0
      vertex 21.116217302413514 -17.940687920514563 0
      vertex 21.49569476828142 -18.09093367795925 0
    endloop
  endfacet
  facet normal 0 0 -1
    outer loop
      vertex 15.556230589874906 -16.711901729331277 0
      vertex 20.42837203331676 -17.504168039021316 0
      vertex 20.75856291631826 -17.74406575788155 0
    endloop
  endfacet
  facet normal 0 0 -1
    outer loop
      vertex 15.337286366254304 -16.76811705131164 0
      vertex 20.75856291631826 -17.74406575788155 0
      vertex 21.116217302413514 -17.940687920514563 0
    endloop
  endfacet
  facet normal 0 0 -1
    outer loop
      vertex 15.76640272481713 -16.628688694438836 0
      vertex 20.130851960880413 -17.22477809426824 0
      vertex 20.42837203331676 -17.504168039021316 0
    endloop
  endfacet
  facet normal 0 0 -1
    outer loop
      vertex 15.964488230962193 -16.519790265903627 0
      vertex 19.87069476828142 -16.91030206995054 0
      vertex 20.130851960880413 -17.22477809426824 0
    endloop
  endfacet
  facet normal 0 0 -1
    outer loop
      vertex 23.50430523171858 -18.09093367795925 0
      vertex 23.883782697586486 -17.940687920514563 0
      vertex 29.886977064847237 -16.79644811117089 0
    endloop
  endfacet
  facet normal 0 0 -1
    outer loop
      vertex 23.883782697586486 -17.940687920514563 0
      vertex 24.24143708368174 -17.74406575788155 0
      vertex 29.662713633745696 -16.76811705131164 0
    endloop
  endfacet
  facet normal 0 0 -1
    outer loop
      vertex 22.70406918847027 -18.243586867391883 0
      vertex 23.108989272403605 -18.19243356486824 0
      vertex 35.75856291631826 -17.74406575788155 0
    endloop
  endfacet
  facet normal 0 0 -1
    outer loop
      vertex 23.108989272403605 -18.19243356486824 0
      vertex 23.50430523171858 -18.09093367795925 0
      vertex 35.75856291631826 -17.74406575788155 0
    endloop
  endfacet
  facet normal 0 0 -1
    outer loop
      vertex 24.24143708368174 -17.74406575788155 0
      vertex 24.57162796668324 -17.504168039021316 0
      vertex 29.443769410125096 -16.711901729331277 0
    endloop
  endfacet
  facet normal 0 0 -1
    outer loop
      vertex 23.50430523171858 -18.09093367795925 0
      vertex 29.886977064847237 -16.79644811117089 0
      vertex 30.113022935152763 -16.79644811117089 0
    endloop
  endfacet
  facet normal 0 0 -1
    outer loop
      vertex 24.869148039119587 -17.22477809426824 0
      vertex 29.23359727518287 -16.628688694438836 0
      vertex 24.57162796668324 -17.504168039021316 0
    endloop
  endfacet
  facet normal 0 0 -1
    outer loop
      vertex 24.869148039119587 -17.22477809426824 0
      vertex 25.12930523171858 -16.91030206995054 0
      vertex 29.035511769037807 -16.519790265903627 0
    endloop
  endfacet
  facet normal 0 0 -1
    outer loop
      vertex 25.12930523171858 -16.91030206995054 0
      vertex 25.347996710142557 -16.565699440830574 0
      vertex 28.68785647064146 -16.23218479067164 0
    endloop
  endfacet
  facet normal 0 0 -1
    outer loop
      vertex 23.883782697586486 -17.940687920514563 0
      vertex 29.662713633745696 -16.76811705131164 0
      vertex 29.886977064847237 -16.79644811117089 0
    endloop
  endfacet
  facet normal 0 0 -1
    outer loop
      vertex 24.24143708368174 -17.74406575788155 0
      vertex 29.443769410125096 -16.711901729331277 0
      vertex 29.662713633745696 -16.76811705131164 0
    endloop
  endfacet
  facet normal 0 0 -1
    outer loop
      vertex 24.57162796668324 -17.504168039021316 0
      vertex 29.23359727518287 -16.628688694438836 0
      vertex 29.443769410125096 -16.711901729331277 0
    endloop
  endfacet
  facet normal 0 0 -1
    outer loop
      vertex 24.869148039119587 -17.22477809426824 0
      vertex 29.035511769037807 -16.519790265903627 0
      vertex 29.23359727518287 -16.628688694438836 0
    endloop
  endfacet
  facet normal 0 0 -1
    outer loop
      vertex 25.12930523171858 -16.91030206995054 0
      vertex 28.68785647064146 -16.23218479067164 0
      vertex 28.85263681845236 -16.38692383699642 0
    endloop
  endfacet
  facet normal 0 0 -1
    outer loop
      vertex 25.12930523171858 -16.91030206995054 0
      vertex 28.85263681845236 -16.38692383699642 0
      vertex 29.035511769037807 -16.519790265903627 0
    endloop
  endfacet
  facet normal 0 0 -1
    outer loop
      vertex 19.478226420863184 -16.196404796225202 0
      vertex 16.147363181547643 -16.38692383699642 0
      vertex 16.31214352935854 -16.23218479067164 0
    endloop
  endfacet
  facet normal 0 0 -1
    outer loop
      vertex 19.478226420863184 -16.196404796225202 0
      vertex 16.31214352935854 -16.23218479067164 0
      vertex 16.456230589874906 -16.058013454126453 0
    endloop
  endfacet
  facet normal 0 0 -1
    outer loop
      vertex 19.478226420863184 -16.196404796225202 0
      vertex 16.456230589874906 -16.058013454126453 0
      vertex 16.577352024078955 -15.867156613383088 0
    endloop
  endfacet
  facet normal 0 0 -1
    outer loop
      vertex 16.147363181547643 -16.38692383699642 0
      vertex 19.478226420863184 -16.196404796225202 0
      vertex 19.652003289857443 -16.565699440830574 0
    endloop
  endfacet
  facet normal 0 0 -1
    outer loop
      vertex 19.478226420863184 -16.196404796225202 0
      vertex 16.577352024078955 -15.867156613383088 0
      vertex 19.352104726331948 -15.808242133285779 0
    endloop
  endfacet
  facet normal 0 0 -1
    outer loop
      vertex 16.577352024078955 -15.867156613383088 0
      vertex 16.673597674598852 -15.662624194832421 0
      vertex 19.352104726331948 -15.808242133285779 0
    endloop
  endfacet
  facet normal 0 0 -1
    outer loop
      vertex 16.673597674598852 -15.662624194832421 0
      vertex 16.743449690031536 -15.447641796896738 0
      vertex 19.352104726331948 -15.808242133285779 0
    endloop
  endfacet
  facet normal 0 0 -1
    outer loop
      vertex 16.743449690031536 -15.447641796896738 0
      vertex 16.78580646236606 -15.225599820415747 0
      vertex 19.275627220727948 -15.407333009083988 0
    endloop
  endfacet
  facet normal 0 0 -1
    outer loop
      vertex 16.743449690031536 -15.447641796896738 0
      vertex 19.275627220727948 -15.407333009083988 0
      vertex 19.352104726331948 -15.808242133285779 0
    endloop
  endfacet
  facet normal 0 0 -1
    outer loop
      vertex 16.78580646236606 -15.225599820415747 0
      vertex 19.25 -15 0
      vertex 19.275627220727948 -15.407333009083988 0
    endloop
  endfacet
  facet normal 0 0 -1
    outer loop
      vertex 16.78580646236606 -15.225599820415747 0
      vertex 16.8 -15 0
      vertex 19.25 -15 0
    endloop
  endfacet
  facet normal 0 0 -1
    outer loop
      vertex 16.8 -15 0
      vertex 16.78580646236606 -14.774400179584251 0
      vertex 19.25 -15 0
    endloop
  endfacet
  facet normal 0 0 -1
    outer loop
      vertex 16.78580646236606 -14.774400179584251 0
      vertex 16.743449690031536 -14.552358203103262 0
      vertex 19.275627220727948 -14.592666990916012 0
    endloop
  endfacet
  facet normal 0 0 -1
    outer loop
      vertex 16.78580646236606 -14.774400179584251 0
      vertex 19.275627220727948 -14.592666990916012 0
      vertex 19.25 -15 0
    endloop
  endfacet
  facet normal 0 0 -1
    outer loop
      vertex 16.743449690031536 -14.552358203103262 0
      vertex 19.352104726331948 -14.191757866714221 0
      vertex 19.275627220727948 -14.592666990916012 0
    endloop
  endfacet
  facet normal 0 0 -1
    outer loop
      vertex 16.743449690031536 -14.552358203103262 0
      vertex 16.673597674598852 -14.33737580516758 0
      vertex 19.352104726331948 -14.191757866714221 0
    endloop
  endfacet
  facet normal 0 0 -1
    outer loop
      vertex 16.673597674598852 -14.33737580516758 0
      vertex 16.577352024078955 -14.132843386616912 0
      vertex 19.478226420863184 -13.803595203774798 0
    endloop
  endfacet
  facet normal 0 0 -1
    outer loop
      vertex 16.456230589874906 -13.941986545873549 0
      vertex 19.478226420863184 -13.803595203774798 0
      vertex 16.577352024078955 -14.132843386616912 0
    endloop
  endfacet
  facet normal 0 0 -1
    outer loop
      vertex 16.673597674598852 -14.33737580516758 0
      vertex 19.478226420863184 -13.803595203774798 0
      vertex 19.352104726331948 -14.191757866714221 0
    endloop
  endfacet
  facet normal 0 0 -1
    outer loop
      vertex 19.87069476828142 -13.089697930049462 0
      vertex 15.113022935152763 -13.20355188882911 0
      vertex 14.886977064847237 -13.20355188882911 0
    endloop
  endfacet
  facet normal 0 0 -1
    outer loop
      vertex 9.869148039119587 -12.775221905731762 0
      vertex 19.87069476828142 -13.089697930049462 0
      vertex 14.886977064847237 -13.20355188882911 0
    endloop
  endfacet
  facet normal 0 0 -1
    outer loop
      vertex 9.869148039119587 -12.775221905731762 0
      vertex 20.130851960880413 -12.775221905731762 0
      vertex 19.87069476828142 -13.089697930049462 0
    endloop
  endfacet
  facet normal 0 0 -1
    outer loop
      vertex 16.456230589874906 -13.941986545873549 0
      vertex 16.31214352935854 -13.76781520932836 0
      vertex 19.652003289857443 -13.434300559169426 0
    endloop
  endfacet
  facet normal 0 0 -1
    outer loop
      vertex 16.31214352935854 -13.76781520932836 0
      vertex 16.147363181547643 -13.61307616300358 0
      vertex 19.87069476828142 -13.089697930049462 0
    endloop
  endfacet
  facet normal 0 0 -1
    outer loop
      vertex 19.87069476828142 -13.089697930049462 0
      vertex 15.76640272481713 -13.371311305561164 0
      vertex 15.556230589874906 -13.288098270668723 0
    endloop
  endfacet
  facet normal 0 0 -1
    outer loop
      vertex 19.87069476828142 -13.089697930049462 0
      vertex 15.337286366254304 -13.23188294868836 0
      vertex 15.113022935152763 -13.20355188882911 0
    endloop
  endfacet
  facet normal 0 0 -1
    outer loop
      vertex 19.87069476828142 -13.089697930049462 0
      vertex 15.556230589874906 -13.288098270668723 0
      vertex 15.337286366254304 -13.23188294868836 0
    endloop
  endfacet
  facet normal 0 0 -1
    outer loop
      vertex 16.147363181547643 -13.61307616300358 0
      vertex 15.964488230962194 -13.480209734096373 0
      vertex 19.87069476828142 -13.089697930049462 0
    endloop
  endfacet
  facet normal 0 0 -1
    outer loop
      vertex 19.87069476828142 -13.089697930049462 0
      vertex 15.964488230962194 -13.480209734096373 0
      vertex 15.76640272481713 -13.371311305561164 0
    endloop
  endfacet
  facet normal 0 0 -1
    outer loop
      vertex 16.456230589874906 -13.941986545873549 0
      vertex 19.652003289857443 -13.434300559169426 0
      vertex 19.478226420863184 -13.803595203774798 0
    endloop
  endfacet
  facet normal 0 0 -1
    outer loop
      vertex 20.130851960880413 -12.775221905731762 0
      vertex 9.869148039119587 -12.775221905731762 0
      vertex 20.42837203331676 -12.495831960978684 0
    endloop
  endfacet
  facet normal 0 0 -1
    outer loop
      vertex 9.241437083681738 -12.255934242118451 0
      vertex 20.75856291631826 -12.255934242118451 0
      vertex 20.42837203331676 -12.495831960978684 0
    endloop
  endfacet
  facet normal 0 0 -1
    outer loop
      vertex 9.241437083681738 -12.255934242118451 0
      vertex 21.116217302413514 -12.059312079485437 0
      vertex 20.75856291631826 -12.255934242118451 0
    endloop
  endfacet
  facet normal 0 0 -1
    outer loop
      vertex 8.883782697586486 -12.059312079485437 0
      vertex 21.49569476828142 -11.90906632204075 0
      vertex 21.116217302413514 -12.059312079485437 0
    endloop
  endfacet
  facet normal 0 0 -1
    outer loop
      vertex 8.504305231718579 -11.90906632204075 0
      vertex 21.891010727596395 -11.807566435131761 0
      vertex 21.49569476828142 -11.90906632204075 0
    endloop
  endfacet
  facet normal 0 0 -1
    outer loop
      vertex 8.108989272403605 -11.807566435131761 0
      vertex 22.295930811529733 -11.756413132608117 0
      vertex 21.891010727596395 -11.807566435131761 0
    endloop
  endfacet
  facet normal 0 0 -1
    outer loop
      vertex 16.31214352935854 -13.76781520932836 0
      vertex 19.87069476828142 -13.089697930049462 0
      vertex 19.652003289857443 -13.434300559169426 0
    endloop
  endfacet
  facet normal 0 0 -1
    outer loop
      vertex 25.347996710142557 -16.565699440830574 0
      vertex 25.521773579136816 -16.196404796225206 0
      vertex 28.543769410125094 -16.058013454126453 0
    endloop
  endfacet
  facet normal 0 0 -1
    outer loop
      vertex 25.521773579136816 -16.196404796225206 0
      vertex 25.647895273668052 -15.808242133285777 0
      vertex 28.326402325401148 -15.66262419483242 0
    endloop
  endfacet
  facet normal 0 0 -1
    outer loop
      vertex 25.347996710142557 -16.565699440830574 0
      vertex 28.543769410125094 -16.058013454126453 0
      vertex 28.68785647064146 -16.23218479067164 0
    endloop
  endfacet
  facet normal 0 0 -1
    outer loop
      vertex 25.521773579136816 -16.196404796225206 0
      vertex 28.326402325401148 -15.66262419483242 0
      vertex 28.422647975921045 -15.867156613383088 0
    endloop
  endfacet
  facet normal 0 0 -1
    outer loop
      vertex 25.521773579136816 -16.196404796225206 0
      vertex 28.422647975921045 -15.867156613383088 0
      vertex 28.543769410125094 -16.058013454126453 0
    endloop
  endfacet
  facet normal 0 0 -1
    outer loop
      vertex 25.724372779272052 -15.407333009083988 0
      vertex 28.326402325401148 -15.66262419483242 0
      vertex 25.647895273668052 -15.808242133285777 0
    endloop
  endfacet
  facet normal 0 0 -1
    outer loop
      vertex 25.724372779272052 -15.407333009083988 0
      vertex 25.75 -15 0
      vertex 28.21419353763394 -15.225599820415747 0
    endloop
  endfacet
  facet normal 0 0 -1
    outer loop
      vertex 28.326402325401148 -15.66262419483242 0
      vertex 25.724372779272052 -15.407333009083988 0
      vertex 28.256550309968464 -15.447641796896738 0
    endloop
  endfacet
  facet normal 0 0 -1
    outer loop
      vertex 25.724372779272052 -15.407333009083988 0
      vertex 28.21419353763394 -15.225599820415747 0
      vertex 28.256550309968464 -15.447641796896738 0
    endloop
  endfacet
  facet normal 0 0 -1
    outer loop
      vertex 25.75 -15 0
      vertex 25.724372779272052 -14.592666990916012 0
      vertex 28.21419353763394 -14.774400179584253 0
    endloop
  endfacet
  facet normal 0 0 -1
    outer loop
      vertex 25.724372779272052 -14.592666990916012 0
      vertex 25.647895273668052 -14.191757866714221 0
      vertex 28.256550309968464 -14.552358203103262 0
    endloop
  endfacet
  facet normal 0 0 -1
    outer loop
      vertex 25.75 -15 0
      vertex 28.2 -15 0
      vertex 28.21419353763394 -15.225599820415747 0
    endloop
  endfacet
  facet normal 0 0 -1
    outer loop
      vertex 25.75 -15 0
      vertex 28.21419353763394 -14.774400179584253 0
      vertex 28.2 -15 0
    endloop
  endfacet
  facet normal 0 0 -1
    outer loop
      vertex 25.724372779272052 -14.592666990916012 0
      vertex 28.256550309968464 -14.552358203103262 0
      vertex 28.21419353763394 -14.774400179584253 0
    endloop
  endfacet
  facet normal 0 0 -1
    outer loop
      vertex 25.647895273668052 -14.191757866714221 0
      vertex 25.521773579136816 -13.803595203774798 0
      vertex 28.326402325401148 -14.33737580516758 0
    endloop
  endfacet
  facet normal 0 0 -1
    outer loop
      vertex 25.647895273668052 -14.191757866714221 0
      vertex 28.326402325401148 -14.33737580516758 0
      vertex 28.256550309968464 -14.552358203103262 0
    endloop
  endfacet
  facet normal 0 0 -1
    outer loop
      vertex 25.521773579136816 -13.803595203774798 0
      vertex 28.422647975921045 -14.132843386616912 0
      vertex 28.326402325401148 -14.33737580516758 0
    endloop
  endfacet
  facet normal 0 0 -1
    outer loop
      vertex 25.521773579136816 -13.803595203774798 0
      vertex 28.543769410125094 -13.941986545873549 0
      vertex 28.422647975921045 -14.132843386616912 0
    endloop
  endfacet
  facet normal 0 0 -1
    outer loop
      vertex 25.521773579136816 -13.803595203774798 0
      vertex 25.347996710142557 -13.434300559169426 0
      vertex 28.543769410125094 -13.941986545873549 0
    endloop
  endfacet
  facet normal 0 0 -1
    outer loop
      vertex 28.68785647064146 -13.767815209328361 0
      vertex 25.347996710142557 -13.434300559169426 0
      vertex 25.12930523171858 -13.089697930049462 0
    endloop
  endfacet
  facet normal 0 0 -1
    outer loop
      vertex 24.869148039119587 -12.775221905731762 0
      vertex 29.035511769037807 -13.480209734096373 0
      vertex 25.12930523171858 -13.089697930049462 0
    endloop
  endfacet
  facet normal 0 0 -1
    outer loop
      vertex 28.68785647064146 -13.767815209328361 0
      vertex 28.543769410125094 -13.941986545873549 0
      vertex 25.347996710142557 -13.434300559169426 0
    endloop
  endfacet
  facet normal 0 0 -1
    outer loop
      vertex 28.68785647064146 -13.767815209328361 0
      vertex 25.12930523171858 -13.089697930049462 0
      vertex 28.85263681845236 -13.61307616300358 0
    endloop
  endfacet
  facet normal 0 0 -1
    outer loop
      vertex 25.12930523171858 -13.089697930049462 0
      vertex 29.035511769037807 -13.480209734096373 0
      vertex 28.85263681845236 -13.61307616300358 0
    endloop
  endfacet
  facet normal 0 0 -1
    outer loop
      vertex 24.869148039119587 -12.775221905731762 0
      vertex 29.23359727518287 -13.371311305561164 0
      vertex 29.035511769037807 -13.480209734096373 0
    endloop
  endfacet
  facet normal 0 0 -1
    outer loop
      vertex 24.869148039119587 -12.775221905731762 0
      vertex 29.443769410125096 -13.288098270668723 0
      vertex 29.23359727518287 -13.371311305561164 0
    endloop
  endfacet
  facet normal 0 0 -1
    outer loop
      vertex 24.869148039119587 -12.775221905731762 0
      vertex 29.662713633745696 -13.23188294868836 0
      vertex 29.443769410125096 -13.288098270668723 0
    endloop
  endfacet
  facet normal 0 0 -1
    outer loop
      vertex 24.869148039119587 -12.775221905731762 0
      vertex 29.886977064847237 -13.20355188882911 0
      vertex 29.662713633745696 -13.23188294868836 0
    endloop
  endfacet
  facet normal 0 0 -1
    outer loop
      vertex 35.13085196088041 -12.775221905731762 0
      vertex 24.869148039119587 -12.775221905731762 0
      vertex 24.57162796668324 -12.495831960978686 0
    endloop
  endfacet
  facet normal 0 0 -1
    outer loop
      vertex 36.11621730241352 -12.059312079485437 0
      vertex 23.108989272403605 -11.807566435131761 0
      vertex 22.704069188470267 -11.756413132608117 0
    endloop
  endfacet
  facet normal 0 0 -1
    outer loop
      vertex 36.11621730241352 -12.059312079485437 0
      vertex 23.50430523171858 -11.90906632204075 0
      vertex 23.108989272403605 -11.807566435131761 0
    endloop
  endfacet
  facet normal 0 0 -1
    outer loop
      vertex 36.11621730241352 -12.059312079485437 0
      vertex 23.883782697586486 -12.059312079485437 0
      vertex 23.50430523171858 -11.90906632204075 0
    endloop
  endfacet
  facet normal 0 0 -1
    outer loop
      vertex 24.24143708368174 -12.255934242118451 0
      vertex 35.75856291631826 -12.255934242118451 0
      vertex 24.57162796668324 -12.495831960978686 0
    endloop
  endfacet
  facet normal 0 0 -1
    outer loop
      vertex 23.883782697586486 -12.059312079485437 0
      vertex 35.75856291631826 -12.255934242118451 0
      vertex 24.24143708368174 -12.255934242118451 0
    endloop
  endfacet
  facet normal 0 -1 0
    outer loop
      vertex -54.81395259764657 -21.99013364214136 0
      vertex 54.81395259764657 -21.99013364214136 0
      vertex 54.81395259764657 -21.99013364214136 3
    endloop
  endfacet
  facet normal 0 0 -1
    outer loop
      vertex -47.43678401266597 -8.30611842282273 0
      vertex 36.11621730241352 -12.059312079485437 0
      vertex 22.704069188470267 -11.756413132608117 0
    endloop
  endfacet
  facet normal 0 0 -1
    outer loop
      vertex -47.43678401266597 -8.30611842282273 0
      vertex 36.495694768281425 -11.90906632204075 0
      vertex 36.11621730241352 -12.059312079485437 0
    endloop
  endfacet
  facet normal 0 0 -1
    outer loop
      vertex -47.43678401266597 -8.30611842282273 0
      vertex 36.891010727596395 -11.807566435131761 0
      vertex 36.495694768281425 -11.90906632204075 0
    endloop
  endfacet
  facet normal 0 0 -1
    outer loop
      vertex -47.43678401266597 -8.30611842282273 0
      vertex 37.29593081152973 -11.756413132608117 0
      vertex 36.891010727596395 -11.807566435131761 0
    endloop
  endfacet
  facet normal 0 0 -1
    outer loop
      vertex -47.43678401266597 -8.30611842282273 0
      vertex 37.70406918847027 -11.756413132608117 0
      vertex 37.29593081152973 -11.756413132608117 0
    endloop
  endfacet
  facet normal 0 0 -1
    outer loop
      vertex -47.43678401266597 -8.30611842282273 0
      vertex 50.75856291631826 -12.255934242118451 0
      vertex 37.70406918847027 -11.756413132608117 0
    endloop
  endfacet
  facet normal 0 0 -1
    outer loop
      vertex -47.43678401266597 -8.30611842282273 0
      vertex 51.11621730241352 -12.059312079485437 0
      vertex 50.75856291631826 -12.255934242118451 0
    endloop
  endfacet
  facet normal 0 0 -1
    outer loop
      vertex -47.43678401266597 -8.30611842282273 0
      vertex 51.495694768281425 -11.90906632204075 0
      vertex 51.11621730241352 -12.059312079485437 0
    endloop
  endfacet
  facet normal 0 0 -1
    outer loop
      vertex -47.43678401266597 -8.30611842282273 0
      vertex 51.891010727596395 -11.807566435131761 0
      vertex 51.495694768281425 -11.90906632204075 0
    endloop
  endfacet
  facet normal 0 0 -1
    outer loop
      vertex -47.43678401266597 -8.30611842282273 0
      vertex 52.29593081152973 -11.756413132608117 0
      vertex 51.891010727596395 -11.807566435131761 0
    endloop
  endfacet
  facet normal 0 0 -1
    outer loop
      vertex -47.43678401266597 -8.30611842282273 0
      vertex 54.81395259764657 -8.009866357858641 0
      vertex 52.29593081152973 -11.756413132608117 0
    endloop
  endfacet
  facet normal 0 1 0
    outer loop
      vertex -45.5 -8.009866357858641 0
      vertex 54.81395259764657 -8.009866357858641 3
      vertex 54.81395259764657 -8.009866357858641 0
    endloop
  endfacet
  facet normal 0 0 -1
    outer loop
      vertex 23.50430523171858 -18.09093367795925 0
      vertex 30.113022935152763 -16.79644811117089 0
      vertex 35.75856291631826 -17.74406575788155 0
    endloop
  endfacet
  facet normal 0 0 -1
    outer loop
      vertex 30.113022935152763 -16.79644811117089 0
      vertex 30.337286366254304 -16.76811705131164 0
      vertex 35.75856291631826 -17.74406575788155 0
    endloop
  endfacet
  facet normal 0 0 -1
    outer loop
      vertex 30.337286366254304 -16.76811705131164 0
      vertex 30.556230589874904 -16.711901729331277 0
      vertex 35.75856291631826 -17.74406575788155 0
    endloop
  endfacet
  facet normal 0 0 -1
    outer loop
      vertex 30.556230589874904 -16.711901729331277 0
      vertex 30.76640272481713 -16.628688694438836 0
      vertex 35.42837203331676 -17.504168039021316 0
    endloop
  endfacet
  facet normal 0 0 -1
    outer loop
      vertex 30.76640272481713 -16.628688694438836 0
      vertex 30.964488230962193 -16.519790265903627 0
      vertex 35.13085196088041 -17.22477809426824 0
    endloop
  endfacet
  facet normal 0 0 -1
    outer loop
      vertex 30.964488230962193 -16.519790265903627 0
      vertex 31.147363181547643 -16.38692383699642 0
      vertex 34.870694768281425 -16.91030206995054 0
    endloop
  endfacet
  facet normal 0 0 -1
    outer loop
      vertex 31.31214352935854 -16.23218479067164 0
      vertex 34.870694768281425 -16.91030206995054 0
      vertex 31.147363181547643 -16.38692383699642 0
    endloop
  endfacet
  facet normal 0 0 -1
    outer loop
      vertex 30.556230589874904 -16.711901729331277 0
      vertex 35.42837203331676 -17.504168039021316 0
      vertex 35.75856291631826 -17.74406575788155 0
    endloop
  endfacet
  facet normal 0 0 -1
    outer loop
      vertex 30.76640272481713 -16.628688694438836 0
      vertex 35.13085196088041 -17.22477809426824 0
      vertex 35.42837203331676 -17.504168039021316 0
    endloop
  endfacet
  facet normal 0 0 -1
    outer loop
      vertex 30.964488230962193 -16.519790265903627 0
      vertex 34.870694768281425 -16.91030206995054 0
      vertex 35.13085196088041 -17.22477809426824 0
    endloop
  endfacet
  facet normal 0 0 -1
    outer loop
      vertex 31.31214352935854 -16.23218479067164 0
      vertex 34.65200328985745 -16.565699440830574 0
      vertex 34.870694768281425 -16.91030206995054 0
    endloop
  endfacet
  facet normal 0 0 -1
    outer loop
      vertex 54.81395259764657 -21.99013364214136 0
      vertex 37.70406918847027 -18.243586867391883 0
      vertex 38.108989272403605 -18.19243356486824 0
    endloop
  endfacet
  facet normal 0 0 -1
    outer loop
      vertex 54.81395259764657 -21.99013364214136 0
      vertex 38.108989272403605 -18.19243356486824 0
      vertex 38.504305231718575 -18.09093367795925 0
    endloop
  endfacet
  facet normal 0 0 -1
    outer loop
      vertex 54.81395259764657 -21.99013364214136 0
      vertex 38.504305231718575 -18.09093367795925 0
      vertex 38.88378269758648 -17.940687920514563 0
    endloop
  endfacet
  facet normal 0 0 -1
    outer loop
      vertex 54.81395259764657 -21.99013364214136 0
      vertex 38.88378269758648 -17.940687920514563 0
      vertex 39.24143708368174 -17.74406575788155 0
    endloop
  endfacet
  facet normal 0 0 -1
    outer loop
      vertex 39.24143708368174 -17.74406575788155 0
      vertex 39.571627966683245 -17.504168039021316 0
      vertex 44.44376941012509 -16.711901729331277 0
    endloop
  endfacet
  facet normal 0 0 -1
    outer loop
      vertex 39.86914803911959 -17.22477809426824 0
      vertex 44.233597275182866 -16.628688694438836 0
      vertex 39.571627966683245 -17.504168039021316 0
    endloop
  endfacet
  facet normal 0 0 -1
    outer loop
      vertex 39.86914803911959 -17.22477809426824 0
      vertex 40.129305231718575 -16.91030206995054 0
      vertex 44.035511769037804 -16.519790265903627 0
    endloop
  endfacet
  facet normal 0 0 -1
    outer loop
      vertex 40.129305231718575 -16.91030206995054 0
      vertex 40.34799671014255 -16.565699440830574 0
      vertex 43.68785647064146 -16.23218479067164 0
    endloop
  endfacet
  facet normal 0 0 -1
    outer loop
      vertex 39.571627966683245 -17.504168039021316 0
      vertex 44.233597275182866 -16.628688694438836 0
      vertex 44.44376941012509 -16.711901729331277 0
    endloop
  endfacet
  facet normal 0 0 -1
    outer loop
      vertex 39.86914803911959 -17.22477809426824 0
      vertex 44.035511769037804 -16.519790265903627 0
      vertex 44.233597275182866 -16.628688694438836 0
    endloop
  endfacet
  facet normal 0 0 -1
    outer loop
      vertex 40.129305231718575 -16.91030206995054 0
      vertex 43.85263681845236 -16.38692383699642 0
      vertex 44.035511769037804 -16.519790265903627 0
    endloop
  endfacet
  facet normal 0 0 -1
    outer loop
      vertex 40.129305231718575 -16.91030206995054 0
      vertex 43.68785647064146 -16.23218479067164 0
      vertex 43.85263681845236 -16.38692383699642 0
    endloop
  endfacet
  facet normal 0 0 -1
    outer loop
      vertex 39.24143708368174 -17.74406575788155 0
      vertex 44.44376941012509 -16.711901729331277 0
      vertex 44.662713633745696 -16.76811705131164 0
    endloop
  endfacet
  facet normal 0 0 -1
    outer loop
      vertex 31.31214352935854 -16.23218479067164 0
      vertex 31.456230589874906 -16.058013454126453 0
      vertex 34.65200328985745 -16.565699440830574 0
    endloop
  endfacet
  facet normal 0 0 -1
    outer loop
      vertex 31.456230589874906 -16.058013454126453 0
      vertex 31.577352024078955 -15.867156613383088 0
      vertex 34.47822642086318 -16.196404796225202 0
    endloop
  endfacet
  facet normal 0 0 -1
    outer loop
      vertex 34.47822642086318 -16.196404796225202 0
      vertex 31.577352024078955 -15.867156613383088 0
      vertex 31.673597674598852 -15.662624194832421 0
    endloop
  endfacet
  facet normal 0 0 -1
    outer loop
      vertex 31.673597674598852 -15.662624194832421 0
      vertex 31.743449690031536 -15.447641796896738 0
      vertex 34.35210472633195 -15.808242133285779 0
    endloop
  endfacet
  facet normal 0 0 -1
    outer loop
      vertex 31.743449690031536 -15.447641796896738 0
      vertex 34.27562722072795 -15.407333009083988 0
      vertex 34.35210472633195 -15.808242133285779 0
    endloop
  endfacet
  facet normal 0 0 -1
    outer loop
      vertex 31.743449690031536 -15.447641796896738 0
      vertex 31.78580646236606 -15.225599820415747 0
      vertex 34.27562722072795 -15.407333009083988 0
    endloop
  endfacet
  facet normal 0 0 -1
    outer loop
      vertex 31.8 -15 0
      vertex 34.27562722072795 -15.407333009083988 0
      vertex 31.78580646236606 -15.225599820415747 0
    endloop
  endfacet
  facet normal 0 0 -1
    outer loop
      vertex 31.8 -15 0
      vertex 34.25 -15 0
      vertex 34.27562722072795 -15.407333009083988 0
    endloop
  endfacet
  facet normal 0 0 -1
    outer loop
      vertex 34.25 -15 0
      vertex 31.8 -15 0
      vertex 31.78580646236606 -14.774400179584251 0
    endloop
  endfacet
  facet normal 0 0 -1
    outer loop
      vertex 34.25 -15 0
      vertex 31.78580646236606 -14.774400179584251 0
      vertex 34.27562722072795 -14.592666990916012 0
    endloop
  endfacet
  facet normal 0 0 -1
    outer loop
      vertex 31.78580646236606 -14.774400179584251 0
      vertex 31.743449690031536 -14.552358203103262 0
      vertex 34.27562722072795 -14.592666990916012 0
    endloop
  endfacet
  facet normal 0 0 -1
    outer loop
      vertex 31.743449690031536 -14.552358203103262 0
      vertex 34.35210472633195 -14.191757866714221 0
      vertex 34.27562722072795 -14.592666990916012 0
    endloop
  endfacet
  facet normal 0 0 -1
    outer loop
      vertex 31.577352024078955 -14.132843386616912 0
      vertex 31.456230589874906 -13.941986545873549 0
      vertex 34.47822642086318 -13.803595203774798 0
    endloop
  endfacet
  facet normal 0 0 -1
    outer loop
      vertex 31.743449690031536 -14.552358203103262 0
      vertex 31.673597674598852 -14.33737580516758 0
      vertex 34.35210472633195 -14.191757866714221 0
    endloop
  endfacet
  facet normal 0 0 -1
    outer loop
      vertex 31.673597674598852 -14.33737580516758 0
      vertex 31.577352024078955 -14.132843386616912 0
      vertex 34.47822642086318 -13.803595203774798 0
    endloop
  endfacet
  facet normal 0 0 -1
    outer loop
      vertex 31.456230589874906 -16.058013454126453 0
      vertex 34.47822642086318 -16.196404796225202 0
      vertex 34.65200328985745 -16.565699440830574 0
    endloop
  endfacet
  facet normal 0 0 -1
    outer loop
      vertex 34.47822642086318 -16.196404796225202 0
      vertex 31.673597674598852 -15.662624194832421 0
      vertex 34.35210472633195 -15.808242133285779 0
    endloop
  endfacet
  facet normal 0 0 -1
    outer loop
      vertex 31.673597674598852 -14.33737580516758 0
      vertex 34.47822642086318 -13.803595203774798 0
      vertex 34.35210472633195 -14.191757866714221 0
    endloop
  endfacet
  facet normal 0 0 -1
    outer loop
      vertex 24.869148039119587 -12.775221905731762 0
      vertex 34.870694768281425 -13.089697930049462 0
      vertex 29.886977064847237 -13.20355188882911 0
    endloop
  endfacet
  facet normal 0 0 -1
    outer loop
      vertex 31.31214352935854 -13.76781520932836 0
      vertex 34.65200328985745 -13.434300559169426 0
      vertex 31.456230589874906 -13.941986545873549 0
    endloop
  endfacet
  facet normal 0 0 -1
    outer loop
      vertex 31.31214352935854 -13.76781520932836 0
      vertex 31.147363181547643 -13.61307616300358 0
      vertex 34.870694768281425 -13.089697930049462 0
    endloop
  endfacet
  facet normal 0 0 -1
    outer loop
      vertex 34.870694768281425 -13.089697930049462 0
      vertex 30.76640272481713 -13.371311305561164 0
      vertex 30.556230589874904 -13.288098270668723 0
    endloop
  endfacet
  facet normal 0 0 -1
    outer loop
      vertex 34.870694768281425 -13.089697930049462 0
      vertex 30.113022935152763 -13.20355188882911 0
      vertex 29.886977064847237 -13.20355188882911 0
    endloop
  endfacet
  facet normal 0 0 -1
    outer loop
      vertex 34.870694768281425 -13.089697930049462 0
      vertex 30.337286366254304 -13.23188294868836 0
      vertex 30.113022935152763 -13.20355188882911 0
    endloop
  endfacet
  facet normal 0 0 -1
    outer loop
      vertex 34.870694768281425 -13.089697930049462 0
      vertex 30.556230589874904 -13.288098270668723 0
      vertex 30.337286366254304 -13.23188294868836 0
    endloop
  endfacet
  facet normal 0 0 -1
    outer loop
      vertex 34.870694768281425 -13.089697930049462 0
      vertex 30.964488230962193 -13.480209734096373 0
      vertex 30.76640272481713 -13.371311305561164 0
    endloop
  endfacet
  facet normal 0 0 -1
    outer loop
      vertex 30.964488230962193 -13.480209734096373 0
      vertex 34.870694768281425 -13.089697930049462 0
      vertex 31.147363181547643 -13.61307616300358 0
    endloop
  endfacet
  facet normal 0 0 -1
    outer loop
      vertex 24.869148039119587 -12.775221905731762 0
      vertex 35.13085196088041 -12.775221905731762 0
      vertex 34.870694768281425 -13.089697930049462 0
    endloop
  endfacet
  facet normal 0 0 -1
    outer loop
      vertex 35.13085196088041 -12.775221905731762 0
      vertex 24.57162796668324 -12.495831960978686 0
      vertex 35.42837203331676 -12.495831960978684 0
    endloop
  endfacet
  facet normal 0 0 -1
    outer loop
      vertex 24.57162796668324 -12.495831960978686 0
      vertex 35.75856291631826 -12.255934242118451 0
      vertex 35.42837203331676 -12.495831960978684 0
    endloop
  endfacet
  facet normal 0 0 -1
    outer loop
      vertex 23.883782697586486 -12.059312079485437 0
      vertex 36.11621730241352 -12.059312079485437 0
      vertex 35.75856291631826 -12.255934242118451 0
    endloop
  endfacet
  facet normal 0 0 -1
    outer loop
      vertex 31.456230589874906 -13.941986545873549 0
      vertex 34.65200328985745 -13.434300559169426 0
      vertex 34.47822642086318 -13.803595203774798 0
    endloop
  endfacet
  facet normal 0 0 -1
    outer loop
      vertex 31.31214352935854 -13.76781520932836 0
      vertex 34.870694768281425 -13.089697930049462 0
      vertex 34.65200328985745 -13.434300559169426 0
    endloop
  endfacet
  facet normal 0 0 -1
    outer loop
      vertex 40.34799671014255 -16.565699440830574 0
      vertex 40.52177357913682 -16.196404796225206 0
      vertex 43.543769410125094 -16.058013454126453 0
    endloop
  endfacet
  facet normal 0 0 -1
    outer loop
      vertex 40.52177357913682 -16.196404796225206 0
      vertex 40.64789527366805 -15.808242133285777 0
      vertex 43.32640232540115 -15.66262419483242 0
    endloop
  endfacet
  facet normal 0 0 -1
    outer loop
      vertex 40.34799671014255 -16.565699440830574 0
      vertex 43.543769410125094 -16.058013454126453 0
      vertex 43.68785647064146 -16.23218479067164 0
    endloop
  endfacet
  facet normal 0 0 -1
    outer loop
      vertex 40.52177357913682 -16.196404796225206 0
      vertex 43.422647975921045 -15.867156613383088 0
      vertex 43.543769410125094 -16.058013454126453 0
    endloop
  endfacet
  facet normal 0 0 -1
    outer loop
      vertex 40.52177357913682 -16.196404796225206 0
      vertex 43.32640232540115 -15.66262419483242 0
      vertex 43.422647975921045 -15.867156613383088 0
    endloop
  endfacet
  facet normal 0 0 -1
    outer loop
      vertex 40.64789527366805 -15.808242133285777 0
      vertex 40.72437277927205 -15.407333009083988 0
      vertex 43.25655030996846 -15.447641796896738 0
    endloop
  endfacet
  facet normal 0 0 -1
    outer loop
      vertex 40.72437277927205 -15.407333009083988 0
      vertex 40.75 -15 0
      vertex 43.21419353763394 -15.225599820415747 0
    endloop
  endfacet
  facet normal 0 0 -1
    outer loop
      vertex 40.64789527366805 -15.808242133285777 0
      vertex 43.25655030996846 -15.447641796896738 0
      vertex 43.32640232540115 -15.66262419483242 0
    endloop
  endfacet
  facet normal 0 0 -1
    outer loop
      vertex 40.72437277927205 -15.407333009083988 0
      vertex 43.21419353763394 -15.225599820415747 0
      vertex 43.25655030996846 -15.447641796896738 0
    endloop
  endfacet
  facet normal 0 0 -1
    outer loop
      vertex 40.75 -15 0
      vertex 40.72437277927205 -14.592666990916012 0
      vertex 43.21419353763394 -14.774400179584253 0
    endloop
  endfacet
  facet normal 0 0 -1
    outer loop
      vertex 40.64789527366805 -14.191757866714221 0
      vertex 43.25655030996846 -14.552358203103262 0
      vertex 40.72437277927205 -14.592666990916012 0
    endloop
  endfacet
  facet normal 0 0 -1
    outer loop
      vertex 40.75 -15 0
      vertex 43.2 -15 0
      vertex 43.21419353763394 -15.225599820415747 0
    endloop
  endfacet
  facet normal 0 0 -1
    outer loop
      vertex 40.75 -15 0
      vertex 43.21419353763394 -14.774400179584253 0
      vertex 43.2 -15 0
    endloop
  endfacet
  facet normal 0 0 -1
    outer loop
      vertex 40.72437277927205 -14.592666990916012 0
      vertex 43.25655030996846 -14.552358203103262 0
      vertex 43.21419353763394 -14.774400179584253 0
    endloop
  endfacet
  facet normal 0 0 -1
    outer loop
      vertex 43.32640232540115 -14.33737580516758 0
      vertex 40.64789527366805 -14.191757866714221 0
      vertex 40.52177357913682 -13.803595203774798 0
    endloop
  endfacet
  facet normal 0 0 -1
    outer loop
      vertex 40.64789527366805 -14.191757866714221 0
      vertex 43.32640232540115 -14.33737580516758 0
      vertex 43.25655030996846 -14.552358203103262 0
    endloop
  endfacet
  facet normal 0 0 -1
    outer loop
      vertex 43.32640232540115 -14.33737580516758 0
      vertex 40.52177357913682 -13.803595203774798 0
      vertex 43.422647975921045 -14.132843386616912 0
    endloop
  endfacet
  facet normal 0 0 -1
    outer loop
      vertex 40.52177357913682 -13.803595203774798 0
      vertex 43.543769410125094 -13.941986545873549 0
      vertex 43.422647975921045 -14.132843386616912 0
    endloop
  endfacet
  facet normal 0 0 -1
    outer loop
      vertex 40.52177357913682 -13.803595203774798 0
      vertex 40.34799671014255 -13.434300559169426 0
      vertex 43.543769410125094 -13.941986545873549 0
    endloop
  endfacet
  facet normal 0 0 -1
    outer loop
      vertex 43.68785647064146 -13.767815209328361 0
      vertex 40.34799671014255 -13.434300559169426 0
      vertex 40.129305231718575 -13.089697930049462 0
    endloop
  endfacet
  facet normal 0 0 -1
    outer loop
      vertex 39.86914803911959 -12.775221905731762 0
      vertex 44.035511769037804 -13.480209734096373 0
      vertex 40.129305231718575 -13.089697930049462 0
    endloop
  endfacet
  facet normal 0 0 -1
    outer loop
      vertex 43.68785647064146 -13.767815209328361 0
      vertex 43.543769410125094 -13.941986545873549 0
      vertex 40.34799671014255 -13.434300559169426 0
    endloop
  endfacet
  facet normal 0 0 -1
    outer loop
      vertex 43.68785647064146 -13.767815209328361 0
      vertex 40.129305231718575 -13.089697930049462 0
      vertex 43.85263681845236 -13.61307616300358 0
    endloop
  endfacet
  facet normal 0 0 -1
    outer loop
      vertex 40.129305231718575 -13.089697930049462 0
      vertex 44.035511769037804 -13.480209734096373 0
      vertex 43.85263681845236 -13.61307616300358 0
    endloop
  endfacet
  facet normal 0 0 -1
    outer loop
      vertex 39.86914803911959 -12.775221905731762 0
      vertex 44.233597275182866 -13.371311305561164 0
      vertex 44.035511769037804 -13.480209734096373 0
    endloop
  endfacet
  facet normal 0 0 -1
    outer loop
      vertex 39.86914803911959 -12.775221905731762 0
      vertex 44.44376941012509 -13.288098270668723 0
      vertex 44.233597275182866 -13.371311305561164 0
    endloop
  endfacet
  facet normal 0 0 -1
    outer loop
      vertex 39.86914803911959 -12.775221905731762 0
      vertex 44.662713633745696 -13.23188294868836 0
      vertex 44.44376941012509 -13.288098270668723 0
    endloop
  endfacet
  facet normal 0 0 -1
    outer loop
      vertex 39.86914803911959 -12.775221905731762 0
      vertex 44.88697706484724 -13.20355188882911 0
      vertex 44.662713633745696 -13.23188294868836 0
    endloop
  endfacet
  facet normal 0 0 -1
    outer loop
      vertex 39.86914803911959 -12.775221905731762 0
      vertex 45.11302293515276 -13.20355188882911 0
      vertex 44.88697706484724 -13.20355188882911 0
    endloop
  endfacet
  facet normal 0 0 -1
    outer loop
      vertex 50.13085196088041 -12.775221905731762 0
      vertex 39.86914803911959 -12.775221905731762 0
      vertex 39.571627966683245 -12.495831960978686 0
    endloop
  endfacet
  facet normal 0 0 -1
    outer loop
      vertex 50.13085196088041 -12.775221905731762 0
      vertex 39.571627966683245 -12.495831960978686 0
      vertex 39.24143708368174 -12.255934242118451 0
    endloop
  endfacet
  facet normal 0 0 -1
    outer loop
      vertex 38.88378269758648 -12.059312079485437 0
      vertex 50.13085196088041 -12.775221905731762 0
      vertex 39.24143708368174 -12.255934242118451 0
    endloop
  endfacet
  facet normal 0 0 -1
    outer loop
      vertex 38.88378269758648 -12.059312079485437 0
      vertex 38.504305231718575 -11.90906632204075 0
      vertex 50.75856291631826 -12.255934242118451 0
    endloop
  endfacet
  facet normal 0 0 -1
    outer loop
      vertex 37.70406918847027 -11.756413132608117 0
      vertex 50.75856291631826 -12.255934242118451 0
      vertex 38.108989272403605 -11.807566435131761 0
    endloop
  endfacet
  facet normal 0 0 -1
    outer loop
      vertex 38.108989272403605 -11.807566435131761 0
      vertex 50.75856291631826 -12.255934242118451 0
      vertex 38.504305231718575 -11.90906632204075 0
    endloop
  endfacet
  facet normal 0 0 -1
    outer loop
      vertex 54.81395259764657 -21.99013364214136 0
      vertex 39.24143708368174 -17.74406575788155 0
      vertex 44.662713633745696 -16.76811705131164 0
    endloop
  endfacet
  facet normal 0 0 -1
    outer loop
      vertex 54.81395259764657 -21.99013364214136 0
      vertex 44.662713633745696 -16.76811705131164 0
      vertex 44.88697706484724 -16.79644811117089 0
    endloop
  endfacet
  facet normal 0 0 -1
    outer loop
      vertex 54.81395259764657 -21.99013364214136 0
      vertex 44.88697706484724 -16.79644811117089 0
      vertex 45.11302293515276 -16.79644811117089 0
    endloop
  endfacet
  facet normal 0 0 -1
    outer loop
      vertex 45.337286366254304 -16.76811705131164 0
      vertex 45.55623058987491 -16.711901729331277 0
      vertex 50.75856291631826 -17.74406575788155 0
    endloop
  endfacet
  facet normal 0 0 -1
    outer loop
      vertex 45.55623058987491 -16.711901729331277 0
      vertex 45.766402724817134 -16.628688694438836 0
      vertex 50.42837203331676 -17.504168039021316 0
    endloop
  endfacet
  facet normal 0 0 -1
    outer loop
      vertex 45.766402724817134 -16.628688694438836 0
      vertex 45.964488230962196 -16.519790265903627 0
      vertex 50.13085196088041 -17.22477809426824 0
    endloop
  endfacet
  facet normal 0 0 -1
    outer loop
      vertex 45.964488230962196 -16.519790265903627 0
      vertex 46.14736318154764 -16.38692383699642 0
      vertex 49.870694768281425 -16.91030206995054 0
    endloop
  endfacet
  facet normal 0 0 -1
    outer loop
      vertex 46.31214352935854 -16.23218479067164 0
      vertex 49.870694768281425 -16.91030206995054 0
      vertex 46.14736318154764 -16.38692383699642 0
    endloop
  endfacet
  facet normal 0 0 -1
    outer loop
      vertex 54.81395259764657 -21.99013364214136 0
      vertex 45.11302293515276 -16.79644811117089 0
      vertex 45.337286366254304 -16.76811705131164 0
    endloop
  endfacet
  facet normal 0 0 -1
    outer loop
      vertex 54.81395259764657 -21.99013364214136 0
      vertex 45.337286366254304 -16.76811705131164 0
      vertex 50.75856291631826 -17.74406575788155 0
    endloop
  endfacet
  facet normal 0 0 -1
    outer loop
      vertex 45.55623058987491 -16.711901729331277 0
      vertex 50.42837203331676 -17.504168039021316 0
      vertex 50.75856291631826 -17.74406575788155 0
    endloop
  endfacet
  facet normal 0 0 -1
    outer loop
      vertex 45.766402724817134 -16.628688694438836 0
      vertex 50.13085196088041 -17.22477809426824 0
      vertex 50.42837203331676 -17.504168039021316 0
    endloop
  endfacet
  facet normal 0 0 -1
    outer loop
      vertex 45.964488230962196 -16.519790265903627 0
      vertex 49.870694768281425 -16.91030206995054 0
      vertex 50.13085196088041 -17.22477809426824 0
    endloop
  endfacet
  facet normal 0 0 -1
    outer loop
      vertex 46.31214352935854 -16.23218479067164 0
      vertex 49.65200328985745 -16.565699440830574 0
      vertex 49.870694768281425 -16.91030206995054 0
    endloop
  endfacet
  facet normal 0 0 -1
    outer loop
      vertex 54.81395259764657 -21.99013364214136 0
      vertex 56.62889645782536 -21.5241352623301 0
      vertex 55.43690657292862 -21.911436253643444 0
    endloop
  endfacet
  facet normal 0 0 -1
    outer loop
      vertex 54.81395259764657 -21.99013364214136 0
      vertex 51.11621730241352 -17.940687920514563 0
      vertex 51.495694768281425 -18.09093367795925 0
    endloop
  endfacet
  facet normal 0 0 -1
    outer loop
      vertex 54.81395259764657 -21.99013364214136 0
      vertex 51.495694768281425 -18.09093367795925 0
      vertex 51.891010727596395 -18.19243356486824 0
    endloop
  endfacet
  facet normal 0 0 -1
    outer loop
      vertex 54.81395259764657 -21.99013364214136 0
      vertex 51.891010727596395 -18.19243356486824 0
      vertex 52.29593081152973 -18.243586867391883 0
    endloop
  endfacet
  facet normal 0 0 -1
    outer loop
      vertex 54.81395259764657 -21.99013364214136 0
      vertex 52.29593081152973 -18.243586867391883 0
      vertex 52.70406918847027 -18.243586867391883 0
    endloop
  endfacet
  facet normal 0 0 -1
    outer loop
      vertex 54.81395259764657 -21.99013364214136 0
      vertex 52.70406918847027 -18.243586867391883 0
      vertex 53.108989272403605 -18.19243356486824 0
    endloop
  endfacet
  facet normal 0 0 -1
    outer loop
      vertex 54.81395259764657 -21.99013364214136 0
      vertex 53.108989272403605 -18.19243356486824 0
      vertex 53.504305231718575 -18.09093367795925 0
    endloop
  endfacet
  facet normal 0 0 -1
    outer loop
      vertex 54.81395259764657 -21.99013364214136 0
      vertex 53.504305231718575 -18.09093367795925 0
      vertex 53.88378269758648 -17.940687920514563 0
    endloop
  endfacet
  facet normal 0 0 -1
    outer loop
      vertex 55.43690657292862 -21.911436253643444 0
      vertex 56.62889645782536 -21.5241352623301 0
      vertex 56.045084971874736 -21.755282581475768 0
    endloop
  endfacet
  facet normal 0 0 -1
    outer loop
      vertex 54.81395259764657 -21.99013364214136 0
      vertex 57.17913397489498 -21.221639627510076 0
      vertex 56.62889645782536 -21.5241352623301 0
    endloop
  endfacet
  facet normal 0 0 -1
    outer loop
      vertex 54.81395259764657 -21.99013364214136 0
      vertex 58.88153340021932 -19.408768370508575 0
      vertex 57.17913397489498 -21.221639627510076 0
    endloop
  endfacet
  facet normal 0 0 -1
    outer loop
      vertex 57.17913397489498 -21.221639627510076 0
      vertex 58.14484313710706 -20.422735529643443 0
      vertex 57.68711994874345 -20.852566213878944 0
    endloop
  endfacet
  facet normal 0 0 -1
    outer loop
      vertex 57.17913397489498 -21.221639627510076 0
      vertex 58.88153340021932 -19.408768370508575 0
      vertex 58.14484313710706 -20.422735529643443 0
    endloop
  endfacet
  facet normal 0 0 -1
    outer loop
      vertex 58.14484313710706 -20.422735529643443 0
      vertex 58.88153340021932 -19.408768370508575 0
      vertex 58.545084971874736 -19.938926261462367 0
    endloop
  endfacet
  facet normal 0 0 -1
    outer loop
      vertex 54.81395259764657 -21.99013364214136 0
      vertex 50.75856291631826 -17.74406575788155 0
      vertex 51.11621730241352 -17.940687920514563 0
    endloop
  endfacet
  facet normal 0 0 -1
    outer loop
      vertex 54.81395259764657 -21.99013364214136 0
      vertex 53.88378269758648 -17.940687920514563 0
      vertex 54.24143708368174 -17.74406575788155 0
    endloop
  endfacet
  facet normal 0 0 -1
    outer loop
      vertex 54.81395259764657 -21.99013364214136 0
      vertex 54.24143708368174 -17.74406575788155 0
      vertex 54.571627966683245 -17.504168039021316 0
    endloop
  endfacet
  facet normal 0 0 -1
    outer loop
      vertex 54.81395259764657 -21.99013364214136 0
      vertex 54.571627966683245 -17.504168039021316 0
      vertex 54.86914803911959 -17.22477809426824 0
    endloop
  endfacet
  facet normal 0 0 -1
    outer loop
      vertex 54.81395259764657 -21.99013364214136 0
      vertex 54.86914803911959 -17.22477809426824 0
      vertex 55.129305231718575 -16.91030206995054 0
    endloop
  endfacet
  facet normal 0 0 -1
    outer loop
      vertex 54.81395259764657 -21.99013364214136 0
      vertex 55.129305231718575 -16.91030206995054 0
      vertex 55.34799671014255 -16.565699440830574 0
    endloop
  endfacet
  facet normal 0 0 -1
    outer loop
      vertex 54.81395259764657 -21.99013364214136 0
      vertex 55.34799671014255 -16.565699440830574 0
      vertex 55.52177357913682 -16.196404796225206 0
    endloop
  endfacet
  facet normal 0 0 -1
    outer loop
      vertex 54.81395259764657 -21.99013364214136 0
      vertex 55.52177357913682 -16.196404796225206 0
      vertex 55.64789527366805 -15.808242133285777 0
    endloop
  endfacet
  facet normal 0 0 -1
    outer loop
      vertex 58.88153340021932 -19.408768370508575 0
      vertex 59.46057350657239 -17.62666616782152 0
      vertex 59.14888242944126 -18.84062276342339 0
    endloop
  endfacet
  facet normal 0 0 -1
    outer loop
      vertex 54.81395259764657 -21.99013364214136 0
      vertex 59.5 -13 0
      vertex 58.88153340021932 -19.408768370508575 0
    endloop
  endfacet
  facet normal 0 0 -1
    outer loop
      vertex 59.14888242944126 -18.84062276342339 0
      vertex 59.46057350657239 -17.62666616782152 0
      vertex 59.34291580564316 -18.24344943582427 0
    endloop
  endfacet
  facet normal 0 0 -1
    outer loop
      vertex 54.81395259764657 -21.99013364214136 0
      vertex 55.64789527366805 -15.808242133285777 0
      vertex 59.5 -13 0
    endloop
  endfacet
  facet normal 0 0 -1
    outer loop
      vertex 58.88153340021932 -19.408768370508575 0
      vertex 59.5 -13 0
      vertex 59.46057350657239 -17.62666616782152 0
    endloop
  endfacet
  facet normal 0 0 -1
    outer loop
      vertex 46.31214352935854 -16.23218479067164 0
      vertex 46.456230589874906 -16.058013454126453 0
      vertex 49.65200328985745 -16.565699440830574 0
    endloop
  endfacet
  facet normal 0 0 -1
    outer loop
      vertex 46.456230589874906 -16.058013454126453 0
      vertex 46.577352024078955 -15.867156613383088 0
      vertex 49.47822642086318 -16.196404796225202 0
    endloop
  endfacet
  facet normal 0 0 -1
    outer loop
      vertex 46.577352024078955 -15.867156613383088 0
      vertex 46.67359767459885 -15.662624194832421 0
      vertex 49.47822642086318 -16.196404796225202 0
    endloop
  endfacet
  facet normal 0 0 -1
    outer loop
      vertex 46.67359767459885 -15.662624194832421 0
      vertex 46.74344969003154 -15.447641796896738 0
      vertex 49.35210472633195 -15.808242133285779 0
    endloop
  endfacet
  facet normal 0 0 -1
    outer loop
      vertex 46.74344969003154 -15.447641796896738 0
      vertex 46.78580646236606 -15.225599820415747 0
      vertex 49.27562722072795 -15.407333009083988 0
    endloop
  endfacet
  facet normal 0 0 -1
    outer loop
      vertex 46.78580646236606 -15.225599820415747 0
      vertex 46.8 -15 0
      vertex 49.25 -15 0
    endloop
  endfacet
  facet normal 0 0 -1
    outer loop
      vertex 46.8 -15 0
      vertex 46.78580646236606 -14.774400179584251 0
      vertex 49.25 -15 0
    endloop
  endfacet
  facet normal 0 0 -1
    outer loop
      vertex 46.78580646236606 -14.774400179584251 0
      vertex 46.74344969003154 -14.552358203103262 0
      vertex 49.27562722072795 -14.592666990916012 0
    endloop
  endfacet
  facet normal 0 0 -1
    outer loop
      vertex 46.74344969003154 -14.552358203103262 0
      vertex 46.67359767459885 -14.33737580516758 0
      vertex 49.35210472633195 -14.191757866714221 0
    endloop
  endfacet
  facet normal 0 0 -1
    outer loop
      vertex 46.67359767459885 -14.33737580516758 0
      vertex 46.577352024078955 -14.132843386616912 0
      vertex 49.35210472633195 -14.191757866714221 0
    endloop
  endfacet
  facet normal 0 0 -1
    outer loop
      vertex 46.456230589874906 -13.941986545873549 0
      vertex 49.47822642086318 -13.803595203774798 0
      vertex 46.577352024078955 -14.132843386616912 0
    endloop
  endfacet
  facet normal 0 0 -1
    outer loop
      vertex 46.456230589874906 -16.058013454126453 0
      vertex 49.47822642086318 -16.196404796225202 0
      vertex 49.65200328985745 -16.565699440830574 0
    endloop
  endfacet
  facet normal 0 0 -1
    outer loop
      vertex 46.67359767459885 -15.662624194832421 0
      vertex 49.35210472633195 -15.808242133285779 0
      vertex 49.47822642086318 -16.196404796225202 0
    endloop
  endfacet
  facet normal 0 0 -1
    outer loop
      vertex 46.74344969003154 -15.447641796896738 0
      vertex 49.27562722072795 -15.407333009083988 0
      vertex 49.35210472633195 -15.808242133285779 0
    endloop
  endfacet
  facet normal 0 0 -1
    outer loop
      vertex 46.78580646236606 -15.225599820415747 0
      vertex 49.25 -15 0
      vertex 49.27562722072795 -15.407333009083988 0
    endloop
  endfacet
  facet normal 0 0 -1
    outer loop
      vertex 46.78580646236606 -14.774400179584251 0
      vertex 49.27562722072795 -14.592666990916012 0
      vertex 49.25 -15 0
    endloop
  endfacet
  facet normal 0 0 -1
    outer loop
      vertex 46.74344969003154 -14.552358203103262 0
      vertex 49.35210472633195 -14.191757866714221 0
      vertex 49.27562722072795 -14.592666990916012 0
    endloop
  endfacet
  facet normal 0 0 -1
    outer loop
      vertex 46.577352024078955 -14.132843386616912 0
      vertex 49.47822642086318 -13.803595203774798 0
      vertex 49.35210472633195 -14.191757866714221 0
    endloop
  endfacet
  facet normal 0 0 -1
    outer loop
      vertex 39.86914803911959 -12.775221905731762 0
      vertex 49.870694768281425 -13.089697930049462 0
      vertex 45.11302293515276 -13.20355188882911 0
    endloop
  endfacet
  facet normal 0 0 -1
    outer loop
      vertex 38.88378269758648 -12.059312079485437 0
      vertex 50.42837203331676 -12.495831960978684 0
      vertex 50.13085196088041 -12.775221905731762 0
    endloop
  endfacet
  facet normal 0 0 -1
    outer loop
      vertex 49.870694768281425 -13.089697930049462 0
      vertex 45.337286366254304 -13.23188294868836 0
      vertex 45.11302293515276 -13.20355188882911 0
    endloop
  endfacet
  facet normal 0 0 -1
    outer loop
      vertex 49.870694768281425 -13.089697930049462 0
      vertex 45.55623058987491 -13.288098270668723 0
      vertex 45.337286366254304 -13.23188294868836 0
    endloop
  endfacet
  facet normal 0 0 -1
    outer loop
      vertex 49.870694768281425 -13.089697930049462 0
      vertex 45.766402724817134 -13.371311305561164 0
      vertex 45.55623058987491 -13.288098270668723 0
    endloop
  endfacet
  facet normal 0 0 -1
    outer loop
      vertex 46.14736318154764 -13.61307616300358 0
      vertex 45.964488230962196 -13.480209734096373 0
      vertex 49.870694768281425 -13.089697930049462 0
    endloop
  endfacet
  facet normal 0 0 -1
    outer loop
      vertex 49.870694768281425 -13.089697930049462 0
      vertex 45.964488230962196 -13.480209734096373 0
      vertex 45.766402724817134 -13.371311305561164 0
    endloop
  endfacet
  facet normal 0 0 -1
    outer loop
      vertex 46.456230589874906 -13.941986545873549 0
      vertex 46.31214352935854 -13.76781520932836 0
      vertex 49.65200328985745 -13.434300559169426 0
    endloop
  endfacet
  facet normal 0 0 -1
    outer loop
      vertex 46.31214352935854 -13.76781520932836 0
      vertex 46.14736318154764 -13.61307616300358 0
      vertex 49.870694768281425 -13.089697930049462 0
    endloop
  endfacet
  facet normal 0 0 -1
    outer loop
      vertex 39.86914803911959 -12.775221905731762 0
      vertex 50.13085196088041 -12.775221905731762 0
      vertex 49.870694768281425 -13.089697930049462 0
    endloop
  endfacet
  facet normal 0 0 -1
    outer loop
      vertex 38.88378269758648 -12.059312079485437 0
      vertex 50.75856291631826 -12.255934242118451 0
      vertex 50.42837203331676 -12.495831960978684 0
    endloop
  endfacet
  facet normal 0 0 -1
    outer loop
      vertex 49.47822642086318 -13.803595203774798 0
      vertex 46.456230589874906 -13.941986545873549 0
      vertex 49.65200328985745 -13.434300559169426 0
    endloop
  endfacet
  facet normal 0 0 -1
    outer loop
      vertex 46.31214352935854 -13.76781520932836 0
      vertex 49.870694768281425 -13.089697930049462 0
      vertex 49.65200328985745 -13.434300559169426 0
    endloop
  endfacet
  facet normal 0 0 -1
    outer loop
      vertex 59.46057350657239 -17.62666616782152 0
      vertex 59.5 -13 0
      vertex 59.5 -17 0
    endloop
  endfacet
  facet normal 0 0 -1
    outer loop
      vertex 59.5 -13 0
      vertex 55.64789527366805 -15.808242133285777 0
      vertex 55.72437277927205 -15.407333009083988 0
    endloop
  endfacet
  facet normal 0 0 -1
    outer loop
      vertex 59.5 -13 0
      vertex 55.72437277927205 -15.407333009083988 0
      vertex 55.75 -15 0
    endloop
  endfacet
  facet normal 0 0 -1
    outer loop
      vertex 59.5 -13 0
      vertex 55.75 -15 0
      vertex 55.72437277927205 -14.592666990916012 0
    endloop
  endfacet
  facet normal 0 0 -1
    outer loop
      vertex 59.5 -13 0
      vertex 55.72437277927205 -14.592666990916012 0
      vertex 55.64789527366805 -14.191757866714221 0
    endloop
  endfacet
  facet normal 0 0 -1
    outer loop
      vertex 54.81395259764657 -8.009866357858641 0
      vertex 54.86914803911959 -12.775221905731762 0
      vertex 54.571627966683245 -12.495831960978686 0
    endloop
  endfacet
  facet normal 0 0 -1
    outer loop
      vertex 59.5 -13 0
      vertex 55.34799671014255 -13.434300559169426 0
      vertex 55.129305231718575 -13.089697930049462 0
    endloop
  endfacet
  facet normal 0 0 -1
    outer loop
      vertex 59.5 -13 0
      vertex 55.64789527366805 -14.191757866714221 0
      vertex 55.52177357913682 -13.803595203774798 0
    endloop
  endfacet
  facet normal 0 0 -1
    outer loop
      vertex 59.5 -13 0
      vertex 55.52177357913682 -13.803595203774798 0
      vertex 55.34799671014255 -13.434300559169426 0
    endloop
  endfacet
  facet normal 0 0 -1
    outer loop
      vertex 59.5 -13 0
      vertex 55.129305231718575 -13.089697930049462 0
      vertex 54.86914803911959 -12.775221905731762 0
    endloop
  endfacet
  facet normal 0 0 -1
    outer loop
      vertex 59.5 -13 0
      vertex 54.86914803911959 -12.775221905731762 0
      vertex 54.81395259764657 -8.009866357858641 0
    endloop
  endfacet
  facet normal 0 0 -1
    outer loop
      vertex 59.5 -13 0
      vertex 59.14888242944126 -11.15937723657661 0
      vertex 59.46057350657239 -12.373333832178478 0
    endloop
  endfacet
  facet normal 0 0 -1
    outer loop
      vertex 59.46057350657239 -12.373333832178478 0
      vertex 59.14888242944126 -11.15937723657661 0
      vertex 59.34291580564316 -11.756550564175726 0
    endloop
  endfacet
  facet normal 0 0 -1
    outer loop
      vertex 59.5 -13 0
      vertex 58.14484313710706 -9.577264470356557 0
      vertex 59.14888242944126 -11.15937723657661 0
    endloop
  endfacet
  facet normal 0.12533323356430573 -0.9921147013144777 0
    outer loop
      vertex 54.81395259764657 -21.99013364214136 0
      vertex 55.43690657292862 -21.911436253643444 0
      vertex 55.43690657292862 -21.911436253643444 3
    endloop
  endfacet
  facet normal 0.24868988716485468 -0.9685831611286311 0
    outer loop
      vertex 55.43690657292862 -21.911436253643444 0
      vertex 56.045084971874736 -21.755282581475768 0
      vertex 56.045084971874736 -21.755282581475768 3
    endloop
  endfacet
  facet normal 0.3681245526846774 -0.9297764858882517 0
    outer loop
      vertex 56.045084971874736 -21.755282581475768 0
      vertex 56.62889645782536 -21.5241352623301 0
      vertex 56.045084971874736 -21.755282581475768 3
    endloop
  endfacet
  facet normal 0.48175367410171693 -0.8763066800438627 0
    outer loop
      vertex 56.62889645782536 -21.5241352623301 0
      vertex 57.17913397489498 -21.221639627510076 0
      vertex 56.62889645782536 -21.5241352623301 3
    endloop
  endfacet
  facet normal 0.5877852522924719 -0.8090169943749483 0
    outer loop
      vertex 57.17913397489498 -21.221639627510076 0
      vertex 57.68711994874345 -20.852566213878944 0
      vertex 57.17913397489498 -21.221639627510076 3
    endloop
  endfacet
  facet normal 0.6845471059286874 -0.7289686274214127 0
    outer loop
      vertex 57.68711994874345 -20.852566213878944 0
      vertex 58.14484313710706 -20.422735529643443 0
      vertex 58.14484313710706 -20.422735529643443 3
    endloop
  endfacet
  facet normal 0.7705132427757907 -0.6374239897486881 0
    outer loop
      vertex 58.14484313710706 -20.422735529643443 0
      vertex 58.545084971874736 -19.938926261462367 0
      vertex 58.545084971874736 -19.938926261462367 3
    endloop
  endfacet
  facet normal 0.8443279255020154 -0.5358267949789961 0
    outer loop
      vertex 58.545084971874736 -19.938926261462367 0
      vertex 58.88153340021932 -19.408768370508575 0
      vertex 58.545084971874736 -19.938926261462367 3
    endloop
  endfacet
  facet normal 0.9048270524660187 -0.42577929156507455 0
    outer loop
      vertex 58.88153340021932 -19.408768370508575 0
      vertex 59.14888242944126 -18.84062276342339 0
      vertex 59.14888242944126 -18.84062276342339 3
    endloop
  endfacet
  facet normal 0.951056516295153 -0.30901699437494917 0
    outer loop
      vertex 59.14888242944126 -18.84062276342339 0
      vertex 59.34291580564316 -18.24344943582427 0
      vertex 59.34291580564316 -18.24344943582427 3
    endloop
  endfacet
  facet normal 0.98228725072869 -0.1873813145857174 0
    outer loop
      vertex 59.34291580564316 -18.24344943582427 0
      vertex 59.46057350657239 -17.62666616782152 0
      vertex 59.34291580564316 -18.24344943582427 3
    endloop
  endfacet
  facet normal 0.9980267284282714 -0.06279051952931593 0
    outer loop
      vertex 59.46057350657239 -17.62666616782152 0
      vertex 59.5 -17 0
      vertex 59.5 -17 3
    endloop
  endfacet
  facet normal 1 0 0
    outer loop
      vertex 59.5 -17 0
      vertex 59.5 -13 0
      vertex 59.5 -17 3
    endloop
  endfacet
  facet normal 0.9980267284282714 0.06279051952931557 0
    outer loop
      vertex 59.5 -13 0
      vertex 59.46057350657239 -12.373333832178478 0
      vertex 59.46057350657239 -12.373333832178478 3
    endloop
  endfacet
  facet normal 0.98228725072869 0.1873813145857174 0
    outer loop
      vertex 59.46057350657239 -12.373333832178478 0
      vertex 59.34291580564316 -11.756550564175726 0
      vertex 59.34291580564316 -11.756550564175726 3
    endloop
  endfacet
  facet normal 0.9510565162951524 0.30901699437495084 0
    outer loop
      vertex 59.34291580564316 -11.756550564175726 0
      vertex 59.14888242944126 -11.15937723657661 0
      vertex 59.34291580564316 -11.756550564175726 3
    endloop
  endfacet
  facet normal 0 0 -1
    outer loop
      vertex 54.81395259764657 -8.009866357858641 0
      vertex 52.70406918847027 -11.756413132608117 0
      vertex 52.29593081152973 -11.756413132608117 0
    endloop
  endfacet
  facet normal 0 0 -1
    outer loop
      vertex 54.81395259764657 -8.009866357858641 0
      vertex 53.108989272403605 -11.807566435131761 0
      vertex 52.70406918847027 -11.756413132608117 0
    endloop
  endfacet
  facet normal 0 0 -1
    outer loop
      vertex 54.81395259764657 -8.009866357858641 0
      vertex 53.504305231718575 -11.90906632204075 0
      vertex 53.108989272403605 -11.807566435131761 0
    endloop
  endfacet
  facet normal 0 0 -1
    outer loop
      vertex 54.81395259764657 -8.009866357858641 0
      vertex 53.88378269758648 -12.059312079485437 0
      vertex 53.504305231718575 -11.90906632204075 0
    endloop
  endfacet
  facet normal 0 0 -1
    outer loop
      vertex 54.81395259764657 -8.009866357858641 0
      vertex 54.24143708368174 -12.255934242118451 0
      vertex 53.88378269758648 -12.059312079485437 0
    endloop
  endfacet
  facet normal 0 0 -1
    outer loop
      vertex 54.81395259764657 -8.009866357858641 0
      vertex 54.571627966683245 -12.495831960978686 0
      vertex 54.24143708368174 -12.255934242118451 0
    endloop
  endfacet
  facet normal 0 0 -1
    outer loop
      vertex 59.5 -13 0
      vertex 54.81395259764657 -8.009866357858641 0
      vertex 58.14484313710706 -9.577264470356557 0
    endloop
  endfacet
  facet normal 0 0 -1
    outer loop
      vertex 59.14888242944126 -11.15937723657661 0
      vertex 58.14484313710706 -9.577264470356557 0
      vertex 58.88153340021932 -10.591231629491423 0
    endloop
  endfacet
  facet normal 0 0 -1
    outer loop
      vertex 58.88153340021932 -10.591231629491423 0
      vertex 58.14484313710706 -9.577264470356557 0
      vertex 58.545084971874736 -10.061073738537633 0
    endloop
  endfacet
  facet normal 0 0 -1
    outer loop
      vertex 56.62889645782536 -8.475864737669902 0
      vertex 57.17913397489498 -8.778360372489924 0
      vertex 58.14484313710706 -9.577264470356557 0
    endloop
  endfacet
  facet normal 0 0 -1
    outer loop
      vertex 56.62889645782536 -8.475864737669902 0
      vertex 58.14484313710706 -9.577264470356557 0
      vertex 54.81395259764657 -8.009866357858641 0
    endloop
  endfacet
  facet normal 0 0 -1
    outer loop
      vertex 57.17913397489498 -8.778360372489924 0
      vertex 57.68711994874345 -9.147433786121054 0
      vertex 58.14484313710706 -9.577264470356557 0
    endloop
  endfacet
  facet normal 0 0 -1
    outer loop
      vertex 54.81395259764657 -8.009866357858641 0
      vertex 55.43690657292862 -8.088563746356556 0
      vertex 56.045084971874736 -8.244717418524232 0
    endloop
  endfacet
  facet normal 0 0 -1
    outer loop
      vertex 56.62889645782536 -8.475864737669902 0
      vertex 54.81395259764657 -8.009866357858641 0
      vertex 56.045084971874736 -8.244717418524232 0
    endloop
  endfacet
  facet normal 0.9048270524660191 0.4257792915650734 0
    outer loop
      vertex 59.14888242944126 -11.15937723657661 0
      vertex 58.88153340021932 -10.591231629491423 0
      vertex 58.88153340021932 -10.591231629491423 3
    endloop
  endfacet
  facet normal 0.8443279255020145 0.5358267949789974 0
    outer loop
      vertex 58.88153340021932 -10.591231629491423 0
      vertex 58.545084971874736 -10.061073738537633 0
      vertex 58.88153340021932 -10.591231629491423 3
    endloop
  endfacet
  facet normal 0.7705132427757907 0.6374239897486881 0
    outer loop
      vertex 58.545084971874736 -10.061073738537633 0
      vertex 58.14484313710706 -9.577264470356557 0
      vertex 58.545084971874736 -10.061073738537633 3
    endloop
  endfacet
  facet normal 0.58778525229247 0.8090169943749497 0
    outer loop
      vertex 57.17913397489498 -8.778360372489924 0
      vertex 57.68711994874345 -9.147433786121054 3
      vertex 57.68711994874345 -9.147433786121054 0
    endloop
  endfacet
  facet normal 0.3681245526846774 0.9297764858882517 0
    outer loop
      vertex 56.62889645782536 -8.475864737669902 0
      vertex 56.045084971874736 -8.244717418524232 0
      vertex 56.045084971874736 -8.244717418524232 3
    endloop
  endfacet
  facet normal 0.48175367410171693 0.8763066800438627 0
    outer loop
      vertex 56.62889645782536 -8.475864737669902 0
      vertex 57.17913397489498 -8.778360372489924 3
      vertex 57.17913397489498 -8.778360372489924 0
    endloop
  endfacet
  facet normal 0.684547105928689 0.7289686274214113 0
    outer loop
      vertex 58.14484313710706 -9.577264470356557 0
      vertex 57.68711994874345 -9.147433786121054 0
      vertex 57.68711994874345 -9.147433786121054 3
    endloop
  endfacet
  facet normal 0.12533323356430573 0.9921147013144777 0
    outer loop
      vertex 54.81395259764657 -8.009866357858641 0
      vertex 54.81395259764657 -8.009866357858641 3
      vertex 55.43690657292862 -8.088563746356556 0
    endloop
  endfacet
  facet normal 0.24868988716485468 0.9685831611286311 0
    outer loop
      vertex 55.43690657292862 -8.088563746356556 0
      vertex 56.045084971874736 -8.244717418524232 3
      vertex 56.045084971874736 -8.244717418524232 0
    endloop
  endfacet
  facet normal 0 0 1
    outer loop
      vertex 54.81395259764657 -21.99013364214136 3
      vertex -22.29593081152973 -18.243586867391883 3
      vertex -22.70406918847027 -18.243586867391883 3
    endloop
  endfacet
  facet normal 0 0 1
    outer loop
      vertex 54.81395259764657 -21.99013364214136 3
      vertex -21.891010727596395 -18.19243356486824 3
      vertex -22.29593081152973 -18.243586867391883 3
    endloop
  endfacet
  facet normal 0 0 1
    outer loop
      vertex -6.495694768281421 -18.09093367795925 3
      vertex 6.495694768281421 -18.09093367795925 3
      vertex 6.1162173024135145 -17.940687920514563 3
    endloop
  endfacet
  facet normal 0 0 1
    outer loop
      vertex -6.495694768281421 -18.09093367795925 3
      vertex 6.891010727596394 -18.19243356486824 3
      vertex 6.495694768281421 -18.09093367795925 3
    endloop
  endfacet
  facet normal 0 0 1
    outer loop
      vertex -6.891010727596394 -18.19243356486824 3
      vertex 7.29593081152973 -18.243586867391883 3
      vertex 6.891010727596394 -18.19243356486824 3
    endloop
  endfacet
  facet normal 0 0 1
    outer loop
      vertex 0.11302293515276478 -16.79644811117089 3
      vertex 6.1162173024135145 -17.940687920514563 3
      vertex 0.3372863662543047 -16.76811705131164 3
    endloop
  endfacet
  facet normal 0 0 1
    outer loop
      vertex 0.3372863662543047 -16.76811705131164 3
      vertex 5.758562916318261 -17.74406575788155 3
      vertex 0.5562305898749054 -16.711901729331277 3
    endloop
  endfacet
  facet normal 0 0 1
    outer loop
      vertex 0.5562305898749054 -16.711901729331277 3
      vertex 5.428372033316759 -17.504168039021316 3
      vertex 0.7664027248171305 -16.628688694438836 3
    endloop
  endfacet
  facet normal 0 0 1
    outer loop
      vertex 0.7664027248171305 -16.628688694438836 3
      vertex 5.1308519608804115 -17.22477809426824 3
      vertex 0.9644882309621932 -16.519790265903627 3
    endloop
  endfacet
  facet normal 0 0 1
    outer loop
      vertex 0.9644882309621932 -16.519790265903627 3
      vertex 4.870694768281421 -16.91030206995054 3
      vertex 1.147363181547642 -16.38692383699642 3
    endloop
  endfacet
  facet normal 0 0 1
    outer loop
      vertex 1.147363181547642 -16.38692383699642 3
      vertex 4.870694768281421 -16.91030206995054 3
      vertex 1.312143529358541 -16.23218479067164 3
    endloop
  endfacet
  facet normal 0 0 1
    outer loop
      vertex 0.9644882309621932 -16.519790265903627 3
      vertex 5.1308519608804115 -17.22477809426824 3
      vertex 4.870694768281421 -16.91030206995054 3
    endloop
  endfacet
  facet normal 0 0 1
    outer loop
      vertex 1.312143529358541 -16.23218479067164 3
      vertex 4.870694768281421 -16.91030206995054 3
      vertex 4.6520032898574435 -16.565699440830574 3
    endloop
  endfacet
  facet normal 0 0 1
    outer loop
      vertex 0.3372863662543047 -16.76811705131164 3
      vertex 6.1162173024135145 -17.940687920514563 3
      vertex 5.758562916318261 -17.74406575788155 3
    endloop
  endfacet
  facet normal 0 0 1
    outer loop
      vertex 0.5562305898749054 -16.711901729331277 3
      vertex 5.758562916318261 -17.74406575788155 3
      vertex 5.428372033316759 -17.504168039021316 3
    endloop
  endfacet
  facet normal 0 0 1
    outer loop
      vertex 0.7664027248171305 -16.628688694438836 3
      vertex 5.428372033316759 -17.504168039021316 3
      vertex 5.1308519608804115 -17.22477809426824 3
    endloop
  endfacet
  facet normal 0 0 1
    outer loop
      vertex 54.81395259764657 -21.99013364214136 3
      vertex -7.70406918847027 -18.243586867391883 3
      vertex -21.891010727596395 -18.19243356486824 3
    endloop
  endfacet
  facet normal 0 0 1
    outer loop
      vertex 54.81395259764657 -21.99013364214136 3
      vertex -7.29593081152973 -18.243586867391883 3
      vertex -7.70406918847027 -18.243586867391883 3
    endloop
  endfacet
  facet normal 0 0 1
    outer loop
      vertex 8.883782697586486 -17.940687920514563 3
      vertex 14.662713633745696 -16.76811705131164 3
      vertex 9.241437083681738 -17.74406575788155 3
    endloop
  endfacet
  facet normal 0 0 1
    outer loop
      vertex 14.443769410125094 -16.711901729331277 3
      vertex 9.571627966683241 -17.504168039021316 3
      vertex 9.241437083681738 -17.74406575788155 3
    endloop
  endfacet
  facet normal 0 0 1
    outer loop
      vertex 7.70406918847027 -18.243586867391883 3
      vertex 22.29593081152973 -18.243586867391883 3
      vertex 8.108989272403605 -18.19243356486824 3
    endloop
  endfacet
  facet normal 0 0 1
    outer loop
      vertex 8.108989272403605 -18.19243356486824 3
      vertex 21.891010727596395 -18.19243356486824 3
      vertex 8.504305231718579 -18.09093367795925 3
    endloop
  endfacet
  facet normal 0 0 1
    outer loop
      vertex 8.504305231718579 -18.09093367795925 3
      vertex 21.49569476828142 -18.09093367795925 3
      vertex 8.883782697586486 -17.940687920514563 3
    endloop
  endfacet
  facet normal 0 0 1
    outer loop
      vertex 14.443769410125094 -16.711901729331277 3
      vertex 9.869148039119588 -17.22477809426824 3
      vertex 9.571627966683241 -17.504168039021316 3
    endloop
  endfacet
  facet normal 0 0 1
    outer loop
      vertex 14.443769410125094 -16.711901729331277 3
      vertex 10.129305231718579 -16.91030206995054 3
      vertex 9.869148039119588 -17.22477809426824 3
    endloop
  endfacet
  facet normal 0 0 1
    outer loop
      vertex 14.443769410125094 -16.711901729331277 3
      vertex 10.347996710142557 -16.565699440830574 3
      vertex 10.129305231718579 -16.91030206995054 3
    endloop
  endfacet
  facet normal 0 0 1
    outer loop
      vertex 14.443769410125094 -16.711901729331277 3
      vertex 9.241437083681738 -17.74406575788155 3
      vertex 14.662713633745696 -16.76811705131164 3
    endloop
  endfacet
  facet normal 0 0 1
    outer loop
      vertex 8.883782697586486 -17.940687920514563 3
      vertex 14.886977064847235 -16.79644811117089 3
      vertex 14.662713633745696 -16.76811705131164 3
    endloop
  endfacet
  facet normal 0 0 1
    outer loop
      vertex 10.347996710142557 -16.565699440830574 3
      vertex 14.443769410125094 -16.711901729331277 3
      vertex 14.23359727518287 -16.628688694438836 3
    endloop
  endfacet
  facet normal 0 0 1
    outer loop
      vertex 10.347996710142557 -16.565699440830574 3
      vertex 14.23359727518287 -16.628688694438836 3
      vertex 14.035511769037806 -16.519790265903627 3
    endloop
  endfacet
  facet normal 0 0 1
    outer loop
      vertex 1.312143529358541 -16.23218479067164 3
      vertex 4.6520032898574435 -16.565699440830574 3
      vertex 1.4562305898749055 -16.058013454126453 3
    endloop
  endfacet
  facet normal 0 0 1
    outer loop
      vertex 1.4562305898749055 -16.058013454126453 3
      vertex 4.478226420863183 -16.196404796225202 3
      vertex 1.5773520240789543 -15.867156613383088 3
    endloop
  endfacet
  facet normal 0 0 1
    outer loop
      vertex 4.478226420863183 -16.196404796225202 3
      vertex 1.6735976745988523 -15.662624194832421 3
      vertex 1.5773520240789543 -15.867156613383088 3
    endloop
  endfacet
  facet normal 0 0 1
    outer loop
      vertex 1.4562305898749055 -16.058013454126453 3
      vertex 4.6520032898574435 -16.565699440830574 3
      vertex 4.478226420863183 -16.196404796225202 3
    endloop
  endfacet
  facet normal 0 0 1
    outer loop
      vertex 4.478226420863183 -16.196404796225202 3
      vertex 4.352104726331949 -15.808242133285779 3
      vertex 1.6735976745988523 -15.662624194832421 3
    endloop
  endfacet
  facet normal 0 0 1
    outer loop
      vertex 1.6735976745988523 -15.662624194832421 3
      vertex 4.352104726331949 -15.808242133285779 3
      vertex 1.7434496900315362 -15.447641796896738 3
    endloop
  endfacet
  facet normal 0 0 1
    outer loop
      vertex 4.25 -15 3
      vertex 1.78580646236606 -15.225599820415747 3
      vertex 1.7434496900315362 -15.447641796896738 3
    endloop
  endfacet
  facet normal 0 0 1
    outer loop
      vertex 1.7434496900315362 -15.447641796896738 3
      vertex 4.352104726331949 -15.808242133285779 3
      vertex 4.275627220727947 -15.407333009083988 3
    endloop
  endfacet
  facet normal 0 0 1
    outer loop
      vertex 4.25 -15 3
      vertex 1.7434496900315362 -15.447641796896738 3
      vertex 4.275627220727947 -15.407333009083988 3
    endloop
  endfacet
  facet normal 0 0 1
    outer loop
      vertex 1.78580646236606 -15.225599820415747 3
      vertex 4.25 -15 3
      vertex 1.8 -15 3
    endloop
  endfacet
  facet normal 0 0 1
    outer loop
      vertex 1.8 -15 3
      vertex 4.275627220727947 -14.592666990916012 3
      vertex 1.78580646236606 -14.774400179584251 3
    endloop
  endfacet
  facet normal 0 0 1
    outer loop
      vertex 1.78580646236606 -14.774400179584251 3
      vertex 4.275627220727947 -14.592666990916012 3
      vertex 1.743449690031536 -14.552358203103262 3
    endloop
  endfacet
  facet normal 0 0 1
    outer loop
      vertex 1.8 -15 3
      vertex 4.25 -15 3
      vertex 4.275627220727947 -14.592666990916012 3
    endloop
  endfacet
  facet normal 0 0 1
    outer loop
      vertex 1.743449690031536 -14.552358203103262 3
      vertex 4.275627220727947 -14.592666990916012 3
      vertex 4.352104726331949 -14.191757866714221 3
    endloop
  endfacet
  facet normal 0 0 1
    outer loop
      vertex 1.6735976745988526 -14.33737580516758 3
      vertex 1.743449690031536 -14.552358203103262 3
      vertex 4.352104726331949 -14.191757866714221 3
    endloop
  endfacet
  facet normal 0 0 1
    outer loop
      vertex 1.6735976745988526 -14.33737580516758 3
      vertex 4.478226420863183 -13.803595203774798 3
      vertex 1.5773520240789545 -14.132843386616912 3
    endloop
  endfacet
  facet normal 0 0 1
    outer loop
      vertex 1.5773520240789545 -14.132843386616912 3
      vertex 4.478226420863183 -13.803595203774798 3
      vertex 1.4562305898749055 -13.941986545873549 3
    endloop
  endfacet
  facet normal 0 0 1
    outer loop
      vertex 1.6735976745988526 -14.33737580516758 3
      vertex 4.352104726331949 -14.191757866714221 3
      vertex 4.478226420863183 -13.803595203774798 3
    endloop
  endfacet
  facet normal 0 0 1
    outer loop
      vertex 1.4562305898749055 -13.941986545873549 3
      vertex 4.6520032898574435 -13.434300559169426 3
      vertex 1.3121435293585408 -13.76781520932836 3
    endloop
  endfacet
  facet normal 0 0 1
    outer loop
      vertex 1.1473631815476415 -13.61307616300358 3
      vertex 1.3121435293585408 -13.76781520932836 3
      vertex 4.870694768281421 -13.089697930049462 3
    endloop
  endfacet
  facet normal 0 0 1
    outer loop
      vertex 0.964488230962194 -13.480209734096373 3
      vertex 5.1308519608804115 -12.775221905731762 3
      vertex 0.7664027248171309 -13.371311305561164 3
    endloop
  endfacet
  facet normal 0 0 1
    outer loop
      vertex 1.1473631815476415 -13.61307616300358 3
      vertex 4.870694768281421 -13.089697930049462 3
      vertex 0.964488230962194 -13.480209734096373 3
    endloop
  endfacet
  facet normal 0 0 1
    outer loop
      vertex 1.4562305898749055 -13.941986545873549 3
      vertex 4.478226420863183 -13.803595203774798 3
      vertex 4.6520032898574435 -13.434300559169426 3
    endloop
  endfacet
  facet normal 0 0 1
    outer loop
      vertex 1.3121435293585408 -13.76781520932836 3
      vertex 4.6520032898574435 -13.434300559169426 3
      vertex 4.870694768281421 -13.089697930049462 3
    endloop
  endfacet
  facet normal 0 0 1
    outer loop
      vertex 0.964488230962194 -13.480209734096373 3
      vertex 4.870694768281421 -13.089697930049462 3
      vertex 5.1308519608804115 -12.775221905731762 3
    endloop
  endfacet
  facet normal 0 0 1
    outer loop
      vertex 5.428372033316759 -12.495831960978684 3
      vertex 0.1130229351527639 -13.20355188882911 3
      vertex 0.33728636625430425 -13.23188294868836 3
    endloop
  endfacet
  facet normal 0 0 1
    outer loop
      vertex 5.428372033316759 -12.495831960978684 3
      vertex 0.33728636625430425 -13.23188294868836 3
      vertex 0.5562305898749054 -13.288098270668723 3
    endloop
  endfacet
  facet normal 0 0 1
    outer loop
      vertex 5.428372033316759 -12.495831960978684 3
      vertex 0.5562305898749054 -13.288098270668723 3
      vertex 0.7664027248171309 -13.371311305561164 3
    endloop
  endfacet
  facet normal 0 0 1
    outer loop
      vertex 5.428372033316759 -12.495831960978684 3
      vertex 0.7664027248171309 -13.371311305561164 3
      vertex 5.1308519608804115 -12.775221905731762 3
    endloop
  endfacet
  facet normal 0 0 1
    outer loop
      vertex 10.347996710142557 -16.565699440830574 3
      vertex 14.035511769037806 -16.519790265903627 3
      vertex 10.521773579136816 -16.196404796225206 3
    endloop
  endfacet
  facet normal 0 0 1
    outer loop
      vertex 10.521773579136816 -16.196404796225206 3
      vertex 13.326402325401148 -15.66262419483242 3
      vertex 10.647895273668052 -15.808242133285777 3
    endloop
  endfacet
  facet normal 0 0 1
    outer loop
      vertex 10.521773579136816 -16.196404796225206 3
      vertex 14.035511769037806 -16.519790265903627 3
      vertex 13.852636818452359 -16.38692383699642 3
    endloop
  endfacet
  facet normal 0 0 1
    outer loop
      vertex 10.521773579136816 -16.196404796225206 3
      vertex 13.852636818452359 -16.38692383699642 3
      vertex 13.687856470641458 -16.23218479067164 3
    endloop
  endfacet
  facet normal 0 0 1
    outer loop
      vertex 10.521773579136816 -16.196404796225206 3
      vertex 13.687856470641458 -16.23218479067164 3
      vertex 13.543769410125094 -16.058013454126453 3
    endloop
  endfacet
  facet normal 0 0 1
    outer loop
      vertex 10.521773579136816 -16.196404796225206 3
      vertex 13.543769410125094 -16.058013454126453 3
      vertex 13.422647975921045 -15.867156613383088 3
    endloop
  endfacet
  facet normal 0 0 1
    outer loop
      vertex 10.521773579136816 -16.196404796225206 3
      vertex 13.422647975921045 -15.867156613383088 3
      vertex 13.326402325401148 -15.66262419483242 3
    endloop
  endfacet
  facet normal 0 0 1
    outer loop
      vertex 10.647895273668052 -15.808242133285777 3
      vertex 13.256550309968464 -15.447641796896738 3
      vertex 10.724372779272052 -15.407333009083988 3
    endloop
  endfacet
  facet normal 0 0 1
    outer loop
      vertex 10.724372779272052 -15.407333009083988 3
      vertex 13.214193537633939 -15.225599820415747 3
      vertex 10.75 -15 3
    endloop
  endfacet
  facet normal 0 0 1
    outer loop
      vertex 10.647895273668052 -15.808242133285777 3
      vertex 13.326402325401148 -15.66262419483242 3
      vertex 13.256550309968464 -15.447641796896738 3
    endloop
  endfacet
  facet normal 0 0 1
    outer loop
      vertex 10.724372779272052 -15.407333009083988 3
      vertex 13.256550309968464 -15.447641796896738 3
      vertex 13.214193537633939 -15.225599820415747 3
    endloop
  endfacet
  facet normal 0 0 1
    outer loop
      vertex 10.75 -15 3
      vertex 13.214193537633939 -14.774400179584253 3
      vertex 10.724372779272052 -14.592666990916012 3
    endloop
  endfacet
  facet normal 0 0 1
    outer loop
      vertex 10.724372779272052 -14.592666990916012 3
      vertex 13.256550309968464 -14.552358203103262 3
      vertex 10.647895273668052 -14.191757866714221 3
    endloop
  endfacet
  facet normal 0 0 1
    outer loop
      vertex 10.75 -15 3
      vertex 13.214193537633939 -15.225599820415747 3
      vertex 13.2 -15 3
    endloop
  endfacet
  facet normal 0 0 1
    outer loop
      vertex 10.75 -15 3
      vertex 13.2 -15 3
      vertex 13.214193537633939 -14.774400179584253 3
    endloop
  endfacet
  facet normal 0 0 1
    outer loop
      vertex 10.724372779272052 -14.592666990916012 3
      vertex 13.214193537633939 -14.774400179584253 3
      vertex 13.256550309968464 -14.552358203103262 3
    endloop
  endfacet
  facet normal 0 0 1
    outer loop
      vertex 10.647895273668052 -14.191757866714221 3
      vertex 13.422647975921045 -14.132843386616912 3
      vertex 10.521773579136816 -13.803595203774798 3
    endloop
  endfacet
  facet normal 0 0 1
    outer loop
      vertex 10.647895273668052 -14.191757866714221 3
      vertex 13.256550309968464 -14.552358203103262 3
      vertex 13.326402325401148 -14.33737580516758 3
    endloop
  endfacet
  facet normal 0 0 1
    outer loop
      vertex 10.647895273668052 -14.191757866714221 3
      vertex 13.326402325401148 -14.33737580516758 3
      vertex 13.422647975921045 -14.132843386616912 3
    endloop
  endfacet
  facet normal 0 0 1
    outer loop
      vertex 10.521773579136816 -13.803595203774798 3
      vertex 13.422647975921045 -14.132843386616912 3
      vertex 13.543769410125094 -13.941986545873549 3
    endloop
  endfacet
  facet normal 0 0 1
    outer loop
      vertex 9.571627966683241 -12.495831960978686 3
      vertex 14.443769410125094 -13.288098270668723 3
      vertex 9.241437083681738 -12.255934242118451 3
    endloop
  endfacet
  facet normal 0 0 1
    outer loop
      vertex 8.883782697586486 -12.059312079485437 3
      vertex 14.886977064847237 -13.20355188882911 3
      vertex 8.504305231718579 -11.90906632204075 3
    endloop
  endfacet
  facet normal 0 0 1
    outer loop
      vertex 9.241437083681738 -12.255934242118451 3
      vertex 14.662713633745696 -13.23188294868836 3
      vertex 8.883782697586486 -12.059312079485437 3
    endloop
  endfacet
  facet normal 0 0 1
    outer loop
      vertex -45.5 -8.696746839266913 3
      vertex 35.75856291631826 -12.255934242118451 3
      vertex 36.11621730241352 -12.059312079485437 3
    endloop
  endfacet
  facet normal 0 0 1
    outer loop
      vertex 10.521773579136816 -13.803595203774798 3
      vertex 13.543769410125094 -13.941986545873549 3
      vertex 10.347996710142557 -13.434300559169426 3
    endloop
  endfacet
  facet normal 0 0 1
    outer loop
      vertex 10.347996710142557 -13.434300559169426 3
      vertex 14.23359727518287 -13.371311305561164 3
      vertex 10.129305231718579 -13.089697930049462 3
    endloop
  endfacet
  facet normal 0 0 1
    outer loop
      vertex 14.23359727518287 -13.371311305561164 3
      vertex 9.869148039119587 -12.775221905731762 3
      vertex 10.129305231718579 -13.089697930049462 3
    endloop
  endfacet
  facet normal 0 0 1
    outer loop
      vertex 13.543769410125094 -13.941986545873549 3
      vertex 13.687856470641458 -13.767815209328361 3
      vertex 10.347996710142557 -13.434300559169426 3
    endloop
  endfacet
  facet normal 0 0 1
    outer loop
      vertex 10.347996710142557 -13.434300559169426 3
      vertex 13.687856470641458 -13.767815209328361 3
      vertex 13.852636818452359 -13.61307616300358 3
    endloop
  endfacet
  facet normal 0 0 1
    outer loop
      vertex 10.347996710142557 -13.434300559169426 3
      vertex 13.852636818452359 -13.61307616300358 3
      vertex 14.035511769037806 -13.480209734096373 3
    endloop
  endfacet
  facet normal 0 0 1
    outer loop
      vertex 10.347996710142557 -13.434300559169426 3
      vertex 14.035511769037806 -13.480209734096373 3
      vertex 14.23359727518287 -13.371311305561164 3
    endloop
  endfacet
  facet normal 0 0 1
    outer loop
      vertex 9.869148039119587 -12.775221905731762 3
      vertex 14.23359727518287 -13.371311305561164 3
      vertex 9.571627966683241 -12.495831960978686 3
    endloop
  endfacet
  facet normal 0 0 1
    outer loop
      vertex 9.571627966683241 -12.495831960978686 3
      vertex 14.23359727518287 -13.371311305561164 3
      vertex 14.443769410125094 -13.288098270668723 3
    endloop
  endfacet
  facet normal 0 0 1
    outer loop
      vertex 9.241437083681738 -12.255934242118451 3
      vertex 14.443769410125094 -13.288098270668723 3
      vertex 14.662713633745696 -13.23188294868836 3
    endloop
  endfacet
  facet normal 0 0 1
    outer loop
      vertex 8.883782697586486 -12.059312079485437 3
      vertex 14.662713633745696 -13.23188294868836 3
      vertex 14.886977064847237 -13.20355188882911 3
    endloop
  endfacet
  facet normal 0 0 1
    outer loop
      vertex 8.504305231718579 -11.90906632204075 3
      vertex 14.886977064847237 -13.20355188882911 3
      vertex 15.113022935152763 -13.20355188882911 3
    endloop
  endfacet
  facet normal 0 0 1
    outer loop
      vertex 8.108989272403605 -11.807566435131761 3
      vertex 8.504305231718579 -11.90906632204075 3
      vertex 21.49569476828142 -11.90906632204075 3
    endloop
  endfacet
  facet normal 0 0 1
    outer loop
      vertex 7.704069188470268 -11.756413132608117 3
      vertex 8.108989272403605 -11.807566435131761 3
      vertex 21.891010727596395 -11.807566435131761 3
    endloop
  endfacet
  facet normal 0 0 1
    outer loop
      vertex 54.81395259764657 -21.99013364214136 3
      vertex 7.29593081152973 -18.243586867391883 3
      vertex -7.29593081152973 -18.243586867391883 3
    endloop
  endfacet
  facet normal 0 0 1
    outer loop
      vertex 8.504305231718579 -18.09093367795925 3
      vertex 21.891010727596395 -18.19243356486824 3
      vertex 21.49569476828142 -18.09093367795925 3
    endloop
  endfacet
  facet normal 0 0 1
    outer loop
      vertex 8.108989272403605 -18.19243356486824 3
      vertex 22.29593081152973 -18.243586867391883 3
      vertex 21.891010727596395 -18.19243356486824 3
    endloop
  endfacet
  facet normal 0 0 1
    outer loop
      vertex 8.883782697586486 -17.940687920514563 3
      vertex 21.49569476828142 -18.09093367795925 3
      vertex 14.886977064847235 -16.79644811117089 3
    endloop
  endfacet
  facet normal 0 0 1
    outer loop
      vertex 14.886977064847235 -16.79644811117089 3
      vertex 20.130851960880413 -17.22477809426824 3
      vertex 15.113022935152765 -16.79644811117089 3
    endloop
  endfacet
  facet normal 0 0 1
    outer loop
      vertex 20.130851960880413 -17.22477809426824 3
      vertex 15.337286366254304 -16.76811705131164 3
      vertex 15.113022935152765 -16.79644811117089 3
    endloop
  endfacet
  facet normal 0 0 1
    outer loop
      vertex 15.337286366254304 -16.76811705131164 3
      vertex 20.130851960880413 -17.22477809426824 3
      vertex 15.556230589874906 -16.711901729331277 3
    endloop
  endfacet
  facet normal 0 0 1
    outer loop
      vertex 15.556230589874906 -16.711901729331277 3
      vertex 20.130851960880413 -17.22477809426824 3
      vertex 15.76640272481713 -16.628688694438836 3
    endloop
  endfacet
  facet normal 0 0 1
    outer loop
      vertex 15.76640272481713 -16.628688694438836 3
      vertex 20.130851960880413 -17.22477809426824 3
      vertex 15.964488230962193 -16.519790265903627 3
    endloop
  endfacet
  facet normal 0 0 1
    outer loop
      vertex 15.964488230962193 -16.519790265903627 3
      vertex 19.87069476828142 -16.91030206995054 3
      vertex 16.147363181547643 -16.38692383699642 3
    endloop
  endfacet
  facet normal 0 0 1
    outer loop
      vertex 16.147363181547643 -16.38692383699642 3
      vertex 19.87069476828142 -16.91030206995054 3
      vertex 16.31214352935854 -16.23218479067164 3
    endloop
  endfacet
  facet normal 0 0 1
    outer loop
      vertex 14.886977064847235 -16.79644811117089 3
      vertex 20.42837203331676 -17.504168039021316 3
      vertex 20.130851960880413 -17.22477809426824 3
    endloop
  endfacet
  facet normal 0 0 1
    outer loop
      vertex 14.886977064847235 -16.79644811117089 3
      vertex 21.49569476828142 -18.09093367795925 3
      vertex 21.116217302413514 -17.940687920514563 3
    endloop
  endfacet
  facet normal 0 0 1
    outer loop
      vertex 14.886977064847235 -16.79644811117089 3
      vertex 21.116217302413514 -17.940687920514563 3
      vertex 20.75856291631826 -17.74406575788155 3
    endloop
  endfacet
  facet normal 0 0 1
    outer loop
      vertex 14.886977064847235 -16.79644811117089 3
      vertex 20.75856291631826 -17.74406575788155 3
      vertex 20.42837203331676 -17.504168039021316 3
    endloop
  endfacet
  facet normal 0 0 1
    outer loop
      vertex 15.964488230962193 -16.519790265903627 3
      vertex 20.130851960880413 -17.22477809426824 3
      vertex 19.87069476828142 -16.91030206995054 3
    endloop
  endfacet
  facet normal 0 0 1
    outer loop
      vertex 16.31214352935854 -16.23218479067164 3
      vertex 19.87069476828142 -16.91030206995054 3
      vertex 19.652003289857443 -16.565699440830574 3
    endloop
  endfacet
  facet normal 0 0 1
    outer loop
      vertex 54.81395259764657 -21.99013364214136 3
      vertex 7.70406918847027 -18.243586867391883 3
      vertex 7.29593081152973 -18.243586867391883 3
    endloop
  endfacet
  facet normal 0 0 1
    outer loop
      vertex 54.81395259764657 -21.99013364214136 3
      vertex 22.29593081152973 -18.243586867391883 3
      vertex 7.70406918847027 -18.243586867391883 3
    endloop
  endfacet
  facet normal 0 0 1
    outer loop
      vertex 23.883782697586486 -17.940687920514563 3
      vertex 29.662713633745696 -16.76811705131164 3
      vertex 24.24143708368174 -17.74406575788155 3
    endloop
  endfacet
  facet normal 0 0 1
    outer loop
      vertex 24.24143708368174 -17.74406575788155 3
      vertex 29.443769410125096 -16.711901729331277 3
      vertex 24.57162796668324 -17.504168039021316 3
    endloop
  endfacet
  facet normal 0 0 1
    outer loop
      vertex 24.57162796668324 -17.504168039021316 3
      vertex 29.23359727518287 -16.628688694438836 3
      vertex 24.869148039119587 -17.22477809426824 3
    endloop
  endfacet
  facet normal 0 0 1
    outer loop
      vertex 24.869148039119587 -17.22477809426824 3
      vertex 29.035511769037807 -16.519790265903627 3
      vertex 25.12930523171858 -16.91030206995054 3
    endloop
  endfacet
  facet normal 0 0 1
    outer loop
      vertex 25.12930523171858 -16.91030206995054 3
      vertex 28.68785647064146 -16.23218479067164 3
      vertex 25.347996710142557 -16.565699440830574 3
    endloop
  endfacet
  facet normal 0 0 1
    outer loop
      vertex 24.24143708368174 -17.74406575788155 3
      vertex 29.662713633745696 -16.76811705131164 3
      vertex 29.443769410125096 -16.711901729331277 3
    endloop
  endfacet
  facet normal 0 0 1
    outer loop
      vertex 24.57162796668324 -17.504168039021316 3
      vertex 29.443769410125096 -16.711901729331277 3
      vertex 29.23359727518287 -16.628688694438836 3
    endloop
  endfacet
  facet normal 0 0 1
    outer loop
      vertex 24.869148039119587 -17.22477809426824 3
      vertex 29.23359727518287 -16.628688694438836 3
      vertex 29.035511769037807 -16.519790265903627 3
    endloop
  endfacet
  facet normal 0 0 1
    outer loop
      vertex 25.12930523171858 -16.91030206995054 3
      vertex 28.85263681845236 -16.38692383699642 3
      vertex 28.68785647064146 -16.23218479067164 3
    endloop
  endfacet
  facet normal 0 0 1
    outer loop
      vertex 25.12930523171858 -16.91030206995054 3
      vertex 29.035511769037807 -16.519790265903627 3
      vertex 28.85263681845236 -16.38692383699642 3
    endloop
  endfacet
  facet normal 0 0 1
    outer loop
      vertex 16.31214352935854 -16.23218479067164 3
      vertex 19.652003289857443 -16.565699440830574 3
      vertex 16.456230589874906 -16.058013454126453 3
    endloop
  endfacet
  facet normal 0 0 1
    outer loop
      vertex 16.456230589874906 -16.058013454126453 3
      vertex 19.478226420863184 -16.196404796225202 3
      vertex 16.577352024078955 -15.867156613383088 3
    endloop
  endfacet
  facet normal 0 0 1
    outer loop
      vertex 19.478226420863184 -16.196404796225202 3
      vertex 16.673597674598852 -15.662624194832421 3
      vertex 16.577352024078955 -15.867156613383088 3
    endloop
  endfacet
  facet normal 0 0 1
    outer loop
      vertex 16.456230589874906 -16.058013454126453 3
      vertex 19.652003289857443 -16.565699440830574 3
      vertex 19.478226420863184 -16.196404796225202 3
    endloop
  endfacet
  facet normal 0 0 1
    outer loop
      vertex 19.478226420863184 -16.196404796225202 3
      vertex 19.352104726331948 -15.808242133285779 3
      vertex 16.673597674598852 -15.662624194832421 3
    endloop
  endfacet
  facet normal 0 0 1
    outer loop
      vertex 16.673597674598852 -15.662624194832421 3
      vertex 19.352104726331948 -15.808242133285779 3
      vertex 16.743449690031536 -15.447641796896738 3
    endloop
  endfacet
  facet normal 0 0 1
    outer loop
      vertex 16.743449690031536 -15.447641796896738 3
      vertex 19.275627220727948 -15.407333009083988 3
      vertex 16.78580646236606 -15.225599820415747 3
    endloop
  endfacet
  facet normal 0 0 1
    outer loop
      vertex 16.743449690031536 -15.447641796896738 3
      vertex 19.352104726331948 -15.808242133285779 3
      vertex 19.275627220727948 -15.407333009083988 3
    endloop
  endfacet
  facet normal 0 0 1
    outer loop
      vertex 16.78580646236606 -15.225599820415747 3
      vertex 19.275627220727948 -15.407333009083988 3
      vertex 19.25 -15 3
    endloop
  endfacet
  facet normal 0 0 1
    outer loop
      vertex 16.78580646236606 -15.225599820415747 3
      vertex 19.25 -15 3
      vertex 16.8 -15 3
    endloop
  endfacet
  facet normal 0 0 1
    outer loop
      vertex 16.8 -15 3
      vertex 19.25 -15 3
      vertex 16.78580646236606 -14.774400179584251 3
    endloop
  endfacet
  facet normal 0 0 1
    outer loop
      vertex 16.78580646236606 -14.774400179584251 3
      vertex 19.275627220727948 -14.592666990916012 3
      vertex 16.743449690031536 -14.552358203103262 3
    endloop
  endfacet
  facet normal 0 0 1
    outer loop
      vertex 16.78580646236606 -14.774400179584251 3
      vertex 19.25 -15 3
      vertex 19.275627220727948 -14.592666990916012 3
    endloop
  endfacet
  facet normal 0 0 1
    outer loop
      vertex 16.743449690031536 -14.552358203103262 3
      vertex 19.275627220727948 -14.592666990916012 3
      vertex 19.352104726331948 -14.191757866714221 3
    endloop
  endfacet
  facet normal 0 0 1
    outer loop
      vertex 16.743449690031536 -14.552358203103262 3
      vertex 19.352104726331948 -14.191757866714221 3
      vertex 16.673597674598852 -14.33737580516758 3
    endloop
  endfacet
  facet normal 0 0 1
    outer loop
      vertex 16.673597674598852 -14.33737580516758 3
      vertex 19.352104726331948 -14.191757866714221 3
      vertex 16.577352024078955 -14.132843386616912 3
    endloop
  endfacet
  facet normal 0 0 1
    outer loop
      vertex 19.478226420863184 -13.803595203774798 3
      vertex 16.456230589874906 -13.941986545873549 3
      vertex 16.577352024078955 -14.132843386616912 3
    endloop
  endfacet
  facet normal 0 0 1
    outer loop
      vertex 19.478226420863184 -13.803595203774798 3
      vertex 16.31214352935854 -13.76781520932836 3
      vertex 16.456230589874906 -13.941986545873549 3
    endloop
  endfacet
  facet normal 0 0 1
    outer loop
      vertex 19.478226420863184 -13.803595203774798 3
      vertex 16.577352024078955 -14.132843386616912 3
      vertex 19.352104726331948 -14.191757866714221 3
    endloop
  endfacet
  facet normal 0 0 1
    outer loop
      vertex 8.504305231718579 -11.90906632204075 3
      vertex 15.113022935152763 -13.20355188882911 3
      vertex 21.116217302413514 -12.059312079485437 3
    endloop
  endfacet
  facet normal 0 0 1
    outer loop
      vertex 19.478226420863184 -13.803595203774798 3
      vertex 16.147363181547643 -13.61307616300358 3
      vertex 16.31214352935854 -13.76781520932836 3
    endloop
  endfacet
  facet normal 0 0 1
    outer loop
      vertex 16.147363181547643 -13.61307616300358 3
      vertex 20.130851960880413 -12.775221905731762 3
      vertex 15.964488230962194 -13.480209734096373 3
    endloop
  endfacet
  facet normal 0 0 1
    outer loop
      vertex 15.964488230962194 -13.480209734096373 3
      vertex 20.130851960880413 -12.775221905731762 3
      vertex 15.76640272481713 -13.371311305561164 3
    endloop
  endfacet
  facet normal 0 0 1
    outer loop
      vertex 16.147363181547643 -13.61307616300358 3
      vertex 19.478226420863184 -13.803595203774798 3
      vertex 19.652003289857443 -13.434300559169426 3
    endloop
  endfacet
  facet normal 0 0 1
    outer loop
      vertex 16.147363181547643 -13.61307616300358 3
      vertex 19.652003289857443 -13.434300559169426 3
      vertex 19.87069476828142 -13.089697930049462 3
    endloop
  endfacet
  facet normal 0 0 1
    outer loop
      vertex 15.337286366254304 -13.23188294868836 3
      vertex 21.116217302413514 -12.059312079485437 3
      vertex 15.113022935152763 -13.20355188882911 3
    endloop
  endfacet
  facet normal 0 0 1
    outer loop
      vertex 15.76640272481713 -13.371311305561164 3
      vertex 20.42837203331676 -12.495831960978684 3
      vertex 15.556230589874906 -13.288098270668723 3
    endloop
  endfacet
  facet normal 0 0 1
    outer loop
      vertex 15.337286366254304 -13.23188294868836 3
      vertex 15.556230589874906 -13.288098270668723 3
      vertex 20.75856291631826 -12.255934242118451 3
    endloop
  endfacet
  facet normal 0 0 1
    outer loop
      vertex 8.504305231718579 -11.90906632204075 3
      vertex 21.116217302413514 -12.059312079485437 3
      vertex 21.49569476828142 -11.90906632204075 3
    endloop
  endfacet
  facet normal 0 0 1
    outer loop
      vertex 8.108989272403605 -11.807566435131761 3
      vertex 21.49569476828142 -11.90906632204075 3
      vertex 21.891010727596395 -11.807566435131761 3
    endloop
  endfacet
  facet normal 0 0 1
    outer loop
      vertex 7.704069188470268 -11.756413132608117 3
      vertex 21.891010727596395 -11.807566435131761 3
      vertex 22.295930811529733 -11.756413132608117 3
    endloop
  endfacet
  facet normal 0 0 1
    outer loop
      vertex 16.147363181547643 -13.61307616300358 3
      vertex 19.87069476828142 -13.089697930049462 3
      vertex 20.130851960880413 -12.775221905731762 3
    endloop
  endfacet
  facet normal 0 0 1
    outer loop
      vertex 15.76640272481713 -13.371311305561164 3
      vertex 20.130851960880413 -12.775221905731762 3
      vertex 20.42837203331676 -12.495831960978684 3
    endloop
  endfacet
  facet normal 0 0 1
    outer loop
      vertex 15.556230589874906 -13.288098270668723 3
      vertex 20.42837203331676 -12.495831960978684 3
      vertex 20.75856291631826 -12.255934242118451 3
    endloop
  endfacet
  facet normal 0 0 1
    outer loop
      vertex 15.337286366254304 -13.23188294868836 3
      vertex 20.75856291631826 -12.255934242118451 3
      vertex 21.116217302413514 -12.059312079485437 3
    endloop
  endfacet
  facet normal 0 0 1
    outer loop
      vertex 25.347996710142557 -16.565699440830574 3
      vertex 28.543769410125094 -16.058013454126453 3
      vertex 25.521773579136816 -16.196404796225206 3
    endloop
  endfacet
  facet normal 0 0 1
    outer loop
      vertex 25.521773579136816 -16.196404796225206 3
      vertex 28.326402325401148 -15.66262419483242 3
      vertex 25.647895273668052 -15.808242133285777 3
    endloop
  endfacet
  facet normal 0 0 1
    outer loop
      vertex 25.347996710142557 -16.565699440830574 3
      vertex 28.68785647064146 -16.23218479067164 3
      vertex 28.543769410125094 -16.058013454126453 3
    endloop
  endfacet
  facet normal 0 0 1
    outer loop
      vertex 25.521773579136816 -16.196404796225206 3
      vertex 28.422647975921045 -15.867156613383088 3
      vertex 28.326402325401148 -15.66262419483242 3
    endloop
  endfacet
  facet normal 0 0 1
    outer loop
      vertex 25.521773579136816 -16.196404796225206 3
      vertex 28.543769410125094 -16.058013454126453 3
      vertex 28.422647975921045 -15.867156613383088 3
    endloop
  endfacet
  facet normal 0 0 1
    outer loop
      vertex 25.647895273668052 -15.808242133285777 3
      vertex 28.256550309968464 -15.447641796896738 3
      vertex 25.724372779272052 -15.407333009083988 3
    endloop
  endfacet
  facet normal 0 0 1
    outer loop
      vertex 25.724372779272052 -15.407333009083988 3
      vertex 28.21419353763394 -15.225599820415747 3
      vertex 25.75 -15 3
    endloop
  endfacet
  facet normal 0 0 1
    outer loop
      vertex 25.647895273668052 -15.808242133285777 3
      vertex 28.326402325401148 -15.66262419483242 3
      vertex 28.256550309968464 -15.447641796896738 3
    endloop
  endfacet
  facet normal 0 0 1
    outer loop
      vertex 25.724372779272052 -15.407333009083988 3
      vertex 28.256550309968464 -15.447641796896738 3
      vertex 28.21419353763394 -15.225599820415747 3
    endloop
  endfacet
  facet normal 0 0 1
    outer loop
      vertex 25.75 -15 3
      vertex 28.21419353763394 -14.774400179584253 3
      vertex 25.724372779272052 -14.592666990916012 3
    endloop
  endfacet
  facet normal 0 0 1
    outer loop
      vertex 25.75 -15 3
      vertex 28.21419353763394 -15.225599820415747 3
      vertex 28.2 -15 3
    endloop
  endfacet
  facet normal 0 0 1
    outer loop
      vertex 25.75 -15 3
      vertex 28.2 -15 3
      vertex 28.21419353763394 -14.774400179584253 3
    endloop
  endfacet
  facet normal 0 0 1
    outer loop
      vertex 25.724372779272052 -14.592666990916012 3
      vertex 28.21419353763394 -14.774400179584253 3
      vertex 28.256550309968464 -14.552358203103262 3
    endloop
  endfacet
  facet normal 0 0 1
    outer loop
      vertex 28.326402325401148 -14.33737580516758 3
      vertex 25.724372779272052 -14.592666990916012 3
      vertex 28.256550309968464 -14.552358203103262 3
    endloop
  endfacet
  facet normal 0 0 1
    outer loop
      vertex 25.724372779272052 -14.592666990916012 3
      vertex 28.326402325401148 -14.33737580516758 3
      vertex 25.647895273668052 -14.191757866714221 3
    endloop
  endfacet
  facet normal 0 0 1
    outer loop
      vertex 25.647895273668052 -14.191757866714221 3
      vertex 28.326402325401148 -14.33737580516758 3
      vertex 25.521773579136816 -13.803595203774798 3
    endloop
  endfacet
  facet normal 0 0 1
    outer loop
      vertex 25.521773579136816 -13.803595203774798 3
      vertex 28.326402325401148 -14.33737580516758 3
      vertex 28.422647975921045 -14.132843386616912 3
    endloop
  endfacet
  facet normal 0 0 1
    outer loop
      vertex 25.521773579136816 -13.803595203774798 3
      vertex 28.422647975921045 -14.132843386616912 3
      vertex 28.543769410125094 -13.941986545873549 3
    endloop
  endfacet
  facet normal 0 0 1
    outer loop
      vertex 23.50430523171858 -11.90906632204075 3
      vertex 23.883782697586486 -12.059312079485437 3
      vertex 29.886977064847237 -13.20355188882911 3
    endloop
  endfacet
  facet normal 0 0 1
    outer loop
      vertex 23.883782697586486 -12.059312079485437 3
      vertex 24.24143708368174 -12.255934242118451 3
      vertex 29.662713633745696 -13.23188294868836 3
    endloop
  endfacet
  facet normal 0 0 1
    outer loop
      vertex 25.521773579136816 -13.803595203774798 3
      vertex 28.543769410125094 -13.941986545873549 3
      vertex 25.347996710142557 -13.434300559169426 3
    endloop
  endfacet
  facet normal 0 0 1
    outer loop
      vertex 25.12930523171858 -13.089697930049462 3
      vertex 25.347996710142557 -13.434300559169426 3
      vertex 28.68785647064146 -13.767815209328361 3
    endloop
  endfacet
  facet normal 0 0 1
    outer loop
      vertex 25.12930523171858 -13.089697930049462 3
      vertex 29.035511769037807 -13.480209734096373 3
      vertex 24.869148039119587 -12.775221905731762 3
    endloop
  endfacet
  facet normal 0 0 1
    outer loop
      vertex 25.347996710142557 -13.434300559169426 3
      vertex 28.543769410125094 -13.941986545873549 3
      vertex 28.68785647064146 -13.767815209328361 3
    endloop
  endfacet
  facet normal 0 0 1
    outer loop
      vertex 25.12930523171858 -13.089697930049462 3
      vertex 28.68785647064146 -13.767815209328361 3
      vertex 28.85263681845236 -13.61307616300358 3
    endloop
  endfacet
  facet normal 0 0 1
    outer loop
      vertex 25.12930523171858 -13.089697930049462 3
      vertex 28.85263681845236 -13.61307616300358 3
      vertex 29.035511769037807 -13.480209734096373 3
    endloop
  endfacet
  facet normal 0 0 1
    outer loop
      vertex 24.869148039119587 -12.775221905731762 3
      vertex 29.035511769037807 -13.480209734096373 3
      vertex 29.23359727518287 -13.371311305561164 3
    endloop
  endfacet
  facet normal 0 0 1
    outer loop
      vertex 24.869148039119587 -12.775221905731762 3
      vertex 29.23359727518287 -13.371311305561164 3
      vertex 24.57162796668324 -12.495831960978686 3
    endloop
  endfacet
  facet normal 0 0 1
    outer loop
      vertex 24.57162796668324 -12.495831960978686 3
      vertex 29.443769410125096 -13.288098270668723 3
      vertex 24.24143708368174 -12.255934242118451 3
    endloop
  endfacet
  facet normal 0 0 1
    outer loop
      vertex 24.57162796668324 -12.495831960978686 3
      vertex 29.23359727518287 -13.371311305561164 3
      vertex 29.443769410125096 -13.288098270668723 3
    endloop
  endfacet
  facet normal 0 0 1
    outer loop
      vertex 24.24143708368174 -12.255934242118451 3
      vertex 29.443769410125096 -13.288098270668723 3
      vertex 29.662713633745696 -13.23188294868836 3
    endloop
  endfacet
  facet normal 0 0 1
    outer loop
      vertex 23.883782697586486 -12.059312079485437 3
      vertex 29.662713633745696 -13.23188294868836 3
      vertex 29.886977064847237 -13.20355188882911 3
    endloop
  endfacet
  facet normal 0 0 1
    outer loop
      vertex 23.50430523171858 -11.90906632204075 3
      vertex 29.886977064847237 -13.20355188882911 3
      vertex 30.113022935152763 -13.20355188882911 3
    endloop
  endfacet
  facet normal 0 0 1
    outer loop
      vertex 22.704069188470267 -11.756413132608117 3
      vertex 23.108989272403605 -11.807566435131761 3
      vertex 35.75856291631826 -12.255934242118451 3
    endloop
  endfacet
  facet normal 0 0 1
    outer loop
      vertex 23.50430523171858 -11.90906632204075 3
      vertex 35.75856291631826 -12.255934242118451 3
      vertex 23.108989272403605 -11.807566435131761 3
    endloop
  endfacet
  facet normal 0 0 1
    outer loop
      vertex -45.5 -8.696746839266913 3
      vertex 22.704069188470267 -11.756413132608117 3
      vertex 35.75856291631826 -12.255934242118451 3
    endloop
  endfacet
  facet normal 0 0 1
    outer loop
      vertex -45.5 -8.696746839266913 3
      vertex 36.11621730241352 -12.059312079485437 3
      vertex 36.495694768281425 -11.90906632204075 3
    endloop
  endfacet
  facet normal 0 0 1
    outer loop
      vertex -45.5 -8.696746839266913 3
      vertex 36.495694768281425 -11.90906632204075 3
      vertex 36.891010727596395 -11.807566435131761 3
    endloop
  endfacet
  facet normal 0 0 1
    outer loop
      vertex -45.5 -8.696746839266913 3
      vertex 36.891010727596395 -11.807566435131761 3
      vertex 37.29593081152973 -11.756413132608117 3
    endloop
  endfacet
  facet normal 0 0 1
    outer loop
      vertex -45.5 -8.696746839266913 3
      vertex 37.29593081152973 -11.756413132608117 3
      vertex 37.70406918847027 -11.756413132608117 3
    endloop
  endfacet
  facet normal 0 0 1
    outer loop
      vertex -45.5 -8.696746839266913 3
      vertex 37.70406918847027 -11.756413132608117 3
      vertex 54.81395259764657 -8.009866357858641 3
    endloop
  endfacet
  facet normal 0.12533323356430573 -0.9921147013144777 0
    outer loop
      vertex 54.81395259764657 -21.99013364214136 0
      vertex 55.43690657292862 -21.911436253643444 3
      vertex 54.81395259764657 -21.99013364214136 3
    endloop
  endfacet
  facet normal 0.24868988716485468 -0.9685831611286311 0
    outer loop
      vertex 55.43690657292862 -21.911436253643444 0
      vertex 56.045084971874736 -21.755282581475768 3
      vertex 55.43690657292862 -21.911436253643444 3
    endloop
  endfacet
  facet normal 0.3681245526846774 -0.9297764858882517 0
    outer loop
      vertex 56.62889645782536 -21.5241352623301 0
      vertex 56.62889645782536 -21.5241352623301 3
      vertex 56.045084971874736 -21.755282581475768 3
    endloop
  endfacet
  facet normal 0.48175367410171693 -0.8763066800438627 0
    outer loop
      vertex 57.17913397489498 -21.221639627510076 0
      vertex 57.17913397489498 -21.221639627510076 3
      vertex 56.62889645782536 -21.5241352623301 3
    endloop
  endfacet
  facet normal 0.5877852522924719 -0.8090169943749483 0
    outer loop
      vertex 57.68711994874345 -20.852566213878944 0
      vertex 57.68711994874345 -20.852566213878944 3
      vertex 57.17913397489498 -21.221639627510076 3
    endloop
  endfacet
  facet normal 0.6845471059286874 -0.7289686274214127 0
    outer loop
      vertex 57.68711994874345 -20.852566213878944 0
      vertex 58.14484313710706 -20.422735529643443 3
      vertex 57.68711994874345 -20.852566213878944 3
    endloop
  endfacet
  facet normal 0.7705132427757907 -0.6374239897486881 0
    outer loop
      vertex 58.14484313710706 -20.422735529643443 0
      vertex 58.545084971874736 -19.938926261462367 3
      vertex 58.14484313710706 -20.422735529643443 3
    endloop
  endfacet
  facet normal 0.8443279255020154 -0.5358267949789961 0
    outer loop
      vertex 58.88153340021932 -19.408768370508575 0
      vertex 58.88153340021932 -19.408768370508575 3
      vertex 58.545084971874736 -19.938926261462367 3
    endloop
  endfacet
  facet normal 0.9048270524660187 -0.42577929156507455 0
    outer loop
      vertex 58.88153340021932 -19.408768370508575 0
      vertex 59.14888242944126 -18.84062276342339 3
      vertex 58.88153340021932 -19.408768370508575 3
    endloop
  endfacet
  facet normal 0.951056516295153 -0.30901699437494917 0
    outer loop
      vertex 59.14888242944126 -18.84062276342339 0
      vertex 59.34291580564316 -18.24344943582427 3
      vertex 59.14888242944126 -18.84062276342339 3
    endloop
  endfacet
  facet normal 0.98228725072869 -0.1873813145857174 0
    outer loop
      vertex 59.46057350657239 -17.62666616782152 0
      vertex 59.46057350657239 -17.62666616782152 3
      vertex 59.34291580564316 -18.24344943582427 3
    endloop
  endfacet
  facet normal 0.9980267284282714 -0.06279051952931593 0
    outer loop
      vertex 59.46057350657239 -17.62666616782152 0
      vertex 59.5 -17 3
      vertex 59.46057350657239 -17.62666616782152 3
    endloop
  endfacet
  facet normal 1 0 0
    outer loop
      vertex 59.5 -13 0
      vertex 59.5 -13 3
      vertex 59.5 -17 3
    endloop
  endfacet
  facet normal 0.9980267284282714 0.06279051952931557 0
    outer loop
      vertex 59.5 -13 0
      vertex 59.46057350657239 -12.373333832178478 3
      vertex 59.5 -13 3
    endloop
  endfacet
  facet normal 0.98228725072869 0.1873813145857174 0
    outer loop
      vertex 59.46057350657239 -12.373333832178478 0
      vertex 59.34291580564316 -11.756550564175726 3
      vertex 59.46057350657239 -12.373333832178478 3
    endloop
  endfacet
  facet normal 0.9510565162951524 0.30901699437495084 0
    outer loop
      vertex 59.14888242944126 -11.15937723657661 0
      vertex 59.14888242944126 -11.15937723657661 3
      vertex 59.34291580564316 -11.756550564175726 3
    endloop
  endfacet
  facet normal 0 0 1
    outer loop
      vertex 54.81395259764657 -21.99013364214136 3
      vertex 22.70406918847027 -18.243586867391883 3
      vertex 22.29593081152973 -18.243586867391883 3
    endloop
  endfacet
  facet normal 0 0 1
    outer loop
      vertex 54.81395259764657 -21.99013364214136 3
      vertex 23.108989272403605 -18.19243356486824 3
      vertex 22.70406918847027 -18.243586867391883 3
    endloop
  endfacet
  facet normal 0 0 1
    outer loop
      vertex 54.81395259764657 -21.99013364214136 3
      vertex 23.50430523171858 -18.09093367795925 3
      vertex 23.108989272403605 -18.19243356486824 3
    endloop
  endfacet
  facet normal 0 0 1
    outer loop
      vertex 54.81395259764657 -21.99013364214136 3
      vertex 23.883782697586486 -17.940687920514563 3
      vertex 23.50430523171858 -18.09093367795925 3
    endloop
  endfacet
  facet normal 0 0 1
    outer loop
      vertex 30.113022935152763 -16.79644811117089 3
      vertex 36.11621730241352 -17.940687920514563 3
      vertex 30.337286366254304 -16.76811705131164 3
    endloop
  endfacet
  facet normal 0 0 1
    outer loop
      vertex 30.337286366254304 -16.76811705131164 3
      vertex 35.75856291631826 -17.74406575788155 3
      vertex 30.556230589874904 -16.711901729331277 3
    endloop
  endfacet
  facet normal 0 0 1
    outer loop
      vertex 30.556230589874904 -16.711901729331277 3
      vertex 35.42837203331676 -17.504168039021316 3
      vertex 30.76640272481713 -16.628688694438836 3
    endloop
  endfacet
  facet normal 0 0 1
    outer loop
      vertex 30.76640272481713 -16.628688694438836 3
      vertex 35.13085196088041 -17.22477809426824 3
      vertex 30.964488230962193 -16.519790265903627 3
    endloop
  endfacet
  facet normal 0 0 1
    outer loop
      vertex 30.964488230962193 -16.519790265903627 3
      vertex 34.870694768281425 -16.91030206995054 3
      vertex 31.147363181547643 -16.38692383699642 3
    endloop
  endfacet
  facet normal 0 0 1
    outer loop
      vertex 31.147363181547643 -16.38692383699642 3
      vertex 34.870694768281425 -16.91030206995054 3
      vertex 31.31214352935854 -16.23218479067164 3
    endloop
  endfacet
  facet normal 0 0 1
    outer loop
      vertex 54.81395259764657 -21.99013364214136 3
      vertex 29.662713633745696 -16.76811705131164 3
      vertex 23.883782697586486 -17.940687920514563 3
    endloop
  endfacet
  facet normal 0 0 1
    outer loop
      vertex 30.113022935152763 -16.79644811117089 3
      vertex 36.495694768281425 -18.09093367795925 3
      vertex 36.11621730241352 -17.940687920514563 3
    endloop
  endfacet
  facet normal 0 0 1
    outer loop
      vertex 30.556230589874904 -16.711901729331277 3
      vertex 35.75856291631826 -17.74406575788155 3
      vertex 35.42837203331676 -17.504168039021316 3
    endloop
  endfacet
  facet normal 0 0 1
    outer loop
      vertex 30.337286366254304 -16.76811705131164 3
      vertex 36.11621730241352 -17.940687920514563 3
      vertex 35.75856291631826 -17.74406575788155 3
    endloop
  endfacet
  facet normal 0 0 1
    outer loop
      vertex 30.113022935152763 -16.79644811117089 3
      vertex 36.891010727596395 -18.19243356486824 3
      vertex 36.495694768281425 -18.09093367795925 3
    endloop
  endfacet
  facet normal 0 0 1
    outer loop
      vertex 30.76640272481713 -16.628688694438836 3
      vertex 35.42837203331676 -17.504168039021316 3
      vertex 35.13085196088041 -17.22477809426824 3
    endloop
  endfacet
  facet normal 0 0 1
    outer loop
      vertex 30.964488230962193 -16.519790265903627 3
      vertex 35.13085196088041 -17.22477809426824 3
      vertex 34.870694768281425 -16.91030206995054 3
    endloop
  endfacet
  facet normal 0 0 1
    outer loop
      vertex 31.31214352935854 -16.23218479067164 3
      vertex 34.870694768281425 -16.91030206995054 3
      vertex 34.65200328985745 -16.565699440830574 3
    endloop
  endfacet
  facet normal 0 0 1
    outer loop
      vertex 54.81395259764657 -21.99013364214136 3
      vertex 37.29593081152973 -18.243586867391883 3
      vertex 36.891010727596395 -18.19243356486824 3
    endloop
  endfacet
  facet normal 0 0 1
    outer loop
      vertex 54.81395259764657 -21.99013364214136 3
      vertex 37.70406918847027 -18.243586867391883 3
      vertex 37.29593081152973 -18.243586867391883 3
    endloop
  endfacet
  facet normal 0 0 1
    outer loop
      vertex 54.81395259764657 -21.99013364214136 3
      vertex 38.108989272403605 -18.19243356486824 3
      vertex 37.70406918847027 -18.243586867391883 3
    endloop
  endfacet
  facet normal 0 0 1
    outer loop
      vertex 54.81395259764657 -21.99013364214136 3
      vertex 38.504305231718575 -18.09093367795925 3
      vertex 38.108989272403605 -18.19243356486824 3
    endloop
  endfacet
  facet normal 0 0 1
    outer loop
      vertex 54.81395259764657 -21.99013364214136 3
      vertex 38.88378269758648 -17.940687920514563 3
      vertex 38.504305231718575 -18.09093367795925 3
    endloop
  endfacet
  facet normal 0 0 1
    outer loop
      vertex 54.81395259764657 -21.99013364214136 3
      vertex 29.886977064847237 -16.79644811117089 3
      vertex 29.662713633745696 -16.76811705131164 3
    endloop
  endfacet
  facet normal 0 0 1
    outer loop
      vertex 54.81395259764657 -21.99013364214136 3
      vertex 30.113022935152763 -16.79644811117089 3
      vertex 29.886977064847237 -16.79644811117089 3
    endloop
  endfacet
  facet normal 0 0 1
    outer loop
      vertex 54.81395259764657 -21.99013364214136 3
      vertex 36.891010727596395 -18.19243356486824 3
      vertex 30.113022935152763 -16.79644811117089 3
    endloop
  endfacet
  facet normal 0 0 1
    outer loop
      vertex 54.81395259764657 -21.99013364214136 3
      vertex 39.24143708368174 -17.74406575788155 3
      vertex 38.88378269758648 -17.940687920514563 3
    endloop
  endfacet
  facet normal 0 0 1
    outer loop
      vertex 39.24143708368174 -17.74406575788155 3
      vertex 44.44376941012509 -16.711901729331277 3
      vertex 39.571627966683245 -17.504168039021316 3
    endloop
  endfacet
  facet normal 0 0 1
    outer loop
      vertex 39.571627966683245 -17.504168039021316 3
      vertex 44.233597275182866 -16.628688694438836 3
      vertex 39.86914803911959 -17.22477809426824 3
    endloop
  endfacet
  facet normal 0 0 1
    outer loop
      vertex 39.86914803911959 -17.22477809426824 3
      vertex 44.035511769037804 -16.519790265903627 3
      vertex 40.129305231718575 -16.91030206995054 3
    endloop
  endfacet
  facet normal 0 0 1
    outer loop
      vertex 40.129305231718575 -16.91030206995054 3
      vertex 43.68785647064146 -16.23218479067164 3
      vertex 40.34799671014255 -16.565699440830574 3
    endloop
  endfacet
  facet normal 0 0 1
    outer loop
      vertex 39.571627966683245 -17.504168039021316 3
      vertex 44.44376941012509 -16.711901729331277 3
      vertex 44.233597275182866 -16.628688694438836 3
    endloop
  endfacet
  facet normal 0 0 1
    outer loop
      vertex 39.86914803911959 -17.22477809426824 3
      vertex 44.233597275182866 -16.628688694438836 3
      vertex 44.035511769037804 -16.519790265903627 3
    endloop
  endfacet
  facet normal 0 0 1
    outer loop
      vertex 40.129305231718575 -16.91030206995054 3
      vertex 44.035511769037804 -16.519790265903627 3
      vertex 43.85263681845236 -16.38692383699642 3
    endloop
  endfacet
  facet normal 0 0 1
    outer loop
      vertex 40.129305231718575 -16.91030206995054 3
      vertex 43.85263681845236 -16.38692383699642 3
      vertex 43.68785647064146 -16.23218479067164 3
    endloop
  endfacet
  facet normal 0 0 1
    outer loop
      vertex 39.24143708368174 -17.74406575788155 3
      vertex 44.662713633745696 -16.76811705131164 3
      vertex 44.44376941012509 -16.711901729331277 3
    endloop
  endfacet
  facet normal 0 0 1
    outer loop
      vertex 31.31214352935854 -16.23218479067164 3
      vertex 34.65200328985745 -16.565699440830574 3
      vertex 31.456230589874906 -16.058013454126453 3
    endloop
  endfacet
  facet normal 0 0 1
    outer loop
      vertex 31.456230589874906 -16.058013454126453 3
      vertex 34.47822642086318 -16.196404796225202 3
      vertex 31.577352024078955 -15.867156613383088 3
    endloop
  endfacet
  facet normal 0 0 1
    outer loop
      vertex 34.47822642086318 -16.196404796225202 3
      vertex 31.673597674598852 -15.662624194832421 3
      vertex 31.577352024078955 -15.867156613383088 3
    endloop
  endfacet
  facet normal 0 0 1
    outer loop
      vertex 31.673597674598852 -15.662624194832421 3
      vertex 34.35210472633195 -15.808242133285779 3
      vertex 31.743449690031536 -15.447641796896738 3
    endloop
  endfacet
  facet normal 0 0 1
    outer loop
      vertex 31.743449690031536 -15.447641796896738 3
      vertex 34.35210472633195 -15.808242133285779 3
      vertex 34.27562722072795 -15.407333009083988 3
    endloop
  endfacet
  facet normal 0 0 1
    outer loop
      vertex 31.743449690031536 -15.447641796896738 3
      vertex 34.27562722072795 -15.407333009083988 3
      vertex 31.78580646236606 -15.225599820415747 3
    endloop
  endfacet
  facet normal 0 0 1
    outer loop
      vertex 34.25 -15 3
      vertex 31.78580646236606 -15.225599820415747 3
      vertex 34.27562722072795 -15.407333009083988 3
    endloop
  endfacet
  facet normal 0 0 1
    outer loop
      vertex 34.25 -15 3
      vertex 31.8 -15 3
      vertex 31.78580646236606 -15.225599820415747 3
    endloop
  endfacet
  facet normal 0 0 1
    outer loop
      vertex 31.8 -15 3
      vertex 34.27562722072795 -14.592666990916012 3
      vertex 31.78580646236606 -14.774400179584251 3
    endloop
  endfacet
  facet normal 0 0 1
    outer loop
      vertex 31.8 -15 3
      vertex 34.25 -15 3
      vertex 34.27562722072795 -14.592666990916012 3
    endloop
  endfacet
  facet normal 0 0 1
    outer loop
      vertex 31.78580646236606 -14.774400179584251 3
      vertex 34.27562722072795 -14.592666990916012 3
      vertex 31.743449690031536 -14.552358203103262 3
    endloop
  endfacet
  facet normal 0 0 1
    outer loop
      vertex 31.743449690031536 -14.552358203103262 3
      vertex 34.27562722072795 -14.592666990916012 3
      vertex 34.35210472633195 -14.191757866714221 3
    endloop
  endfacet
  facet normal 0 0 1
    outer loop
      vertex 31.577352024078955 -14.132843386616912 3
      vertex 34.47822642086318 -13.803595203774798 3
      vertex 31.456230589874906 -13.941986545873549 3
    endloop
  endfacet
  facet normal 0 0 1
    outer loop
      vertex 31.743449690031536 -14.552358203103262 3
      vertex 34.35210472633195 -14.191757866714221 3
      vertex 31.673597674598852 -14.33737580516758 3
    endloop
  endfacet
  facet normal 0 0 1
    outer loop
      vertex 31.673597674598852 -14.33737580516758 3
      vertex 34.47822642086318 -13.803595203774798 3
      vertex 31.577352024078955 -14.132843386616912 3
    endloop
  endfacet
  facet normal 0 0 1
    outer loop
      vertex 31.456230589874906 -16.058013454126453 3
      vertex 34.65200328985745 -16.565699440830574 3
      vertex 34.47822642086318 -16.196404796225202 3
    endloop
  endfacet
  facet normal 0 0 1
    outer loop
      vertex 34.47822642086318 -16.196404796225202 3
      vertex 34.35210472633195 -15.808242133285779 3
      vertex 31.673597674598852 -15.662624194832421 3
    endloop
  endfacet
  facet normal 0 0 1
    outer loop
      vertex 31.673597674598852 -14.33737580516758 3
      vertex 34.35210472633195 -14.191757866714221 3
      vertex 34.47822642086318 -13.803595203774798 3
    endloop
  endfacet
  facet normal 0 0 1
    outer loop
      vertex 23.50430523171858 -11.90906632204075 3
      vertex 30.113022935152763 -13.20355188882911 3
      vertex 35.75856291631826 -12.255934242118451 3
    endloop
  endfacet
  facet normal 0 0 1
    outer loop
      vertex 31.456230589874906 -13.941986545873549 3
      vertex 34.65200328985745 -13.434300559169426 3
      vertex 31.31214352935854 -13.76781520932836 3
    endloop
  endfacet
  facet normal 0 0 1
    outer loop
      vertex 31.147363181547643 -13.61307616300358 3
      vertex 31.31214352935854 -13.76781520932836 3
      vertex 34.870694768281425 -13.089697930049462 3
    endloop
  endfacet
  facet normal 0 0 1
    outer loop
      vertex 31.147363181547643 -13.61307616300358 3
      vertex 34.870694768281425 -13.089697930049462 3
      vertex 30.964488230962193 -13.480209734096373 3
    endloop
  endfacet
  facet normal 0 0 1
    outer loop
      vertex 30.76640272481713 -13.371311305561164 3
      vertex 30.964488230962193 -13.480209734096373 3
      vertex 35.13085196088041 -12.775221905731762 3
    endloop
  endfacet
  facet normal 0 0 1
    outer loop
      vertex 30.337286366254304 -13.23188294868836 3
      vertex 35.75856291631826 -12.255934242118451 3
      vertex 30.113022935152763 -13.20355188882911 3
    endloop
  endfacet
  facet normal 0 0 1
    outer loop
      vertex 30.76640272481713 -13.371311305561164 3
      vertex 35.42837203331676 -12.495831960978684 3
      vertex 30.556230589874904 -13.288098270668723 3
    endloop
  endfacet
  facet normal 0 0 1
    outer loop
      vertex 30.337286366254304 -13.23188294868836 3
      vertex 30.556230589874904 -13.288098270668723 3
      vertex 35.75856291631826 -12.255934242118451 3
    endloop
  endfacet
  facet normal 0 0 1
    outer loop
      vertex 31.456230589874906 -13.941986545873549 3
      vertex 34.47822642086318 -13.803595203774798 3
      vertex 34.65200328985745 -13.434300559169426 3
    endloop
  endfacet
  facet normal 0 0 1
    outer loop
      vertex 31.31214352935854 -13.76781520932836 3
      vertex 34.65200328985745 -13.434300559169426 3
      vertex 34.870694768281425 -13.089697930049462 3
    endloop
  endfacet
  facet normal 0 0 1
    outer loop
      vertex 30.964488230962193 -13.480209734096373 3
      vertex 34.870694768281425 -13.089697930049462 3
      vertex 35.13085196088041 -12.775221905731762 3
    endloop
  endfacet
  facet normal 0 0 1
    outer loop
      vertex 30.76640272481713 -13.371311305561164 3
      vertex 35.13085196088041 -12.775221905731762 3
      vertex 35.42837203331676 -12.495831960978684 3
    endloop
  endfacet
  facet normal 0 0 1
    outer loop
      vertex 30.556230589874904 -13.288098270668723 3
      vertex 35.42837203331676 -12.495831960978684 3
      vertex 35.75856291631826 -12.255934242118451 3
    endloop
  endfacet
  facet normal 0 0 1
    outer loop
      vertex 40.34799671014255 -16.565699440830574 3
      vertex 43.543769410125094 -16.058013454126453 3
      vertex 40.52177357913682 -16.196404796225206 3
    endloop
  endfacet
  facet normal 0 0 1
    outer loop
      vertex 43.32640232540115 -15.66262419483242 3
      vertex 40.64789527366805 -15.808242133285777 3
      vertex 40.52177357913682 -16.196404796225206 3
    endloop
  endfacet
  facet normal 0 0 1
    outer loop
      vertex 40.34799671014255 -16.565699440830574 3
      vertex 43.68785647064146 -16.23218479067164 3
      vertex 43.543769410125094 -16.058013454126453 3
    endloop
  endfacet
  facet normal 0 0 1
    outer loop
      vertex 40.52177357913682 -16.196404796225206 3
      vertex 43.543769410125094 -16.058013454126453 3
      vertex 43.422647975921045 -15.867156613383088 3
    endloop
  endfacet
  facet normal 0 0 1
    outer loop
      vertex 43.32640232540115 -15.66262419483242 3
      vertex 40.52177357913682 -16.196404796225206 3
      vertex 43.422647975921045 -15.867156613383088 3
    endloop
  endfacet
  facet normal 0 0 1
    outer loop
      vertex 40.64789527366805 -15.808242133285777 3
      vertex 43.25655030996846 -15.447641796896738 3
      vertex 40.72437277927205 -15.407333009083988 3
    endloop
  endfacet
  facet normal 0 0 1
    outer loop
      vertex 40.72437277927205 -15.407333009083988 3
      vertex 43.21419353763394 -15.225599820415747 3
      vertex 40.75 -15 3
    endloop
  endfacet
  facet normal 0 0 1
    outer loop
      vertex 40.64789527366805 -15.808242133285777 3
      vertex 43.32640232540115 -15.66262419483242 3
      vertex 43.25655030996846 -15.447641796896738 3
    endloop
  endfacet
  facet normal 0 0 1
    outer loop
      vertex 40.72437277927205 -15.407333009083988 3
      vertex 43.25655030996846 -15.447641796896738 3
      vertex 43.21419353763394 -15.225599820415747 3
    endloop
  endfacet
  facet normal 0 0 1
    outer loop
      vertex 40.75 -15 3
      vertex 43.21419353763394 -14.774400179584253 3
      vertex 40.72437277927205 -14.592666990916012 3
    endloop
  endfacet
  facet normal 0 0 1
    outer loop
      vertex 40.72437277927205 -14.592666990916012 3
      vertex 43.25655030996846 -14.552358203103262 3
      vertex 40.64789527366805 -14.191757866714221 3
    endloop
  endfacet
  facet normal 0 0 1
    outer loop
      vertex 40.75 -15 3
      vertex 43.21419353763394 -15.225599820415747 3
      vertex 43.2 -15 3
    endloop
  endfacet
  facet normal 0 0 1
    outer loop
      vertex 40.75 -15 3
      vertex 43.2 -15 3
      vertex 43.21419353763394 -14.774400179584253 3
    endloop
  endfacet
  facet normal 0 0 1
    outer loop
      vertex 40.72437277927205 -14.592666990916012 3
      vertex 43.21419353763394 -14.774400179584253 3
      vertex 43.25655030996846 -14.552358203103262 3
    endloop
  endfacet
  facet normal 0 0 1
    outer loop
      vertex 40.64789527366805 -14.191757866714221 3
      vertex 43.32640232540115 -14.33737580516758 3
      vertex 40.52177357913682 -13.803595203774798 3
    endloop
  endfacet
  facet normal 0 0 1
    outer loop
      vertex 40.64789527366805 -14.191757866714221 3
      vertex 43.25655030996846 -14.552358203103262 3
      vertex 43.32640232540115 -14.33737580516758 3
    endloop
  endfacet
  facet normal 0 0 1
    outer loop
      vertex 40.52177357913682 -13.803595203774798 3
      vertex 43.32640232540115 -14.33737580516758 3
      vertex 43.422647975921045 -14.132843386616912 3
    endloop
  endfacet
  facet normal 0 0 1
    outer loop
      vertex 40.52177357913682 -13.803595203774798 3
      vertex 43.422647975921045 -14.132843386616912 3
      vertex 43.543769410125094 -13.941986545873549 3
    endloop
  endfacet
  facet normal 0 0 1
    outer loop
      vertex 40.52177357913682 -13.803595203774798 3
      vertex 43.543769410125094 -13.941986545873549 3
      vertex 40.34799671014255 -13.434300559169426 3
    endloop
  endfacet
  facet normal 0 0 1
    outer loop
      vertex 40.34799671014255 -13.434300559169426 3
      vertex 43.68785647064146 -13.767815209328361 3
      vertex 40.129305231718575 -13.089697930049462 3
    endloop
  endfacet
  facet normal 0 0 1
    outer loop
      vertex 39.86914803911959 -12.775221905731762 3
      vertex 40.129305231718575 -13.089697930049462 3
      vertex 44.035511769037804 -13.480209734096373 3
    endloop
  endfacet
  facet normal 0 0 1
    outer loop
      vertex 40.34799671014255 -13.434300559169426 3
      vertex 43.543769410125094 -13.941986545873549 3
      vertex 43.68785647064146 -13.767815209328361 3
    endloop
  endfacet
  facet normal 0 0 1
    outer loop
      vertex 40.129305231718575 -13.089697930049462 3
      vertex 43.68785647064146 -13.767815209328361 3
      vertex 43.85263681845236 -13.61307616300358 3
    endloop
  endfacet
  facet normal 0 0 1
    outer loop
      vertex 40.129305231718575 -13.089697930049462 3
      vertex 43.85263681845236 -13.61307616300358 3
      vertex 44.035511769037804 -13.480209734096373 3
    endloop
  endfacet
  facet normal 0 0 1
    outer loop
      vertex 39.86914803911959 -12.775221905731762 3
      vertex 44.035511769037804 -13.480209734096373 3
      vertex 44.233597275182866 -13.371311305561164 3
    endloop
  endfacet
  facet normal 0 0 1
    outer loop
      vertex 39.86914803911959 -12.775221905731762 3
      vertex 44.233597275182866 -13.371311305561164 3
      vertex 39.571627966683245 -12.495831960978686 3
    endloop
  endfacet
  facet normal 0 0 1
    outer loop
      vertex 39.571627966683245 -12.495831960978686 3
      vertex 44.44376941012509 -13.288098270668723 3
      vertex 39.24143708368174 -12.255934242118451 3
    endloop
  endfacet
  facet normal 0 0 1
    outer loop
      vertex 39.571627966683245 -12.495831960978686 3
      vertex 44.233597275182866 -13.371311305561164 3
      vertex 44.44376941012509 -13.288098270668723 3
    endloop
  endfacet
  facet normal 0 0 1
    outer loop
      vertex 39.24143708368174 -12.255934242118451 3
      vertex 44.44376941012509 -13.288098270668723 3
      vertex 44.662713633745696 -13.23188294868836 3
    endloop
  endfacet
  facet normal 0 0 1
    outer loop
      vertex 54.81395259764657 -21.99013364214136 3
      vertex 44.662713633745696 -16.76811705131164 3
      vertex 39.24143708368174 -17.74406575788155 3
    endloop
  endfacet
  facet normal 0 0 1
    outer loop
      vertex 54.81395259764657 -21.99013364214136 3
      vertex 44.88697706484724 -16.79644811117089 3
      vertex 44.662713633745696 -16.76811705131164 3
    endloop
  endfacet
  facet normal 0 0 1
    outer loop
      vertex 54.81395259764657 -21.99013364214136 3
      vertex 45.11302293515276 -16.79644811117089 3
      vertex 44.88697706484724 -16.79644811117089 3
    endloop
  endfacet
  facet normal 0 0 1
    outer loop
      vertex 45.337286366254304 -16.76811705131164 3
      vertex 50.75856291631826 -17.74406575788155 3
      vertex 45.55623058987491 -16.711901729331277 3
    endloop
  endfacet
  facet normal 0 0 1
    outer loop
      vertex 45.55623058987491 -16.711901729331277 3
      vertex 50.42837203331676 -17.504168039021316 3
      vertex 45.766402724817134 -16.628688694438836 3
    endloop
  endfacet
  facet normal 0 0 1
    outer loop
      vertex 45.766402724817134 -16.628688694438836 3
      vertex 50.13085196088041 -17.22477809426824 3
      vertex 45.964488230962196 -16.519790265903627 3
    endloop
  endfacet
  facet normal 0 0 1
    outer loop
      vertex 45.964488230962196 -16.519790265903627 3
      vertex 49.870694768281425 -16.91030206995054 3
      vertex 46.14736318154764 -16.38692383699642 3
    endloop
  endfacet
  facet normal 0 0 1
    outer loop
      vertex 46.14736318154764 -16.38692383699642 3
      vertex 49.870694768281425 -16.91030206995054 3
      vertex 46.31214352935854 -16.23218479067164 3
    endloop
  endfacet
  facet normal 0 0 1
    outer loop
      vertex 54.81395259764657 -21.99013364214136 3
      vertex 45.337286366254304 -16.76811705131164 3
      vertex 45.11302293515276 -16.79644811117089 3
    endloop
  endfacet
  facet normal 0 0 1
    outer loop
      vertex 54.81395259764657 -21.99013364214136 3
      vertex 50.75856291631826 -17.74406575788155 3
      vertex 45.337286366254304 -16.76811705131164 3
    endloop
  endfacet
  facet normal 0 0 1
    outer loop
      vertex 45.55623058987491 -16.711901729331277 3
      vertex 50.75856291631826 -17.74406575788155 3
      vertex 50.42837203331676 -17.504168039021316 3
    endloop
  endfacet
  facet normal 0 0 1
    outer loop
      vertex 45.766402724817134 -16.628688694438836 3
      vertex 50.42837203331676 -17.504168039021316 3
      vertex 50.13085196088041 -17.22477809426824 3
    endloop
  endfacet
  facet normal 0 0 1
    outer loop
      vertex 45.964488230962196 -16.519790265903627 3
      vertex 50.13085196088041 -17.22477809426824 3
      vertex 49.870694768281425 -16.91030206995054 3
    endloop
  endfacet
  facet normal 0 0 1
    outer loop
      vertex 46.31214352935854 -16.23218479067164 3
      vertex 49.870694768281425 -16.91030206995054 3
      vertex 49.65200328985745 -16.565699440830574 3
    endloop
  endfacet
  facet normal 0 0 1
    outer loop
      vertex 54.81395259764657 -21.99013364214136 3
      vertex 55.43690657292862 -21.911436253643444 3
      vertex 56.62889645782536 -21.5241352623301 3
    endloop
  endfacet
  facet normal 0 0 1
    outer loop
      vertex 54.81395259764657 -21.99013364214136 3
      vertex 51.495694768281425 -18.09093367795925 3
      vertex 51.11621730241352 -17.940687920514563 3
    endloop
  endfacet
  facet normal 0 0 1
    outer loop
      vertex 54.81395259764657 -21.99013364214136 3
      vertex 51.891010727596395 -18.19243356486824 3
      vertex 51.495694768281425 -18.09093367795925 3
    endloop
  endfacet
  facet normal 0 0 1
    outer loop
      vertex 54.81395259764657 -21.99013364214136 3
      vertex 52.29593081152973 -18.243586867391883 3
      vertex 51.891010727596395 -18.19243356486824 3
    endloop
  endfacet
  facet normal 0 0 1
    outer loop
      vertex 54.81395259764657 -21.99013364214136 3
      vertex 52.70406918847027 -18.243586867391883 3
      vertex 52.29593081152973 -18.243586867391883 3
    endloop
  endfacet
  facet normal 0 0 1
    outer loop
      vertex 54.81395259764657 -21.99013364214136 3
      vertex 53.108989272403605 -18.19243356486824 3
      vertex 52.70406918847027 -18.243586867391883 3
    endloop
  endfacet
  facet normal 0 0 1
    outer loop
      vertex 54.81395259764657 -21.99013364214136 3
      vertex 53.504305231718575 -18.09093367795925 3
      vertex 53.108989272403605 -18.19243356486824 3
    endloop
  endfacet
  facet normal 0 0 1
    outer loop
      vertex 54.81395259764657 -21.99013364214136 3
      vertex 53.88378269758648 -17.940687920514563 3
      vertex 53.504305231718575 -18.09093367795925 3
    endloop
  endfacet
  facet normal 0 0 1
    outer loop
      vertex 55.43690657292862 -21.911436253643444 3
      vertex 56.045084971874736 -21.755282581475768 3
      vertex 56.62889645782536 -21.5241352623301 3
    endloop
  endfacet
  facet normal 0 0 1
    outer loop
      vertex 54.81395259764657 -21.99013364214136 3
      vertex 56.62889645782536 -21.5241352623301 3
      vertex 58.14484313710706 -20.422735529643443 3
    endloop
  endfacet
  facet normal 0 0 1
    outer loop
      vertex 56.62889645782536 -21.5241352623301 3
      vertex 57.17913397489498 -21.221639627510076 3
      vertex 58.14484313710706 -20.422735529643443 3
    endloop
  endfacet
  facet normal 0 0 1
    outer loop
      vertex 57.17913397489498 -21.221639627510076 3
      vertex 57.68711994874345 -20.852566213878944 3
      vertex 58.14484313710706 -20.422735529643443 3
    endloop
  endfacet
  facet normal 0 0 1
    outer loop
      vertex 54.81395259764657 -21.99013364214136 3
      vertex 58.14484313710706 -20.422735529643443 3
      vertex 59.5 -17 3
    endloop
  endfacet
  facet normal 0 0 1
    outer loop
      vertex 58.14484313710706 -20.422735529643443 3
      vertex 58.545084971874736 -19.938926261462367 3
      vertex 59.14888242944126 -18.84062276342339 3
    endloop
  endfacet
  facet normal 0 0 1
    outer loop
      vertex 58.545084971874736 -19.938926261462367 3
      vertex 58.88153340021932 -19.408768370508575 3
      vertex 59.14888242944126 -18.84062276342339 3
    endloop
  endfacet
  facet normal 0 0 1
    outer loop
      vertex 54.81395259764657 -21.99013364214136 3
      vertex 51.11621730241352 -17.940687920514563 3
      vertex 50.75856291631826 -17.74406575788155 3
    endloop
  endfacet
  facet normal 0 0 1
    outer loop
      vertex 54.81395259764657 -21.99013364214136 3
      vertex 54.24143708368174 -17.74406575788155 3
      vertex 53.88378269758648 -17.940687920514563 3
    endloop
  endfacet
  facet normal 0 0 1
    outer loop
      vertex 54.81395259764657 -21.99013364214136 3
      vertex 54.571627966683245 -17.504168039021316 3
      vertex 54.24143708368174 -17.74406575788155 3
    endloop
  endfacet
  facet normal 0 0 1
    outer loop
      vertex 54.81395259764657 -21.99013364214136 3
      vertex 54.86914803911959 -17.22477809426824 3
      vertex 54.571627966683245 -17.504168039021316 3
    endloop
  endfacet
  facet normal 0 0 1
    outer loop
      vertex 54.81395259764657 -21.99013364214136 3
      vertex 55.129305231718575 -16.91030206995054 3
      vertex 54.86914803911959 -17.22477809426824 3
    endloop
  endfacet
  facet normal 0 0 1
    outer loop
      vertex 54.81395259764657 -21.99013364214136 3
      vertex 59.5 -17 3
      vertex 55.129305231718575 -16.91030206995054 3
    endloop
  endfacet
  facet normal 0 0 1
    outer loop
      vertex 58.14484313710706 -20.422735529643443 3
      vertex 59.14888242944126 -18.84062276342339 3
      vertex 59.5 -17 3
    endloop
  endfacet
  facet normal 0 0 1
    outer loop
      vertex 59.14888242944126 -18.84062276342339 3
      vertex 59.34291580564316 -18.24344943582427 3
      vertex 59.5 -17 3
    endloop
  endfacet
  facet normal 0 0 1
    outer loop
      vertex 59.5 -17 3
      vertex 55.34799671014255 -16.565699440830574 3
      vertex 55.129305231718575 -16.91030206995054 3
    endloop
  endfacet
  facet normal 0 0 1
    outer loop
      vertex 59.5 -17 3
      vertex 55.52177357913682 -16.196404796225206 3
      vertex 55.34799671014255 -16.565699440830574 3
    endloop
  endfacet
  facet normal 0 0 1
    outer loop
      vertex 59.34291580564316 -18.24344943582427 3
      vertex 59.46057350657239 -17.62666616782152 3
      vertex 59.5 -17 3
    endloop
  endfacet
  facet normal 0 0 1
    outer loop
      vertex 46.31214352935854 -16.23218479067164 3
      vertex 49.65200328985745 -16.565699440830574 3
      vertex 46.456230589874906 -16.058013454126453 3
    endloop
  endfacet
  facet normal 0 0 1
    outer loop
      vertex 46.456230589874906 -16.058013454126453 3
      vertex 49.47822642086318 -16.196404796225202 3
      vertex 46.577352024078955 -15.867156613383088 3
    endloop
  endfacet
  facet normal 0 0 1
    outer loop
      vertex 46.577352024078955 -15.867156613383088 3
      vertex 49.35210472633195 -15.808242133285779 3
      vertex 46.67359767459885 -15.662624194832421 3
    endloop
  endfacet
  facet normal 0 0 1
    outer loop
      vertex 46.67359767459885 -15.662624194832421 3
      vertex 49.35210472633195 -15.808242133285779 3
      vertex 46.74344969003154 -15.447641796896738 3
    endloop
  endfacet
  facet normal 0 0 1
    outer loop
      vertex 46.74344969003154 -15.447641796896738 3
      vertex 49.27562722072795 -15.407333009083988 3
      vertex 46.78580646236606 -15.225599820415747 3
    endloop
  endfacet
  facet normal 0 0 1
    outer loop
      vertex 46.78580646236606 -15.225599820415747 3
      vertex 49.25 -15 3
      vertex 46.8 -15 3
    endloop
  endfacet
  facet normal 0 0 1
    outer loop
      vertex 46.8 -15 3
      vertex 49.25 -15 3
      vertex 46.78580646236606 -14.774400179584251 3
    endloop
  endfacet
  facet normal 0 0 1
    outer loop
      vertex 46.78580646236606 -14.774400179584251 3
      vertex 49.27562722072795 -14.592666990916012 3
      vertex 46.74344969003154 -14.552358203103262 3
    endloop
  endfacet
  facet normal 0 0 1
    outer loop
      vertex 46.74344969003154 -14.552358203103262 3
      vertex 49.35210472633195 -14.191757866714221 3
      vertex 46.67359767459885 -14.33737580516758 3
    endloop
  endfacet
  facet normal 0 0 1
    outer loop
      vertex 46.67359767459885 -14.33737580516758 3
      vertex 49.47822642086318 -13.803595203774798 3
      vertex 46.577352024078955 -14.132843386616912 3
    endloop
  endfacet
  facet normal 0 0 1
    outer loop
      vertex 46.456230589874906 -13.941986545873549 3
      vertex 46.577352024078955 -14.132843386616912 3
      vertex 49.47822642086318 -13.803595203774798 3
    endloop
  endfacet
  facet normal 0 0 1
    outer loop
      vertex 49.47822642086318 -16.196404796225202 3
      vertex 46.456230589874906 -16.058013454126453 3
      vertex 49.65200328985745 -16.565699440830574 3
    endloop
  endfacet
  facet normal 0 0 1
    outer loop
      vertex 46.577352024078955 -15.867156613383088 3
      vertex 49.47822642086318 -16.196404796225202 3
      vertex 49.35210472633195 -15.808242133285779 3
    endloop
  endfacet
  facet normal 0 0 1
    outer loop
      vertex 46.74344969003154 -15.447641796896738 3
      vertex 49.35210472633195 -15.808242133285779 3
      vertex 49.27562722072795 -15.407333009083988 3
    endloop
  endfacet
  facet normal 0 0 1
    outer loop
      vertex 46.78580646236606 -15.225599820415747 3
      vertex 49.27562722072795 -15.407333009083988 3
      vertex 49.25 -15 3
    endloop
  endfacet
  facet normal 0 0 1
    outer loop
      vertex 46.78580646236606 -14.774400179584251 3
      vertex 49.25 -15 3
      vertex 49.27562722072795 -14.592666990916012 3
    endloop
  endfacet
  facet normal 0 0 1
    outer loop
      vertex 46.74344969003154 -14.552358203103262 3
      vertex 49.27562722072795 -14.592666990916012 3
      vertex 49.35210472633195 -14.191757866714221 3
    endloop
  endfacet
  facet normal 0 0 1
    outer loop
      vertex 46.67359767459885 -14.33737580516758 3
      vertex 49.35210472633195 -14.191757866714221 3
      vertex 49.47822642086318 -13.803595203774798 3
    endloop
  endfacet
  facet normal 0 0 1
    outer loop
      vertex 46.14736318154764 -13.61307616300358 3
      vertex 49.870694768281425 -13.089697930049462 3
      vertex 45.964488230962196 -13.480209734096373 3
    endloop
  endfacet
  facet normal 0 0 1
    outer loop
      vertex 45.964488230962196 -13.480209734096373 3
      vertex 50.13085196088041 -12.775221905731762 3
      vertex 45.766402724817134 -13.371311305561164 3
    endloop
  endfacet
  facet normal 0 0 1
    outer loop
      vertex 46.456230589874906 -13.941986545873549 3
      vertex 49.65200328985745 -13.434300559169426 3
      vertex 46.31214352935854 -13.76781520932836 3
    endloop
  endfacet
  facet normal 0 0 1
    outer loop
      vertex 46.31214352935854 -13.76781520932836 3
      vertex 49.870694768281425 -13.089697930049462 3
      vertex 46.14736318154764 -13.61307616300358 3
    endloop
  endfacet
  facet normal 0 0 1
    outer loop
      vertex 45.766402724817134 -13.371311305561164 3
      vertex 50.42837203331676 -12.495831960978684 3
      vertex 45.55623058987491 -13.288098270668723 3
    endloop
  endfacet
  facet normal 0 0 1
    outer loop
      vertex 45.337286366254304 -13.23188294868836 3
      vertex 45.55623058987491 -13.288098270668723 3
      vertex 50.75856291631826 -12.255934242118451 3
    endloop
  endfacet
  facet normal 0 0 1
    outer loop
      vertex 54.81395259764657 -8.009866357858641 3
      vertex 39.24143708368174 -12.255934242118451 3
      vertex 44.662713633745696 -13.23188294868836 3
    endloop
  endfacet
  facet normal 0 0 1
    outer loop
      vertex 54.81395259764657 -8.009866357858641 3
      vertex 44.662713633745696 -13.23188294868836 3
      vertex 44.88697706484724 -13.20355188882911 3
    endloop
  endfacet
  facet normal 0 0 1
    outer loop
      vertex 54.81395259764657 -8.009866357858641 3
      vertex 44.88697706484724 -13.20355188882911 3
      vertex 45.11302293515276 -13.20355188882911 3
    endloop
  endfacet
  facet normal 0 0 1
    outer loop
      vertex 46.456230589874906 -13.941986545873549 3
      vertex 49.47822642086318 -13.803595203774798 3
      vertex 49.65200328985745 -13.434300559169426 3
    endloop
  endfacet
  facet normal 0 0 1
    outer loop
      vertex 46.31214352935854 -13.76781520932836 3
      vertex 49.65200328985745 -13.434300559169426 3
      vertex 49.870694768281425 -13.089697930049462 3
    endloop
  endfacet
  facet normal 0 0 1
    outer loop
      vertex 45.964488230962196 -13.480209734096373 3
      vertex 49.870694768281425 -13.089697930049462 3
      vertex 50.13085196088041 -12.775221905731762 3
    endloop
  endfacet
  facet normal 0 0 1
    outer loop
      vertex 45.766402724817134 -13.371311305561164 3
      vertex 50.13085196088041 -12.775221905731762 3
      vertex 50.42837203331676 -12.495831960978684 3
    endloop
  endfacet
  facet normal 0 0 1
    outer loop
      vertex 45.55623058987491 -13.288098270668723 3
      vertex 50.42837203331676 -12.495831960978684 3
      vertex 50.75856291631826 -12.255934242118451 3
    endloop
  endfacet
  facet normal 0 0 1
    outer loop
      vertex 54.81395259764657 -8.009866357858641 3
      vertex 45.11302293515276 -13.20355188882911 3
      vertex 45.337286366254304 -13.23188294868836 3
    endloop
  endfacet
  facet normal 0 0 1
    outer loop
      vertex 54.81395259764657 -8.009866357858641 3
      vertex 45.337286366254304 -13.23188294868836 3
      vertex 50.75856291631826 -12.255934242118451 3
    endloop
  endfacet
  facet normal 0 0 1
    outer loop
      vertex 59.5 -17 3
      vertex 55.64789527366805 -15.808242133285777 3
      vertex 55.52177357913682 -16.196404796225206 3
    endloop
  endfacet
  facet normal 0 0 1
    outer loop
      vertex 59.5 -17 3
      vertex 55.72437277927205 -15.407333009083988 3
      vertex 55.64789527366805 -15.808242133285777 3
    endloop
  endfacet
  facet normal 0 0 1
    outer loop
      vertex 59.5 -17 3
      vertex 55.75 -15 3
      vertex 55.72437277927205 -15.407333009083988 3
    endloop
  endfacet
  facet normal 0 0 1
    outer loop
      vertex 59.5 -17 3
      vertex 55.72437277927205 -14.592666990916012 3
      vertex 55.75 -15 3
    endloop
  endfacet
  facet normal 0 0 1
    outer loop
      vertex 59.5 -17 3
      vertex 55.64789527366805 -14.191757866714221 3
      vertex 55.72437277927205 -14.592666990916012 3
    endloop
  endfacet
  facet normal 0 0 1
    outer loop
      vertex 59.5 -17 3
      vertex 59.5 -13 3
      vertex 59.46057350657239 -12.373333832178478 3
    endloop
  endfacet
  facet normal 0 0 1
    outer loop
      vertex 54.81395259764657 -8.009866357858641 3
      vertex 55.34799671014255 -13.434300559169426 3
      vertex 55.52177357913682 -13.803595203774798 3
    endloop
  endfacet
  facet normal 0 0 1
    outer loop
      vertex 54.81395259764657 -8.009866357858641 3
      vertex 55.52177357913682 -13.803595203774798 3
      vertex 55.64789527366805 -14.191757866714221 3
    endloop
  endfacet
  facet normal 0 0 1
    outer loop
      vertex 54.81395259764657 -8.009866357858641 3
      vertex 54.571627966683245 -12.495831960978686 3
      vertex 54.86914803911959 -12.775221905731762 3
    endloop
  endfacet
  facet normal 0 0 1
    outer loop
      vertex 54.81395259764657 -8.009866357858641 3
      vertex 55.129305231718575 -13.089697930049462 3
      vertex 55.34799671014255 -13.434300559169426 3
    endloop
  endfacet
  facet normal 0 0 1
    outer loop
      vertex 54.81395259764657 -8.009866357858641 3
      vertex 54.86914803911959 -12.775221905731762 3
      vertex 55.129305231718575 -13.089697930049462 3
    endloop
  endfacet
  facet normal 0 0 1
    outer loop
      vertex 59.5 -17 3
      vertex 54.81395259764657 -8.009866357858641 3
      vertex 55.64789527366805 -14.191757866714221 3
    endloop
  endfacet
  facet normal 0 0 1
    outer loop
      vertex 59.5 -17 3
      vertex 59.46057350657239 -12.373333832178478 3
      vertex 58.88153340021932 -10.591231629491423 3
    endloop
  endfacet
  facet normal 0 0 1
    outer loop
      vertex 59.5 -17 3
      vertex 58.88153340021932 -10.591231629491423 3
      vertex 54.81395259764657 -8.009866357858641 3
    endloop
  endfacet
  facet normal 0 0 1
    outer loop
      vertex 59.46057350657239 -12.373333832178478 3
      vertex 59.34291580564316 -11.756550564175726 3
      vertex 58.88153340021932 -10.591231629491423 3
    endloop
  endfacet
  facet normal 0 0 1
    outer loop
      vertex 59.34291580564316 -11.756550564175726 3
      vertex 59.14888242944126 -11.15937723657661 3
      vertex 58.88153340021932 -10.591231629491423 3
    endloop
  endfacet
  facet normal 0.9048270524660191 0.4257792915650734 0
    outer loop
      vertex 59.14888242944126 -11.15937723657661 0
      vertex 58.88153340021932 -10.591231629491423 3
      vertex 59.14888242944126 -11.15937723657661 3
    endloop
  endfacet
  facet normal 0.7705132427757907 0.6374239897486881 0
    outer loop
      vertex 58.14484313710706 -9.577264470356557 0
      vertex 58.14484313710706 -9.577264470356557 3
      vertex 58.545084971874736 -10.061073738537633 3
    endloop
  endfacet
  facet normal 0.8443279255020145 0.5358267949789974 0
    outer loop
      vertex 58.545084971874736 -10.061073738537633 0
      vertex 58.545084971874736 -10.061073738537633 3
      vertex 58.88153340021932 -10.591231629491423 3
    endloop
  endfacet
  facet normal 0.3681245526846774 0.9297764858882517 0
    outer loop
      vertex 56.62889645782536 -8.475864737669902 0
      vertex 56.045084971874736 -8.244717418524232 3
      vertex 56.62889645782536 -8.475864737669902 3
    endloop
  endfacet
  facet normal 0.58778525229247 0.8090169943749497 0
    outer loop
      vertex 57.17913397489498 -8.778360372489924 0
      vertex 57.17913397489498 -8.778360372489924 3
      vertex 57.68711994874345 -9.147433786121054 3
    endloop
  endfacet
  facet normal 0.48175367410171693 0.8763066800438627 0
    outer loop
      vertex 56.62889645782536 -8.475864737669902 0
      vertex 56.62889645782536 -8.475864737669902 3
      vertex 57.17913397489498 -8.778360372489924 3
    endloop
  endfacet
  facet normal 0.684547105928689 0.7289686274214113 0
    outer loop
      vertex 58.14484313710706 -9.577264470356557 0
      vertex 57.68711994874345 -9.147433786121054 3
      vertex 58.14484313710706 -9.577264470356557 3
    endloop
  endfacet
  facet normal 0.12533323356430573 0.9921147013144777 0
    outer loop
      vertex 55.43690657292862 -8.088563746356556 0
      vertex 54.81395259764657 -8.009866357858641 3
      vertex 55.43690657292862 -8.088563746356556 3
    endloop
  endfacet
  facet normal 0.24868988716485468 0.9685831611286311 0
    outer loop
      vertex 55.43690657292862 -8.088563746356556 0
      vertex 55.43690657292862 -8.088563746356556 3
      vertex 56.045084971874736 -8.244717418524232 3
    endloop
  endfacet
  facet normal 0 0 1
    outer loop
      vertex 54.81395259764657 -8.009866357858641 3
      vertex 37.70406918847027 -11.756413132608117 3
      vertex 38.108989272403605 -11.807566435131761 3
    endloop
  endfacet
  facet normal 0 0 1
    outer loop
      vertex 54.81395259764657 -8.009866357858641 3
      vertex 38.504305231718575 -11.90906632204075 3
      vertex 38.88378269758648 -12.059312079485437 3
    endloop
  endfacet
  facet normal 0 0 1
    outer loop
      vertex 54.81395259764657 -8.009866357858641 3
      vertex 38.88378269758648 -12.059312079485437 3
      vertex 39.24143708368174 -12.255934242118451 3
    endloop
  endfacet
  facet normal 0 0 1
    outer loop
      vertex 54.81395259764657 -8.009866357858641 3
      vertex 38.108989272403605 -11.807566435131761 3
      vertex 38.504305231718575 -11.90906632204075 3
    endloop
  endfacet
  facet normal 0 0 1
    outer loop
      vertex 54.81395259764657 -8.009866357858641 3
      vertex 50.75856291631826 -12.255934242118451 3
      vertex 51.11621730241352 -12.059312079485437 3
    endloop
  endfacet
  facet normal 0 0 1
    outer loop
      vertex 54.81395259764657 -8.009866357858641 3
      vertex 51.11621730241352 -12.059312079485437 3
      vertex 51.495694768281425 -11.90906632204075 3
    endloop
  endfacet
  facet normal 0 0 1
    outer loop
      vertex 54.81395259764657 -8.009866357858641 3
      vertex 51.495694768281425 -11.90906632204075 3
      vertex 51.891010727596395 -11.807566435131761 3
    endloop
  endfacet
  facet normal 0 0 1
    outer loop
      vertex 54.81395259764657 -8.009866357858641 3
      vertex 51.891010727596395 -11.807566435131761 3
      vertex 52.29593081152973 -11.756413132608117 3
    endloop
  endfacet
  facet normal 0 0 1
    outer loop
      vertex 54.81395259764657 -8.009866357858641 3
      vertex 52.29593081152973 -11.756413132608117 3
      vertex 52.70406918847027 -11.756413132608117 3
    endloop
  endfacet
  facet normal 0 0 1
    outer loop
      vertex 54.81395259764657 -8.009866357858641 3
      vertex 52.70406918847027 -11.756413132608117 3
      vertex 53.108989272403605 -11.807566435131761 3
    endloop
  endfacet
  facet normal 0 0 1
    outer loop
      vertex 54.81395259764657 -8.009866357858641 3
      vertex 53.108989272403605 -11.807566435131761 3
      vertex 53.504305231718575 -11.90906632204075 3
    endloop
  endfacet
  facet normal 0 0 1
    outer loop
      vertex 54.81395259764657 -8.009866357858641 3
      vertex 53.504305231718575 -11.90906632204075 3
      vertex 53.88378269758648 -12.059312079485437 3
    endloop
  endfacet
  facet normal 0 0 1
    outer loop
      vertex 54.81395259764657 -8.009866357858641 3
      vertex 53.88378269758648 -12.059312079485437 3
      vertex 54.24143708368174 -12.255934242118451 3
    endloop
  endfacet
  facet normal 0 0 1
    outer loop
      vertex 54.81395259764657 -8.009866357858641 3
      vertex 54.24143708368174 -12.255934242118451 3
      vertex 54.571627966683245 -12.495831960978686 3
    endloop
  endfacet
  facet normal 0 0 1
    outer loop
      vertex 58.88153340021932 -10.591231629491423 3
      vertex 58.545084971874736 -10.061073738537633 3
      vertex 58.14484313710706 -9.577264470356557 3
    endloop
  endfacet
  facet normal 0 0 1
    outer loop
      vertex 58.88153340021932 -10.591231629491423 3
      vertex 58.14484313710706 -9.577264470356557 3
      vertex 57.17913397489498 -8.778360372489924 3
    endloop
  endfacet
  facet normal 0 0 1
    outer loop
      vertex 58.88153340021932 -10.591231629491423 3
      vertex 57.17913397489498 -8.778360372489924 3
      vertex 54.81395259764657 -8.009866357858641 3
    endloop
  endfacet
  facet normal 0 0 1
    outer loop
      vertex 57.17913397489498 -8.778360372489924 3
      vertex 56.045084971874736 -8.244717418524232 3
      vertex 54.81395259764657 -8.009866357858641 3
    endloop
  endfacet
  facet normal 0 0 1
    outer loop
      vertex 56.62889645782536 -8.475864737669902 3
      vertex 56.045084971874736 -8.244717418524232 3
      vertex 57.17913397489498 -8.778360372489924 3
    endloop
  endfacet
  facet normal 0 0 1
    outer loop
      vertex 57.17913397489498 -8.778360372489924 3
      vertex 58.14484313710706 -9.577264470356557 3
      vertex 57.68711994874345 -9.147433786121054 3
    endloop
  endfacet
  facet normal 0 0 1
    outer loop
      vertex 54.81395259764657 -8.009866357858641 3
      vertex 56.045084971874736 -8.244717418524232 3
      vertex 55.43690657292862 -8.088563746356556 3
    endloop
  endfacet
  facet normal 0.48175367410171394 0.8763066800438644 0
    outer loop
      vertex -53.88378269758648 -2.9406879205145637 0
      vertex -54.24143708368174 -2.7440657578815486 0
      vertex -53.88378269758648 -2.9406879205145637 3
    endloop
  endfacet
  facet normal 0.2486898871648564 0.9685831611286307 0
    outer loop
      vertex -53.108989272403605 -3.192433564868238 0
      vertex -53.504305231718575 -3.090933677959249 0
      vertex -53.108989272403605 -3.192433564868238 3
    endloop
  endfacet
  facet normal 0.36812455268467653 0.9297764858882519 0
    outer loop
      vertex -53.504305231718575 -3.090933677959249 0
      vertex -53.88378269758648 -2.9406879205145637 0
      vertex -53.504305231718575 -3.090933677959249 3
    endloop
  endfacet
  facet normal 0.12533323356430565 0.9921147013144778 0
    outer loop
      vertex -52.70406918847027 -3.2435868673918824 0
      vertex -53.108989272403605 -3.192433564868238 0
      vertex -52.70406918847027 -3.2435868673918824 3
    endloop
  endfacet
  facet normal 0 1 0
    outer loop
      vertex -52.29593081152973 -3.2435868673918824 0
      vertex -52.70406918847027 -3.2435868673918824 0
      vertex -52.29593081152973 -3.2435868673918824 3
    endloop
  endfacet
  facet normal 0.684547105928686 0.7289686274214139 0
    outer loop
      vertex -54.57162796668324 -2.5041680390213155 0
      vertex -54.86914803911959 -2.224778094268238 0
      vertex -54.57162796668324 -2.5041680390213155 3
    endloop
  endfacet
  facet normal 0.5877852522924754 0.8090169943749458 0
    outer loop
      vertex -54.24143708368174 -2.7440657578815486 0
      vertex -54.57162796668324 -2.5041680390213155 0
      vertex -54.24143708368174 -2.7440657578815486 3
    endloop
  endfacet
  facet normal 0.7705132427757924 0.6374239897486861 0
    outer loop
      vertex -55.129305231718575 -1.9103020699505378 3
      vertex -54.86914803911959 -2.224778094268238 0
      vertex -55.129305231718575 -1.9103020699505378 0
    endloop
  endfacet
  facet normal 0.844327925502015 0.5358267949789968 0
    outer loop
      vertex -55.34799671014255 -1.5656994408305749 3
      vertex -55.129305231718575 -1.9103020699505378 0
      vertex -55.34799671014255 -1.5656994408305749 0
    endloop
  endfacet
  facet normal 0.9048270524660136 0.42577929156508526 0
    outer loop
      vertex -55.52177357913682 -1.1964047962252031 3
      vertex -55.34799671014255 -1.5656994408305749 0
      vertex -55.52177357913682 -1.1964047962252031 0
    endloop
  endfacet
  facet normal 0.9510565162951574 0.3090169943749353 0
    outer loop
      vertex -55.64789527366805 -0.8082421332857783 3
      vertex -55.52177357913682 -1.1964047962252031 0
      vertex -55.64789527366805 -0.8082421332857783 0
    endloop
  endfacet
  facet normal 0.9822872507286879 0.18738131458572868 0
    outer loop
      vertex -55.72437277927205 -0.40733300908398823 3
      vertex -55.64789527366805 -0.8082421332857783 0
      vertex -55.72437277927205 -0.40733300908398823 0
    endloop
  endfacet
  facet normal 0.9980267284282714 0.06279051952931575 0
    outer loop
      vertex -55.75 0 3
      vertex -55.72437277927205 -0.40733300908398823 0
      vertex -55.75 0 0
    endloop
  endfacet
  facet normal -0.12533323356430565 0.9921147013144778 0
    outer loop
      vertex -51.891010727596395 -3.192433564868238 0
      vertex -52.29593081152973 -3.2435868673918824 0
      vertex -51.891010727596395 -3.192433564868238 3
    endloop
  endfacet
  facet normal -0.2486898871648564 0.9685831611286307 0
    outer loop
      vertex -51.495694768281425 -3.090933677959249 0
      vertex -51.891010727596395 -3.192433564868238 0
      vertex -51.495694768281425 -3.090933677959249 3
    endloop
  endfacet
  facet normal -0.36812455268467653 0.9297764858882519 0
    outer loop
      vertex -51.11621730241352 -2.9406879205145637 0
      vertex -51.495694768281425 -3.090933677959249 0
      vertex -51.11621730241352 -2.9406879205145637 3
    endloop
  endfacet
  facet normal -0.48175367410171216 0.8763066800438652 0
    outer loop
      vertex -50.75856291631826 -2.7440657578815495 0
      vertex -51.11621730241352 -2.9406879205145637 0
      vertex -50.75856291631826 -2.7440657578815495 3
    endloop
  endfacet
  facet normal -0.5877852522924707 0.8090169943749493 0
    outer loop
      vertex -50.428372033316755 -2.504168039021314 0
      vertex -50.75856291631826 -2.7440657578815495 0
      vertex -50.428372033316755 -2.504168039021314 3
    endloop
  endfacet
  facet normal -0.6845471059286931 0.7289686274214074 0
    outer loop
      vertex -50.13085196088041 -2.224778094268238 0
      vertex -50.428372033316755 -2.504168039021314 0
      vertex -50.13085196088041 -2.224778094268238 3
    endloop
  endfacet
  facet normal -0.7705132427757924 0.6374239897486861 0
    outer loop
      vertex -50.13085196088041 -2.224778094268238 0
      vertex -50.13085196088041 -2.224778094268238 3
      vertex -49.870694768281425 -1.9103020699505378 0
    endloop
  endfacet
  facet normal -0.844327925502015 0.5358267949789968 0
    outer loop
      vertex -49.65200328985745 -1.5656994408305749 0
      vertex -49.870694768281425 -1.9103020699505378 0
      vertex -49.870694768281425 -1.9103020699505378 3
    endloop
  endfacet
  facet normal -0.9048270524660129 0.42577929156508676 0
    outer loop
      vertex -49.47822642086318 -1.1964047962252047 0
      vertex -49.65200328985745 -1.5656994408305749 0
      vertex -49.65200328985745 -1.5656994408305749 3
    endloop
  endfacet
  facet normal -0.9510565162951582 0.30901699437493313 0
    outer loop
      vertex -49.35210472633195 -0.8082421332857769 0
      vertex -49.47822642086318 -1.1964047962252047 0
      vertex -49.47822642086318 -1.1964047962252047 3
    endloop
  endfacet
  facet normal -0.9822872507286877 0.1873813145857293 0
    outer loop
      vertex -49.27562722072795 -0.40733300908398823 0
      vertex -49.35210472633195 -0.8082421332857769 0
      vertex -49.35210472633195 -0.8082421332857769 3
    endloop
  endfacet
  facet normal -0.9980267284282714 0.06279051952931575 0
    outer loop
      vertex -49.25 0 0
      vertex -49.27562722072795 -0.40733300908398823 0
      vertex -49.27562722072795 -0.40733300908398823 3
    endloop
  endfacet
  facet normal 0.48175367410171394 0.8763066800438644 0
    outer loop
      vertex -54.24143708368174 -2.7440657578815486 3
      vertex -53.88378269758648 -2.9406879205145637 3
      vertex -54.24143708368174 -2.7440657578815486 0
    endloop
  endfacet
  facet normal 0.2486898871648564 0.9685831611286307 0
    outer loop
      vertex -53.504305231718575 -3.090933677959249 3
      vertex -53.108989272403605 -3.192433564868238 3
      vertex -53.504305231718575 -3.090933677959249 0
    endloop
  endfacet
  facet normal 0.36812455268467653 0.9297764858882519 0
    outer loop
      vertex -53.88378269758648 -2.9406879205145637 3
      vertex -53.504305231718575 -3.090933677959249 3
      vertex -53.88378269758648 -2.9406879205145637 0
    endloop
  endfacet
  facet normal 0.12533323356430565 0.9921147013144778 0
    outer loop
      vertex -53.108989272403605 -3.192433564868238 3
      vertex -52.70406918847027 -3.2435868673918824 3
      vertex -53.108989272403605 -3.192433564868238 0
    endloop
  endfacet
  facet normal 0 1 0
    outer loop
      vertex -52.70406918847027 -3.2435868673918824 3
      vertex -52.29593081152973 -3.2435868673918824 3
      vertex -52.70406918847027 -3.2435868673918824 0
    endloop
  endfacet
  facet normal -0.12533323356430565 0.9921147013144778 0
    outer loop
      vertex -52.29593081152973 -3.2435868673918824 3
      vertex -51.891010727596395 -3.192433564868238 3
      vertex -52.29593081152973 -3.2435868673918824 0
    endloop
  endfacet
  facet normal 0.7705132427757924 0.6374239897486861 0
    outer loop
      vertex -55.129305231718575 -1.9103020699505378 3
      vertex -54.86914803911959 -2.224778094268238 3
      vertex -54.86914803911959 -2.224778094268238 0
    endloop
  endfacet
  facet normal 0.5877852522924754 0.8090169943749458 0
    outer loop
      vertex -54.57162796668324 -2.5041680390213155 3
      vertex -54.24143708368174 -2.7440657578815486 3
      vertex -54.57162796668324 -2.5041680390213155 0
    endloop
  endfacet
  facet normal 0.684547105928686 0.7289686274214139 0
    outer loop
      vertex -54.57162796668324 -2.5041680390213155 3
      vertex -54.86914803911959 -2.224778094268238 0
      vertex -54.86914803911959 -2.224778094268238 3
    endloop
  endfacet
  facet normal 0.844327925502015 0.5358267949789968 0
    outer loop
      vertex -55.34799671014255 -1.5656994408305749 3
      vertex -55.129305231718575 -1.9103020699505378 3
      vertex -55.129305231718575 -1.9103020699505378 0
    endloop
  endfacet
  facet normal 0.9048270524660136 0.42577929156508526 0
    outer loop
      vertex -55.52177357913682 -1.1964047962252031 3
      vertex -55.34799671014255 -1.5656994408305749 3
      vertex -55.34799671014255 -1.5656994408305749 0
    endloop
  endfacet
  facet normal 0.9510565162951574 0.3090169943749353 0
    outer loop
      vertex -55.64789527366805 -0.8082421332857783 3
      vertex -55.52177357913682 -1.1964047962252031 3
      vertex -55.52177357913682 -1.1964047962252031 0
    endloop
  endfacet
  facet normal 0.9822872507286879 0.18738131458572868 0
    outer loop
      vertex -55.72437277927205 -0.40733300908398823 3
      vertex -55.64789527366805 -0.8082421332857783 3
      vertex -55.64789527366805 -0.8082421332857783 0
    endloop
  endfacet
  facet normal 0.9980267284282714 0.06279051952931575 0
    outer loop
      vertex -55.75 0 3
      vertex -55.72437277927205 -0.40733300908398823 3
      vertex -55.72437277927205 -0.40733300908398823 0
    endloop
  endfacet
  facet normal -0.2486898871648564 0.9685831611286307 0
    outer loop
      vertex -51.891010727596395 -3.192433564868238 3
      vertex -51.495694768281425 -3.090933677959249 3
      vertex -51.891010727596395 -3.192433564868238 0
    endloop
  endfacet
  facet normal -0.36812455268467653 0.9297764858882519 0
    outer loop
      vertex -51.495694768281425 -3.090933677959249 3
      vertex -51.11621730241352 -2.9406879205145637 3
      vertex -51.495694768281425 -3.090933677959249 0
    endloop
  endfacet
  facet normal -0.48175367410171216 0.8763066800438652 0
    outer loop
      vertex -51.11621730241352 -2.9406879205145637 3
      vertex -50.75856291631826 -2.7440657578815495 3
      vertex -51.11621730241352 -2.9406879205145637 0
    endloop
  endfacet
  facet normal -0.5877852522924707 0.8090169943749493 0
    outer loop
      vertex -50.75856291631826 -2.7440657578815495 3
      vertex -50.428372033316755 -2.504168039021314 3
      vertex -50.75856291631826 -2.7440657578815495 0
    endloop
  endfacet
  facet normal -0.6845471059286931 0.7289686274214074 0
    outer loop
      vertex -50.428372033316755 -2.504168039021314 3
      vertex -50.13085196088041 -2.224778094268238 3
      vertex -50.428372033316755 -2.504168039021314 0
    endloop
  endfacet
  facet normal -0.7705132427757924 0.6374239897486861 0
    outer loop
      vertex -49.870694768281425 -1.9103020699505378 0
      vertex -50.13085196088041 -2.224778094268238 3
      vertex -49.870694768281425 -1.9103020699505378 3
    endloop
  endfacet
  facet normal -0.844327925502015 0.5358267949789968 0
    outer loop
      vertex -49.65200328985745 -1.5656994408305749 0
      vertex -49.870694768281425 -1.9103020699505378 3
      vertex -49.65200328985745 -1.5656994408305749 3
    endloop
  endfacet
  facet normal -0.9048270524660129 0.42577929156508676 0
    outer loop
      vertex -49.47822642086318 -1.1964047962252047 0
      vertex -49.65200328985745 -1.5656994408305749 3
      vertex -49.47822642086318 -1.1964047962252047 3
    endloop
  endfacet
  facet normal -0.9510565162951582 0.30901699437493313 0
    outer loop
      vertex -49.35210472633195 -0.8082421332857769 0
      vertex -49.47822642086318 -1.1964047962252047 3
      vertex -49.35210472633195 -0.8082421332857769 3
    endloop
  endfacet
  facet normal -0.9822872507286877 0.1873813145857293 0
    outer loop
      vertex -49.27562722072795 -0.40733300908398823 0
      vertex -49.35210472633195 -0.8082421332857769 3
      vertex -49.27562722072795 -0.40733300908398823 3
    endloop
  endfacet
  facet normal -0.9980267284282714 0.06279051952931575 0
    outer loop
      vertex -49.25 0 0
      vertex -49.27562722072795 -0.40733300908398823 3
      vertex -49.25 0 3
    endloop
  endfacet
  facet normal 0.9980267284282714 -0.06279051952931575 0
    outer loop
      vertex -55.72437277927205 0.40733300908398823 3
      vertex -55.75 0 0
      vertex -55.72437277927205 0.40733300908398823 0
    endloop
  endfacet
  facet normal 0.9822872507286879 -0.18738131458572868 0
    outer loop
      vertex -55.64789527366805 0.8082421332857783 3
      vertex -55.72437277927205 0.40733300908398823 0
      vertex -55.64789527366805 0.8082421332857783 0
    endloop
  endfacet
  facet normal 0.9510565162951574 -0.3090169943749353 0
    outer loop
      vertex -55.52177357913682 1.1964047962252031 3
      vertex -55.64789527366805 0.8082421332857783 0
      vertex -55.52177357913682 1.1964047962252031 0
    endloop
  endfacet
  facet normal 0.9048270524660136 -0.42577929156508526 0
    outer loop
      vertex -55.34799671014255 1.5656994408305749 3
      vertex -55.52177357913682 1.1964047962252031 0
      vertex -55.34799671014255 1.5656994408305749 0
    endloop
  endfacet
  facet normal 0.844327925502015 -0.5358267949789968 0
    outer loop
      vertex -55.129305231718575 1.9103020699505378 3
      vertex -55.34799671014255 1.5656994408305749 0
      vertex -55.129305231718575 1.9103020699505378 0
    endloop
  endfacet
  facet normal 0.7705132427757924 -0.6374239897486861 0
    outer loop
      vertex -54.86914803911959 2.224778094268238 3
      vertex -55.129305231718575 1.9103020699505378 0
      vertex -54.86914803911959 2.224778094268238 0
    endloop
  endfacet
  facet normal 0.684547105928686 -0.7289686274214139 0
    outer loop
      vertex -54.86914803911959 2.224778094268238 0
      vertex -54.57162796668324 2.5041680390213155 0
      vertex -54.86914803911959 2.224778094268238 3
    endloop
  endfacet
  facet normal 0.5877852522924754 -0.8090169943749458 0
    outer loop
      vertex -54.57162796668324 2.5041680390213155 0
      vertex -54.24143708368174 2.7440657578815486 0
      vertex -54.57162796668324 2.5041680390213155 3
    endloop
  endfacet
  facet normal 0.481753674101713 -0.8763066800438647 0
    outer loop
      vertex -54.24143708368174 2.7440657578815486 0
      vertex -53.88378269758648 2.9406879205145633 0
      vertex -54.24143708368174 2.7440657578815486 3
    endloop
  endfacet
  facet normal 0.3681245526846775 -0.9297764858882516 0
    outer loop
      vertex -53.88378269758648 2.9406879205145633 0
      vertex -53.504305231718575 3.090933677959249 0
      vertex -53.88378269758648 2.9406879205145633 3
    endloop
  endfacet
  facet normal 0.2486898871648574 -0.9685831611286304 0
    outer loop
      vertex -53.504305231718575 3.090933677959249 0
      vertex -53.108989272403605 3.1924335648682383 0
      vertex -53.504305231718575 3.090933677959249 3
    endloop
  endfacet
  facet normal 0.12533323356430456 -0.9921147013144778 0
    outer loop
      vertex -53.108989272403605 3.1924335648682383 0
      vertex -52.70406918847027 3.2435868673918824 0
      vertex -53.108989272403605 3.1924335648682383 3
    endloop
  endfacet
  facet normal 0 -1 0
    outer loop
      vertex -52.70406918847027 3.2435868673918824 0
      vertex -52.29593081152973 3.2435868673918824 0
      vertex -52.70406918847027 3.2435868673918824 3
    endloop
  endfacet
  facet normal -0.12533323356430456 -0.9921147013144778 0
    outer loop
      vertex -52.29593081152973 3.2435868673918824 0
      vertex -51.891010727596395 3.1924335648682383 0
      vertex -52.29593081152973 3.2435868673918824 3
    endloop
  endfacet
  facet normal -0.9822872507286879 -0.18738131458572907 0
    outer loop
      vertex -49.35210472633195 0.8082421332857781 0
      vertex -49.27562722072795 0.40733300908398884 0
      vertex -49.27562722072795 0.40733300908398884 3
    endloop
  endfacet
  facet normal -0.9980267284282714 -0.06279051952931565 0
    outer loop
      vertex -49.25 0 0
      vertex -49.25 0 3
      vertex -49.27562722072795 0.40733300908398884 0
    endloop
  endfacet
  facet normal -0.9510565162951576 -0.309016994374935 0
    outer loop
      vertex -49.47822642086318 1.1964047962252033 0
      vertex -49.35210472633195 0.8082421332857781 0
      vertex -49.35210472633195 0.8082421332857781 3
    endloop
  endfacet
  facet normal -0.9048270524660136 -0.4257792915650855 0
    outer loop
      vertex -49.65200328985745 1.5656994408305749 0
      vertex -49.47822642086318 1.1964047962252033 0
      vertex -49.47822642086318 1.1964047962252033 3
    endloop
  endfacet
  facet normal -0.6845471059286931 -0.7289686274214074 0
    outer loop
      vertex -50.428372033316755 2.5041680390213146 0
      vertex -50.13085196088041 2.2247780942682382 0
      vertex -50.428372033316755 2.5041680390213146 3
    endloop
  endfacet
  facet normal -0.5877852522924693 -0.8090169943749503 0
    outer loop
      vertex -50.75856291631826 2.744065757881549 0
      vertex -50.428372033316755 2.5041680390213146 0
      vertex -50.75856291631826 2.744065757881549 3
    endloop
  endfacet
  facet normal -0.844327925502015 -0.5358267949789968 0
    outer loop
      vertex -49.870694768281425 1.9103020699505378 0
      vertex -49.65200328985745 1.5656994408305749 0
      vertex -49.65200328985745 1.5656994408305749 3
    endloop
  endfacet
  facet normal -0.7705132427757928 -0.6374239897486854 0
    outer loop
      vertex -50.13085196088041 2.2247780942682382 0
      vertex -49.870694768281425 1.9103020699505378 0
      vertex -49.870694768281425 1.9103020699505378 3
    endloop
  endfacet
  facet normal -0.3681245526846775 -0.9297764858882516 0
    outer loop
      vertex -51.495694768281425 3.090933677959249 0
      vertex -51.11621730241352 2.9406879205145633 0
      vertex -51.495694768281425 3.090933677959249 3
    endloop
  endfacet
  facet normal -0.2486898871648574 -0.9685831611286304 0
    outer loop
      vertex -51.891010727596395 3.1924335648682383 0
      vertex -51.495694768281425 3.090933677959249 0
      vertex -51.891010727596395 3.1924335648682383 3
    endloop
  endfacet
  facet normal -0.48175367410171216 -0.8763066800438652 0
    outer loop
      vertex -51.11621730241352 2.9406879205145633 0
      vertex -50.75856291631826 2.744065757881549 0
      vertex -51.11621730241352 2.9406879205145633 3
    endloop
  endfacet
  facet normal 0.9980267284282714 -0.06279051952931575 0
    outer loop
      vertex -55.72437277927205 0.40733300908398823 3
      vertex -55.75 0 3
      vertex -55.75 0 0
    endloop
  endfacet
  facet normal 0.9822872507286879 -0.18738131458572868 0
    outer loop
      vertex -55.64789527366805 0.8082421332857783 3
      vertex -55.72437277927205 0.40733300908398823 3
      vertex -55.72437277927205 0.40733300908398823 0
    endloop
  endfacet
  facet normal 0.9510565162951574 -0.3090169943749353 0
    outer loop
      vertex -55.52177357913682 1.1964047962252031 3
      vertex -55.64789527366805 0.8082421332857783 3
      vertex -55.64789527366805 0.8082421332857783 0
    endloop
  endfacet
  facet normal 0.9048270524660136 -0.42577929156508526 0
    outer loop
      vertex -55.34799671014255 1.5656994408305749 3
      vertex -55.52177357913682 1.1964047962252031 3
      vertex -55.52177357913682 1.1964047962252031 0
    endloop
  endfacet
  facet normal 0.844327925502015 -0.5358267949789968 0
    outer loop
      vertex -55.129305231718575 1.9103020699505378 3
      vertex -55.34799671014255 1.5656994408305749 3
      vertex -55.34799671014255 1.5656994408305749 0
    endloop
  endfacet
  facet normal 0.7705132427757924 -0.6374239897486861 0
    outer loop
      vertex -54.86914803911959 2.224778094268238 3
      vertex -55.129305231718575 1.9103020699505378 3
      vertex -55.129305231718575 1.9103020699505378 0
    endloop
  endfacet
  facet normal 0.684547105928686 -0.7289686274214139 0
    outer loop
      vertex -54.57162796668324 2.5041680390213155 3
      vertex -54.86914803911959 2.224778094268238 3
      vertex -54.57162796668324 2.5041680390213155 0
    endloop
  endfacet
  facet normal 0.5877852522924754 -0.8090169943749458 0
    outer loop
      vertex -54.24143708368174 2.7440657578815486 3
      vertex -54.57162796668324 2.5041680390213155 3
      vertex -54.24143708368174 2.7440657578815486 0
    endloop
  endfacet
  facet normal 0.481753674101713 -0.8763066800438647 0
    outer loop
      vertex -53.88378269758648 2.9406879205145633 3
      vertex -54.24143708368174 2.7440657578815486 3
      vertex -53.88378269758648 2.9406879205145633 0
    endloop
  endfacet
  facet normal 0.3681245526846775 -0.9297764858882516 0
    outer loop
      vertex -53.504305231718575 3.090933677959249 3
      vertex -53.88378269758648 2.9406879205145633 3
      vertex -53.504305231718575 3.090933677959249 0
    endloop
  endfacet
  facet normal 0.2486898871648574 -0.9685831611286304 0
    outer loop
      vertex -53.108989272403605 3.1924335648682383 3
      vertex -53.504305231718575 3.090933677959249 3
      vertex -53.108989272403605 3.1924335648682383 0
    endloop
  endfacet
  facet normal 0.12533323356430456 -0.9921147013144778 0
    outer loop
      vertex -52.70406918847027 3.2435868673918824 3
      vertex -53.108989272403605 3.1924335648682383 3
      vertex -52.70406918847027 3.2435868673918824 0
    endloop
  endfacet
  facet normal 0 -1 0
    outer loop
      vertex -52.29593081152973 3.2435868673918824 3
      vertex -52.70406918847027 3.2435868673918824 3
      vertex -52.29593081152973 3.2435868673918824 0
    endloop
  endfacet
  facet normal -0.9822872507286879 -0.18738131458572907 0
    outer loop
      vertex -49.35210472633195 0.8082421332857781 0
      vertex -49.27562722072795 0.40733300908398884 3
      vertex -49.35210472633195 0.8082421332857781 3
    endloop
  endfacet
  facet normal -0.9980267284282714 -0.06279051952931565 0
    outer loop
      vertex -49.27562722072795 0.40733300908398884 0
      vertex -49.25 0 3
      vertex -49.27562722072795 0.40733300908398884 3
    endloop
  endfacet
  facet normal -0.9510565162951576 -0.309016994374935 0
    outer loop
      vertex -49.47822642086318 1.1964047962252033 0
      vertex -49.35210472633195 0.8082421332857781 3
      vertex -49.47822642086318 1.1964047962252033 3
    endloop
  endfacet
  facet normal -0.6845471059286931 -0.7289686274214074 0
    outer loop
      vertex -50.13085196088041 2.2247780942682382 3
      vertex -50.428372033316755 2.5041680390213146 3
      vertex -50.13085196088041 2.2247780942682382 0
    endloop
  endfacet
  facet normal -0.5877852522924693 -0.8090169943749503 0
    outer loop
      vertex -50.428372033316755 2.5041680390213146 3
      vertex -50.75856291631826 2.744065757881549 3
      vertex -50.428372033316755 2.5041680390213146 0
    endloop
  endfacet
  facet normal -0.9048270524660136 -0.4257792915650855 0
    outer loop
      vertex -49.65200328985745 1.5656994408305749 0
      vertex -49.47822642086318 1.1964047962252033 3
      vertex -49.65200328985745 1.5656994408305749 3
    endloop
  endfacet
  facet normal -0.844327925502015 -0.5358267949789968 0
    outer loop
      vertex -49.870694768281425 1.9103020699505378 0
      vertex -49.65200328985745 1.5656994408305749 3
      vertex -49.870694768281425 1.9103020699505378 3
    endloop
  endfacet
  facet normal -0.7705132427757928 -0.6374239897486854 0
    outer loop
      vertex -50.13085196088041 2.2247780942682382 0
      vertex -49.870694768281425 1.9103020699505378 3
      vertex -50.13085196088041 2.2247780942682382 3
    endloop
  endfacet
  facet normal -0.3681245526846775 -0.9297764858882516 0
    outer loop
      vertex -51.11621730241352 2.9406879205145633 3
      vertex -51.495694768281425 3.090933677959249 3
      vertex -51.11621730241352 2.9406879205145633 0
    endloop
  endfacet
  facet normal -0.12533323356430456 -0.9921147013144778 0
    outer loop
      vertex -51.891010727596395 3.1924335648682383 3
      vertex -52.29593081152973 3.2435868673918824 3
      vertex -51.891010727596395 3.1924335648682383 0
    endloop
  endfacet
  facet normal -0.2486898871648574 -0.9685831611286304 0
    outer loop
      vertex -51.495694768281425 3.090933677959249 3
      vertex -51.891010727596395 3.1924335648682383 3
      vertex -51.495694768281425 3.090933677959249 0
    endloop
  endfacet
  facet normal -0.48175367410171216 -0.8763066800438652 0
    outer loop
      vertex -50.75856291631826 2.744065757881549 3
      vertex -51.11621730241352 2.9406879205145633 3
      vertex -50.75856291631826 2.744065757881549 0
    endloop
  endfacet
  facet normal 0.48175367410171216 0.8763066800438652 0
    outer loop
      vertex -53.88378269758648 12.059312079485437 0
      vertex -54.24143708368174 12.255934242118451 0
      vertex -53.88378269758648 12.059312079485437 3
    endloop
  endfacet
  facet normal 0.5877852522924746 0.8090169943749462 0
    outer loop
      vertex -54.24143708368174 12.255934242118451 0
      vertex -54.57162796668324 12.495831960978684 0
      vertex -54.24143708368174 12.255934242118451 3
    endloop
  endfacet
  facet normal 0.3681245526846794 0.9297764858882509 0
    outer loop
      vertex -53.504305231718575 11.90906632204075 0
      vertex -53.88378269758648 12.059312079485437 0
      vertex -53.504305231718575 11.90906632204075 3
    endloop
  endfacet
  facet normal 0.2486898871648574 0.9685831611286304 0
    outer loop
      vertex -53.108989272403605 11.807566435131761 0
      vertex -53.504305231718575 11.90906632204075 0
      vertex -53.108989272403605 11.807566435131761 3
    endloop
  endfacet
  facet normal 0.12533323356430565 0.9921147013144778 0
    outer loop
      vertex -52.70406918847027 11.756413132608117 0
      vertex -53.108989272403605 11.807566435131761 0
      vertex -52.70406918847027 11.756413132608117 3
    endloop
  endfacet
  facet normal 0 1 0
    outer loop
      vertex -52.29593081152973 11.756413132608117 0
      vertex -52.70406918847027 11.756413132608117 0
      vertex -52.29593081152973 11.756413132608117 3
    endloop
  endfacet
  facet normal 0.770513242775793 0.6374239897486852 0
    outer loop
      vertex -54.86914803911959 12.775221905731762 0
      vertex -55.129305231718575 13.089697930049462 0
      vertex -55.129305231718575 13.089697930049462 3
    endloop
  endfacet
  facet normal 0.684547105928686 0.7289686274214139 0
    outer loop
      vertex -54.57162796668324 12.495831960978684 0
      vertex -54.86914803911959 12.775221905731762 0
      vertex -54.57162796668324 12.495831960978684 3
    endloop
  endfacet
  facet normal 0.8443279255020153 0.5358267949789962 0
    outer loop
      vertex -55.129305231718575 13.089697930049462 0
      vertex -55.34799671014255 13.434300559169426 0
      vertex -55.34799671014255 13.434300559169426 3
    endloop
  endfacet
  facet normal 0.9048270524660136 0.42577929156508526 0
    outer loop
      vertex -55.34799671014255 13.434300559169426 0
      vertex -55.52177357913682 13.803595203774798 0
      vertex -55.52177357913682 13.803595203774798 3
    endloop
  endfacet
  facet normal 0.9510565162951573 0.3090169943749362 0
    outer loop
      vertex -55.52177357913682 13.803595203774798 0
      vertex -55.64789527366805 14.191757866714221 0
      vertex -55.64789527366805 14.191757866714221 3
    endloop
  endfacet
  facet normal 0.9822872507286879 0.18738131458572846 0
    outer loop
      vertex -55.64789527366805 14.191757866714221 0
      vertex -55.72437277927205 14.592666990916012 0
      vertex -55.72437277927205 14.592666990916012 3
    endloop
  endfacet
  facet normal 0.9980267284282714 0.06279051952931576 0
    outer loop
      vertex -55.72437277927205 14.592666990916012 0
      vertex -55.75 15 0
      vertex -55.75 15 3
    endloop
  endfacet
  facet normal 0.9980267284282714 -0.06279051952931576 0
    outer loop
      vertex -55.75 15 0
      vertex -55.72437277927205 15.407333009083988 0
      vertex -55.72437277927205 15.407333009083988 3
    endloop
  endfacet
  facet normal 0.9822872507286879 -0.18738131458572846 0
    outer loop
      vertex -55.72437277927205 15.407333009083988 0
      vertex -55.64789527366805 15.808242133285779 0
      vertex -55.64789527366805 15.808242133285779 3
    endloop
  endfacet
  facet normal 0.9510565162951573 -0.3090169943749362 0
    outer loop
      vertex -55.64789527366805 15.808242133285779 0
      vertex -55.52177357913682 16.196404796225202 0
      vertex -55.52177357913682 16.196404796225202 3
    endloop
  endfacet
  facet normal 0.9048270524660136 -0.42577929156508526 0
    outer loop
      vertex -55.52177357913682 16.196404796225202 0
      vertex -55.34799671014255 16.565699440830574 0
      vertex -55.34799671014255 16.565699440830574 3
    endloop
  endfacet
  facet normal -0.12533323356430565 0.9921147013144778 0
    outer loop
      vertex -51.891010727596395 11.807566435131761 0
      vertex -52.29593081152973 11.756413132608117 0
      vertex -51.891010727596395 11.807566435131761 3
    endloop
  endfacet
  facet normal -0.2486898871648574 0.9685831611286304 0
    outer loop
      vertex -51.495694768281425 11.90906632204075 0
      vertex -51.891010727596395 11.807566435131761 0
      vertex -51.495694768281425 11.90906632204075 3
    endloop
  endfacet
  facet normal -0.3681245526846794 0.9297764858882509 0
    outer loop
      vertex -51.11621730241352 12.059312079485437 0
      vertex -51.495694768281425 11.90906632204075 0
      vertex -51.11621730241352 12.059312079485437 3
    endloop
  endfacet
  facet normal -0.4817536741017089 0.8763066800438671 0
    outer loop
      vertex -50.75856291631826 12.25593424211845 0
      vertex -51.11621730241352 12.059312079485437 0
      vertex -50.75856291631826 12.25593424211845 3
    endloop
  endfacet
  facet normal -0.5877852522924721 0.8090169943749482 0
    outer loop
      vertex -50.428372033316755 12.495831960978686 0
      vertex -50.75856291631826 12.25593424211845 0
      vertex -50.428372033316755 12.495831960978686 3
    endloop
  endfacet
  facet normal -0.6845471059286924 0.728968627421408 0
    outer loop
      vertex -50.13085196088041 12.775221905731762 0
      vertex -50.428372033316755 12.495831960978686 0
      vertex -50.13085196088041 12.775221905731762 3
    endloop
  endfacet
  facet normal -0.770513242775793 0.6374239897486852 0
    outer loop
      vertex -50.13085196088041 12.775221905731762 0
      vertex -50.13085196088041 12.775221905731762 3
      vertex -49.870694768281425 13.089697930049462 0
    endloop
  endfacet
  facet normal -0.8443279255020153 0.5358267949789962 0
    outer loop
      vertex -49.65200328985745 13.434300559169426 0
      vertex -49.870694768281425 13.089697930049462 0
      vertex -49.870694768281425 13.089697930049462 3
    endloop
  endfacet
  facet normal -0.9048270524660128 0.425779291565087 0
    outer loop
      vertex -49.47822642086318 13.803595203774796 0
      vertex -49.65200328985745 13.434300559169426 0
      vertex -49.65200328985745 13.434300559169426 3
    endloop
  endfacet
  facet normal -0.9510565162951581 0.3090169943749336 0
    outer loop
      vertex -49.35210472633195 14.191757866714223 0
      vertex -49.47822642086318 13.803595203774796 0
      vertex -49.47822642086318 13.803595203774796 3
    endloop
  endfacet
  facet normal -0.9822872507286877 0.18738131458572924 0
    outer loop
      vertex -49.27562722072795 14.592666990916012 0
      vertex -49.35210472633195 14.191757866714223 0
      vertex -49.35210472633195 14.191757866714223 3
    endloop
  endfacet
  facet normal -0.9980267284282714 0.06279051952931576 0
    outer loop
      vertex -49.25 15 0
      vertex -49.27562722072795 14.592666990916012 0
      vertex -49.27562722072795 14.592666990916012 3
    endloop
  endfacet
  facet normal -0.9822872507286879 -0.18738131458572846 0
    outer loop
      vertex -49.35210472633195 15.808242133285779 0
      vertex -49.27562722072795 15.407333009083988 0
      vertex -49.27562722072795 15.407333009083988 3
    endloop
  endfacet
  facet normal -0.9980267284282714 -0.06279051952931576 0
    outer loop
      vertex -49.27562722072795 15.407333009083988 0
      vertex -49.25 15 0
      vertex -49.25 15 3
    endloop
  endfacet
  facet normal -0.9510565162951573 -0.3090169943749362 0
    outer loop
      vertex -49.47822642086318 16.196404796225202 0
      vertex -49.35210472633195 15.808242133285779 0
      vertex -49.35210472633195 15.808242133285779 3
    endloop
  endfacet
  facet normal -0.9048270524660136 -0.42577929156508526 0
    outer loop
      vertex -49.65200328985745 16.565699440830574 0
      vertex -49.47822642086318 16.196404796225202 0
      vertex -49.47822642086318 16.196404796225202 3
    endloop
  endfacet
  facet normal 0.8443279255020165 -0.5358267949789943 0
    outer loop
      vertex -55.34799671014255 16.565699440830574 0
      vertex -55.129305231718575 16.91030206995054 0
      vertex -55.129305231718575 16.91030206995054 3
    endloop
  endfacet
  facet normal 0.7705132427757911 -0.6374239897486873 0
    outer loop
      vertex -55.129305231718575 16.91030206995054 0
      vertex -54.86914803911959 17.22477809426824 0
      vertex -54.86914803911959 17.22477809426824 3
    endloop
  endfacet
  facet normal 0.684547105928686 -0.7289686274214139 0
    outer loop
      vertex -54.86914803911959 17.22477809426824 0
      vertex -54.57162796668324 17.504168039021316 0
      vertex -54.86914803911959 17.22477809426824 3
    endloop
  endfacet
  facet normal 0.5877852522924775 -0.8090169943749442 0
    outer loop
      vertex -54.57162796668324 17.504168039021316 0
      vertex -54.24143708368174 17.74406575788155 0
      vertex -54.57162796668324 17.504168039021316 3
    endloop
  endfacet
  facet normal 0.4817536741017089 -0.8763066800438671 0
    outer loop
      vertex -54.24143708368174 17.74406575788155 0
      vertex -53.88378269758648 17.940687920514563 0
      vertex -54.24143708368174 17.74406575788155 3
    endloop
  endfacet
  facet normal 0.3681245526846794 -0.9297764858882509 0
    outer loop
      vertex -53.88378269758648 17.940687920514563 0
      vertex -53.504305231718575 18.09093367795925 0
      vertex -53.88378269758648 17.940687920514563 3
    endloop
  endfacet
  facet normal 0.2486898871648574 -0.9685831611286304 0
    outer loop
      vertex -53.504305231718575 18.09093367795925 0
      vertex -53.108989272403605 18.19243356486824 0
      vertex -53.504305231718575 18.09093367795925 3
    endloop
  endfacet
  facet normal 0.12533323356430565 -0.9921147013144778 0
    outer loop
      vertex -53.108989272403605 18.19243356486824 0
      vertex -52.70406918847027 18.243586867391883 0
      vertex -53.108989272403605 18.19243356486824 3
    endloop
  endfacet
  facet normal 0 -1 0
    outer loop
      vertex -52.70406918847027 18.243586867391883 0
      vertex -52.29593081152973 18.243586867391883 0
      vertex -52.70406918847027 18.243586867391883 3
    endloop
  endfacet
  facet normal -0.12533323356430565 -0.9921147013144778 0
    outer loop
      vertex -52.29593081152973 18.243586867391883 0
      vertex -51.891010727596395 18.19243356486824 0
      vertex -52.29593081152973 18.243586867391883 3
    endloop
  endfacet
  facet normal -0.6845471059286948 -0.7289686274214059 0
    outer loop
      vertex -50.428372033316755 17.504168039021316 0
      vertex -50.13085196088041 17.22477809426824 0
      vertex -50.428372033316755 17.504168039021316 3
    endloop
  endfacet
  facet normal -0.5877852522924693 -0.8090169943749503 0
    outer loop
      vertex -50.75856291631826 17.74406575788155 0
      vertex -50.428372033316755 17.504168039021316 0
      vertex -50.75856291631826 17.74406575788155 3
    endloop
  endfacet
  facet normal -0.8443279255020165 -0.5358267949789943 0
    outer loop
      vertex -49.870694768281425 16.91030206995054 0
      vertex -49.65200328985745 16.565699440830574 0
      vertex -49.65200328985745 16.565699440830574 3
    endloop
  endfacet
  facet normal -0.7705132427757911 -0.6374239897486873 0
    outer loop
      vertex -50.13085196088041 17.22477809426824 0
      vertex -49.870694768281425 16.91030206995054 0
      vertex -49.870694768281425 16.91030206995054 3
    endloop
  endfacet
  facet normal -0.2486898871648574 -0.9685831611286304 0
    outer loop
      vertex -51.891010727596395 18.19243356486824 0
      vertex -51.495694768281425 18.09093367795925 0
      vertex -51.891010727596395 18.19243356486824 3
    endloop
  endfacet
  facet normal -0.3681245526846794 -0.9297764858882509 0
    outer loop
      vertex -51.495694768281425 18.09093367795925 0
      vertex -51.11621730241352 17.940687920514563 0
      vertex -51.495694768281425 18.09093367795925 3
    endloop
  endfacet
  facet normal -0.4817536741017089 -0.8763066800438671 0
    outer loop
      vertex -51.11621730241352 17.940687920514563 0
      vertex -50.75856291631826 17.74406575788155 0
      vertex -51.11621730241352 17.940687920514563 3
    endloop
  endfacet
  facet normal 0.48175367410171216 0.8763066800438652 0
    outer loop
      vertex -54.24143708368174 12.255934242118451 3
      vertex -53.88378269758648 12.059312079485437 3
      vertex -54.24143708368174 12.255934242118451 0
    endloop
  endfacet
  facet normal 0.3681245526846794 0.9297764858882509 0
    outer loop
      vertex -53.88378269758648 12.059312079485437 3
      vertex -53.504305231718575 11.90906632204075 3
      vertex -53.88378269758648 12.059312079485437 0
    endloop
  endfacet
  facet normal 0.2486898871648574 0.9685831611286304 0
    outer loop
      vertex -53.504305231718575 11.90906632204075 3
      vertex -53.108989272403605 11.807566435131761 3
      vertex -53.504305231718575 11.90906632204075 0
    endloop
  endfacet
  facet normal 0.12533323356430565 0.9921147013144778 0
    outer loop
      vertex -53.108989272403605 11.807566435131761 3
      vertex -52.70406918847027 11.756413132608117 3
      vertex -53.108989272403605 11.807566435131761 0
    endloop
  endfacet
  facet normal 0 1 0
    outer loop
      vertex -52.70406918847027 11.756413132608117 3
      vertex -52.29593081152973 11.756413132608117 3
      vertex -52.70406918847027 11.756413132608117 0
    endloop
  endfacet
  facet normal -0.12533323356430565 0.9921147013144778 0
    outer loop
      vertex -52.29593081152973 11.756413132608117 3
      vertex -51.891010727596395 11.807566435131761 3
      vertex -52.29593081152973 11.756413132608117 0
    endloop
  endfacet
  facet normal 0.770513242775793 0.6374239897486852 0
    outer loop
      vertex -54.86914803911959 12.775221905731762 0
      vertex -55.129305231718575 13.089697930049462 3
      vertex -54.86914803911959 12.775221905731762 3
    endloop
  endfacet
  facet normal 0.5877852522924746 0.8090169943749462 0
    outer loop
      vertex -54.57162796668324 12.495831960978684 3
      vertex -54.24143708368174 12.255934242118451 3
      vertex -54.57162796668324 12.495831960978684 0
    endloop
  endfacet
  facet normal 0.684547105928686 0.7289686274214139 0
    outer loop
      vertex -54.86914803911959 12.775221905731762 3
      vertex -54.57162796668324 12.495831960978684 3
      vertex -54.86914803911959 12.775221905731762 0
    endloop
  endfacet
  facet normal 0.8443279255020153 0.5358267949789962 0
    outer loop
      vertex -55.129305231718575 13.089697930049462 0
      vertex -55.34799671014255 13.434300559169426 3
      vertex -55.129305231718575 13.089697930049462 3
    endloop
  endfacet
  facet normal 0.9048270524660136 0.42577929156508526 0
    outer loop
      vertex -55.34799671014255 13.434300559169426 0
      vertex -55.52177357913682 13.803595203774798 3
      vertex -55.34799671014255 13.434300559169426 3
    endloop
  endfacet
  facet normal 0.9510565162951573 0.3090169943749362 0
    outer loop
      vertex -55.52177357913682 13.803595203774798 0
      vertex -55.64789527366805 14.191757866714221 3
      vertex -55.52177357913682 13.803595203774798 3
    endloop
  endfacet
  facet normal 0.9822872507286879 0.18738131458572846 0
    outer loop
      vertex -55.64789527366805 14.191757866714221 0
      vertex -55.72437277927205 14.592666990916012 3
      vertex -55.64789527366805 14.191757866714221 3
    endloop
  endfacet
  facet normal 0.9980267284282714 0.06279051952931576 0
    outer loop
      vertex -55.72437277927205 14.592666990916012 0
      vertex -55.75 15 3
      vertex -55.72437277927205 14.592666990916012 3
    endloop
  endfacet
  facet normal 0.9980267284282714 -0.06279051952931576 0
    outer loop
      vertex -55.75 15 0
      vertex -55.72437277927205 15.407333009083988 3
      vertex -55.75 15 3
    endloop
  endfacet
  facet normal 0.9822872507286879 -0.18738131458572846 0
    outer loop
      vertex -55.72437277927205 15.407333009083988 0
      vertex -55.64789527366805 15.808242133285779 3
      vertex -55.72437277927205 15.407333009083988 3
    endloop
  endfacet
  facet normal 0.9510565162951573 -0.3090169943749362 0
    outer loop
      vertex -55.64789527366805 15.808242133285779 0
      vertex -55.52177357913682 16.196404796225202 3
      vertex -55.64789527366805 15.808242133285779 3
    endloop
  endfacet
  facet normal 0.9048270524660136 -0.42577929156508526 0
    outer loop
      vertex -55.52177357913682 16.196404796225202 0
      vertex -55.34799671014255 16.565699440830574 3
      vertex -55.52177357913682 16.196404796225202 3
    endloop
  endfacet
  facet normal -0.2486898871648574 0.9685831611286304 0
    outer loop
      vertex -51.891010727596395 11.807566435131761 3
      vertex -51.495694768281425 11.90906632204075 3
      vertex -51.891010727596395 11.807566435131761 0
    endloop
  endfacet
  facet normal -0.3681245526846794 0.9297764858882509 0
    outer loop
      vertex -51.495694768281425 11.90906632204075 3
      vertex -51.11621730241352 12.059312079485437 3
      vertex -51.495694768281425 11.90906632204075 0
    endloop
  endfacet
  facet normal -0.4817536741017089 0.8763066800438671 0
    outer loop
      vertex -51.11621730241352 12.059312079485437 3
      vertex -50.75856291631826 12.25593424211845 3
      vertex -51.11621730241352 12.059312079485437 0
    endloop
  endfacet
  facet normal -0.5877852522924721 0.8090169943749482 0
    outer loop
      vertex -50.75856291631826 12.25593424211845 3
      vertex -50.428372033316755 12.495831960978686 3
      vertex -50.75856291631826 12.25593424211845 0
    endloop
  endfacet
  facet normal -0.6845471059286924 0.728968627421408 0
    outer loop
      vertex -50.428372033316755 12.495831960978686 3
      vertex -50.13085196088041 12.775221905731762 3
      vertex -50.428372033316755 12.495831960978686 0
    endloop
  endfacet
  facet normal -0.770513242775793 0.6374239897486852 0
    outer loop
      vertex -49.870694768281425 13.089697930049462 0
      vertex -50.13085196088041 12.775221905731762 3
      vertex -49.870694768281425 13.089697930049462 3
    endloop
  endfacet
  facet normal -0.8443279255020153 0.5358267949789962 0
    outer loop
      vertex -49.65200328985745 13.434300559169426 0
      vertex -49.870694768281425 13.089697930049462 3
      vertex -49.65200328985745 13.434300559169426 3
    endloop
  endfacet
  facet normal -0.9048270524660128 0.425779291565087 0
    outer loop
      vertex -49.47822642086318 13.803595203774796 0
      vertex -49.65200328985745 13.434300559169426 3
      vertex -49.47822642086318 13.803595203774796 3
    endloop
  endfacet
  facet normal -0.9510565162951581 0.3090169943749336 0
    outer loop
      vertex -49.35210472633195 14.191757866714223 0
      vertex -49.47822642086318 13.803595203774796 3
      vertex -49.35210472633195 14.191757866714223 3
    endloop
  endfacet
  facet normal -0.9822872507286877 0.18738131458572924 0
    outer loop
      vertex -49.27562722072795 14.592666990916012 0
      vertex -49.35210472633195 14.191757866714223 3
      vertex -49.27562722072795 14.592666990916012 3
    endloop
  endfacet
  facet normal -0.9980267284282714 0.06279051952931576 0
    outer loop
      vertex -49.25 15 0
      vertex -49.27562722072795 14.592666990916012 3
      vertex -49.25 15 3
    endloop
  endfacet
  facet normal -0.9822872507286879 -0.18738131458572846 0
    outer loop
      vertex -49.35210472633195 15.808242133285779 0
      vertex -49.27562722072795 15.407333009083988 3
      vertex -49.35210472633195 15.808242133285779 3
    endloop
  endfacet
  facet normal -0.9980267284282714 -0.06279051952931576 0
    outer loop
      vertex -49.27562722072795 15.407333009083988 0
      vertex -49.25 15 3
      vertex -49.27562722072795 15.407333009083988 3
    endloop
  endfacet
  facet normal -0.9510565162951573 -0.3090169943749362 0
    outer loop
      vertex -49.47822642086318 16.196404796225202 0
      vertex -49.35210472633195 15.808242133285779 3
      vertex -49.47822642086318 16.196404796225202 3
    endloop
  endfacet
  facet normal -0.9048270524660136 -0.42577929156508526 0
    outer loop
      vertex -49.65200328985745 16.565699440830574 0
      vertex -49.47822642086318 16.196404796225202 3
      vertex -49.65200328985745 16.565699440830574 3
    endloop
  endfacet
  facet normal 0.8443279255020165 -0.5358267949789943 0
    outer loop
      vertex -55.34799671014255 16.565699440830574 0
      vertex -55.129305231718575 16.91030206995054 3
      vertex -55.34799671014255 16.565699440830574 3
    endloop
  endfacet
  facet normal 0.7705132427757911 -0.6374239897486873 0
    outer loop
      vertex -55.129305231718575 16.91030206995054 0
      vertex -54.86914803911959 17.22477809426824 3
      vertex -55.129305231718575 16.91030206995054 3
    endloop
  endfacet
  facet normal 0.684547105928686 -0.7289686274214139 0
    outer loop
      vertex -54.57162796668324 17.504168039021316 3
      vertex -54.86914803911959 17.22477809426824 3
      vertex -54.57162796668324 17.504168039021316 0
    endloop
  endfacet
  facet normal 0.5877852522924775 -0.8090169943749442 0
    outer loop
      vertex -54.24143708368174 17.74406575788155 3
      vertex -54.57162796668324 17.504168039021316 3
      vertex -54.24143708368174 17.74406575788155 0
    endloop
  endfacet
  facet normal 0.4817536741017089 -0.8763066800438671 0
    outer loop
      vertex -53.88378269758648 17.940687920514563 3
      vertex -54.24143708368174 17.74406575788155 3
      vertex -53.88378269758648 17.940687920514563 0
    endloop
  endfacet
  facet normal 0.3681245526846794 -0.9297764858882509 0
    outer loop
      vertex -53.504305231718575 18.09093367795925 3
      vertex -53.88378269758648 17.940687920514563 3
      vertex -53.504305231718575 18.09093367795925 0
    endloop
  endfacet
  facet normal 0.2486898871648574 -0.9685831611286304 0
    outer loop
      vertex -53.108989272403605 18.19243356486824 3
      vertex -53.504305231718575 18.09093367795925 3
      vertex -53.108989272403605 18.19243356486824 0
    endloop
  endfacet
  facet normal 0.12533323356430565 -0.9921147013144778 0
    outer loop
      vertex -52.70406918847027 18.243586867391883 3
      vertex -53.108989272403605 18.19243356486824 3
      vertex -52.70406918847027 18.243586867391883 0
    endloop
  endfacet
  facet normal 0 -1 0
    outer loop
      vertex -52.29593081152973 18.243586867391883 3
      vertex -52.70406918847027 18.243586867391883 3
      vertex -52.29593081152973 18.243586867391883 0
    endloop
  endfacet
  facet normal -0.6845471059286948 -0.7289686274214059 0
    outer loop
      vertex -50.13085196088041 17.22477809426824 0
      vertex -50.13085196088041 17.22477809426824 3
      vertex -50.428372033316755 17.504168039021316 3
    endloop
  endfacet
  facet normal -0.4817536741017089 -0.8763066800438671 0
    outer loop
      vertex -50.75856291631826 17.74406575788155 3
      vertex -51.11621730241352 17.940687920514563 3
      vertex -50.75856291631826 17.74406575788155 0
    endloop
  endfacet
  facet normal -0.5877852522924693 -0.8090169943749503 0
    outer loop
      vertex -50.428372033316755 17.504168039021316 3
      vertex -50.75856291631826 17.74406575788155 3
      vertex -50.428372033316755 17.504168039021316 0
    endloop
  endfacet
  facet normal -0.8443279255020165 -0.5358267949789943 0
    outer loop
      vertex -49.870694768281425 16.91030206995054 0
      vertex -49.65200328985745 16.565699440830574 3
      vertex -49.870694768281425 16.91030206995054 3
    endloop
  endfacet
  facet normal -0.7705132427757911 -0.6374239897486873 0
    outer loop
      vertex -50.13085196088041 17.22477809426824 0
      vertex -49.870694768281425 16.91030206995054 3
      vertex -50.13085196088041 17.22477809426824 3
    endloop
  endfacet
  facet normal -0.12533323356430565 -0.9921147013144778 0
    outer loop
      vertex -51.891010727596395 18.19243356486824 3
      vertex -52.29593081152973 18.243586867391883 3
      vertex -51.891010727596395 18.19243356486824 0
    endloop
  endfacet
  facet normal -0.2486898871648574 -0.9685831611286304 0
    outer loop
      vertex -51.495694768281425 18.09093367795925 3
      vertex -51.891010727596395 18.19243356486824 3
      vertex -51.495694768281425 18.09093367795925 0
    endloop
  endfacet
  facet normal -0.3681245526846794 -0.9297764858882509 0
    outer loop
      vertex -51.11621730241352 17.940687920514563 3
      vertex -51.495694768281425 18.09093367795925 3
      vertex -51.11621730241352 17.940687920514563 0
    endloop
  endfacet
  facet normal 0.4817536741017089 0.8763066800438671 0
    outer loop
      vertex -53.88378269758648 -17.940687920514563 0
      vertex -54.24143708368174 -17.74406575788155 0
      vertex -53.88378269758648 -17.940687920514563 3
    endloop
  endfacet
  facet normal 0.3681245526846794 0.9297764858882509 0
    outer loop
      vertex -53.504305231718575 -18.09093367795925 0
      vertex -53.88378269758648 -17.940687920514563 0
      vertex -53.504305231718575 -18.09093367795925 3
    endloop
  endfacet
  facet normal 0.2486898871648574 0.9685831611286304 0
    outer loop
      vertex -53.108989272403605 -18.19243356486824 0
      vertex -53.504305231718575 -18.09093367795925 0
      vertex -53.108989272403605 -18.19243356486824 3
    endloop
  endfacet
  facet normal 0.12533323356430565 0.9921147013144778 0
    outer loop
      vertex -52.70406918847027 -18.243586867391883 0
      vertex -53.108989272403605 -18.19243356486824 0
      vertex -52.70406918847027 -18.243586867391883 3
    endloop
  endfacet
  facet normal 0 1 0
    outer loop
      vertex -52.29593081152973 -18.243586867391883 0
      vertex -52.70406918847027 -18.243586867391883 0
      vertex -52.29593081152973 -18.243586867391883 3
    endloop
  endfacet
  facet normal 0.5877852522924775 0.8090169943749442 0
    outer loop
      vertex -54.24143708368174 -17.74406575788155 0
      vertex -54.57162796668324 -17.504168039021316 0
      vertex -54.24143708368174 -17.74406575788155 3
    endloop
  endfacet
  facet normal 0.684547105928686 0.7289686274214139 0
    outer loop
      vertex -54.57162796668324 -17.504168039021316 0
      vertex -54.86914803911959 -17.22477809426824 0
      vertex -54.57162796668324 -17.504168039021316 3
    endloop
  endfacet
  facet normal 0.7705132427757911 0.6374239897486873 0
    outer loop
      vertex -54.86914803911959 -17.22477809426824 0
      vertex -55.129305231718575 -16.91030206995054 0
      vertex -55.129305231718575 -16.91030206995054 3
    endloop
  endfacet
  facet normal 0.8443279255020165 0.5358267949789943 0
    outer loop
      vertex -55.129305231718575 -16.91030206995054 0
      vertex -55.34799671014255 -16.565699440830574 0
      vertex -55.34799671014255 -16.565699440830574 3
    endloop
  endfacet
  facet normal -0.12533323356430565 0.9921147013144778 0
    outer loop
      vertex -51.891010727596395 -18.19243356486824 0
      vertex -52.29593081152973 -18.243586867391883 0
      vertex -51.891010727596395 -18.19243356486824 3
    endloop
  endfacet
  facet normal -0.2486898871648574 0.9685831611286304 0
    outer loop
      vertex -51.495694768281425 -18.09093367795925 0
      vertex -51.891010727596395 -18.19243356486824 0
      vertex -51.495694768281425 -18.09093367795925 3
    endloop
  endfacet
  facet normal -0.3681245526846794 0.9297764858882509 0
    outer loop
      vertex -51.11621730241352 -17.940687920514563 0
      vertex -51.495694768281425 -18.09093367795925 0
      vertex -51.11621730241352 -17.940687920514563 3
    endloop
  endfacet
  facet normal -0.4817536741017089 0.8763066800438671 0
    outer loop
      vertex -50.75856291631826 -17.74406575788155 0
      vertex -51.11621730241352 -17.940687920514563 0
      vertex -50.75856291631826 -17.74406575788155 3
    endloop
  endfacet
  facet normal -0.5877852522924693 0.8090169943749503 0
    outer loop
      vertex -50.428372033316755 -17.504168039021316 0
      vertex -50.75856291631826 -17.74406575788155 0
      vertex -50.428372033316755 -17.504168039021316 3
    endloop
  endfacet
  facet normal -0.6845471059286948 0.7289686274214059 0
    outer loop
      vertex -50.13085196088041 -17.22477809426824 0
      vertex -50.428372033316755 -17.504168039021316 0
      vertex -50.13085196088041 -17.22477809426824 3
    endloop
  endfacet
  facet normal -0.7705132427757911 0.6374239897486873 0
    outer loop
      vertex -50.13085196088041 -17.22477809426824 0
      vertex -50.13085196088041 -17.22477809426824 3
      vertex -49.870694768281425 -16.91030206995054 0
    endloop
  endfacet
  facet normal -0.8443279255020165 0.5358267949789943 0
    outer loop
      vertex -49.65200328985745 -16.565699440830574 0
      vertex -49.870694768281425 -16.91030206995054 0
      vertex -49.870694768281425 -16.91030206995054 3
    endloop
  endfacet
  facet normal 0.9048270524660136 0.42577929156508526 0
    outer loop
      vertex -55.34799671014255 -16.565699440830574 0
      vertex -55.52177357913682 -16.196404796225202 0
      vertex -55.52177357913682 -16.196404796225202 3
    endloop
  endfacet
  facet normal 0.9510565162951573 0.3090169943749362 0
    outer loop
      vertex -55.52177357913682 -16.196404796225202 0
      vertex -55.64789527366805 -15.808242133285779 0
      vertex -55.64789527366805 -15.808242133285779 3
    endloop
  endfacet
  facet normal 0.9822872507286879 0.18738131458572846 0
    outer loop
      vertex -55.64789527366805 -15.808242133285779 0
      vertex -55.72437277927205 -15.407333009083988 0
      vertex -55.72437277927205 -15.407333009083988 3
    endloop
  endfacet
  facet normal 0.9980267284282714 0.06279051952931576 0
    outer loop
      vertex -55.72437277927205 -15.407333009083988 0
      vertex -55.75 -15 0
      vertex -55.75 -15 3
    endloop
  endfacet
  facet normal 0.9980267284282714 -0.06279051952931576 0
    outer loop
      vertex -55.75 -15 0
      vertex -55.72437277927205 -14.592666990916012 0
      vertex -55.72437277927205 -14.592666990916012 3
    endloop
  endfacet
  facet normal 0.9822872507286879 -0.18738131458572846 0
    outer loop
      vertex -55.72437277927205 -14.592666990916012 0
      vertex -55.64789527366805 -14.191757866714221 0
      vertex -55.64789527366805 -14.191757866714221 3
    endloop
  endfacet
  facet normal 0.9510565162951573 -0.3090169943749362 0
    outer loop
      vertex -55.64789527366805 -14.191757866714221 0
      vertex -55.52177357913682 -13.803595203774798 0
      vertex -55.52177357913682 -13.803595203774798 3
    endloop
  endfacet
  facet normal 0.9048270524660136 -0.42577929156508526 0
    outer loop
      vertex -55.52177357913682 -13.803595203774798 0
      vertex -55.34799671014255 -13.434300559169426 0
      vertex -55.34799671014255 -13.434300559169426 3
    endloop
  endfacet
  facet normal 0.8443279255020153 -0.5358267949789962 0
    outer loop
      vertex -55.34799671014255 -13.434300559169426 0
      vertex -55.129305231718575 -13.089697930049462 0
      vertex -55.129305231718575 -13.089697930049462 3
    endloop
  endfacet
  facet normal 0.770513242775793 -0.6374239897486852 0
    outer loop
      vertex -55.129305231718575 -13.089697930049462 0
      vertex -54.86914803911959 -12.775221905731762 0
      vertex -54.86914803911959 -12.775221905731762 3
    endloop
  endfacet
  facet normal 0.684547105928686 -0.7289686274214139 0
    outer loop
      vertex -54.86914803911959 -12.775221905731762 0
      vertex -54.57162796668324 -12.495831960978684 0
      vertex -54.86914803911959 -12.775221905731762 3
    endloop
  endfacet
  facet normal 0.5877852522924746 -0.8090169943749462 0
    outer loop
      vertex -54.57162796668324 -12.495831960978684 0
      vertex -54.24143708368174 -12.255934242118451 0
      vertex -54.57162796668324 -12.495831960978684 3
    endloop
  endfacet
  facet normal 0.48175367410171216 -0.8763066800438652 0
    outer loop
      vertex -54.24143708368174 -12.255934242118451 0
      vertex -53.88378269758648 -12.059312079485437 0
      vertex -54.24143708368174 -12.255934242118451 3
    endloop
  endfacet
  facet normal 0.3681245526846794 -0.9297764858882509 0
    outer loop
      vertex -53.88378269758648 -12.059312079485437 0
      vertex -53.504305231718575 -11.90906632204075 0
      vertex -53.88378269758648 -12.059312079485437 3
    endloop
  endfacet
  facet normal 0.2486898871648574 -0.9685831611286304 0
    outer loop
      vertex -53.504305231718575 -11.90906632204075 0
      vertex -53.108989272403605 -11.807566435131761 0
      vertex -53.504305231718575 -11.90906632204075 3
    endloop
  endfacet
  facet normal 0.12533323356430565 -0.9921147013144778 0
    outer loop
      vertex -53.108989272403605 -11.807566435131761 0
      vertex -52.70406918847027 -11.756413132608117 0
      vertex -53.108989272403605 -11.807566435131761 3
    endloop
  endfacet
  facet normal 0 -1 0
    outer loop
      vertex -52.70406918847027 -11.756413132608117 0
      vertex -52.29593081152973 -11.756413132608117 0
      vertex -52.70406918847027 -11.756413132608117 3
    endloop
  endfacet
  facet normal -0.12533323356430565 -0.9921147013144778 0
    outer loop
      vertex -52.29593081152973 -11.756413132608117 0
      vertex -51.891010727596395 -11.807566435131761 0
      vertex -52.29593081152973 -11.756413132608117 3
    endloop
  endfacet
  facet normal -0.9048270524660119 0.4257792915650886 0
    outer loop
      vertex -49.47822642086318 -16.196404796225206 0
      vertex -49.65200328985745 -16.565699440830574 0
      vertex -49.65200328985745 -16.565699440830574 3
    endloop
  endfacet
  facet normal -0.9510565162951585 0.3090169943749323 0
    outer loop
      vertex -49.35210472633195 -15.808242133285777 0
      vertex -49.47822642086318 -16.196404796225206 0
      vertex -49.47822642086318 -16.196404796225206 3
    endloop
  endfacet
  facet normal -0.9822872507286877 0.18738131458572924 0
    outer loop
      vertex -49.27562722072795 -15.407333009083988 0
      vertex -49.35210472633195 -15.808242133285777 0
      vertex -49.35210472633195 -15.808242133285777 3
    endloop
  endfacet
  facet normal -0.9980267284282714 0.06279051952931576 0
    outer loop
      vertex -49.25 -15 0
      vertex -49.27562722072795 -15.407333009083988 0
      vertex -49.27562722072795 -15.407333009083988 3
    endloop
  endfacet
  facet normal -0.9822872507286879 -0.18738131458572846 0
    outer loop
      vertex -49.35210472633195 -14.191757866714221 0
      vertex -49.27562722072795 -14.592666990916012 0
      vertex -49.27562722072795 -14.592666990916012 3
    endloop
  endfacet
  facet normal -0.9980267284282714 -0.06279051952931576 0
    outer loop
      vertex -49.27562722072795 -14.592666990916012 0
      vertex -49.25 -15 0
      vertex -49.25 -15 3
    endloop
  endfacet
  facet normal -0.9510565162951573 -0.3090169943749362 0
    outer loop
      vertex -49.47822642086318 -13.803595203774798 0
      vertex -49.35210472633195 -14.191757866714221 0
      vertex -49.35210472633195 -14.191757866714221 3
    endloop
  endfacet
  facet normal -0.6845471059286924 -0.728968627421408 0
    outer loop
      vertex -50.428372033316755 -12.495831960978686 0
      vertex -50.13085196088041 -12.775221905731762 0
      vertex -50.428372033316755 -12.495831960978686 3
    endloop
  endfacet
  facet normal -0.9048270524660136 -0.42577929156508526 0
    outer loop
      vertex -49.65200328985745 -13.434300559169426 0
      vertex -49.47822642086318 -13.803595203774798 0
      vertex -49.47822642086318 -13.803595203774798 3
    endloop
  endfacet
  facet normal -0.8443279255020153 -0.5358267949789962 0
    outer loop
      vertex -49.870694768281425 -13.089697930049462 0
      vertex -49.65200328985745 -13.434300559169426 0
      vertex -49.65200328985745 -13.434300559169426 3
    endloop
  endfacet
  facet normal -0.770513242775793 -0.6374239897486852 0
    outer loop
      vertex -50.13085196088041 -12.775221905731762 0
      vertex -49.870694768281425 -13.089697930049462 0
      vertex -49.870694768281425 -13.089697930049462 3
    endloop
  endfacet
  facet normal -0.2486898871648574 -0.9685831611286304 0
    outer loop
      vertex -51.891010727596395 -11.807566435131761 0
      vertex -51.495694768281425 -11.90906632204075 0
      vertex -51.891010727596395 -11.807566435131761 3
    endloop
  endfacet
  facet normal -0.3681245526846794 -0.9297764858882509 0
    outer loop
      vertex -51.495694768281425 -11.90906632204075 0
      vertex -51.11621730241352 -12.059312079485437 0
      vertex -51.495694768281425 -11.90906632204075 3
    endloop
  endfacet
  facet normal -0.48175367410171216 -0.8763066800438652 0
    outer loop
      vertex -51.11621730241352 -12.059312079485437 0
      vertex -50.75856291631826 -12.255934242118451 0
      vertex -51.11621730241352 -12.059312079485437 3
    endloop
  endfacet
  facet normal -0.5877852522924693 -0.8090169943749503 0
    outer loop
      vertex -50.75856291631826 -12.255934242118451 0
      vertex -50.428372033316755 -12.495831960978686 0
      vertex -50.75856291631826 -12.255934242118451 3
    endloop
  endfacet
  facet normal 0.3681245526846794 0.9297764858882509 0
    outer loop
      vertex -53.88378269758648 -17.940687920514563 3
      vertex -53.504305231718575 -18.09093367795925 3
      vertex -53.88378269758648 -17.940687920514563 0
    endloop
  endfacet
  facet normal 0.2486898871648574 0.9685831611286304 0
    outer loop
      vertex -53.504305231718575 -18.09093367795925 3
      vertex -53.108989272403605 -18.19243356486824 3
      vertex -53.504305231718575 -18.09093367795925 0
    endloop
  endfacet
  facet normal 0 1 0
    outer loop
      vertex -52.70406918847027 -18.243586867391883 3
      vertex -52.29593081152973 -18.243586867391883 3
      vertex -52.70406918847027 -18.243586867391883 0
    endloop
  endfacet
  facet normal -0.12533323356430565 0.9921147013144778 0
    outer loop
      vertex -52.29593081152973 -18.243586867391883 3
      vertex -51.891010727596395 -18.19243356486824 3
      vertex -52.29593081152973 -18.243586867391883 0
    endloop
  endfacet
  facet normal 0.12533323356430565 0.9921147013144778 0
    outer loop
      vertex -53.108989272403605 -18.19243356486824 3
      vertex -52.70406918847027 -18.243586867391883 3
      vertex -53.108989272403605 -18.19243356486824 0
    endloop
  endfacet
  facet normal 0.5877852522924774 0.8090169943749443 0
    outer loop
      vertex -54.32914185096455 -17.680344514541776 3
      vertex -54.57162796668324 -17.504168039021316 0
      vertex -54.57162796668324 -17.504168039021316 3
    endloop
  endfacet
  facet normal 0.4817536741017089 0.8763066800438671 0
    outer loop
      vertex -54.24143708368174 -17.74406575788155 3
      vertex -53.88378269758648 -17.940687920514563 3
      vertex -54.24143708368174 -17.74406575788155 0
    endloop
  endfacet
  facet normal 0.5877852522924778 0.8090169943749441 -4.267106007532481e-17
    outer loop
      vertex -54.32914185096455 -17.680344514541776 3
      vertex -54.24143708368174 -17.74406575788155 3
      vertex -54.57162796668324 -17.504168039021316 0
    endloop
  endfacet
  facet normal 0.684547105928686 0.7289686274214139 0
    outer loop
      vertex -54.86914803911959 -17.22477809426824 3
      vertex -54.57162796668324 -17.504168039021316 3
      vertex -54.86914803911959 -17.22477809426824 0
    endloop
  endfacet
  facet normal 0.7705132427757911 0.6374239897486873 0
    outer loop
      vertex -54.86914803911959 -17.22477809426824 0
      vertex -55.129305231718575 -16.91030206995054 3
      vertex -54.86914803911959 -17.22477809426824 3
    endloop
  endfacet
  facet normal 0.8443279255020165 0.5358267949789943 0
    outer loop
      vertex -55.129305231718575 -16.91030206995054 0
      vertex -55.34799671014255 -16.565699440830574 3
      vertex -55.129305231718575 -16.91030206995054 3
    endloop
  endfacet
  facet normal -0.2486898871648574 0.9685831611286304 0
    outer loop
      vertex -51.891010727596395 -18.19243356486824 3
      vertex -51.495694768281425 -18.09093367795925 3
      vertex -51.891010727596395 -18.19243356486824 0
    endloop
  endfacet
  facet normal -0.3681245526846794 0.9297764858882509 0
    outer loop
      vertex -51.495694768281425 -18.09093367795925 3
      vertex -51.11621730241352 -17.940687920514563 3
      vertex -51.495694768281425 -18.09093367795925 0
    endloop
  endfacet
  facet normal -0.4817536741017089 0.8763066800438671 0
    outer loop
      vertex -51.11621730241352 -17.940687920514563 3
      vertex -50.75856291631826 -17.74406575788155 3
      vertex -51.11621730241352 -17.940687920514563 0
    endloop
  endfacet
  facet normal -0.5877852522924693 0.8090169943749503 0
    outer loop
      vertex -50.75856291631826 -17.74406575788155 3
      vertex -50.428372033316755 -17.504168039021316 3
      vertex -50.75856291631826 -17.74406575788155 0
    endloop
  endfacet
  facet normal -0.6845471059286948 0.7289686274214059 0
    outer loop
      vertex -50.428372033316755 -17.504168039021316 3
      vertex -50.13085196088041 -17.22477809426824 3
      vertex -50.428372033316755 -17.504168039021316 0
    endloop
  endfacet
  facet normal -0.7705132427757911 0.6374239897486873 0
    outer loop
      vertex -49.870694768281425 -16.91030206995054 0
      vertex -50.13085196088041 -17.22477809426824 3
      vertex -49.870694768281425 -16.91030206995054 3
    endloop
  endfacet
  facet normal -0.8443279255020165 0.5358267949789943 0
    outer loop
      vertex -49.65200328985745 -16.565699440830574 0
      vertex -49.870694768281425 -16.91030206995054 3
      vertex -49.65200328985745 -16.565699440830574 3
    endloop
  endfacet
  facet normal 0.9048270524660136 0.42577929156508526 0
    outer loop
      vertex -55.34799671014255 -16.565699440830574 0
      vertex -55.52177357913682 -16.196404796225202 3
      vertex -55.34799671014255 -16.565699440830574 3
    endloop
  endfacet
  facet normal 0.9510565162951573 0.3090169943749362 0
    outer loop
      vertex -55.52177357913682 -16.196404796225202 0
      vertex -55.64789527366805 -15.808242133285779 3
      vertex -55.52177357913682 -16.196404796225202 3
    endloop
  endfacet
  facet normal 0.9822872507286879 0.18738131458572846 0
    outer loop
      vertex -55.72437277927205 -15.407333009083988 3
      vertex -55.64789527366805 -15.808242133285779 3
      vertex -55.64789527366805 -15.808242133285779 0
    endloop
  endfacet
  facet normal 0.9980267284282714 0.06279051952931576 0
    outer loop
      vertex -55.72437277927205 -15.407333009083988 0
      vertex -55.75 -15 3
      vertex -55.72437277927205 -15.407333009083988 3
    endloop
  endfacet
  facet normal 0.9980267284282714 -0.06279051952931576 0
    outer loop
      vertex -55.75 -15 0
      vertex -55.72437277927205 -14.592666990916012 3
      vertex -55.75 -15 3
    endloop
  endfacet
  facet normal 0.9822872507286879 -0.18738131458572846 0
    outer loop
      vertex -55.72437277927205 -14.592666990916012 0
      vertex -55.64789527366805 -14.191757866714221 3
      vertex -55.72437277927205 -14.592666990916012 3
    endloop
  endfacet
  facet normal 0.9510565162951573 -0.3090169943749362 0
    outer loop
      vertex -55.64789527366805 -14.191757866714221 0
      vertex -55.52177357913682 -13.803595203774798 3
      vertex -55.64789527366805 -14.191757866714221 3
    endloop
  endfacet
  facet normal 0.9048270524660136 -0.42577929156508526 0
    outer loop
      vertex -55.52177357913682 -13.803595203774798 0
      vertex -55.34799671014255 -13.434300559169426 3
      vertex -55.52177357913682 -13.803595203774798 3
    endloop
  endfacet
  facet normal 0.8443279255020153 -0.5358267949789962 0
    outer loop
      vertex -55.34799671014255 -13.434300559169426 0
      vertex -55.129305231718575 -13.089697930049462 3
      vertex -55.34799671014255 -13.434300559169426 3
    endloop
  endfacet
  facet normal 0.770513242775793 -0.6374239897486852 0
    outer loop
      vertex -55.129305231718575 -13.089697930049462 0
      vertex -54.86914803911959 -12.775221905731762 3
      vertex -55.129305231718575 -13.089697930049462 3
    endloop
  endfacet
  facet normal 0.684547105928686 -0.7289686274214139 0
    outer loop
      vertex -54.57162796668324 -12.495831960978684 3
      vertex -54.86914803911959 -12.775221905731762 3
      vertex -54.57162796668324 -12.495831960978684 0
    endloop
  endfacet
  facet normal 0.5877852522924746 -0.8090169943749462 0
    outer loop
      vertex -54.24143708368174 -12.255934242118451 3
      vertex -54.57162796668324 -12.495831960978684 3
      vertex -54.24143708368174 -12.255934242118451 0
    endloop
  endfacet
  facet normal 0.48175367410171216 -0.8763066800438652 0
    outer loop
      vertex -53.88378269758648 -12.059312079485437 3
      vertex -54.24143708368174 -12.255934242118451 3
      vertex -53.88378269758648 -12.059312079485437 0
    endloop
  endfacet
  facet normal 0.3681245526846794 -0.9297764858882509 0
    outer loop
      vertex -53.504305231718575 -11.90906632204075 3
      vertex -53.88378269758648 -12.059312079485437 3
      vertex -53.504305231718575 -11.90906632204075 0
    endloop
  endfacet
  facet normal 0.2486898871648574 -0.9685831611286304 0
    outer loop
      vertex -53.108989272403605 -11.807566435131761 3
      vertex -53.504305231718575 -11.90906632204075 3
      vertex -53.108989272403605 -11.807566435131761 0
    endloop
  endfacet
  facet normal 0.12533323356430565 -0.9921147013144778 0
    outer loop
      vertex -52.70406918847027 -11.756413132608117 3
      vertex -53.108989272403605 -11.807566435131761 3
      vertex -52.70406918847027 -11.756413132608117 0
    endloop
  endfacet
  facet normal 0 -1 0
    outer loop
      vertex -52.29593081152973 -11.756413132608117 3
      vertex -52.70406918847027 -11.756413132608117 3
      vertex -52.29593081152973 -11.756413132608117 0
    endloop
  endfacet
  facet normal -0.9048270524660119 0.4257792915650886 0
    outer loop
      vertex -49.47822642086318 -16.196404796225206 0
      vertex -49.65200328985745 -16.565699440830574 3
      vertex -49.47822642086318 -16.196404796225206 3
    endloop
  endfacet
  facet normal -0.9510565162951585 0.3090169943749323 0
    outer loop
      vertex -49.35210472633195 -15.808242133285777 0
      vertex -49.47822642086318 -16.196404796225206 3
      vertex -49.35210472633195 -15.808242133285777 3
    endloop
  endfacet
  facet normal -0.9822872507286877 0.18738131458572924 0
    outer loop
      vertex -49.27562722072795 -15.407333009083988 0
      vertex -49.35210472633195 -15.808242133285777 3
      vertex -49.27562722072795 -15.407333009083988 3
    endloop
  endfacet
  facet normal -0.9980267284282714 0.06279051952931576 0
    outer loop
      vertex -49.25 -15 0
      vertex -49.27562722072795 -15.407333009083988 3
      vertex -49.25 -15 3
    endloop
  endfacet
  facet normal -0.9980267284282714 -0.06279051952931576 0
    outer loop
      vertex -49.27562722072795 -14.592666990916012 0
      vertex -49.25 -15 3
      vertex -49.27562722072795 -14.592666990916012 3
    endloop
  endfacet
  facet normal -0.9822872507286879 -0.18738131458572846 0
    outer loop
      vertex -49.35210472633195 -14.191757866714221 0
      vertex -49.27562722072795 -14.592666990916012 3
      vertex -49.35210472633195 -14.191757866714221 3
    endloop
  endfacet
  facet normal -0.9510565162951573 -0.3090169943749362 0
    outer loop
      vertex -49.47822642086318 -13.803595203774798 0
      vertex -49.35210472633195 -14.191757866714221 3
      vertex -49.47822642086318 -13.803595203774798 3
    endloop
  endfacet
  facet normal -0.6845471059286924 -0.728968627421408 0
    outer loop
      vertex -50.13085196088041 -12.775221905731762 3
      vertex -50.428372033316755 -12.495831960978686 3
      vertex -50.13085196088041 -12.775221905731762 0
    endloop
  endfacet
  facet normal -0.5877852522924693 -0.8090169943749503 0
    outer loop
      vertex -50.428372033316755 -12.495831960978686 3
      vertex -50.75856291631826 -12.255934242118451 3
      vertex -50.428372033316755 -12.495831960978686 0
    endloop
  endfacet
  facet normal -0.9048270524660136 -0.42577929156508526 0
    outer loop
      vertex -49.65200328985745 -13.434300559169426 0
      vertex -49.47822642086318 -13.803595203774798 3
      vertex -49.65200328985745 -13.434300559169426 3
    endloop
  endfacet
  facet normal -0.8443279255020153 -0.5358267949789962 0
    outer loop
      vertex -49.870694768281425 -13.089697930049462 0
      vertex -49.65200328985745 -13.434300559169426 3
      vertex -49.870694768281425 -13.089697930049462 3
    endloop
  endfacet
  facet normal -0.770513242775793 -0.6374239897486852 0
    outer loop
      vertex -50.13085196088041 -12.775221905731762 0
      vertex -49.870694768281425 -13.089697930049462 3
      vertex -50.13085196088041 -12.775221905731762 3
    endloop
  endfacet
  facet normal -0.2486898871648574 -0.9685831611286304 0
    outer loop
      vertex -51.495694768281425 -11.90906632204075 3
      vertex -51.891010727596395 -11.807566435131761 3
      vertex -51.495694768281425 -11.90906632204075 0
    endloop
  endfacet
  facet normal -0.12533323356430565 -0.9921147013144778 0
    outer loop
      vertex -51.891010727596395 -11.807566435131761 3
      vertex -52.29593081152973 -11.756413132608117 3
      vertex -51.891010727596395 -11.807566435131761 0
    endloop
  endfacet
  facet normal -0.3681245526846794 -0.9297764858882509 0
    outer loop
      vertex -51.11621730241352 -12.059312079485437 3
      vertex -51.495694768281425 -11.90906632204075 3
      vertex -51.11621730241352 -12.059312079485437 0
    endloop
  endfacet
  facet normal -0.481753674107222 -0.8763066800408361 -8.554000767858128e-13
    outer loop
      vertex -51.116029797595615 -12.059415161131389 3
      vertex -51.11621730241352 -12.059312079485437 3
      vertex -50.75856291631826 -12.255934242118451 0
    endloop
  endfacet
  facet normal -0.4817536741017093 -0.8763066800438668 0
    outer loop
      vertex -51.116029797595615 -12.059415161131389 3
      vertex -50.75856291631826 -12.255934242118451 0
      vertex -50.75856291631826 -12.255934242118451 3
    endloop
  endfacet
  facet normal 0.3681245526846794 0.9297764858882509 0
    outer loop
      vertex -38.504305231718575 -18.09093367795925 0
      vertex -38.88378269758648 -17.940687920514563 0
      vertex -38.504305231718575 -18.09093367795925 3
    endloop
  endfacet
  facet normal 0.4817536741017089 0.8763066800438671 0
    outer loop
      vertex -38.88378269758648 -17.940687920514563 0
      vertex -39.24143708368174 -17.74406575788155 0
      vertex -38.88378269758648 -17.940687920514563 3
    endloop
  endfacet
  facet normal 0.2486898871648574 0.9685831611286304 0
    outer loop
      vertex -38.108989272403605 -18.19243356486824 0
      vertex -38.504305231718575 -18.09093367795925 0
      vertex -38.108989272403605 -18.19243356486824 3
    endloop
  endfacet
  facet normal 0.12533323356430565 0.9921147013144778 0
    outer loop
      vertex -37.70406918847027 -18.243586867391883 0
      vertex -38.108989272403605 -18.19243356486824 0
      vertex -37.70406918847027 -18.243586867391883 3
    endloop
  endfacet
  facet normal 0 1 0
    outer loop
      vertex -37.29593081152973 -18.243586867391883 0
      vertex -37.70406918847027 -18.243586867391883 0
      vertex -37.29593081152973 -18.243586867391883 3
    endloop
  endfacet
  facet normal 0.5877852522924775 0.8090169943749442 0
    outer loop
      vertex -39.24143708368174 -17.74406575788155 0
      vertex -39.57162796668324 -17.504168039021316 0
      vertex -39.24143708368174 -17.74406575788155 3
    endloop
  endfacet
  facet normal 0.684547105928686 0.7289686274214139 0
    outer loop
      vertex -39.57162796668324 -17.504168039021316 0
      vertex -39.86914803911959 -17.22477809426824 0
      vertex -39.57162796668324 -17.504168039021316 3
    endloop
  endfacet
  facet normal 0.7705132427757911 0.6374239897486873 0
    outer loop
      vertex -39.86914803911959 -17.22477809426824 0
      vertex -40.129305231718575 -16.91030206995054 0
      vertex -40.129305231718575 -16.91030206995054 3
    endloop
  endfacet
  facet normal 0.8443279255020165 0.5358267949789943 0
    outer loop
      vertex -40.129305231718575 -16.91030206995054 0
      vertex -40.34799671014255 -16.565699440830574 0
      vertex -40.34799671014255 -16.565699440830574 3
    endloop
  endfacet
  facet normal -0.12533323356430565 0.9921147013144778 0
    outer loop
      vertex -36.891010727596395 -18.19243356486824 0
      vertex -37.29593081152973 -18.243586867391883 0
      vertex -36.891010727596395 -18.19243356486824 3
    endloop
  endfacet
  facet normal -0.2486898871648574 0.9685831611286304 0
    outer loop
      vertex -36.495694768281425 -18.09093367795925 0
      vertex -36.891010727596395 -18.19243356486824 0
      vertex -36.495694768281425 -18.09093367795925 3
    endloop
  endfacet
  facet normal -0.3681245526846794 0.9297764858882509 0
    outer loop
      vertex -36.11621730241352 -17.940687920514563 0
      vertex -36.495694768281425 -18.09093367795925 0
      vertex -36.11621730241352 -17.940687920514563 3
    endloop
  endfacet
  facet normal -0.4817536741017089 0.8763066800438671 0
    outer loop
      vertex -35.75856291631826 -17.74406575788155 0
      vertex -36.11621730241352 -17.940687920514563 0
      vertex -35.75856291631826 -17.74406575788155 3
    endloop
  endfacet
  facet normal -0.5877852522924693 0.8090169943749503 0
    outer loop
      vertex -35.428372033316755 -17.504168039021316 0
      vertex -35.75856291631826 -17.74406575788155 0
      vertex -35.428372033316755 -17.504168039021316 3
    endloop
  endfacet
  facet normal -0.6845471059286948 0.7289686274214059 0
    outer loop
      vertex -35.13085196088041 -17.22477809426824 0
      vertex -35.428372033316755 -17.504168039021316 0
      vertex -35.13085196088041 -17.22477809426824 3
    endloop
  endfacet
  facet normal -0.7705132427757911 0.6374239897486873 0
    outer loop
      vertex -35.13085196088041 -17.22477809426824 0
      vertex -35.13085196088041 -17.22477809426824 3
      vertex -34.870694768281425 -16.91030206995054 0
    endloop
  endfacet
  facet normal -0.8443279255020165 0.5358267949789943 0
    outer loop
      vertex -34.65200328985745 -16.565699440830574 0
      vertex -34.870694768281425 -16.91030206995054 0
      vertex -34.870694768281425 -16.91030206995054 3
    endloop
  endfacet
  facet normal 0.9048270524660136 0.42577929156508526 0
    outer loop
      vertex -40.34799671014255 -16.565699440830574 0
      vertex -40.52177357913682 -16.196404796225202 0
      vertex -40.52177357913682 -16.196404796225202 3
    endloop
  endfacet
  facet normal 0.9510565162951573 0.3090169943749362 0
    outer loop
      vertex -40.52177357913682 -16.196404796225202 0
      vertex -40.64789527366805 -15.808242133285779 0
      vertex -40.64789527366805 -15.808242133285779 3
    endloop
  endfacet
  facet normal 0.9822872507286879 0.18738131458572846 0
    outer loop
      vertex -40.64789527366805 -15.808242133285779 0
      vertex -40.72437277927205 -15.407333009083988 0
      vertex -40.72437277927205 -15.407333009083988 3
    endloop
  endfacet
  facet normal 0.9980267284282714 0.06279051952931576 0
    outer loop
      vertex -40.72437277927205 -15.407333009083988 0
      vertex -40.75 -15 0
      vertex -40.75 -15 3
    endloop
  endfacet
  facet normal 0.9980267284282714 -0.06279051952931576 0
    outer loop
      vertex -40.75 -15 0
      vertex -40.72437277927205 -14.592666990916012 0
      vertex -40.72437277927205 -14.592666990916012 3
    endloop
  endfacet
  facet normal 0.9822872507286879 -0.18738131458572846 0
    outer loop
      vertex -40.72437277927205 -14.592666990916012 0
      vertex -40.64789527366805 -14.191757866714221 0
      vertex -40.64789527366805 -14.191757866714221 3
    endloop
  endfacet
  facet normal 0.9510565162951573 -0.3090169943749362 0
    outer loop
      vertex -40.64789527366805 -14.191757866714221 0
      vertex -40.52177357913682 -13.803595203774798 0
      vertex -40.52177357913682 -13.803595203774798 3
    endloop
  endfacet
  facet normal 0.9048270524660136 -0.42577929156508526 0
    outer loop
      vertex -40.52177357913682 -13.803595203774798 0
      vertex -40.34799671014255 -13.434300559169426 0
      vertex -40.34799671014255 -13.434300559169426 3
    endloop
  endfacet
  facet normal 0.8443279255020153 -0.5358267949789962 0
    outer loop
      vertex -40.34799671014255 -13.434300559169426 0
      vertex -40.129305231718575 -13.089697930049462 0
      vertex -40.129305231718575 -13.089697930049462 3
    endloop
  endfacet
  facet normal 0.770513242775793 -0.6374239897486852 0
    outer loop
      vertex -40.129305231718575 -13.089697930049462 0
      vertex -39.86914803911959 -12.775221905731762 0
      vertex -39.86914803911959 -12.775221905731762 3
    endloop
  endfacet
  facet normal 0.684547105928686 -0.7289686274214139 0
    outer loop
      vertex -39.86914803911959 -12.775221905731762 0
      vertex -39.57162796668324 -12.495831960978684 0
      vertex -39.86914803911959 -12.775221905731762 3
    endloop
  endfacet
  facet normal 0.5877852522924746 -0.8090169943749462 0
    outer loop
      vertex -39.57162796668324 -12.495831960978684 0
      vertex -39.24143708368174 -12.255934242118451 0
      vertex -39.57162796668324 -12.495831960978684 3
    endloop
  endfacet
  facet normal 0.48175367410171216 -0.8763066800438652 0
    outer loop
      vertex -39.24143708368174 -12.255934242118451 0
      vertex -38.88378269758648 -12.059312079485437 0
      vertex -39.24143708368174 -12.255934242118451 3
    endloop
  endfacet
  facet normal 0.3681245526846794 -0.9297764858882509 0
    outer loop
      vertex -38.88378269758648 -12.059312079485437 0
      vertex -38.504305231718575 -11.90906632204075 0
      vertex -38.88378269758648 -12.059312079485437 3
    endloop
  endfacet
  facet normal 0.2486898871648574 -0.9685831611286304 0
    outer loop
      vertex -38.504305231718575 -11.90906632204075 0
      vertex -38.108989272403605 -11.807566435131761 0
      vertex -38.504305231718575 -11.90906632204075 3
    endloop
  endfacet
  facet normal 0.12533323356430565 -0.9921147013144778 0
    outer loop
      vertex -38.108989272403605 -11.807566435131761 0
      vertex -37.70406918847027 -11.756413132608117 0
      vertex -38.108989272403605 -11.807566435131761 3
    endloop
  endfacet
  facet normal 0 -1 0
    outer loop
      vertex -37.70406918847027 -11.756413132608117 0
      vertex -37.29593081152973 -11.756413132608117 0
      vertex -37.70406918847027 -11.756413132608117 3
    endloop
  endfacet
  facet normal -0.9048270524660119 0.4257792915650886 0
    outer loop
      vertex -34.47822642086318 -16.196404796225206 0
      vertex -34.65200328985745 -16.565699440830574 0
      vertex -34.65200328985745 -16.565699440830574 3
    endloop
  endfacet
  facet normal -0.9510565162951585 0.3090169943749323 0
    outer loop
      vertex -34.35210472633195 -15.808242133285777 0
      vertex -34.47822642086318 -16.196404796225206 0
      vertex -34.47822642086318 -16.196404796225206 3
    endloop
  endfacet
  facet normal -0.9822872507286877 0.18738131458572924 0
    outer loop
      vertex -34.27562722072795 -15.407333009083988 0
      vertex -34.35210472633195 -15.808242133285777 0
      vertex -34.35210472633195 -15.808242133285777 3
    endloop
  endfacet
  facet normal -0.9980267284282714 0.06279051952931576 0
    outer loop
      vertex -34.25 -15 0
      vertex -34.27562722072795 -15.407333009083988 0
      vertex -34.27562722072795 -15.407333009083988 3
    endloop
  endfacet
  facet normal -0.9980267284282714 -0.06279051952931576 0
    outer loop
      vertex -34.27562722072795 -14.592666990916012 0
      vertex -34.25 -15 0
      vertex -34.25 -15 3
    endloop
  endfacet
  facet normal -0.9822872507286879 -0.18738131458572846 0
    outer loop
      vertex -34.35210472633195 -14.191757866714221 0
      vertex -34.27562722072795 -14.592666990916012 0
      vertex -34.27562722072795 -14.592666990916012 3
    endloop
  endfacet
  facet normal -0.9510565162951573 -0.3090169943749362 0
    outer loop
      vertex -34.47822642086318 -13.803595203774798 0
      vertex -34.35210472633195 -14.191757866714221 0
      vertex -34.35210472633195 -14.191757866714221 3
    endloop
  endfacet
  facet normal -0.6845471059286924 -0.728968627421408 0
    outer loop
      vertex -35.428372033316755 -12.495831960978686 0
      vertex -35.13085196088041 -12.775221905731762 0
      vertex -35.428372033316755 -12.495831960978686 3
    endloop
  endfacet
  facet normal -0.9048270524660136 -0.42577929156508526 0
    outer loop
      vertex -34.65200328985745 -13.434300559169426 0
      vertex -34.47822642086318 -13.803595203774798 0
      vertex -34.47822642086318 -13.803595203774798 3
    endloop
  endfacet
  facet normal -0.8443279255020153 -0.5358267949789962 0
    outer loop
      vertex -34.870694768281425 -13.089697930049462 0
      vertex -34.65200328985745 -13.434300559169426 0
      vertex -34.65200328985745 -13.434300559169426 3
    endloop
  endfacet
  facet normal -0.770513242775793 -0.6374239897486852 0
    outer loop
      vertex -35.13085196088041 -12.775221905731762 0
      vertex -34.870694768281425 -13.089697930049462 0
      vertex -34.870694768281425 -13.089697930049462 3
    endloop
  endfacet
  facet normal -0.12533323356430565 -0.9921147013144778 0
    outer loop
      vertex -37.29593081152973 -11.756413132608117 0
      vertex -36.891010727596395 -11.807566435131761 0
      vertex -37.29593081152973 -11.756413132608117 3
    endloop
  endfacet
  facet normal -0.2486898871648574 -0.9685831611286304 0
    outer loop
      vertex -36.891010727596395 -11.807566435131761 0
      vertex -36.495694768281425 -11.90906632204075 0
      vertex -36.891010727596395 -11.807566435131761 3
    endloop
  endfacet
  facet normal -0.3681245526846794 -0.9297764858882509 0
    outer loop
      vertex -36.495694768281425 -11.90906632204075 0
      vertex -36.11621730241352 -12.059312079485437 0
      vertex -36.495694768281425 -11.90906632204075 3
    endloop
  endfacet
  facet normal -0.48175367410171216 -0.8763066800438652 0
    outer loop
      vertex -36.11621730241352 -12.059312079485437 0
      vertex -35.75856291631826 -12.255934242118451 0
      vertex -36.11621730241352 -12.059312079485437 3
    endloop
  endfacet
  facet normal -0.5877852522924693 -0.8090169943749503 0
    outer loop
      vertex -35.75856291631826 -12.255934242118451 0
      vertex -35.428372033316755 -12.495831960978686 0
      vertex -35.75856291631826 -12.255934242118451 3
    endloop
  endfacet
  facet normal 0.3681245526846794 0.9297764858882509 0
    outer loop
      vertex -38.88378269758648 -17.940687920514563 3
      vertex -38.504305231718575 -18.09093367795925 3
      vertex -38.88378269758648 -17.940687920514563 0
    endloop
  endfacet
  facet normal 0.2486898871648574 0.9685831611286304 0
    outer loop
      vertex -38.504305231718575 -18.09093367795925 3
      vertex -38.108989272403605 -18.19243356486824 3
      vertex -38.504305231718575 -18.09093367795925 0
    endloop
  endfacet
  facet normal 0 1 0
    outer loop
      vertex -37.70406918847027 -18.243586867391883 3
      vertex -37.29593081152973 -18.243586867391883 3
      vertex -37.70406918847027 -18.243586867391883 0
    endloop
  endfacet
  facet normal 0.12533323356430565 0.9921147013144778 0
    outer loop
      vertex -38.108989272403605 -18.19243356486824 3
      vertex -37.70406918847027 -18.243586867391883 3
      vertex -38.108989272403605 -18.19243356486824 0
    endloop
  endfacet
  facet normal 0.4817536741017089 0.8763066800438671 0
    outer loop
      vertex -39.24143708368174 -17.74406575788155 3
      vertex -38.88378269758648 -17.940687920514563 3
      vertex -39.24143708368174 -17.74406575788155 0
    endloop
  endfacet
  facet normal 0.5877852522924775 0.8090169943749442 0
    outer loop
      vertex -39.57162796668324 -17.504168039021316 3
      vertex -39.24143708368174 -17.74406575788155 3
      vertex -39.57162796668324 -17.504168039021316 0
    endloop
  endfacet
  facet normal 0.684547105928686 0.7289686274214139 0
    outer loop
      vertex -39.86914803911959 -17.22477809426824 0
      vertex -39.86914803911959 -17.22477809426824 3
      vertex -39.57162796668324 -17.504168039021316 3
    endloop
  endfacet
  facet normal 0.8443279255020165 0.5358267949789943 0
    outer loop
      vertex -40.129305231718575 -16.91030206995054 0
      vertex -40.34799671014255 -16.565699440830574 3
      vertex -40.129305231718575 -16.91030206995054 3
    endloop
  endfacet
  facet normal 0.7705132427757911 0.6374239897486873 0
    outer loop
      vertex -39.86914803911959 -17.22477809426824 0
      vertex -40.129305231718575 -16.91030206995054 3
      vertex -39.86914803911959 -17.22477809426824 3
    endloop
  endfacet
  facet normal -0.12533323356430565 0.9921147013144778 0
    outer loop
      vertex -37.29593081152973 -18.243586867391883 3
      vertex -36.891010727596395 -18.19243356486824 3
      vertex -37.29593081152973 -18.243586867391883 0
    endloop
  endfacet
  facet normal -0.2486898871648574 0.9685831611286304 0
    outer loop
      vertex -36.891010727596395 -18.19243356486824 3
      vertex -36.495694768281425 -18.09093367795925 3
      vertex -36.891010727596395 -18.19243356486824 0
    endloop
  endfacet
  facet normal -0.3681245526846794 0.9297764858882509 0
    outer loop
      vertex -36.495694768281425 -18.09093367795925 3
      vertex -36.11621730241352 -17.940687920514563 3
      vertex -36.495694768281425 -18.09093367795925 0
    endloop
  endfacet
  facet normal -0.4817536741017089 0.8763066800438671 0
    outer loop
      vertex -36.11621730241352 -17.940687920514563 3
      vertex -35.75856291631826 -17.74406575788155 3
      vertex -36.11621730241352 -17.940687920514563 0
    endloop
  endfacet
  facet normal -0.5877852522924693 0.8090169943749503 0
    outer loop
      vertex -35.75856291631826 -17.74406575788155 3
      vertex -35.428372033316755 -17.504168039021316 3
      vertex -35.75856291631826 -17.74406575788155 0
    endloop
  endfacet
  facet normal -0.6845471059286948 0.7289686274214059 0
    outer loop
      vertex -35.428372033316755 -17.504168039021316 3
      vertex -35.13085196088041 -17.22477809426824 3
      vertex -35.428372033316755 -17.504168039021316 0
    endloop
  endfacet
  facet normal -0.7705132427757911 0.6374239897486873 0
    outer loop
      vertex -34.870694768281425 -16.91030206995054 0
      vertex -35.13085196088041 -17.22477809426824 3
      vertex -34.870694768281425 -16.91030206995054 3
    endloop
  endfacet
  facet normal -0.8443279255020165 0.5358267949789943 0
    outer loop
      vertex -34.65200328985745 -16.565699440830574 0
      vertex -34.870694768281425 -16.91030206995054 3
      vertex -34.65200328985745 -16.565699440830574 3
    endloop
  endfacet
  facet normal 0.9048270524660136 0.42577929156508526 0
    outer loop
      vertex -40.34799671014255 -16.565699440830574 0
      vertex -40.52177357913682 -16.196404796225202 3
      vertex -40.34799671014255 -16.565699440830574 3
    endloop
  endfacet
  facet normal 0.9510565162951573 0.3090169943749362 0
    outer loop
      vertex -40.52177357913682 -16.196404796225202 0
      vertex -40.64789527366805 -15.808242133285779 3
      vertex -40.52177357913682 -16.196404796225202 3
    endloop
  endfacet
  facet normal 0.9822872507286879 0.18738131458572846 0
    outer loop
      vertex -40.64789527366805 -15.808242133285779 0
      vertex -40.72437277927205 -15.407333009083988 3
      vertex -40.64789527366805 -15.808242133285779 3
    endloop
  endfacet
  facet normal 0.9980267284282714 0.06279051952931576 0
    outer loop
      vertex -40.72437277927205 -15.407333009083988 0
      vertex -40.75 -15 3
      vertex -40.72437277927205 -15.407333009083988 3
    endloop
  endfacet
  facet normal 0.9980267284282714 -0.06279051952931576 0
    outer loop
      vertex -40.75 -15 0
      vertex -40.72437277927205 -14.592666990916012 3
      vertex -40.75 -15 3
    endloop
  endfacet
  facet normal 0.9822872507286879 -0.18738131458572846 0
    outer loop
      vertex -40.72437277927205 -14.592666990916012 0
      vertex -40.64789527366805 -14.191757866714221 3
      vertex -40.72437277927205 -14.592666990916012 3
    endloop
  endfacet
  facet normal 0.9510565162951573 -0.3090169943749362 0
    outer loop
      vertex -40.64789527366805 -14.191757866714221 0
      vertex -40.52177357913682 -13.803595203774798 3
      vertex -40.64789527366805 -14.191757866714221 3
    endloop
  endfacet
  facet normal 0.9048270524660136 -0.42577929156508526 0
    outer loop
      vertex -40.52177357913682 -13.803595203774798 0
      vertex -40.34799671014255 -13.434300559169426 3
      vertex -40.52177357913682 -13.803595203774798 3
    endloop
  endfacet
  facet normal 0.8443279255020153 -0.5358267949789962 0
    outer loop
      vertex -40.34799671014255 -13.434300559169426 0
      vertex -40.129305231718575 -13.089697930049462 3
      vertex -40.34799671014255 -13.434300559169426 3
    endloop
  endfacet
  facet normal 0.770513242775793 -0.6374239897486852 0
    outer loop
      vertex -40.129305231718575 -13.089697930049462 0
      vertex -39.86914803911959 -12.775221905731762 3
      vertex -40.129305231718575 -13.089697930049462 3
    endloop
  endfacet
  facet normal 0.684547105928686 -0.7289686274214139 0
    outer loop
      vertex -39.57162796668324 -12.495831960978684 3
      vertex -39.86914803911959 -12.775221905731762 3
      vertex -39.57162796668324 -12.495831960978684 0
    endloop
  endfacet
  facet normal 0.5877852522924746 -0.8090169943749462 0
    outer loop
      vertex -39.24143708368174 -12.255934242118451 3
      vertex -39.57162796668324 -12.495831960978684 3
      vertex -39.24143708368174 -12.255934242118451 0
    endloop
  endfacet
  facet normal 0.48175367410171216 -0.8763066800438652 0
    outer loop
      vertex -38.88378269758648 -12.059312079485437 3
      vertex -39.24143708368174 -12.255934242118451 3
      vertex -38.88378269758648 -12.059312079485437 0
    endloop
  endfacet
  facet normal 0.3681245526846794 -0.9297764858882509 0
    outer loop
      vertex -38.504305231718575 -11.90906632204075 3
      vertex -38.88378269758648 -12.059312079485437 3
      vertex -38.504305231718575 -11.90906632204075 0
    endloop
  endfacet
  facet normal 0.2486898871648574 -0.9685831611286304 0
    outer loop
      vertex -38.108989272403605 -11.807566435131761 3
      vertex -38.504305231718575 -11.90906632204075 3
      vertex -38.108989272403605 -11.807566435131761 0
    endloop
  endfacet
  facet normal 0.12533323356430565 -0.9921147013144778 0
    outer loop
      vertex -37.70406918847027 -11.756413132608117 3
      vertex -38.108989272403605 -11.807566435131761 3
      vertex -37.70406918847027 -11.756413132608117 0
    endloop
  endfacet
  facet normal 0 -1 0
    outer loop
      vertex -37.29593081152973 -11.756413132608117 3
      vertex -37.70406918847027 -11.756413132608117 3
      vertex -37.29593081152973 -11.756413132608117 0
    endloop
  endfacet
  facet normal -0.9048270524660119 0.4257792915650886 0
    outer loop
      vertex -34.47822642086318 -16.196404796225206 0
      vertex -34.65200328985745 -16.565699440830574 3
      vertex -34.47822642086318 -16.196404796225206 3
    endloop
  endfacet
  facet normal -0.9510565162951585 0.3090169943749323 0
    outer loop
      vertex -34.35210472633195 -15.808242133285777 0
      vertex -34.47822642086318 -16.196404796225206 3
      vertex -34.35210472633195 -15.808242133285777 3
    endloop
  endfacet
  facet normal -0.9822872507286877 0.18738131458572924 0
    outer loop
      vertex -34.27562722072795 -15.407333009083988 0
      vertex -34.35210472633195 -15.808242133285777 3
      vertex -34.27562722072795 -15.407333009083988 3
    endloop
  endfacet
  facet normal -0.9980267284282714 0.06279051952931576 0
    outer loop
      vertex -34.25 -15 0
      vertex -34.27562722072795 -15.407333009083988 3
      vertex -34.25 -15 3
    endloop
  endfacet
  facet normal -0.9980267284282714 -0.06279051952931576 0
    outer loop
      vertex -34.27562722072795 -14.592666990916012 0
      vertex -34.25 -15 3
      vertex -34.27562722072795 -14.592666990916012 3
    endloop
  endfacet
  facet normal -0.9510565162951573 -0.3090169943749362 0
    outer loop
      vertex -34.47822642086318 -13.803595203774798 0
      vertex -34.35210472633195 -14.191757866714221 3
      vertex -34.47822642086318 -13.803595203774798 3
    endloop
  endfacet
  facet normal -0.9822872507286879 -0.18738131458572846 0
    outer loop
      vertex -34.35210472633195 -14.191757866714221 0
      vertex -34.27562722072795 -14.592666990916012 3
      vertex -34.35210472633195 -14.191757866714221 3
    endloop
  endfacet
  facet normal -0.5877852522924693 -0.8090169943749503 0
    outer loop
      vertex -35.428372033316755 -12.495831960978686 3
      vertex -35.75856291631826 -12.255934242118451 3
      vertex -35.428372033316755 -12.495831960978686 0
    endloop
  endfacet
  facet normal -0.9048270524660136 -0.42577929156508526 0
    outer loop
      vertex -34.65200328985745 -13.434300559169426 0
      vertex -34.47822642086318 -13.803595203774798 3
      vertex -34.65200328985745 -13.434300559169426 3
    endloop
  endfacet
  facet normal -0.8443279255020153 -0.5358267949789962 0
    outer loop
      vertex -34.870694768281425 -13.089697930049462 0
      vertex -34.65200328985745 -13.434300559169426 3
      vertex -34.870694768281425 -13.089697930049462 3
    endloop
  endfacet
  facet normal -0.770513242775793 -0.6374239897486852 0
    outer loop
      vertex -35.13085196088041 -12.775221905731762 0
      vertex -34.870694768281425 -13.089697930049462 3
      vertex -35.13085196088041 -12.775221905731762 3
    endloop
  endfacet
  facet normal -0.6845471059286924 -0.728968627421408 0
    outer loop
      vertex -35.13085196088041 -12.775221905731762 3
      vertex -35.428372033316755 -12.495831960978686 3
      vertex -35.13085196088041 -12.775221905731762 0
    endloop
  endfacet
  facet normal -0.12533323356430565 -0.9921147013144778 0
    outer loop
      vertex -36.891010727596395 -11.807566435131761 3
      vertex -37.29593081152973 -11.756413132608117 3
      vertex -36.891010727596395 -11.807566435131761 0
    endloop
  endfacet
  facet normal -0.2486898871648574 -0.9685831611286304 0
    outer loop
      vertex -36.495694768281425 -11.90906632204075 3
      vertex -36.891010727596395 -11.807566435131761 3
      vertex -36.495694768281425 -11.90906632204075 0
    endloop
  endfacet
  facet normal -0.48175367410171216 -0.8763066800438652 0
    outer loop
      vertex -35.75856291631826 -12.255934242118451 3
      vertex -36.11621730241352 -12.059312079485437 3
      vertex -35.75856291631826 -12.255934242118451 0
    endloop
  endfacet
  facet normal -0.3681245526846794 -0.9297764858882509 0
    outer loop
      vertex -36.11621730241352 -12.059312079485437 3
      vertex -36.495694768281425 -11.90906632204075 3
      vertex -36.11621730241352 -12.059312079485437 0
    endloop
  endfacet
  facet normal 0.48175367410171255 0.876306680043865 0
    outer loop
      vertex -23.883782697586486 -17.940687920514563 0
      vertex -24.24143708368174 -17.74406575788155 0
      vertex -23.883782697586486 -17.940687920514563 3
    endloop
  endfacet
  facet normal 0.3681245526846794 0.9297764858882509 0
    outer loop
      vertex -23.50430523171858 -18.09093367795925 0
      vertex -23.883782697586486 -17.940687920514563 0
      vertex -23.50430523171858 -18.09093367795925 3
    endloop
  endfacet
  facet normal 0.12533323356430565 0.9921147013144778 0
    outer loop
      vertex -22.70406918847027 -18.243586867391883 0
      vertex -23.108989272403605 -18.19243356486824 0
      vertex -22.70406918847027 -18.243586867391883 3
    endloop
  endfacet
  facet normal 0 1 0
    outer loop
      vertex -22.29593081152973 -18.243586867391883 0
      vertex -22.70406918847027 -18.243586867391883 0
      vertex -22.29593081152973 -18.243586867391883 3
    endloop
  endfacet
  facet normal 0.24868988716485532 0.9685831611286311 0
    outer loop
      vertex -23.108989272403605 -18.19243356486824 0
      vertex -23.50430523171858 -18.09093367795925 0
      vertex -23.108989272403605 -18.19243356486824 3
    endloop
  endfacet
  facet normal 0.5877852522924732 0.8090169943749472 0
    outer loop
      vertex -24.24143708368174 -17.74406575788155 0
      vertex -24.57162796668324 -17.504168039021316 0
      vertex -24.24143708368174 -17.74406575788155 3
    endloop
  endfacet
  facet normal 0.6845471059286905 0.7289686274214099 0
    outer loop
      vertex -24.57162796668324 -17.504168039021316 0
      vertex -24.869148039119587 -17.22477809426824 0
      vertex -24.57162796668324 -17.504168039021316 3
    endloop
  endfacet
  facet normal 0.8443279255020165 0.5358267949789943 0
    outer loop
      vertex -25.12930523171858 -16.91030206995054 0
      vertex -25.347996710142557 -16.565699440830574 0
      vertex -25.347996710142557 -16.565699440830574 3
    endloop
  endfacet
  facet normal 0.7705132427757868 0.6374239897486924 0
    outer loop
      vertex -24.869148039119587 -17.22477809426824 0
      vertex -25.12930523171858 -16.91030206995054 0
      vertex -25.12930523171858 -16.91030206995054 3
    endloop
  endfacet
  facet normal -0.12533323356430565 0.9921147013144778 0
    outer loop
      vertex -21.891010727596395 -18.19243356486824 0
      vertex -22.29593081152973 -18.243586867391883 0
      vertex -21.891010727596395 -18.19243356486824 3
    endloop
  endfacet
  facet normal -0.24868988716485532 0.9685831611286311 0
    outer loop
      vertex -21.49569476828142 -18.09093367795925 0
      vertex -21.891010727596395 -18.19243356486824 0
      vertex -21.49569476828142 -18.09093367795925 3
    endloop
  endfacet
  facet normal -0.3681245526846794 0.9297764858882509 0
    outer loop
      vertex -21.116217302413514 -17.940687920514563 0
      vertex -21.49569476828142 -18.09093367795925 0
      vertex -21.116217302413514 -17.940687920514563 3
    endloop
  endfacet
  facet normal -0.48175367410171255 0.876306680043865 0
    outer loop
      vertex -20.75856291631826 -17.74406575788155 0
      vertex -21.116217302413514 -17.940687920514563 0
      vertex -20.75856291631826 -17.74406575788155 3
    endloop
  endfacet
  facet normal -0.5877852522924732 0.8090169943749472 0
    outer loop
      vertex -20.42837203331676 -17.504168039021316 0
      vertex -20.75856291631826 -17.74406575788155 0
      vertex -20.42837203331676 -17.504168039021316 3
    endloop
  endfacet
  facet normal -0.6845471059286905 0.7289686274214099 0
    outer loop
      vertex -20.130851960880413 -17.22477809426824 0
      vertex -20.42837203331676 -17.504168039021316 0
      vertex -20.130851960880413 -17.22477809426824 3
    endloop
  endfacet
  facet normal -0.7705132427757868 0.6374239897486924 0
    outer loop
      vertex -20.130851960880413 -17.22477809426824 0
      vertex -20.130851960880413 -17.22477809426824 3
      vertex -19.87069476828142 -16.91030206995054 0
    endloop
  endfacet
  facet normal -0.8443279255020165 0.5358267949789943 0
    outer loop
      vertex -19.652003289857443 -16.565699440830574 0
      vertex -19.87069476828142 -16.91030206995054 0
      vertex -19.87069476828142 -16.91030206995054 3
    endloop
  endfacet
  facet normal 0.9048270524660204 0.42577929156507105 0
    outer loop
      vertex -25.347996710142557 -16.565699440830574 0
      vertex -25.521773579136816 -16.196404796225202 0
      vertex -25.521773579136816 -16.196404796225202 3
    endloop
  endfacet
  facet normal 0.9510565162951522 0.3090169943749519 0
    outer loop
      vertex -25.521773579136816 -16.196404796225202 0
      vertex -25.647895273668052 -15.808242133285779 0
      vertex -25.647895273668052 -15.808242133285779 3
    endloop
  endfacet
  facet normal 0.9822872507286895 0.18738131458572005 0
    outer loop
      vertex -25.647895273668052 -15.808242133285779 0
      vertex -25.724372779272052 -15.407333009083988 0
      vertex -25.724372779272052 -15.407333009083988 3
    endloop
  endfacet
  facet normal 0.9980267284282714 0.06279051952931576 0
    outer loop
      vertex -25.724372779272052 -15.407333009083988 0
      vertex -25.75 -15 0
      vertex -25.75 -15 3
    endloop
  endfacet
  facet normal 0.9980267284282714 -0.06279051952931576 0
    outer loop
      vertex -25.75 -15 0
      vertex -25.724372779272052 -14.592666990916012 0
      vertex -25.724372779272052 -14.592666990916012 3
    endloop
  endfacet
  facet normal 0.9822872507286895 -0.18738131458572005 0
    outer loop
      vertex -25.724372779272052 -14.592666990916012 0
      vertex -25.647895273668052 -14.191757866714221 0
      vertex -25.647895273668052 -14.191757866714221 3
    endloop
  endfacet
  facet normal 0.9510565162951522 -0.3090169943749519 0
    outer loop
      vertex -25.647895273668052 -14.191757866714221 0
      vertex -25.521773579136816 -13.803595203774798 0
      vertex -25.521773579136816 -13.803595203774798 3
    endloop
  endfacet
  facet normal 0.9048270524660204 -0.42577929156507105 0
    outer loop
      vertex -25.521773579136816 -13.803595203774798 0
      vertex -25.347996710142557 -13.434300559169426 0
      vertex -25.347996710142557 -13.434300559169426 3
    endloop
  endfacet
  facet normal 0.8443279255020153 -0.5358267949789962 0
    outer loop
      vertex -25.347996710142557 -13.434300559169426 0
      vertex -25.12930523171858 -13.089697930049462 0
      vertex -25.12930523171858 -13.089697930049462 3
    endloop
  endfacet
  facet normal 0.7705132427757887 -0.6374239897486903 0
    outer loop
      vertex -25.12930523171858 -13.089697930049462 0
      vertex -24.869148039119587 -12.775221905731762 0
      vertex -24.869148039119587 -12.775221905731762 3
    endloop
  endfacet
  facet normal 0.6845471059286905 -0.7289686274214099 0
    outer loop
      vertex -24.869148039119587 -12.775221905731762 0
      vertex -24.57162796668324 -12.495831960978684 0
      vertex -24.869148039119587 -12.775221905731762 3
    endloop
  endfacet
  facet normal 0.5877852522924706 -0.8090169943749493 0
    outer loop
      vertex -24.57162796668324 -12.495831960978684 0
      vertex -24.24143708368174 -12.255934242118451 0
      vertex -24.57162796668324 -12.495831960978684 3
    endloop
  endfacet
  facet normal 0.4817536741017158 -0.8763066800438631 0
    outer loop
      vertex -24.24143708368174 -12.255934242118451 0
      vertex -23.883782697586486 -12.059312079485437 0
      vertex -24.24143708368174 -12.255934242118451 3
    endloop
  endfacet
  facet normal 0.3681245526846794 -0.9297764858882509 0
    outer loop
      vertex -23.883782697586486 -12.059312079485437 0
      vertex -23.50430523171858 -11.90906632204075 0
      vertex -23.883782697586486 -12.059312079485437 3
    endloop
  endfacet
  facet normal 0.24868988716485532 -0.9685831611286311 0
    outer loop
      vertex -23.50430523171858 -11.90906632204075 0
      vertex -23.108989272403605 -11.807566435131761 0
      vertex -23.50430523171858 -11.90906632204075 3
    endloop
  endfacet
  facet normal 0.12533323356430456 -0.9921147013144779 0
    outer loop
      vertex -23.108989272403605 -11.807566435131761 0
      vertex -22.704069188470267 -11.756413132608117 0
      vertex -23.108989272403605 -11.807566435131761 3
    endloop
  endfacet
  facet normal 0 -1 0
    outer loop
      vertex -22.704069188470267 -11.756413132608117 0
      vertex -22.295930811529733 -11.756413132608117 0
      vertex -22.704069188470267 -11.756413132608117 3
    endloop
  endfacet
  facet normal -0.9048270524660187 0.4257792915650743 0
    outer loop
      vertex -19.478226420863184 -16.196404796225206 0
      vertex -19.652003289857443 -16.565699440830574 0
      vertex -19.652003289857443 -16.565699440830574 3
    endloop
  endfacet
  facet normal -0.9510565162951533 0.309016994374948 0
    outer loop
      vertex -19.352104726331948 -15.808242133285777 0
      vertex -19.478226420863184 -16.196404796225206 0
      vertex -19.478226420863184 -16.196404796225206 3
    endloop
  endfacet
  facet normal -0.9822872507286893 0.18738131458572083 0
    outer loop
      vertex -19.275627220727948 -15.407333009083988 0
      vertex -19.352104726331948 -15.808242133285777 0
      vertex -19.352104726331948 -15.808242133285777 3
    endloop
  endfacet
  facet normal -0.9980267284282714 0.06279051952931576 0
    outer loop
      vertex -19.25 -15 0
      vertex -19.275627220727948 -15.407333009083988 0
      vertex -19.275627220727948 -15.407333009083988 3
    endloop
  endfacet
  facet normal -0.9980267284282714 -0.06279051952931576 0
    outer loop
      vertex -19.275627220727948 -14.592666990916012 0
      vertex -19.25 -15 0
      vertex -19.25 -15 3
    endloop
  endfacet
  facet normal -0.9822872507286895 -0.18738131458572005 0
    outer loop
      vertex -19.352104726331948 -14.191757866714221 0
      vertex -19.275627220727948 -14.592666990916012 0
      vertex -19.275627220727948 -14.592666990916012 3
    endloop
  endfacet
  facet normal -0.9510565162951522 -0.3090169943749519 0
    outer loop
      vertex -19.478226420863184 -13.803595203774798 0
      vertex -19.352104726331948 -14.191757866714221 0
      vertex -19.352104726331948 -14.191757866714221 3
    endloop
  endfacet
  facet normal -0.9048270524660204 -0.42577929156507105 0
    outer loop
      vertex -19.652003289857443 -13.434300559169426 0
      vertex -19.478226420863184 -13.803595203774798 0
      vertex -19.478226420863184 -13.803595203774798 3
    endloop
  endfacet
  facet normal -0.8443279255020153 -0.5358267949789962 0
    outer loop
      vertex -19.87069476828142 -13.089697930049462 0
      vertex -19.652003289857443 -13.434300559169426 0
      vertex -19.652003289857443 -13.434300559169426 3
    endloop
  endfacet
  facet normal -0.7705132427757887 -0.6374239897486903 0
    outer loop
      vertex -20.130851960880413 -12.775221905731762 0
      vertex -19.87069476828142 -13.089697930049462 0
      vertex -19.87069476828142 -13.089697930049462 3
    endloop
  endfacet
  facet normal -0.6845471059286881 -0.7289686274214121 0
    outer loop
      vertex -20.42837203331676 -12.495831960978686 0
      vertex -20.130851960880413 -12.775221905731762 0
      vertex -20.42837203331676 -12.495831960978686 3
    endloop
  endfacet
  facet normal -0.12533323356430456 -0.9921147013144779 0
    outer loop
      vertex -22.295930811529733 -11.756413132608117 0
      vertex -21.891010727596395 -11.807566435131761 0
      vertex -22.295930811529733 -11.756413132608117 3
    endloop
  endfacet
  facet normal -0.24868988716485532 -0.9685831611286311 0
    outer loop
      vertex -21.891010727596395 -11.807566435131761 0
      vertex -21.49569476828142 -11.90906632204075 0
      vertex -21.891010727596395 -11.807566435131761 3
    endloop
  endfacet
  facet normal -0.4817536741017158 -0.8763066800438631 0
    outer loop
      vertex -21.116217302413514 -12.059312079485437 0
      vertex -20.75856291631826 -12.255934242118451 0
      vertex -21.116217302413514 -12.059312079485437 3
    endloop
  endfacet
  facet normal -0.5877852522924732 -0.8090169943749472 0
    outer loop
      vertex -20.75856291631826 -12.255934242118451 0
      vertex -20.42837203331676 -12.495831960978686 0
      vertex -20.75856291631826 -12.255934242118451 3
    endloop
  endfacet
  facet normal -0.3681245526846794 -0.9297764858882509 0
    outer loop
      vertex -21.49569476828142 -11.90906632204075 0
      vertex -21.116217302413514 -12.059312079485437 0
      vertex -21.49569476828142 -11.90906632204075 3
    endloop
  endfacet
  facet normal 0.3681245526846794 0.9297764858882509 0
    outer loop
      vertex -23.883782697586486 -17.940687920514563 3
      vertex -23.50430523171858 -18.09093367795925 3
      vertex -23.883782697586486 -17.940687920514563 0
    endloop
  endfacet
  facet normal 0.24868988716485532 0.9685831611286311 0
    outer loop
      vertex -23.50430523171858 -18.09093367795925 3
      vertex -23.108989272403605 -18.19243356486824 3
      vertex -23.50430523171858 -18.09093367795925 0
    endloop
  endfacet
  facet normal 0 1 0
    outer loop
      vertex -22.70406918847027 -18.243586867391883 3
      vertex -22.29593081152973 -18.243586867391883 3
      vertex -22.70406918847027 -18.243586867391883 0
    endloop
  endfacet
  facet normal 0.12533323356430565 0.9921147013144778 0
    outer loop
      vertex -23.108989272403605 -18.19243356486824 3
      vertex -22.70406918847027 -18.243586867391883 3
      vertex -23.108989272403605 -18.19243356486824 0
    endloop
  endfacet
  facet normal 0.5877852522924732 0.8090169943749472 0
    outer loop
      vertex -24.57162796668324 -17.504168039021316 3
      vertex -24.24143708368174 -17.74406575788155 3
      vertex -24.57162796668324 -17.504168039021316 0
    endloop
  endfacet
  facet normal 0.6845471059286905 0.7289686274214099 0
    outer loop
      vertex -24.869148039119587 -17.22477809426824 3
      vertex -24.57162796668324 -17.504168039021316 3
      vertex -24.869148039119587 -17.22477809426824 0
    endloop
  endfacet
  facet normal 0.8443279255020165 0.5358267949789943 0
    outer loop
      vertex -25.12930523171858 -16.91030206995054 0
      vertex -25.347996710142557 -16.565699440830574 3
      vertex -25.12930523171858 -16.91030206995054 3
    endloop
  endfacet
  facet normal 0.7705132427757868 0.6374239897486924 0
    outer loop
      vertex -24.869148039119587 -17.22477809426824 0
      vertex -25.12930523171858 -16.91030206995054 3
      vertex -24.869148039119587 -17.22477809426824 3
    endloop
  endfacet
  facet normal 0.48175367410171255 0.876306680043865 0
    outer loop
      vertex -24.24143708368174 -17.74406575788155 3
      vertex -23.883782697586486 -17.940687920514563 3
      vertex -24.24143708368174 -17.74406575788155 0
    endloop
  endfacet
  facet normal -0.12533323356430565 0.9921147013144778 0
    outer loop
      vertex -22.29593081152973 -18.243586867391883 3
      vertex -21.891010727596395 -18.19243356486824 3
      vertex -22.29593081152973 -18.243586867391883 0
    endloop
  endfacet
  facet normal -0.24868988716485532 0.9685831611286311 0
    outer loop
      vertex -21.891010727596395 -18.19243356486824 3
      vertex -21.49569476828142 -18.09093367795925 3
      vertex -21.891010727596395 -18.19243356486824 0
    endloop
  endfacet
  facet normal -0.3681245526846794 0.9297764858882509 0
    outer loop
      vertex -21.49569476828142 -18.09093367795925 3
      vertex -21.116217302413514 -17.940687920514563 3
      vertex -21.49569476828142 -18.09093367795925 0
    endloop
  endfacet
  facet normal -0.48175367410171255 0.876306680043865 0
    outer loop
      vertex -21.116217302413514 -17.940687920514563 3
      vertex -20.75856291631826 -17.74406575788155 3
      vertex -21.116217302413514 -17.940687920514563 0
    endloop
  endfacet
  facet normal -0.5877852522924732 0.8090169943749472 0
    outer loop
      vertex -20.75856291631826 -17.74406575788155 3
      vertex -20.42837203331676 -17.504168039021316 3
      vertex -20.75856291631826 -17.74406575788155 0
    endloop
  endfacet
  facet normal -0.6845471059286905 0.7289686274214099 0
    outer loop
      vertex -20.42837203331676 -17.504168039021316 3
      vertex -20.130851960880413 -17.22477809426824 3
      vertex -20.42837203331676 -17.504168039021316 0
    endloop
  endfacet
  facet normal -0.7705132427757868 0.6374239897486924 0
    outer loop
      vertex -19.87069476828142 -16.91030206995054 0
      vertex -20.130851960880413 -17.22477809426824 3
      vertex -19.87069476828142 -16.91030206995054 3
    endloop
  endfacet
  facet normal -0.8443279255020165 0.5358267949789943 0
    outer loop
      vertex -19.652003289857443 -16.565699440830574 0
      vertex -19.87069476828142 -16.91030206995054 3
      vertex -19.652003289857443 -16.565699440830574 3
    endloop
  endfacet
  facet normal 0.9048270524660204 0.42577929156507105 0
    outer loop
      vertex -25.347996710142557 -16.565699440830574 0
      vertex -25.521773579136816 -16.196404796225202 3
      vertex -25.347996710142557 -16.565699440830574 3
    endloop
  endfacet
  facet normal 0.9510565162951522 0.3090169943749519 0
    outer loop
      vertex -25.521773579136816 -16.196404796225202 0
      vertex -25.647895273668052 -15.808242133285779 3
      vertex -25.521773579136816 -16.196404796225202 3
    endloop
  endfacet
  facet normal 0.9822872507286895 0.18738131458572005 0
    outer loop
      vertex -25.647895273668052 -15.808242133285779 0
      vertex -25.724372779272052 -15.407333009083988 3
      vertex -25.647895273668052 -15.808242133285779 3
    endloop
  endfacet
  facet normal 0.9980267284282714 0.06279051952931576 0
    outer loop
      vertex -25.724372779272052 -15.407333009083988 0
      vertex -25.75 -15 3
      vertex -25.724372779272052 -15.407333009083988 3
    endloop
  endfacet
  facet normal 0.9980267284282714 -0.06279051952931576 0
    outer loop
      vertex -25.75 -15 0
      vertex -25.724372779272052 -14.592666990916012 3
      vertex -25.75 -15 3
    endloop
  endfacet
  facet normal 0.9822872507286895 -0.18738131458572005 0
    outer loop
      vertex -25.724372779272052 -14.592666990916012 0
      vertex -25.647895273668052 -14.191757866714221 3
      vertex -25.724372779272052 -14.592666990916012 3
    endloop
  endfacet
  facet normal 0.9510565162951522 -0.3090169943749519 0
    outer loop
      vertex -25.647895273668052 -14.191757866714221 0
      vertex -25.521773579136816 -13.803595203774798 3
      vertex -25.647895273668052 -14.191757866714221 3
    endloop
  endfacet
  facet normal 0.9048270524660204 -0.42577929156507105 0
    outer loop
      vertex -25.521773579136816 -13.803595203774798 0
      vertex -25.347996710142557 -13.434300559169426 3
      vertex -25.521773579136816 -13.803595203774798 3
    endloop
  endfacet
  facet normal 0.8443279255020153 -0.5358267949789962 0
    outer loop
      vertex -25.347996710142557 -13.434300559169426 0
      vertex -25.12930523171858 -13.089697930049462 3
      vertex -25.347996710142557 -13.434300559169426 3
    endloop
  endfacet
  facet normal 0.7705132427757887 -0.6374239897486903 0
    outer loop
      vertex -25.12930523171858 -13.089697930049462 0
      vertex -24.869148039119587 -12.775221905731762 3
      vertex -25.12930523171858 -13.089697930049462 3
    endloop
  endfacet
  facet normal 0.6845471059286905 -0.7289686274214099 0
    outer loop
      vertex -24.57162796668324 -12.495831960978684 3
      vertex -24.869148039119587 -12.775221905731762 3
      vertex -24.57162796668324 -12.495831960978684 0
    endloop
  endfacet
  facet normal 0.5877852522924706 -0.8090169943749493 0
    outer loop
      vertex -24.24143708368174 -12.255934242118451 3
      vertex -24.57162796668324 -12.495831960978684 3
      vertex -24.24143708368174 -12.255934242118451 0
    endloop
  endfacet
  facet normal 0.4817536741017158 -0.8763066800438631 0
    outer loop
      vertex -23.883782697586486 -12.059312079485437 3
      vertex -24.24143708368174 -12.255934242118451 3
      vertex -23.883782697586486 -12.059312079485437 0
    endloop
  endfacet
  facet normal 0.3681245526846794 -0.9297764858882509 0
    outer loop
      vertex -23.50430523171858 -11.90906632204075 3
      vertex -23.883782697586486 -12.059312079485437 3
      vertex -23.50430523171858 -11.90906632204075 0
    endloop
  endfacet
  facet normal 0.24868988716485532 -0.9685831611286311 0
    outer loop
      vertex -23.108989272403605 -11.807566435131761 3
      vertex -23.50430523171858 -11.90906632204075 3
      vertex -23.108989272403605 -11.807566435131761 0
    endloop
  endfacet
  facet normal 0.12533323356430456 -0.9921147013144779 0
    outer loop
      vertex -22.704069188470267 -11.756413132608117 3
      vertex -23.108989272403605 -11.807566435131761 3
      vertex -22.704069188470267 -11.756413132608117 0
    endloop
  endfacet
  facet normal 0 -1 0
    outer loop
      vertex -22.295930811529733 -11.756413132608117 3
      vertex -22.704069188470267 -11.756413132608117 3
      vertex -22.295930811529733 -11.756413132608117 0
    endloop
  endfacet
  facet normal -0.9048270524660187 0.4257792915650743 0
    outer loop
      vertex -19.478226420863184 -16.196404796225206 0
      vertex -19.652003289857443 -16.565699440830574 3
      vertex -19.478226420863184 -16.196404796225206 3
    endloop
  endfacet
  facet normal -0.9510565162951533 0.309016994374948 0
    outer loop
      vertex -19.352104726331948 -15.808242133285777 0
      vertex -19.478226420863184 -16.196404796225206 3
      vertex -19.352104726331948 -15.808242133285777 3
    endloop
  endfacet
  facet normal -0.9822872507286893 0.18738131458572083 0
    outer loop
      vertex -19.275627220727948 -15.407333009083988 0
      vertex -19.352104726331948 -15.808242133285777 3
      vertex -19.275627220727948 -15.407333009083988 3
    endloop
  endfacet
  facet normal -0.9980267284282714 0.06279051952931576 0
    outer loop
      vertex -19.25 -15 0
      vertex -19.275627220727948 -15.407333009083988 3
      vertex -19.25 -15 3
    endloop
  endfacet
  facet normal -0.9980267284282714 -0.06279051952931576 0
    outer loop
      vertex -19.275627220727948 -14.592666990916012 0
      vertex -19.25 -15 3
      vertex -19.275627220727948 -14.592666990916012 3
    endloop
  endfacet
  facet normal -0.9822872507286895 -0.18738131458572005 0
    outer loop
      vertex -19.352104726331948 -14.191757866714221 0
      vertex -19.275627220727948 -14.592666990916012 3
      vertex -19.352104726331948 -14.191757866714221 3
    endloop
  endfacet
  facet normal -0.9510565162951522 -0.3090169943749519 0
    outer loop
      vertex -19.478226420863184 -13.803595203774798 0
      vertex -19.352104726331948 -14.191757866714221 3
      vertex -19.478226420863184 -13.803595203774798 3
    endloop
  endfacet
  facet normal -0.5877852522924732 -0.8090169943749472 0
    outer loop
      vertex -20.42837203331676 -12.495831960978686 3
      vertex -20.75856291631826 -12.255934242118451 3
      vertex -20.42837203331676 -12.495831960978686 0
    endloop
  endfacet
  facet normal -0.9048270524660204 -0.42577929156507105 0
    outer loop
      vertex -19.652003289857443 -13.434300559169426 0
      vertex -19.478226420863184 -13.803595203774798 3
      vertex -19.652003289857443 -13.434300559169426 3
    endloop
  endfacet
  facet normal -0.8443279255020153 -0.5358267949789962 0
    outer loop
      vertex -19.87069476828142 -13.089697930049462 0
      vertex -19.652003289857443 -13.434300559169426 3
      vertex -19.87069476828142 -13.089697930049462 3
    endloop
  endfacet
  facet normal -0.7705132427757887 -0.6374239897486903 0
    outer loop
      vertex -20.130851960880413 -12.775221905731762 0
      vertex -19.87069476828142 -13.089697930049462 3
      vertex -20.130851960880413 -12.775221905731762 3
    endloop
  endfacet
  facet normal -0.6845471059286881 -0.7289686274214121 0
    outer loop
      vertex -20.130851960880413 -12.775221905731762 3
      vertex -20.42837203331676 -12.495831960978686 3
      vertex -20.130851960880413 -12.775221905731762 0
    endloop
  endfacet
  facet normal -0.12533323356430456 -0.9921147013144779 0
    outer loop
      vertex -21.891010727596395 -11.807566435131761 3
      vertex -22.295930811529733 -11.756413132608117 3
      vertex -21.891010727596395 -11.807566435131761 0
    endloop
  endfacet
  facet normal -0.24868988716485532 -0.9685831611286311 0
    outer loop
      vertex -21.49569476828142 -11.90906632204075 3
      vertex -21.891010727596395 -11.807566435131761 3
      vertex -21.49569476828142 -11.90906632204075 0
    endloop
  endfacet
  facet normal -0.4817536741017158 -0.8763066800438631 0
    outer loop
      vertex -20.75856291631826 -12.255934242118451 3
      vertex -21.116217302413514 -12.059312079485437 3
      vertex -20.75856291631826 -12.255934242118451 0
    endloop
  endfacet
  facet normal -0.3681245526846794 -0.9297764858882509 0
    outer loop
      vertex -21.116217302413514 -12.059312079485437 3
      vertex -21.49569476828142 -11.90906632204075 3
      vertex -21.116217302413514 -12.059312079485437 0
    endloop
  endfacet
  facet normal 0.4817536741017107 0.8763066800438661 0
    outer loop
      vertex -8.883782697586486 -17.940687920514563 0
      vertex -9.24143708368174 -17.74406575788155 0
      vertex -8.883782697586486 -17.940687920514563 3
    endloop
  endfacet
  facet normal 0.3681245526846794 0.9297764858882509 0
    outer loop
      vertex -8.504305231718579 -18.09093367795925 0
      vertex -8.883782697586486 -17.940687920514563 0
      vertex -8.504305231718579 -18.09093367795925 3
    endloop
  endfacet
  facet normal 0.12533323356430537 0.9921147013144778 0
    outer loop
      vertex -7.70406918847027 -18.243586867391883 0
      vertex -8.108989272403605 -18.19243356486824 0
      vertex -7.70406918847027 -18.243586867391883 3
    endloop
  endfacet
  facet normal 0.24868988716485532 0.9685831611286311 0
    outer loop
      vertex -8.108989272403605 -18.19243356486824 0
      vertex -8.504305231718579 -18.09093367795925 0
      vertex -8.108989272403605 -18.19243356486824 3
    endloop
  endfacet
  facet normal 0.5877852522924755 0.8090169943749458 0
    outer loop
      vertex -9.24143708368174 -17.74406575788155 0
      vertex -9.571627966683241 -17.504168039021316 0
      vertex -9.24143708368174 -17.74406575788155 3
    endloop
  endfacet
  facet normal 0.6845471059286882 0.7289686274214119 0
    outer loop
      vertex -9.571627966683241 -17.504168039021316 0
      vertex -9.869148039119588 -17.22477809426824 0
      vertex -9.571627966683241 -17.504168039021316 3
    endloop
  endfacet
  facet normal 0.8443279255020165 0.5358267949789943 0
    outer loop
      vertex -10.129305231718579 -16.91030206995054 0
      vertex -10.347996710142557 -16.565699440830574 0
      vertex -10.347996710142557 -16.565699440830574 3
    endloop
  endfacet
  facet normal 0.7705132427757891 0.63742398974869 0
    outer loop
      vertex -9.869148039119588 -17.22477809426824 0
      vertex -10.129305231718579 -16.91030206995054 0
      vertex -10.129305231718579 -16.91030206995054 3
    endloop
  endfacet
  facet normal 0 1 0
    outer loop
      vertex -7.29593081152973 -18.243586867391883 0
      vertex -7.70406918847027 -18.243586867391883 0
      vertex -7.29593081152973 -18.243586867391883 3
    endloop
  endfacet
  facet normal -0.12533323356430506 0.9921147013144777 0
    outer loop
      vertex -6.891010727596394 -18.19243356486824 0
      vertex -7.29593081152973 -18.243586867391883 0
      vertex -6.891010727596394 -18.19243356486824 3
    endloop
  endfacet
  facet normal -0.24868988716485582 0.9685831611286307 0
    outer loop
      vertex -6.495694768281421 -18.09093367795925 0
      vertex -6.891010727596394 -18.19243356486824 0
      vertex -6.495694768281421 -18.09093367795925 3
    endloop
  endfacet
  facet normal -0.36812455268468014 0.9297764858882506 0
    outer loop
      vertex -6.1162173024135145 -17.940687920514563 0
      vertex -6.495694768281421 -18.09093367795925 0
      vertex -6.1162173024135145 -17.940687920514563 3
    endloop
  endfacet
  facet normal -0.48175367410171255 0.876306680043865 0
    outer loop
      vertex -5.758562916318263 -17.74406575788155 0
      vertex -6.1162173024135145 -17.940687920514563 0
      vertex -5.758562916318263 -17.74406575788155 3
    endloop
  endfacet
  facet normal -0.5877852522924712 0.8090169943749488 0
    outer loop
      vertex -5.428372033316758 -17.504168039021316 0
      vertex -5.758562916318263 -17.74406575788155 0
      vertex -5.428372033316758 -17.504168039021316 3
    endloop
  endfacet
  facet normal -0.6845471059286894 0.7289686274214109 0
    outer loop
      vertex -5.1308519608804115 -17.22477809426824 0
      vertex -5.428372033316758 -17.504168039021316 0
      vertex -5.1308519608804115 -17.22477809426824 3
    endloop
  endfacet
  facet normal -0.7705132427757891 0.63742398974869 0
    outer loop
      vertex -5.1308519608804115 -17.22477809426824 0
      vertex -5.1308519608804115 -17.22477809426824 3
      vertex -4.870694768281421 -16.91030206995054 0
    endloop
  endfacet
  facet normal -0.8443279255020165 0.5358267949789943 0
    outer loop
      vertex -4.6520032898574435 -16.565699440830574 0
      vertex -4.870694768281421 -16.91030206995054 0
      vertex -4.870694768281421 -16.91030206995054 3
    endloop
  endfacet
  facet normal 0.9048270524660204 0.42577929156507105 0
    outer loop
      vertex -10.347996710142557 -16.565699440830574 0
      vertex -10.521773579136816 -16.196404796225202 0
      vertex -10.521773579136816 -16.196404796225202 3
    endloop
  endfacet
  facet normal 0.9510565162951522 0.3090169943749519 0
    outer loop
      vertex -10.521773579136816 -16.196404796225202 0
      vertex -10.647895273668052 -15.808242133285779 0
      vertex -10.647895273668052 -15.808242133285779 3
    endloop
  endfacet
  facet normal 0.9822872507286895 0.18738131458572005 0
    outer loop
      vertex -10.647895273668052 -15.808242133285779 0
      vertex -10.724372779272052 -15.407333009083988 0
      vertex -10.724372779272052 -15.407333009083988 3
    endloop
  endfacet
  facet normal 0.9980267284282714 0.06279051952931576 0
    outer loop
      vertex -10.724372779272052 -15.407333009083988 0
      vertex -10.75 -15 0
      vertex -10.75 -15 3
    endloop
  endfacet
  facet normal 0.9980267284282714 -0.06279051952931576 0
    outer loop
      vertex -10.75 -15 0
      vertex -10.724372779272052 -14.592666990916012 0
      vertex -10.724372779272052 -14.592666990916012 3
    endloop
  endfacet
  facet normal 0.9822872507286895 -0.18738131458572005 0
    outer loop
      vertex -10.724372779272052 -14.592666990916012 0
      vertex -10.647895273668052 -14.191757866714221 0
      vertex -10.647895273668052 -14.191757866714221 3
    endloop
  endfacet
  facet normal 0.9510565162951522 -0.3090169943749519 0
    outer loop
      vertex -10.647895273668052 -14.191757866714221 0
      vertex -10.521773579136816 -13.803595203774798 0
      vertex -10.521773579136816 -13.803595203774798 3
    endloop
  endfacet
  facet normal 0.9048270524660204 -0.42577929156507105 0
    outer loop
      vertex -10.521773579136816 -13.803595203774798 0
      vertex -10.347996710142557 -13.434300559169426 0
      vertex -10.347996710142557 -13.434300559169426 3
    endloop
  endfacet
  facet normal 0.8443279255020153 -0.5358267949789962 0
    outer loop
      vertex -10.347996710142557 -13.434300559169426 0
      vertex -10.129305231718579 -13.089697930049462 0
      vertex -10.129305231718579 -13.089697930049462 3
    endloop
  endfacet
  facet normal 0.7705132427757908 -0.6374239897486877 0
    outer loop
      vertex -10.129305231718579 -13.089697930049462 0
      vertex -9.869148039119588 -12.775221905731762 0
      vertex -9.869148039119588 -12.775221905731762 3
    endloop
  endfacet
  facet normal 0.6845471059286882 -0.7289686274214119 0
    outer loop
      vertex -9.869148039119588 -12.775221905731762 0
      vertex -9.571627966683241 -12.495831960978684 0
      vertex -9.869148039119588 -12.775221905731762 3
    endloop
  endfacet
  facet normal 0.5877852522924726 -0.8090169943749478 0
    outer loop
      vertex -9.571627966683241 -12.495831960978684 0
      vertex -9.24143708368174 -12.255934242118451 0
      vertex -9.571627966683241 -12.495831960978684 3
    endloop
  endfacet
  facet normal 0.4817536741017141 -0.8763066800438644 0
    outer loop
      vertex -9.24143708368174 -12.255934242118451 0
      vertex -8.883782697586486 -12.059312079485437 0
      vertex -9.24143708368174 -12.255934242118451 3
    endloop
  endfacet
  facet normal 0.3681245526846794 -0.9297764858882509 0
    outer loop
      vertex -8.883782697586486 -12.059312079485437 0
      vertex -8.504305231718579 -11.90906632204075 0
      vertex -8.883782697586486 -12.059312079485437 3
    endloop
  endfacet
  facet normal 0.24868988716485532 -0.9685831611286311 0
    outer loop
      vertex -8.504305231718579 -11.90906632204075 0
      vertex -8.108989272403605 -11.807566435131761 0
      vertex -8.504305231718579 -11.90906632204075 3
    endloop
  endfacet
  facet normal 0.1253332335643048 -0.9921147013144778 0
    outer loop
      vertex -8.108989272403605 -11.807566435131761 0
      vertex -7.704069188470268 -11.756413132608117 0
      vertex -8.108989272403605 -11.807566435131761 3
    endloop
  endfacet
  facet normal 0 -1 0
    outer loop
      vertex -7.704069188470268 -11.756413132608117 0
      vertex -7.295930811529732 -11.756413132608117 0
      vertex -7.704069188470268 -11.756413132608117 3
    endloop
  endfacet
  facet normal -0.9048270524660187 0.4257792915650743 0
    outer loop
      vertex -4.478226420863184 -16.196404796225206 0
      vertex -4.6520032898574435 -16.565699440830574 0
      vertex -4.6520032898574435 -16.565699440830574 3
    endloop
  endfacet
  facet normal -0.9510565162951533 0.309016994374948 0
    outer loop
      vertex -4.352104726331948 -15.808242133285777 0
      vertex -4.478226420863184 -16.196404796225206 0
      vertex -4.478226420863184 -16.196404796225206 3
    endloop
  endfacet
  facet normal -0.9822872507286889 0.18738131458572294 0
    outer loop
      vertex -4.275627220727947 -15.407333009083988 0
      vertex -4.352104726331948 -15.808242133285777 0
      vertex -4.352104726331948 -15.808242133285777 3
    endloop
  endfacet
  facet normal -0.9980267284282716 0.0627905195293136 0
    outer loop
      vertex -4.25 -15 0
      vertex -4.275627220727947 -15.407333009083988 0
      vertex -4.275627220727947 -15.407333009083988 3
    endloop
  endfacet
  facet normal -0.9980267284282716 -0.0627905195293136 0
    outer loop
      vertex -4.275627220727947 -14.592666990916012 0
      vertex -4.25 -15 0
      vertex -4.25 -15 3
    endloop
  endfacet
  facet normal -0.9822872507286886 -0.18738131458572424 0
    outer loop
      vertex -4.352104726331949 -14.191757866714221 0
      vertex -4.275627220727947 -14.592666990916012 0
      vertex -4.275627220727947 -14.592666990916012 3
    endloop
  endfacet
  facet normal -0.9510565162951529 -0.30901699437494995 0
    outer loop
      vertex -4.478226420863184 -13.803595203774798 0
      vertex -4.352104726331949 -14.191757866714221 0
      vertex -4.352104726331949 -14.191757866714221 3
    endloop
  endfacet
  facet normal -0.8443279255020153 -0.5358267949789962 0
    outer loop
      vertex -4.870694768281421 -13.089697930049462 0
      vertex -4.6520032898574435 -13.434300559169426 0
      vertex -4.6520032898574435 -13.434300559169426 3
    endloop
  endfacet
  facet normal -0.9048270524660204 -0.42577929156507105 0
    outer loop
      vertex -4.6520032898574435 -13.434300559169426 0
      vertex -4.478226420863184 -13.803595203774798 0
      vertex -4.478226420863184 -13.803595203774798 3
    endloop
  endfacet
  facet normal -0.7705132427757898 -0.6374239897486891 0
    outer loop
      vertex -5.130851960880412 -12.775221905731762 0
      vertex -4.870694768281421 -13.089697930049462 0
      vertex -4.870694768281421 -13.089697930049462 3
    endloop
  endfacet
  facet normal -0.684547105928687 -0.728968627421413 0
    outer loop
      vertex -5.428372033316759 -12.495831960978686 0
      vertex -5.130851960880412 -12.775221905731762 0
      vertex -5.428372033316759 -12.495831960978686 3
    endloop
  endfacet
  facet normal -0.1253332335643048 -0.9921147013144778 0
    outer loop
      vertex -7.295930811529732 -11.756413132608117 0
      vertex -6.891010727596395 -11.807566435131761 0
      vertex -7.295930811529732 -11.756413132608117 3
    endloop
  endfacet
  facet normal -0.24868988716485532 -0.9685831611286311 0
    outer loop
      vertex -6.891010727596395 -11.807566435131761 0
      vertex -6.495694768281421 -11.90906632204075 0
      vertex -6.891010727596395 -11.807566435131761 3
    endloop
  endfacet
  facet normal -0.5877852522924744 -0.8090169943749465 0
    outer loop
      vertex -5.758562916318261 -12.255934242118451 0
      vertex -5.428372033316759 -12.495831960978686 0
      vertex -5.758562916318261 -12.255934242118451 3
    endloop
  endfacet
  facet normal -0.481753674101715 -0.8763066800438638 0
    outer loop
      vertex -6.116217302413514 -12.059312079485437 0
      vertex -5.758562916318261 -12.255934242118451 0
      vertex -6.116217302413514 -12.059312079485437 3
    endloop
  endfacet
  facet normal -0.3681245526846794 -0.9297764858882509 0
    outer loop
      vertex -6.495694768281421 -11.90906632204075 0
      vertex -6.116217302413514 -12.059312079485437 0
      vertex -6.495694768281421 -11.90906632204075 3
    endloop
  endfacet
  facet normal 0.24868988716485532 0.9685831611286311 0
    outer loop
      vertex -8.504305231718579 -18.09093367795925 3
      vertex -8.108989272403605 -18.19243356486824 3
      vertex -8.504305231718579 -18.09093367795925 0
    endloop
  endfacet
  facet normal 0.3681245526846794 0.9297764858882509 0
    outer loop
      vertex -8.883782697586486 -17.940687920514563 3
      vertex -8.504305231718579 -18.09093367795925 3
      vertex -8.883782697586486 -17.940687920514563 0
    endloop
  endfacet
  facet normal 0 1 0
    outer loop
      vertex -7.70406918847027 -18.243586867391883 3
      vertex -7.29593081152973 -18.243586867391883 3
      vertex -7.70406918847027 -18.243586867391883 0
    endloop
  endfacet
  facet normal 0.12533323356430537 0.9921147013144778 0
    outer loop
      vertex -8.108989272403605 -18.19243356486824 3
      vertex -7.70406918847027 -18.243586867391883 3
      vertex -8.108989272403605 -18.19243356486824 0
    endloop
  endfacet
  facet normal 0.5877852522924755 0.8090169943749458 0
    outer loop
      vertex -9.571627966683241 -17.504168039021316 3
      vertex -9.24143708368174 -17.74406575788155 3
      vertex -9.571627966683241 -17.504168039021316 0
    endloop
  endfacet
  facet normal 0.6845471059286882 0.7289686274214119 0
    outer loop
      vertex -9.869148039119588 -17.22477809426824 0
      vertex -9.869148039119588 -17.22477809426824 3
      vertex -9.571627966683241 -17.504168039021316 3
    endloop
  endfacet
  facet normal 0.7705132427757891 0.63742398974869 0
    outer loop
      vertex -9.869148039119588 -17.22477809426824 0
      vertex -10.129305231718579 -16.91030206995054 3
      vertex -9.869148039119588 -17.22477809426824 3
    endloop
  endfacet
  facet normal 0.8443279255020165 0.5358267949789943 0
    outer loop
      vertex -10.129305231718579 -16.91030206995054 0
      vertex -10.347996710142557 -16.565699440830574 3
      vertex -10.129305231718579 -16.91030206995054 3
    endloop
  endfacet
  facet normal 0.4817536741017107 0.8763066800438661 0
    outer loop
      vertex -9.24143708368174 -17.74406575788155 3
      vertex -8.883782697586486 -17.940687920514563 3
      vertex -9.24143708368174 -17.74406575788155 0
    endloop
  endfacet
  facet normal -0.12533323356430506 0.9921147013144777 0
    outer loop
      vertex -7.29593081152973 -18.243586867391883 3
      vertex -6.891010727596394 -18.19243356486824 3
      vertex -7.29593081152973 -18.243586867391883 0
    endloop
  endfacet
  facet normal -0.24868988716485582 0.9685831611286307 0
    outer loop
      vertex -6.891010727596394 -18.19243356486824 3
      vertex -6.495694768281421 -18.09093367795925 3
      vertex -6.891010727596394 -18.19243356486824 0
    endloop
  endfacet
  facet normal -0.36812455268468014 0.9297764858882506 0
    outer loop
      vertex -6.495694768281421 -18.09093367795925 3
      vertex -6.1162173024135145 -17.940687920514563 3
      vertex -6.495694768281421 -18.09093367795925 0
    endloop
  endfacet
  facet normal -0.48175367410171255 0.876306680043865 0
    outer loop
      vertex -6.1162173024135145 -17.940687920514563 3
      vertex -5.758562916318263 -17.74406575788155 3
      vertex -6.1162173024135145 -17.940687920514563 0
    endloop
  endfacet
  facet normal -0.5877852522924712 0.8090169943749488 0
    outer loop
      vertex -5.758562916318263 -17.74406575788155 3
      vertex -5.428372033316758 -17.504168039021316 3
      vertex -5.758562916318263 -17.74406575788155 0
    endloop
  endfacet
  facet normal -0.6845471059286894 0.7289686274214109 0
    outer loop
      vertex -5.428372033316758 -17.504168039021316 3
      vertex -5.1308519608804115 -17.22477809426824 3
      vertex -5.428372033316758 -17.504168039021316 0
    endloop
  endfacet
  facet normal -0.7705132427757891 0.63742398974869 0
    outer loop
      vertex -4.870694768281421 -16.91030206995054 0
      vertex -5.1308519608804115 -17.22477809426824 3
      vertex -4.870694768281421 -16.91030206995054 3
    endloop
  endfacet
  facet normal -0.8443279255020165 0.5358267949789943 0
    outer loop
      vertex -4.6520032898574435 -16.565699440830574 0
      vertex -4.870694768281421 -16.91030206995054 3
      vertex -4.6520032898574435 -16.565699440830574 3
    endloop
  endfacet
  facet normal 0.9048270524660204 0.42577929156507105 0
    outer loop
      vertex -10.347996710142557 -16.565699440830574 0
      vertex -10.521773579136816 -16.196404796225202 3
      vertex -10.347996710142557 -16.565699440830574 3
    endloop
  endfacet
  facet normal 0.9510565162951522 0.3090169943749519 0
    outer loop
      vertex -10.521773579136816 -16.196404796225202 0
      vertex -10.647895273668052 -15.808242133285779 3
      vertex -10.521773579136816 -16.196404796225202 3
    endloop
  endfacet
  facet normal 0.9822872507286895 0.18738131458572005 0
    outer loop
      vertex -10.647895273668052 -15.808242133285779 0
      vertex -10.724372779272052 -15.407333009083988 3
      vertex -10.647895273668052 -15.808242133285779 3
    endloop
  endfacet
  facet normal 0.9980267284282714 0.06279051952931576 0
    outer loop
      vertex -10.724372779272052 -15.407333009083988 0
      vertex -10.75 -15 3
      vertex -10.724372779272052 -15.407333009083988 3
    endloop
  endfacet
  facet normal 0.9980267284282714 -0.06279051952931576 0
    outer loop
      vertex -10.75 -15 0
      vertex -10.724372779272052 -14.592666990916012 3
      vertex -10.75 -15 3
    endloop
  endfacet
  facet normal 0.9822872507286895 -0.18738131458572005 0
    outer loop
      vertex -10.724372779272052 -14.592666990916012 0
      vertex -10.647895273668052 -14.191757866714221 3
      vertex -10.724372779272052 -14.592666990916012 3
    endloop
  endfacet
  facet normal 0.9510565162951522 -0.3090169943749519 0
    outer loop
      vertex -10.647895273668052 -14.191757866714221 0
      vertex -10.521773579136816 -13.803595203774798 3
      vertex -10.647895273668052 -14.191757866714221 3
    endloop
  endfacet
  facet normal 0.9048270524660204 -0.42577929156507105 0
    outer loop
      vertex -10.347996710142557 -13.434300559169426 3
      vertex -10.521773579136816 -13.803595203774798 3
      vertex -10.521773579136816 -13.803595203774798 0
    endloop
  endfacet
  facet normal 0.8443279255020153 -0.5358267949789962 0
    outer loop
      vertex -10.129305231718579 -13.089697930049462 3
      vertex -10.347996710142557 -13.434300559169426 3
      vertex -10.347996710142557 -13.434300559169426 0
    endloop
  endfacet
  facet normal 0.7705132427757908 -0.6374239897486877 0
    outer loop
      vertex -10.129305231718579 -13.089697930049462 0
      vertex -9.869148039119588 -12.775221905731762 3
      vertex -10.129305231718579 -13.089697930049462 3
    endloop
  endfacet
  facet normal 0.6845471059286882 -0.7289686274214119 0
    outer loop
      vertex -9.571627966683241 -12.495831960978684 3
      vertex -9.869148039119588 -12.775221905731762 3
      vertex -9.571627966683241 -12.495831960978684 0
    endloop
  endfacet
  facet normal 0.5877852522924726 -0.8090169943749478 0
    outer loop
      vertex -9.24143708368174 -12.255934242118451 3
      vertex -9.571627966683241 -12.495831960978684 3
      vertex -9.24143708368174 -12.255934242118451 0
    endloop
  endfacet
  facet normal 0.4817536741017141 -0.8763066800438644 0
    outer loop
      vertex -8.883782697586486 -12.059312079485437 3
      vertex -9.24143708368174 -12.255934242118451 3
      vertex -8.883782697586486 -12.059312079485437 0
    endloop
  endfacet
  facet normal 0.3681245526846794 -0.9297764858882509 0
    outer loop
      vertex -8.504305231718579 -11.90906632204075 3
      vertex -8.883782697586486 -12.059312079485437 3
      vertex -8.504305231718579 -11.90906632204075 0
    endloop
  endfacet
  facet normal 0.24868988716485532 -0.9685831611286311 0
    outer loop
      vertex -8.108989272403605 -11.807566435131761 3
      vertex -8.504305231718579 -11.90906632204075 3
      vertex -8.108989272403605 -11.807566435131761 0
    endloop
  endfacet
  facet normal 0.1253332335643048 -0.9921147013144778 0
    outer loop
      vertex -7.704069188470268 -11.756413132608117 3
      vertex -8.108989272403605 -11.807566435131761 3
      vertex -7.704069188470268 -11.756413132608117 0
    endloop
  endfacet
  facet normal -0.9048270524660187 0.4257792915650743 0
    outer loop
      vertex -4.478226420863184 -16.196404796225206 0
      vertex -4.6520032898574435 -16.565699440830574 3
      vertex -4.478226420863184 -16.196404796225206 3
    endloop
  endfacet
  facet normal -0.9510565162951533 0.309016994374948 0
    outer loop
      vertex -4.352104726331948 -15.808242133285777 0
      vertex -4.478226420863184 -16.196404796225206 3
      vertex -4.352104726331948 -15.808242133285777 3
    endloop
  endfacet
  facet normal -0.9822872507286889 0.18738131458572294 0
    outer loop
      vertex -4.275627220727947 -15.407333009083988 0
      vertex -4.352104726331948 -15.808242133285777 3
      vertex -4.275627220727947 -15.407333009083988 3
    endloop
  endfacet
  facet normal -0.9980267284282716 0.0627905195293136 0
    outer loop
      vertex -4.25 -15 0
      vertex -4.275627220727947 -15.407333009083988 3
      vertex -4.25 -15 3
    endloop
  endfacet
  facet normal -0.9980267284282716 -0.0627905195293136 0
    outer loop
      vertex -4.275627220727947 -14.592666990916012 0
      vertex -4.25 -15 3
      vertex -4.275627220727947 -14.592666990916012 3
    endloop
  endfacet
  facet normal -0.9822872507286886 -0.18738131458572424 0
    outer loop
      vertex -4.275627220727947 -14.592666990916012 3
      vertex -4.352104726331949 -14.191757866714221 3
      vertex -4.352104726331949 -14.191757866714221 0
    endloop
  endfacet
  facet normal -0.9510565162951529 -0.30901699437494995 0
    outer loop
      vertex -4.352104726331949 -14.191757866714221 3
      vertex -4.478226420863184 -13.803595203774798 3
      vertex -4.478226420863184 -13.803595203774798 0
    endloop
  endfacet
  facet normal -0.8443279255020153 -0.5358267949789962 0
    outer loop
      vertex -4.870694768281421 -13.089697930049462 0
      vertex -4.6520032898574435 -13.434300559169426 3
      vertex -4.870694768281421 -13.089697930049462 3
    endloop
  endfacet
  facet normal -0.9048270524660204 -0.42577929156507105 0
    outer loop
      vertex -4.6520032898574435 -13.434300559169426 0
      vertex -4.478226420863184 -13.803595203774798 3
      vertex -4.6520032898574435 -13.434300559169426 3
    endloop
  endfacet
  facet normal -0.7705132427757898 -0.6374239897486891 0
    outer loop
      vertex -5.130851960880412 -12.775221905731762 0
      vertex -4.870694768281421 -13.089697930049462 3
      vertex -5.130851960880412 -12.775221905731762 3
    endloop
  endfacet
  facet normal -0.684547105928687 -0.728968627421413 0
    outer loop
      vertex -5.130851960880412 -12.775221905731762 0
      vertex -5.130851960880412 -12.775221905731762 3
      vertex -5.428372033316759 -12.495831960978686 3
    endloop
  endfacet
  facet normal -0.5877852522924744 -0.8090169943749465 0
    outer loop
      vertex -5.428372033316759 -12.495831960978686 3
      vertex -5.758562916318261 -12.255934242118451 3
      vertex -5.428372033316759 -12.495831960978686 0
    endloop
  endfacet
  facet normal 0 -1 0
    outer loop
      vertex -7.295930811529732 -11.756413132608117 3
      vertex -7.704069188470268 -11.756413132608117 3
      vertex -7.295930811529732 -11.756413132608117 0
    endloop
  endfacet
  facet normal -0.1253332335643048 -0.9921147013144778 0
    outer loop
      vertex -6.891010727596395 -11.807566435131761 3
      vertex -7.295930811529732 -11.756413132608117 3
      vertex -6.891010727596395 -11.807566435131761 0
    endloop
  endfacet
  facet normal -0.24868988716485532 -0.9685831611286311 0
    outer loop
      vertex -6.495694768281421 -11.90906632204075 3
      vertex -6.891010727596395 -11.807566435131761 3
      vertex -6.495694768281421 -11.90906632204075 0
    endloop
  endfacet
  facet normal -0.481753674101715 -0.8763066800438638 0
    outer loop
      vertex -5.758562916318261 -12.255934242118451 3
      vertex -6.116217302413514 -12.059312079485437 3
      vertex -5.758562916318261 -12.255934242118451 0
    endloop
  endfacet
  facet normal -0.3681245526846794 -0.9297764858882509 0
    outer loop
      vertex -6.116217302413514 -12.059312079485437 3
      vertex -6.495694768281421 -11.90906632204075 3
      vertex -6.116217302413514 -12.059312079485437 0
    endloop
  endfacet
  facet normal 0.4817536741017107 0.8763066800438661 0
    outer loop
      vertex 6.1162173024135145 -17.940687920514563 0
      vertex 5.758562916318261 -17.74406575788155 0
      vertex 6.1162173024135145 -17.940687920514563 3
    endloop
  endfacet
  facet normal 0.36812455268468014 0.9297764858882506 0
    outer loop
      vertex 6.495694768281421 -18.09093367795925 0
      vertex 6.1162173024135145 -17.940687920514563 0
      vertex 6.495694768281421 -18.09093367795925 3
    endloop
  endfacet
  facet normal 0.12533323356430506 0.9921147013144777 0
    outer loop
      vertex 7.29593081152973 -18.243586867391883 0
      vertex 6.891010727596394 -18.19243356486824 0
      vertex 7.29593081152973 -18.243586867391883 3
    endloop
  endfacet
  facet normal 0.24868988716485582 0.9685831611286307 0
    outer loop
      vertex 6.891010727596394 -18.19243356486824 0
      vertex 6.495694768281421 -18.09093367795925 0
      vertex 6.891010727596394 -18.19243356486824 3
    endloop
  endfacet
  facet normal 0.6845471059286882 0.7289686274214119 0
    outer loop
      vertex 5.428372033316759 -17.504168039021316 0
      vertex 5.1308519608804115 -17.22477809426824 0
      vertex 5.428372033316759 -17.504168039021316 3
    endloop
  endfacet
  facet normal 0.7705132427757891 0.63742398974869 0
    outer loop
      vertex 5.1308519608804115 -17.22477809426824 0
      vertex 4.870694768281421 -16.91030206995054 0
      vertex 4.870694768281421 -16.91030206995054 3
    endloop
  endfacet
  facet normal 0.8443279255020165 0.5358267949789943 0
    outer loop
      vertex 4.870694768281421 -16.91030206995054 0
      vertex 4.6520032898574435 -16.565699440830574 0
      vertex 4.6520032898574435 -16.565699440830574 3
    endloop
  endfacet
  facet normal 0.5877852522924744 0.8090169943749465 0
    outer loop
      vertex 5.758562916318261 -17.74406575788155 0
      vertex 5.428372033316759 -17.504168039021316 0
      vertex 5.758562916318261 -17.74406575788155 3
    endloop
  endfacet
  facet normal 0 1 0
    outer loop
      vertex 7.70406918847027 -18.243586867391883 0
      vertex 7.29593081152973 -18.243586867391883 0
      vertex 7.70406918847027 -18.243586867391883 3
    endloop
  endfacet
  facet normal -0.12533323356430537 0.9921147013144778 0
    outer loop
      vertex 8.108989272403605 -18.19243356486824 0
      vertex 7.70406918847027 -18.243586867391883 0
      vertex 8.108989272403605 -18.19243356486824 3
    endloop
  endfacet
  facet normal -0.24868988716485532 0.9685831611286311 0
    outer loop
      vertex 8.504305231718579 -18.09093367795925 0
      vertex 8.108989272403605 -18.19243356486824 0
      vertex 8.504305231718579 -18.09093367795925 3
    endloop
  endfacet
  facet normal -0.3681245526846794 0.9297764858882509 0
    outer loop
      vertex 8.883782697586486 -17.940687920514563 0
      vertex 8.504305231718579 -18.09093367795925 0
      vertex 8.883782697586486 -17.940687920514563 3
    endloop
  endfacet
  facet normal -0.48175367410171255 0.876306680043865 0
    outer loop
      vertex 9.241437083681738 -17.74406575788155 0
      vertex 8.883782697586486 -17.940687920514563 0
      vertex 9.241437083681738 -17.74406575788155 3
    endloop
  endfacet
  facet normal -0.5877852522924732 0.8090169943749472 0
    outer loop
      vertex 9.571627966683241 -17.504168039021316 0
      vertex 9.241437083681738 -17.74406575788155 0
      vertex 9.571627966683241 -17.504168039021316 3
    endloop
  endfacet
  facet normal -0.6845471059286882 0.7289686274214119 0
    outer loop
      vertex 9.869148039119588 -17.22477809426824 0
      vertex 9.571627966683241 -17.504168039021316 0
      vertex 9.869148039119588 -17.22477809426824 3
    endloop
  endfacet
  facet normal -0.7705132427757891 0.63742398974869 0
    outer loop
      vertex 9.869148039119588 -17.22477809426824 0
      vertex 9.869148039119588 -17.22477809426824 3
      vertex 10.129305231718579 -16.91030206995054 0
    endloop
  endfacet
  facet normal -0.8443279255020165 0.5358267949789943 0
    outer loop
      vertex 10.347996710142557 -16.565699440830574 0
      vertex 10.129305231718579 -16.91030206995054 0
      vertex 10.129305231718579 -16.91030206995054 3
    endloop
  endfacet
  facet normal 0.9048270524660195 0.4257792915650728 0
    outer loop
      vertex 4.6520032898574435 -16.565699440830574 0
      vertex 4.478226420863183 -16.196404796225202 0
      vertex 4.478226420863183 -16.196404796225202 3
    endloop
  endfacet
  facet normal 0.9510565162951534 0.30901699437494795 0
    outer loop
      vertex 4.478226420863183 -16.196404796225202 0
      vertex 4.352104726331949 -15.808242133285779 0
      vertex 4.352104726331949 -15.808242133285779 3
    endloop
  endfacet
  facet normal 0.9822872507286886 0.18738131458572424 0
    outer loop
      vertex 4.352104726331949 -15.808242133285779 0
      vertex 4.275627220727947 -15.407333009083988 0
      vertex 4.275627220727947 -15.407333009083988 3
    endloop
  endfacet
  facet normal 0.9980267284282716 0.0627905195293136 0
    outer loop
      vertex 4.275627220727947 -15.407333009083988 0
      vertex 4.25 -15 0
      vertex 4.25 -15 3
    endloop
  endfacet
  facet normal 0.9980267284282716 -0.0627905195293136 0
    outer loop
      vertex 4.25 -15 0
      vertex 4.275627220727947 -14.592666990916012 0
      vertex 4.275627220727947 -14.592666990916012 3
    endloop
  endfacet
  facet normal 0.9822872507286886 -0.18738131458572424 0
    outer loop
      vertex 4.275627220727947 -14.592666990916012 0
      vertex 4.352104726331949 -14.191757866714221 0
      vertex 4.352104726331949 -14.191757866714221 3
    endloop
  endfacet
  facet normal 0.9510565162951534 -0.30901699437494795 0
    outer loop
      vertex 4.352104726331949 -14.191757866714221 0
      vertex 4.478226420863183 -13.803595203774798 0
      vertex 4.478226420863183 -13.803595203774798 3
    endloop
  endfacet
  facet normal 0.9048270524660195 -0.4257792915650728 0
    outer loop
      vertex 4.478226420863183 -13.803595203774798 0
      vertex 4.6520032898574435 -13.434300559169426 0
      vertex 4.6520032898574435 -13.434300559169426 3
    endloop
  endfacet
  facet normal 0.8443279255020153 -0.5358267949789962 0
    outer loop
      vertex 4.6520032898574435 -13.434300559169426 0
      vertex 4.870694768281421 -13.089697930049462 0
      vertex 4.870694768281421 -13.089697930049462 3
    endloop
  endfacet
  facet normal 0.7705132427757908 -0.6374239897486877 0
    outer loop
      vertex 4.870694768281421 -13.089697930049462 0
      vertex 5.1308519608804115 -12.775221905731762 0
      vertex 5.1308519608804115 -12.775221905731762 3
    endloop
  endfacet
  facet normal 0.6845471059286882 -0.7289686274214119 0
    outer loop
      vertex 5.1308519608804115 -12.775221905731762 0
      vertex 5.428372033316759 -12.495831960978684 0
      vertex 5.1308519608804115 -12.775221905731762 3
    endloop
  endfacet
  facet normal 0.5877852522924716 -0.8090169943749487 0
    outer loop
      vertex 5.428372033316759 -12.495831960978684 0
      vertex 5.758562916318261 -12.255934242118451 0
      vertex 5.428372033316759 -12.495831960978684 3
    endloop
  endfacet
  facet normal 0.481753674101715 -0.8763066800438638 0
    outer loop
      vertex 5.758562916318261 -12.255934242118451 0
      vertex 6.116217302413514 -12.059312079485437 0
      vertex 5.758562916318261 -12.255934242118451 3
    endloop
  endfacet
  facet normal 0.3681245526846794 -0.9297764858882509 0
    outer loop
      vertex 6.116217302413514 -12.059312079485437 0
      vertex 6.495694768281421 -11.90906632204075 0
      vertex 6.116217302413514 -12.059312079485437 3
    endloop
  endfacet
  facet normal 0.24868988716485532 -0.9685831611286311 0
    outer loop
      vertex 6.495694768281421 -11.90906632204075 0
      vertex 6.891010727596395 -11.807566435131761 0
      vertex 6.495694768281421 -11.90906632204075 3
    endloop
  endfacet
  facet normal 0.1253332335643048 -0.9921147013144778 0
    outer loop
      vertex 6.891010727596395 -11.807566435131761 0
      vertex 7.295930811529732 -11.756413132608117 0
      vertex 6.891010727596395 -11.807566435131761 3
    endloop
  endfacet
  facet normal 0 -1 0
    outer loop
      vertex 7.295930811529732 -11.756413132608117 0
      vertex 7.704069188470268 -11.756413132608117 0
      vertex 7.295930811529732 -11.756413132608117 3
    endloop
  endfacet
  facet normal -0.9048270524660187 0.4257792915650743 0
    outer loop
      vertex 10.521773579136816 -16.196404796225206 0
      vertex 10.347996710142557 -16.565699440830574 0
      vertex 10.347996710142557 -16.565699440830574 3
    endloop
  endfacet
  facet normal -0.9510565162951533 0.309016994374948 0
    outer loop
      vertex 10.647895273668052 -15.808242133285777 0
      vertex 10.521773579136816 -16.196404796225206 0
      vertex 10.521773579136816 -16.196404796225206 3
    endloop
  endfacet
  facet normal -0.9822872507286893 0.18738131458572083 0
    outer loop
      vertex 10.724372779272052 -15.407333009083988 0
      vertex 10.647895273668052 -15.808242133285777 0
      vertex 10.647895273668052 -15.808242133285777 3
    endloop
  endfacet
  facet normal -0.9980267284282714 0.06279051952931576 0
    outer loop
      vertex 10.75 -15 0
      vertex 10.724372779272052 -15.407333009083988 0
      vertex 10.724372779272052 -15.407333009083988 3
    endloop
  endfacet
  facet normal -0.9980267284282714 -0.06279051952931576 0
    outer loop
      vertex 10.724372779272052 -14.592666990916012 0
      vertex 10.75 -15 0
      vertex 10.75 -15 3
    endloop
  endfacet
  facet normal -0.9822872507286895 -0.18738131458572005 0
    outer loop
      vertex 10.647895273668052 -14.191757866714221 0
      vertex 10.724372779272052 -14.592666990916012 0
      vertex 10.724372779272052 -14.592666990916012 3
    endloop
  endfacet
  facet normal -0.9510565162951522 -0.3090169943749519 0
    outer loop
      vertex 10.521773579136816 -13.803595203774798 0
      vertex 10.647895273668052 -14.191757866714221 0
      vertex 10.647895273668052 -14.191757866714221 3
    endloop
  endfacet
  facet normal -0.9048270524660204 -0.42577929156507105 0
    outer loop
      vertex 10.347996710142557 -13.434300559169426 0
      vertex 10.521773579136816 -13.803595203774798 0
      vertex 10.521773579136816 -13.803595203774798 3
    endloop
  endfacet
  facet normal -0.8443279255020153 -0.5358267949789962 0
    outer loop
      vertex 10.129305231718579 -13.089697930049462 0
      vertex 10.347996710142557 -13.434300559169426 0
      vertex 10.347996710142557 -13.434300559169426 3
    endloop
  endfacet
  facet normal -0.7705132427757887 -0.6374239897486903 0
    outer loop
      vertex 9.869148039119587 -12.775221905731762 0
      vertex 10.129305231718579 -13.089697930049462 0
      vertex 10.129305231718579 -13.089697930049462 3
    endloop
  endfacet
  facet normal -0.6845471059286881 -0.7289686274214121 0
    outer loop
      vertex 9.571627966683241 -12.495831960978686 0
      vertex 9.869148039119587 -12.775221905731762 0
      vertex 9.571627966683241 -12.495831960978686 3
    endloop
  endfacet
  facet normal -0.1253332335643048 -0.9921147013144778 0
    outer loop
      vertex 7.704069188470268 -11.756413132608117 0
      vertex 8.108989272403605 -11.807566435131761 0
      vertex 7.704069188470268 -11.756413132608117 3
    endloop
  endfacet
  facet normal -0.24868988716485532 -0.9685831611286311 0
    outer loop
      vertex 8.108989272403605 -11.807566435131761 0
      vertex 8.504305231718579 -11.90906632204075 0
      vertex 8.108989272403605 -11.807566435131761 3
    endloop
  endfacet
  facet normal -0.4817536741017158 -0.8763066800438631 0
    outer loop
      vertex 8.883782697586486 -12.059312079485437 0
      vertex 9.241437083681738 -12.255934242118451 0
      vertex 8.883782697586486 -12.059312079485437 3
    endloop
  endfacet
  facet normal -0.3681245526846794 -0.9297764858882509 0
    outer loop
      vertex 8.504305231718579 -11.90906632204075 0
      vertex 8.883782697586486 -12.059312079485437 0
      vertex 8.504305231718579 -11.90906632204075 3
    endloop
  endfacet
  facet normal -0.5877852522924732 -0.8090169943749472 0
    outer loop
      vertex 9.241437083681738 -12.255934242118451 0
      vertex 9.571627966683241 -12.495831960978686 0
      vertex 9.241437083681738 -12.255934242118451 3
    endloop
  endfacet
  facet normal 0.36812455268468014 0.9297764858882506 0
    outer loop
      vertex 6.1162173024135145 -17.940687920514563 3
      vertex 6.495694768281421 -18.09093367795925 3
      vertex 6.1162173024135145 -17.940687920514563 0
    endloop
  endfacet
  facet normal 0 1 0
    outer loop
      vertex 7.29593081152973 -18.243586867391883 3
      vertex 7.70406918847027 -18.243586867391883 3
      vertex 7.29593081152973 -18.243586867391883 0
    endloop
  endfacet
  facet normal 0.24868988716485582 0.9685831611286307 0
    outer loop
      vertex 6.495694768281421 -18.09093367795925 3
      vertex 6.891010727596394 -18.19243356486824 3
      vertex 6.495694768281421 -18.09093367795925 0
    endloop
  endfacet
  facet normal 0.12533323356430506 0.9921147013144777 0
    outer loop
      vertex 6.891010727596394 -18.19243356486824 3
      vertex 7.29593081152973 -18.243586867391883 3
      vertex 6.891010727596394 -18.19243356486824 0
    endloop
  endfacet
  facet normal 0.5877852522924744 0.8090169943749465 0
    outer loop
      vertex 5.428372033316759 -17.504168039021316 3
      vertex 5.758562916318261 -17.74406575788155 3
      vertex 5.428372033316759 -17.504168039021316 0
    endloop
  endfacet
  facet normal 0.6845471059286882 0.7289686274214119 0
    outer loop
      vertex 5.1308519608804115 -17.22477809426824 3
      vertex 5.428372033316759 -17.504168039021316 3
      vertex 5.1308519608804115 -17.22477809426824 0
    endloop
  endfacet
  facet normal 0.7705132427757891 0.63742398974869 0
    outer loop
      vertex 5.1308519608804115 -17.22477809426824 0
      vertex 4.870694768281421 -16.91030206995054 3
      vertex 5.1308519608804115 -17.22477809426824 3
    endloop
  endfacet
  facet normal 0.8443279255020165 0.5358267949789943 0
    outer loop
      vertex 4.870694768281421 -16.91030206995054 0
      vertex 4.6520032898574435 -16.565699440830574 3
      vertex 4.870694768281421 -16.91030206995054 3
    endloop
  endfacet
  facet normal 0.4817536741017107 0.8763066800438661 0
    outer loop
      vertex 5.758562916318261 -17.74406575788155 3
      vertex 6.1162173024135145 -17.940687920514563 3
      vertex 5.758562916318261 -17.74406575788155 0
    endloop
  endfacet
  facet normal -0.12533323356430537 0.9921147013144778 0
    outer loop
      vertex 7.70406918847027 -18.243586867391883 3
      vertex 8.108989272403605 -18.19243356486824 3
      vertex 7.70406918847027 -18.243586867391883 0
    endloop
  endfacet
  facet normal -0.24868988716485532 0.9685831611286311 0
    outer loop
      vertex 8.108989272403605 -18.19243356486824 3
      vertex 8.504305231718579 -18.09093367795925 3
      vertex 8.108989272403605 -18.19243356486824 0
    endloop
  endfacet
  facet normal -0.3681245526846794 0.9297764858882509 0
    outer loop
      vertex 8.504305231718579 -18.09093367795925 3
      vertex 8.883782697586486 -17.940687920514563 3
      vertex 8.504305231718579 -18.09093367795925 0
    endloop
  endfacet
  facet normal -0.48175367410171255 0.876306680043865 0
    outer loop
      vertex 8.883782697586486 -17.940687920514563 3
      vertex 9.241437083681738 -17.74406575788155 3
      vertex 8.883782697586486 -17.940687920514563 0
    endloop
  endfacet
  facet normal -0.5877852522924732 0.8090169943749472 0
    outer loop
      vertex 9.241437083681738 -17.74406575788155 3
      vertex 9.571627966683241 -17.504168039021316 3
      vertex 9.241437083681738 -17.74406575788155 0
    endloop
  endfacet
  facet normal -0.6845471059286882 0.7289686274214119 0
    outer loop
      vertex 9.571627966683241 -17.504168039021316 3
      vertex 9.869148039119588 -17.22477809426824 3
      vertex 9.571627966683241 -17.504168039021316 0
    endloop
  endfacet
  facet normal -0.7705132427757891 0.63742398974869 0
    outer loop
      vertex 9.869148039119588 -17.22477809426824 3
      vertex 10.129305231718579 -16.91030206995054 3
      vertex 10.129305231718579 -16.91030206995054 0
    endloop
  endfacet
  facet normal -0.8443279255020165 0.5358267949789943 0
    outer loop
      vertex 10.347996710142557 -16.565699440830574 0
      vertex 10.129305231718579 -16.91030206995054 3
      vertex 10.347996710142557 -16.565699440830574 3
    endloop
  endfacet
  facet normal 0.9048270524660195 0.4257792915650728 0
    outer loop
      vertex 4.6520032898574435 -16.565699440830574 0
      vertex 4.478226420863183 -16.196404796225202 3
      vertex 4.6520032898574435 -16.565699440830574 3
    endloop
  endfacet
  facet normal 0.9510565162951534 0.30901699437494795 0
    outer loop
      vertex 4.478226420863183 -16.196404796225202 0
      vertex 4.352104726331949 -15.808242133285779 3
      vertex 4.478226420863183 -16.196404796225202 3
    endloop
  endfacet
  facet normal 0.9822872507286886 0.18738131458572424 0
    outer loop
      vertex 4.352104726331949 -15.808242133285779 0
      vertex 4.275627220727947 -15.407333009083988 3
      vertex 4.352104726331949 -15.808242133285779 3
    endloop
  endfacet
  facet normal 0.9980267284282716 0.0627905195293136 0
    outer loop
      vertex 4.25 -15 3
      vertex 4.275627220727947 -15.407333009083988 3
      vertex 4.275627220727947 -15.407333009083988 0
    endloop
  endfacet
  facet normal 0.9980267284282716 -0.0627905195293136 0
    outer loop
      vertex 4.25 -15 0
      vertex 4.275627220727947 -14.592666990916012 3
      vertex 4.25 -15 3
    endloop
  endfacet
  facet normal 0.9822872507286886 -0.18738131458572424 0
    outer loop
      vertex 4.275627220727947 -14.592666990916012 0
      vertex 4.352104726331949 -14.191757866714221 3
      vertex 4.275627220727947 -14.592666990916012 3
    endloop
  endfacet
  facet normal 0.9510565162951534 -0.30901699437494795 0
    outer loop
      vertex 4.352104726331949 -14.191757866714221 0
      vertex 4.478226420863183 -13.803595203774798 3
      vertex 4.352104726331949 -14.191757866714221 3
    endloop
  endfacet
  facet normal 0.9048270524660195 -0.4257792915650728 0
    outer loop
      vertex 4.478226420863183 -13.803595203774798 0
      vertex 4.6520032898574435 -13.434300559169426 3
      vertex 4.478226420863183 -13.803595203774798 3
    endloop
  endfacet
  facet normal 0.8443279255020153 -0.5358267949789962 0
    outer loop
      vertex 4.6520032898574435 -13.434300559169426 0
      vertex 4.870694768281421 -13.089697930049462 3
      vertex 4.6520032898574435 -13.434300559169426 3
    endloop
  endfacet
  facet normal 0.7705132427757908 -0.6374239897486877 0
    outer loop
      vertex 4.870694768281421 -13.089697930049462 0
      vertex 5.1308519608804115 -12.775221905731762 3
      vertex 4.870694768281421 -13.089697930049462 3
    endloop
  endfacet
  facet normal 0.6845471059286882 -0.7289686274214119 0
    outer loop
      vertex 5.428372033316759 -12.495831960978684 3
      vertex 5.1308519608804115 -12.775221905731762 3
      vertex 5.428372033316759 -12.495831960978684 0
    endloop
  endfacet
  facet normal 0.5877852522924716 -0.8090169943749487 0
    outer loop
      vertex 5.758562916318261 -12.255934242118451 3
      vertex 5.428372033316759 -12.495831960978684 3
      vertex 5.758562916318261 -12.255934242118451 0
    endloop
  endfacet
  facet normal 0.481753674101715 -0.8763066800438638 0
    outer loop
      vertex 6.116217302413514 -12.059312079485437 3
      vertex 5.758562916318261 -12.255934242118451 3
      vertex 6.116217302413514 -12.059312079485437 0
    endloop
  endfacet
  facet normal 0.3681245526846794 -0.9297764858882509 0
    outer loop
      vertex 6.495694768281421 -11.90906632204075 3
      vertex 6.116217302413514 -12.059312079485437 3
      vertex 6.495694768281421 -11.90906632204075 0
    endloop
  endfacet
  facet normal 0.24868988716485532 -0.9685831611286311 0
    outer loop
      vertex 6.891010727596395 -11.807566435131761 3
      vertex 6.495694768281421 -11.90906632204075 3
      vertex 6.891010727596395 -11.807566435131761 0
    endloop
  endfacet
  facet normal 0.1253332335643048 -0.9921147013144778 0
    outer loop
      vertex 7.295930811529732 -11.756413132608117 3
      vertex 6.891010727596395 -11.807566435131761 3
      vertex 7.295930811529732 -11.756413132608117 0
    endloop
  endfacet
  facet normal -0.9048270524660187 0.4257792915650743 0
    outer loop
      vertex 10.347996710142557 -16.565699440830574 3
      vertex 10.521773579136816 -16.196404796225206 3
      vertex 10.521773579136816 -16.196404796225206 0
    endloop
  endfacet
  facet normal -0.9510565162951533 0.309016994374948 0
    outer loop
      vertex 10.521773579136816 -16.196404796225206 3
      vertex 10.647895273668052 -15.808242133285777 3
      vertex 10.647895273668052 -15.808242133285777 0
    endloop
  endfacet
  facet normal -0.9822872507286893 0.18738131458572083 0
    outer loop
      vertex 10.724372779272052 -15.407333009083988 0
      vertex 10.647895273668052 -15.808242133285777 3
      vertex 10.724372779272052 -15.407333009083988 3
    endloop
  endfacet
  facet normal -0.9980267284282714 0.06279051952931576 0
    outer loop
      vertex 10.75 -15 0
      vertex 10.724372779272052 -15.407333009083988 3
      vertex 10.75 -15 3
    endloop
  endfacet
  facet normal -0.9980267284282714 -0.06279051952931576 0
    outer loop
      vertex 10.724372779272052 -14.592666990916012 0
      vertex 10.75 -15 3
      vertex 10.724372779272052 -14.592666990916012 3
    endloop
  endfacet
  facet normal -0.9822872507286895 -0.18738131458572005 0
    outer loop
      vertex 10.647895273668052 -14.191757866714221 0
      vertex 10.724372779272052 -14.592666990916012 3
      vertex 10.647895273668052 -14.191757866714221 3
    endloop
  endfacet
  facet normal -0.9510565162951522 -0.3090169943749519 0
    outer loop
      vertex 10.521773579136816 -13.803595203774798 0
      vertex 10.647895273668052 -14.191757866714221 3
      vertex 10.521773579136816 -13.803595203774798 3
    endloop
  endfacet
  facet normal -0.8443279255020153 -0.5358267949789962 0
    outer loop
      vertex 10.347996710142557 -13.434300559169426 3
      vertex 10.129305231718579 -13.089697930049462 3
      vertex 10.129305231718579 -13.089697930049462 0
    endloop
  endfacet
  facet normal -0.9048270524660204 -0.42577929156507105 0
    outer loop
      vertex 10.347996710142557 -13.434300559169426 0
      vertex 10.521773579136816 -13.803595203774798 3
      vertex 10.347996710142557 -13.434300559169426 3
    endloop
  endfacet
  facet normal -0.7705132427757887 -0.6374239897486903 0
    outer loop
      vertex 9.869148039119587 -12.775221905731762 0
      vertex 10.129305231718579 -13.089697930049462 3
      vertex 9.869148039119587 -12.775221905731762 3
    endloop
  endfacet
  facet normal -0.5877852522924732 -0.8090169943749472 0
    outer loop
      vertex 9.571627966683241 -12.495831960978686 3
      vertex 9.241437083681738 -12.255934242118451 3
      vertex 9.571627966683241 -12.495831960978686 0
    endloop
  endfacet
  facet normal -0.6845471059286881 -0.7289686274214121 0
    outer loop
      vertex 9.869148039119587 -12.775221905731762 3
      vertex 9.571627966683241 -12.495831960978686 3
      vertex 9.869148039119587 -12.775221905731762 0
    endloop
  endfacet
  facet normal 0 -1 0
    outer loop
      vertex 7.704069188470268 -11.756413132608117 3
      vertex 7.295930811529732 -11.756413132608117 3
      vertex 7.704069188470268 -11.756413132608117 0
    endloop
  endfacet
  facet normal -0.1253332335643048 -0.9921147013144778 0
    outer loop
      vertex 8.108989272403605 -11.807566435131761 3
      vertex 7.704069188470268 -11.756413132608117 3
      vertex 8.108989272403605 -11.807566435131761 0
    endloop
  endfacet
  facet normal -0.4817536741017158 -0.8763066800438631 0
    outer loop
      vertex 9.241437083681738 -12.255934242118451 3
      vertex 8.883782697586486 -12.059312079485437 3
      vertex 9.241437083681738 -12.255934242118451 0
    endloop
  endfacet
  facet normal -0.24868988716485532 -0.9685831611286311 0
    outer loop
      vertex 8.504305231718579 -11.90906632204075 3
      vertex 8.108989272403605 -11.807566435131761 3
      vertex 8.504305231718579 -11.90906632204075 0
    endloop
  endfacet
  facet normal -0.3681245526846794 -0.9297764858882509 0
    outer loop
      vertex 8.883782697586486 -12.059312079485437 3
      vertex 8.504305231718579 -11.90906632204075 3
      vertex 8.883782697586486 -12.059312079485437 0
    endloop
  endfacet
  facet normal 0.3681245526846794 0.9297764858882509 0
    outer loop
      vertex 21.49569476828142 -18.09093367795925 0
      vertex 21.116217302413514 -17.940687920514563 0
      vertex 21.49569476828142 -18.09093367795925 3
    endloop
  endfacet
  facet normal 0.48175367410171255 0.876306680043865 0
    outer loop
      vertex 21.116217302413514 -17.940687920514563 0
      vertex 20.75856291631826 -17.74406575788155 0
      vertex 21.116217302413514 -17.940687920514563 3
    endloop
  endfacet
  facet normal 0.12533323356430565 0.9921147013144778 0
    outer loop
      vertex 22.29593081152973 -18.243586867391883 0
      vertex 21.891010727596395 -18.19243356486824 0
      vertex 22.29593081152973 -18.243586867391883 3
    endloop
  endfacet
  facet normal 0.24868988716485532 0.9685831611286311 0
    outer loop
      vertex 21.891010727596395 -18.19243356486824 0
      vertex 21.49569476828142 -18.09093367795925 0
      vertex 21.891010727596395 -18.19243356486824 3
    endloop
  endfacet
  facet normal 0.6845471059286905 0.7289686274214099 0
    outer loop
      vertex 20.42837203331676 -17.504168039021316 0
      vertex 20.130851960880413 -17.22477809426824 0
      vertex 20.42837203331676 -17.504168039021316 3
    endloop
  endfacet
  facet normal 0.7705132427757868 0.6374239897486924 0
    outer loop
      vertex 20.130851960880413 -17.22477809426824 0
      vertex 19.87069476828142 -16.91030206995054 0
      vertex 19.87069476828142 -16.91030206995054 3
    endloop
  endfacet
  facet normal 0.8443279255020165 0.5358267949789943 0
    outer loop
      vertex 19.87069476828142 -16.91030206995054 0
      vertex 19.652003289857443 -16.565699440830574 0
      vertex 19.652003289857443 -16.565699440830574 3
    endloop
  endfacet
  facet normal 0.5877852522924732 0.8090169943749472 0
    outer loop
      vertex 20.75856291631826 -17.74406575788155 0
      vertex 20.42837203331676 -17.504168039021316 0
      vertex 20.75856291631826 -17.74406575788155 3
    endloop
  endfacet
  facet normal 0 1 0
    outer loop
      vertex 22.70406918847027 -18.243586867391883 0
      vertex 22.29593081152973 -18.243586867391883 0
      vertex 22.70406918847027 -18.243586867391883 3
    endloop
  endfacet
  facet normal -0.12533323356430565 0.9921147013144778 0
    outer loop
      vertex 23.108989272403605 -18.19243356486824 0
      vertex 22.70406918847027 -18.243586867391883 0
      vertex 23.108989272403605 -18.19243356486824 3
    endloop
  endfacet
  facet normal -0.24868988716485532 0.9685831611286311 0
    outer loop
      vertex 23.50430523171858 -18.09093367795925 0
      vertex 23.108989272403605 -18.19243356486824 0
      vertex 23.50430523171858 -18.09093367795925 3
    endloop
  endfacet
  facet normal -0.3681245526846794 0.9297764858882509 0
    outer loop
      vertex 23.883782697586486 -17.940687920514563 0
      vertex 23.50430523171858 -18.09093367795925 0
      vertex 23.883782697586486 -17.940687920514563 3
    endloop
  endfacet
  facet normal -0.48175367410171255 0.876306680043865 0
    outer loop
      vertex 24.24143708368174 -17.74406575788155 0
      vertex 23.883782697586486 -17.940687920514563 0
      vertex 24.24143708368174 -17.74406575788155 3
    endloop
  endfacet
  facet normal -0.5877852522924732 0.8090169943749472 0
    outer loop
      vertex 24.57162796668324 -17.504168039021316 0
      vertex 24.24143708368174 -17.74406575788155 0
      vertex 24.57162796668324 -17.504168039021316 3
    endloop
  endfacet
  facet normal -0.6845471059286905 0.7289686274214099 0
    outer loop
      vertex 24.869148039119587 -17.22477809426824 0
      vertex 24.57162796668324 -17.504168039021316 0
      vertex 24.869148039119587 -17.22477809426824 3
    endloop
  endfacet
  facet normal -0.7705132427757868 0.6374239897486924 0
    outer loop
      vertex 24.869148039119587 -17.22477809426824 0
      vertex 24.869148039119587 -17.22477809426824 3
      vertex 25.12930523171858 -16.91030206995054 0
    endloop
  endfacet
  facet normal -0.8443279255020165 0.5358267949789943 0
    outer loop
      vertex 25.347996710142557 -16.565699440830574 0
      vertex 25.12930523171858 -16.91030206995054 0
      vertex 25.12930523171858 -16.91030206995054 3
    endloop
  endfacet
  facet normal 0.9510565162951522 0.3090169943749519 0
    outer loop
      vertex 19.478226420863184 -16.196404796225202 0
      vertex 19.352104726331948 -15.808242133285779 0
      vertex 19.352104726331948 -15.808242133285779 3
    endloop
  endfacet
  facet normal 0.9048270524660204 0.42577929156507105 0
    outer loop
      vertex 19.652003289857443 -16.565699440830574 0
      vertex 19.478226420863184 -16.196404796225202 0
      vertex 19.478226420863184 -16.196404796225202 3
    endloop
  endfacet
  facet normal 0.9822872507286895 0.18738131458572005 0
    outer loop
      vertex 19.352104726331948 -15.808242133285779 0
      vertex 19.275627220727948 -15.407333009083988 0
      vertex 19.275627220727948 -15.407333009083988 3
    endloop
  endfacet
  facet normal 0.9980267284282714 0.06279051952931576 0
    outer loop
      vertex 19.275627220727948 -15.407333009083988 0
      vertex 19.25 -15 0
      vertex 19.25 -15 3
    endloop
  endfacet
  facet normal 0.9980267284282714 -0.06279051952931576 0
    outer loop
      vertex 19.25 -15 0
      vertex 19.275627220727948 -14.592666990916012 0
      vertex 19.275627220727948 -14.592666990916012 3
    endloop
  endfacet
  facet normal 0.9822872507286895 -0.18738131458572005 0
    outer loop
      vertex 19.275627220727948 -14.592666990916012 0
      vertex 19.352104726331948 -14.191757866714221 0
      vertex 19.352104726331948 -14.191757866714221 3
    endloop
  endfacet
  facet normal 0.9510565162951522 -0.3090169943749519 0
    outer loop
      vertex 19.352104726331948 -14.191757866714221 0
      vertex 19.478226420863184 -13.803595203774798 0
      vertex 19.478226420863184 -13.803595203774798 3
    endloop
  endfacet
  facet normal 0.9048270524660204 -0.42577929156507105 0
    outer loop
      vertex 19.478226420863184 -13.803595203774798 0
      vertex 19.652003289857443 -13.434300559169426 0
      vertex 19.652003289857443 -13.434300559169426 3
    endloop
  endfacet
  facet normal 0.8443279255020153 -0.5358267949789962 0
    outer loop
      vertex 19.652003289857443 -13.434300559169426 0
      vertex 19.87069476828142 -13.089697930049462 0
      vertex 19.87069476828142 -13.089697930049462 3
    endloop
  endfacet
  facet normal 0.7705132427757887 -0.6374239897486903 0
    outer loop
      vertex 19.87069476828142 -13.089697930049462 0
      vertex 20.130851960880413 -12.775221905731762 0
      vertex 20.130851960880413 -12.775221905731762 3
    endloop
  endfacet
  facet normal 0.6845471059286905 -0.7289686274214099 0
    outer loop
      vertex 20.130851960880413 -12.775221905731762 0
      vertex 20.42837203331676 -12.495831960978684 0
      vertex 20.130851960880413 -12.775221905731762 3
    endloop
  endfacet
  facet normal 0.5877852522924706 -0.8090169943749493 0
    outer loop
      vertex 20.42837203331676 -12.495831960978684 0
      vertex 20.75856291631826 -12.255934242118451 0
      vertex 20.42837203331676 -12.495831960978684 3
    endloop
  endfacet
  facet normal 0.4817536741017158 -0.8763066800438631 0
    outer loop
      vertex 20.75856291631826 -12.255934242118451 0
      vertex 21.116217302413514 -12.059312079485437 0
      vertex 20.75856291631826 -12.255934242118451 3
    endloop
  endfacet
  facet normal 0.3681245526846794 -0.9297764858882509 0
    outer loop
      vertex 21.116217302413514 -12.059312079485437 0
      vertex 21.49569476828142 -11.90906632204075 0
      vertex 21.116217302413514 -12.059312079485437 3
    endloop
  endfacet
  facet normal 0.24868988716485532 -0.9685831611286311 0
    outer loop
      vertex 21.49569476828142 -11.90906632204075 0
      vertex 21.891010727596395 -11.807566435131761 0
      vertex 21.49569476828142 -11.90906632204075 3
    endloop
  endfacet
  facet normal 0.12533323356430456 -0.9921147013144779 0
    outer loop
      vertex 21.891010727596395 -11.807566435131761 0
      vertex 22.295930811529733 -11.756413132608117 0
      vertex 21.891010727596395 -11.807566435131761 3
    endloop
  endfacet
  facet normal -0.9048270524660187 0.4257792915650743 0
    outer loop
      vertex 25.521773579136816 -16.196404796225206 0
      vertex 25.347996710142557 -16.565699440830574 0
      vertex 25.347996710142557 -16.565699440830574 3
    endloop
  endfacet
  facet normal -0.9510565162951533 0.309016994374948 0
    outer loop
      vertex 25.647895273668052 -15.808242133285777 0
      vertex 25.521773579136816 -16.196404796225206 0
      vertex 25.521773579136816 -16.196404796225206 3
    endloop
  endfacet
  facet normal -0.9822872507286893 0.18738131458572083 0
    outer loop
      vertex 25.724372779272052 -15.407333009083988 0
      vertex 25.647895273668052 -15.808242133285777 0
      vertex 25.647895273668052 -15.808242133285777 3
    endloop
  endfacet
  facet normal -0.9980267284282714 0.06279051952931576 0
    outer loop
      vertex 25.75 -15 0
      vertex 25.724372779272052 -15.407333009083988 0
      vertex 25.724372779272052 -15.407333009083988 3
    endloop
  endfacet
  facet normal -0.9980267284282714 -0.06279051952931576 0
    outer loop
      vertex 25.724372779272052 -14.592666990916012 0
      vertex 25.75 -15 0
      vertex 25.75 -15 3
    endloop
  endfacet
  facet normal -0.9822872507286895 -0.18738131458572005 0
    outer loop
      vertex 25.647895273668052 -14.191757866714221 0
      vertex 25.724372779272052 -14.592666990916012 0
      vertex 25.724372779272052 -14.592666990916012 3
    endloop
  endfacet
  facet normal -0.9510565162951522 -0.3090169943749519 0
    outer loop
      vertex 25.521773579136816 -13.803595203774798 0
      vertex 25.647895273668052 -14.191757866714221 0
      vertex 25.647895273668052 -14.191757866714221 3
    endloop
  endfacet
  facet normal -0.9048270524660204 -0.42577929156507105 0
    outer loop
      vertex 25.347996710142557 -13.434300559169426 0
      vertex 25.521773579136816 -13.803595203774798 0
      vertex 25.521773579136816 -13.803595203774798 3
    endloop
  endfacet
  facet normal -0.8443279255020153 -0.5358267949789962 0
    outer loop
      vertex 25.12930523171858 -13.089697930049462 0
      vertex 25.347996710142557 -13.434300559169426 0
      vertex 25.347996710142557 -13.434300559169426 3
    endloop
  endfacet
  facet normal -0.7705132427757887 -0.6374239897486903 0
    outer loop
      vertex 24.869148039119587 -12.775221905731762 0
      vertex 25.12930523171858 -13.089697930049462 0
      vertex 25.12930523171858 -13.089697930049462 3
    endloop
  endfacet
  facet normal -0.6845471059286881 -0.7289686274214121 0
    outer loop
      vertex 24.57162796668324 -12.495831960978686 0
      vertex 24.869148039119587 -12.775221905731762 0
      vertex 24.57162796668324 -12.495831960978686 3
    endloop
  endfacet
  facet normal 0 -1 0
    outer loop
      vertex 22.295930811529733 -11.756413132608117 0
      vertex 22.704069188470267 -11.756413132608117 0
      vertex 22.295930811529733 -11.756413132608117 3
    endloop
  endfacet
  facet normal -0.12533323356430456 -0.9921147013144779 0
    outer loop
      vertex 22.704069188470267 -11.756413132608117 0
      vertex 23.108989272403605 -11.807566435131761 0
      vertex 22.704069188470267 -11.756413132608117 3
    endloop
  endfacet
  facet normal -0.24868988716485532 -0.9685831611286311 0
    outer loop
      vertex 23.108989272403605 -11.807566435131761 0
      vertex 23.50430523171858 -11.90906632204075 0
      vertex 23.108989272403605 -11.807566435131761 3
    endloop
  endfacet
  facet normal -0.4817536741017158 -0.8763066800438631 0
    outer loop
      vertex 23.883782697586486 -12.059312079485437 0
      vertex 24.24143708368174 -12.255934242118451 0
      vertex 23.883782697586486 -12.059312079485437 3
    endloop
  endfacet
  facet normal -0.3681245526846794 -0.9297764858882509 0
    outer loop
      vertex 23.50430523171858 -11.90906632204075 0
      vertex 23.883782697586486 -12.059312079485437 0
      vertex 23.50430523171858 -11.90906632204075 3
    endloop
  endfacet
  facet normal -0.5877852522924732 -0.8090169943749472 0
    outer loop
      vertex 24.24143708368174 -12.255934242118451 0
      vertex 24.57162796668324 -12.495831960978686 0
      vertex 24.24143708368174 -12.255934242118451 3
    endloop
  endfacet
  facet normal 0.3681245526846794 0.9297764858882509 0
    outer loop
      vertex 21.116217302413514 -17.940687920514563 3
      vertex 21.49569476828142 -18.09093367795925 3
      vertex 21.116217302413514 -17.940687920514563 0
    endloop
  endfacet
  facet normal 0.24868988716485532 0.9685831611286311 0
    outer loop
      vertex 21.49569476828142 -18.09093367795925 3
      vertex 21.891010727596395 -18.19243356486824 3
      vertex 21.49569476828142 -18.09093367795925 0
    endloop
  endfacet
  facet normal 0.12533323356430565 0.9921147013144778 0
    outer loop
      vertex 21.891010727596395 -18.19243356486824 3
      vertex 22.29593081152973 -18.243586867391883 3
      vertex 21.891010727596395 -18.19243356486824 0
    endloop
  endfacet
  facet normal 0.6845471059286905 0.7289686274214099 0
    outer loop
      vertex 20.130851960880413 -17.22477809426824 3
      vertex 20.42837203331676 -17.504168039021316 3
      vertex 20.130851960880413 -17.22477809426824 0
    endloop
  endfacet
  facet normal 0.7705132427757868 0.6374239897486924 0
    outer loop
      vertex 20.130851960880413 -17.22477809426824 0
      vertex 19.87069476828142 -16.91030206995054 3
      vertex 20.130851960880413 -17.22477809426824 3
    endloop
  endfacet
  facet normal 0.8443279255020165 0.5358267949789943 0
    outer loop
      vertex 19.87069476828142 -16.91030206995054 0
      vertex 19.652003289857443 -16.565699440830574 3
      vertex 19.87069476828142 -16.91030206995054 3
    endloop
  endfacet
  facet normal 0.48175367410171255 0.876306680043865 0
    outer loop
      vertex 20.75856291631826 -17.74406575788155 3
      vertex 21.116217302413514 -17.940687920514563 3
      vertex 20.75856291631826 -17.74406575788155 0
    endloop
  endfacet
  facet normal 0.5877852522924732 0.8090169943749472 0
    outer loop
      vertex 20.42837203331676 -17.504168039021316 3
      vertex 20.75856291631826 -17.74406575788155 3
      vertex 20.42837203331676 -17.504168039021316 0
    endloop
  endfacet
  facet normal 0 1 0
    outer loop
      vertex 22.29593081152973 -18.243586867391883 3
      vertex 22.70406918847027 -18.243586867391883 3
      vertex 22.29593081152973 -18.243586867391883 0
    endloop
  endfacet
  facet normal -0.12533323356430565 0.9921147013144778 0
    outer loop
      vertex 22.70406918847027 -18.243586867391883 3
      vertex 23.108989272403605 -18.19243356486824 3
      vertex 22.70406918847027 -18.243586867391883 0
    endloop
  endfacet
  facet normal -0.24868988716485532 0.9685831611286311 0
    outer loop
      vertex 23.108989272403605 -18.19243356486824 3
      vertex 23.50430523171858 -18.09093367795925 3
      vertex 23.108989272403605 -18.19243356486824 0
    endloop
  endfacet
  facet normal -0.3681245526846794 0.9297764858882509 0
    outer loop
      vertex 23.50430523171858 -18.09093367795925 3
      vertex 23.883782697586486 -17.940687920514563 3
      vertex 23.50430523171858 -18.09093367795925 0
    endloop
  endfacet
  facet normal -0.48175367410171255 0.876306680043865 0
    outer loop
      vertex 23.883782697586486 -17.940687920514563 3
      vertex 24.24143708368174 -17.74406575788155 3
      vertex 23.883782697586486 -17.940687920514563 0
    endloop
  endfacet
  facet normal -0.5877852522924732 0.8090169943749472 0
    outer loop
      vertex 24.24143708368174 -17.74406575788155 3
      vertex 24.57162796668324 -17.504168039021316 3
      vertex 24.24143708368174 -17.74406575788155 0
    endloop
  endfacet
  facet normal -0.6845471059286905 0.7289686274214099 0
    outer loop
      vertex 24.57162796668324 -17.504168039021316 3
      vertex 24.869148039119587 -17.22477809426824 3
      vertex 24.57162796668324 -17.504168039021316 0
    endloop
  endfacet
  facet normal -0.7705132427757868 0.6374239897486924 0
    outer loop
      vertex 25.12930523171858 -16.91030206995054 0
      vertex 24.869148039119587 -17.22477809426824 3
      vertex 25.12930523171858 -16.91030206995054 3
    endloop
  endfacet
  facet normal -0.8443279255020165 0.5358267949789943 0
    outer loop
      vertex 25.347996710142557 -16.565699440830574 0
      vertex 25.12930523171858 -16.91030206995054 3
      vertex 25.347996710142557 -16.565699440830574 3
    endloop
  endfacet
  facet normal 0.9510565162951522 0.3090169943749519 0
    outer loop
      vertex 19.478226420863184 -16.196404796225202 0
      vertex 19.352104726331948 -15.808242133285779 3
      vertex 19.478226420863184 -16.196404796225202 3
    endloop
  endfacet
  facet normal 0.9048270524660204 0.42577929156507105 0
    outer loop
      vertex 19.652003289857443 -16.565699440830574 0
      vertex 19.478226420863184 -16.196404796225202 3
      vertex 19.652003289857443 -16.565699440830574 3
    endloop
  endfacet
  facet normal 0.9822872507286895 0.18738131458572005 0
    outer loop
      vertex 19.352104726331948 -15.808242133285779 0
      vertex 19.275627220727948 -15.407333009083988 3
      vertex 19.352104726331948 -15.808242133285779 3
    endloop
  endfacet
  facet normal 0.9980267284282714 0.06279051952931576 0
    outer loop
      vertex 19.275627220727948 -15.407333009083988 0
      vertex 19.25 -15 3
      vertex 19.275627220727948 -15.407333009083988 3
    endloop
  endfacet
  facet normal 0.9980267284282714 -0.06279051952931576 0
    outer loop
      vertex 19.25 -15 0
      vertex 19.275627220727948 -14.592666990916012 3
      vertex 19.25 -15 3
    endloop
  endfacet
  facet normal 0.9822872507286895 -0.18738131458572005 0
    outer loop
      vertex 19.275627220727948 -14.592666990916012 0
      vertex 19.352104726331948 -14.191757866714221 3
      vertex 19.275627220727948 -14.592666990916012 3
    endloop
  endfacet
  facet normal 0.9510565162951522 -0.3090169943749519 0
    outer loop
      vertex 19.478226420863184 -13.803595203774798 3
      vertex 19.352104726331948 -14.191757866714221 3
      vertex 19.352104726331948 -14.191757866714221 0
    endloop
  endfacet
  facet normal 0.9048270524660204 -0.42577929156507105 0
    outer loop
      vertex 19.478226420863184 -13.803595203774798 0
      vertex 19.652003289857443 -13.434300559169426 3
      vertex 19.478226420863184 -13.803595203774798 3
    endloop
  endfacet
  facet normal 0.8443279255020153 -0.5358267949789962 0
    outer loop
      vertex 19.652003289857443 -13.434300559169426 0
      vertex 19.87069476828142 -13.089697930049462 3
      vertex 19.652003289857443 -13.434300559169426 3
    endloop
  endfacet
  facet normal 0.7705132427757887 -0.6374239897486903 0
    outer loop
      vertex 19.87069476828142 -13.089697930049462 0
      vertex 20.130851960880413 -12.775221905731762 3
      vertex 19.87069476828142 -13.089697930049462 3
    endloop
  endfacet
  facet normal 0.6845471059286905 -0.7289686274214099 0
    outer loop
      vertex 20.42837203331676 -12.495831960978684 3
      vertex 20.130851960880413 -12.775221905731762 3
      vertex 20.42837203331676 -12.495831960978684 0
    endloop
  endfacet
  facet normal 0.5877852522924706 -0.8090169943749493 0
    outer loop
      vertex 20.75856291631826 -12.255934242118451 3
      vertex 20.42837203331676 -12.495831960978684 3
      vertex 20.75856291631826 -12.255934242118451 0
    endloop
  endfacet
  facet normal 0.4817536741017158 -0.8763066800438631 0
    outer loop
      vertex 21.116217302413514 -12.059312079485437 3
      vertex 20.75856291631826 -12.255934242118451 3
      vertex 21.116217302413514 -12.059312079485437 0
    endloop
  endfacet
  facet normal 0.3681245526846794 -0.9297764858882509 0
    outer loop
      vertex 21.49569476828142 -11.90906632204075 3
      vertex 21.116217302413514 -12.059312079485437 3
      vertex 21.49569476828142 -11.90906632204075 0
    endloop
  endfacet
  facet normal 0.24868988716485532 -0.9685831611286311 0
    outer loop
      vertex 21.891010727596395 -11.807566435131761 3
      vertex 21.49569476828142 -11.90906632204075 3
      vertex 21.891010727596395 -11.807566435131761 0
    endloop
  endfacet
  facet normal 0.12533323356430456 -0.9921147013144779 0
    outer loop
      vertex 22.295930811529733 -11.756413132608117 3
      vertex 21.891010727596395 -11.807566435131761 3
      vertex 22.295930811529733 -11.756413132608117 0
    endloop
  endfacet
  facet normal -0.9048270524660187 0.4257792915650743 0
    outer loop
      vertex 25.521773579136816 -16.196404796225206 0
      vertex 25.347996710142557 -16.565699440830574 3
      vertex 25.521773579136816 -16.196404796225206 3
    endloop
  endfacet
  facet normal -0.9510565162951533 0.309016994374948 0
    outer loop
      vertex 25.647895273668052 -15.808242133285777 0
      vertex 25.521773579136816 -16.196404796225206 3
      vertex 25.647895273668052 -15.808242133285777 3
    endloop
  endfacet
  facet normal -0.9822872507286893 0.18738131458572083 0
    outer loop
      vertex 25.724372779272052 -15.407333009083988 0
      vertex 25.647895273668052 -15.808242133285777 3
      vertex 25.724372779272052 -15.407333009083988 3
    endloop
  endfacet
  facet normal -0.9980267284282714 0.06279051952931576 0
    outer loop
      vertex 25.75 -15 0
      vertex 25.724372779272052 -15.407333009083988 3
      vertex 25.75 -15 3
    endloop
  endfacet
  facet normal -0.9980267284282714 -0.06279051952931576 0
    outer loop
      vertex 25.724372779272052 -14.592666990916012 0
      vertex 25.75 -15 3
      vertex 25.724372779272052 -14.592666990916012 3
    endloop
  endfacet
  facet normal -0.9822872507286895 -0.18738131458572005 0
    outer loop
      vertex 25.724372779272052 -14.592666990916012 3
      vertex 25.647895273668052 -14.191757866714221 3
      vertex 25.647895273668052 -14.191757866714221 0
    endloop
  endfacet
  facet normal -0.9510565162951522 -0.3090169943749519 0
    outer loop
      vertex 25.521773579136816 -13.803595203774798 0
      vertex 25.647895273668052 -14.191757866714221 3
      vertex 25.521773579136816 -13.803595203774798 3
    endloop
  endfacet
  facet normal -0.9048270524660204 -0.42577929156507105 0
    outer loop
      vertex 25.347996710142557 -13.434300559169426 0
      vertex 25.521773579136816 -13.803595203774798 3
      vertex 25.347996710142557 -13.434300559169426 3
    endloop
  endfacet
  facet normal -0.8443279255020153 -0.5358267949789962 0
    outer loop
      vertex 25.12930523171858 -13.089697930049462 0
      vertex 25.347996710142557 -13.434300559169426 3
      vertex 25.12930523171858 -13.089697930049462 3
    endloop
  endfacet
  facet normal -0.7705132427757887 -0.6374239897486903 0
    outer loop
      vertex 24.869148039119587 -12.775221905731762 0
      vertex 25.12930523171858 -13.089697930049462 3
      vertex 24.869148039119587 -12.775221905731762 3
    endloop
  endfacet
  facet normal -0.5877852522924732 -0.8090169943749472 0
    outer loop
      vertex 24.57162796668324 -12.495831960978686 3
      vertex 24.24143708368174 -12.255934242118451 3
      vertex 24.57162796668324 -12.495831960978686 0
    endloop
  endfacet
  facet normal -0.6845471059286881 -0.7289686274214121 0
    outer loop
      vertex 24.869148039119587 -12.775221905731762 3
      vertex 24.57162796668324 -12.495831960978686 3
      vertex 24.869148039119587 -12.775221905731762 0
    endloop
  endfacet
  facet normal 0 -1 0
    outer loop
      vertex 22.704069188470267 -11.756413132608117 3
      vertex 22.295930811529733 -11.756413132608117 3
      vertex 22.704069188470267 -11.756413132608117 0
    endloop
  endfacet
  facet normal -0.12533323356430456 -0.9921147013144779 0
    outer loop
      vertex 23.108989272403605 -11.807566435131761 3
      vertex 22.704069188470267 -11.756413132608117 3
      vertex 23.108989272403605 -11.807566435131761 0
    endloop
  endfacet
  facet normal -0.4817536741017158 -0.8763066800438631 0
    outer loop
      vertex 24.24143708368174 -12.255934242118451 3
      vertex 23.883782697586486 -12.059312079485437 3
      vertex 24.24143708368174 -12.255934242118451 0
    endloop
  endfacet
  facet normal -0.24868988716485532 -0.9685831611286311 0
    outer loop
      vertex 23.50430523171858 -11.90906632204075 3
      vertex 23.108989272403605 -11.807566435131761 3
      vertex 23.50430523171858 -11.90906632204075 0
    endloop
  endfacet
  facet normal -0.3681245526846794 -0.9297764858882509 0
    outer loop
      vertex 23.883782697586486 -12.059312079485437 3
      vertex 23.50430523171858 -11.90906632204075 3
      vertex 23.883782697586486 -12.059312079485437 0
    endloop
  endfacet
  facet normal 0.4817536741017089 0.8763066800438671 0
    outer loop
      vertex 36.11621730241352 -17.940687920514563 0
      vertex 35.75856291631826 -17.74406575788155 0
      vertex 36.11621730241352 -17.940687920514563 3
    endloop
  endfacet
  facet normal 0.12533323356430565 0.9921147013144778 0
    outer loop
      vertex 37.29593081152973 -18.243586867391883 0
      vertex 36.891010727596395 -18.19243356486824 0
      vertex 37.29593081152973 -18.243586867391883 3
    endloop
  endfacet
  facet normal 0.3681245526846794 0.9297764858882509 0
    outer loop
      vertex 36.495694768281425 -18.09093367795925 0
      vertex 36.11621730241352 -17.940687920514563 0
      vertex 36.495694768281425 -18.09093367795925 3
    endloop
  endfacet
  facet normal 0.2486898871648574 0.9685831611286304 0
    outer loop
      vertex 36.891010727596395 -18.19243356486824 0
      vertex 36.495694768281425 -18.09093367795925 0
      vertex 36.891010727596395 -18.19243356486824 3
    endloop
  endfacet
  facet normal 0.7705132427757911 0.6374239897486873 0
    outer loop
      vertex 35.13085196088041 -17.22477809426824 0
      vertex 34.870694768281425 -16.91030206995054 0
      vertex 34.870694768281425 -16.91030206995054 3
    endloop
  endfacet
  facet normal 0.8443279255020165 0.5358267949789943 0
    outer loop
      vertex 34.870694768281425 -16.91030206995054 0
      vertex 34.65200328985745 -16.565699440830574 0
      vertex 34.65200328985745 -16.565699440830574 3
    endloop
  endfacet
  facet normal 0.5877852522924775 0.8090169943749442 0
    outer loop
      vertex 35.75856291631826 -17.74406575788155 0
      vertex 35.42837203331676 -17.504168039021316 0
      vertex 35.75856291631826 -17.74406575788155 3
    endloop
  endfacet
  facet normal 0.684547105928686 0.7289686274214139 0
    outer loop
      vertex 35.42837203331676 -17.504168039021316 0
      vertex 35.13085196088041 -17.22477809426824 0
      vertex 35.42837203331676 -17.504168039021316 3
    endloop
  endfacet
  facet normal 0 1 0
    outer loop
      vertex 37.70406918847027 -18.243586867391883 0
      vertex 37.29593081152973 -18.243586867391883 0
      vertex 37.70406918847027 -18.243586867391883 3
    endloop
  endfacet
  facet normal -0.12533323356430565 0.9921147013144778 0
    outer loop
      vertex 38.108989272403605 -18.19243356486824 0
      vertex 37.70406918847027 -18.243586867391883 0
      vertex 38.108989272403605 -18.19243356486824 3
    endloop
  endfacet
  facet normal -0.2486898871648574 0.9685831611286304 0
    outer loop
      vertex 38.504305231718575 -18.09093367795925 0
      vertex 38.108989272403605 -18.19243356486824 0
      vertex 38.504305231718575 -18.09093367795925 3
    endloop
  endfacet
  facet normal -0.3681245526846794 0.9297764858882509 0
    outer loop
      vertex 38.88378269758648 -17.940687920514563 0
      vertex 38.504305231718575 -18.09093367795925 0
      vertex 38.88378269758648 -17.940687920514563 3
    endloop
  endfacet
  facet normal -0.4817536741017089 0.8763066800438671 0
    outer loop
      vertex 39.24143708368174 -17.74406575788155 0
      vertex 38.88378269758648 -17.940687920514563 0
      vertex 39.24143708368174 -17.74406575788155 3
    endloop
  endfacet
  facet normal -0.5877852522924693 0.8090169943749503 0
    outer loop
      vertex 39.571627966683245 -17.504168039021316 0
      vertex 39.24143708368174 -17.74406575788155 0
      vertex 39.571627966683245 -17.504168039021316 3
    endloop
  endfacet
  facet normal -0.6845471059286948 0.7289686274214059 0
    outer loop
      vertex 39.86914803911959 -17.22477809426824 0
      vertex 39.571627966683245 -17.504168039021316 0
      vertex 39.86914803911959 -17.22477809426824 3
    endloop
  endfacet
  facet normal -0.7705132427757911 0.6374239897486873 0
    outer loop
      vertex 39.86914803911959 -17.22477809426824 0
      vertex 39.86914803911959 -17.22477809426824 3
      vertex 40.129305231718575 -16.91030206995054 0
    endloop
  endfacet
  facet normal -0.8443279255020165 0.5358267949789943 0
    outer loop
      vertex 40.34799671014255 -16.565699440830574 0
      vertex 40.129305231718575 -16.91030206995054 0
      vertex 40.129305231718575 -16.91030206995054 3
    endloop
  endfacet
  facet normal 0.9510565162951573 0.3090169943749362 0
    outer loop
      vertex 34.47822642086318 -16.196404796225202 0
      vertex 34.35210472633195 -15.808242133285779 0
      vertex 34.35210472633195 -15.808242133285779 3
    endloop
  endfacet
  facet normal 0.9048270524660136 0.42577929156508526 0
    outer loop
      vertex 34.65200328985745 -16.565699440830574 0
      vertex 34.47822642086318 -16.196404796225202 0
      vertex 34.47822642086318 -16.196404796225202 3
    endloop
  endfacet
  facet normal 0.9822872507286879 0.18738131458572846 0
    outer loop
      vertex 34.35210472633195 -15.808242133285779 0
      vertex 34.27562722072795 -15.407333009083988 0
      vertex 34.27562722072795 -15.407333009083988 3
    endloop
  endfacet
  facet normal 0.9980267284282714 0.06279051952931576 0
    outer loop
      vertex 34.27562722072795 -15.407333009083988 0
      vertex 34.25 -15 0
      vertex 34.25 -15 3
    endloop
  endfacet
  facet normal 0.9980267284282714 -0.06279051952931576 0
    outer loop
      vertex 34.25 -15 0
      vertex 34.27562722072795 -14.592666990916012 0
      vertex 34.27562722072795 -14.592666990916012 3
    endloop
  endfacet
  facet normal 0.9822872507286879 -0.18738131458572846 0
    outer loop
      vertex 34.27562722072795 -14.592666990916012 0
      vertex 34.35210472633195 -14.191757866714221 0
      vertex 34.35210472633195 -14.191757866714221 3
    endloop
  endfacet
  facet normal 0.9510565162951573 -0.3090169943749362 0
    outer loop
      vertex 34.35210472633195 -14.191757866714221 0
      vertex 34.47822642086318 -13.803595203774798 0
      vertex 34.47822642086318 -13.803595203774798 3
    endloop
  endfacet
  facet normal 0.9048270524660136 -0.42577929156508526 0
    outer loop
      vertex 34.47822642086318 -13.803595203774798 0
      vertex 34.65200328985745 -13.434300559169426 0
      vertex 34.65200328985745 -13.434300559169426 3
    endloop
  endfacet
  facet normal 0.8443279255020153 -0.5358267949789962 0
    outer loop
      vertex 34.65200328985745 -13.434300559169426 0
      vertex 34.870694768281425 -13.089697930049462 0
      vertex 34.870694768281425 -13.089697930049462 3
    endloop
  endfacet
  facet normal 0.770513242775793 -0.6374239897486852 0
    outer loop
      vertex 34.870694768281425 -13.089697930049462 0
      vertex 35.13085196088041 -12.775221905731762 0
      vertex 35.13085196088041 -12.775221905731762 3
    endloop
  endfacet
  facet normal 0.684547105928686 -0.7289686274214139 0
    outer loop
      vertex 35.13085196088041 -12.775221905731762 0
      vertex 35.42837203331676 -12.495831960978684 0
      vertex 35.13085196088041 -12.775221905731762 3
    endloop
  endfacet
  facet normal 0.5877852522924746 -0.8090169943749462 0
    outer loop
      vertex 35.42837203331676 -12.495831960978684 0
      vertex 35.75856291631826 -12.255934242118451 0
      vertex 35.42837203331676 -12.495831960978684 3
    endloop
  endfacet
  facet normal 0.48175367410171216 -0.8763066800438652 0
    outer loop
      vertex 35.75856291631826 -12.255934242118451 0
      vertex 36.11621730241352 -12.059312079485437 0
      vertex 35.75856291631826 -12.255934242118451 3
    endloop
  endfacet
  facet normal 0.3681245526846794 -0.9297764858882509 0
    outer loop
      vertex 36.11621730241352 -12.059312079485437 0
      vertex 36.495694768281425 -11.90906632204075 0
      vertex 36.11621730241352 -12.059312079485437 3
    endloop
  endfacet
  facet normal 0.2486898871648574 -0.9685831611286304 0
    outer loop
      vertex 36.495694768281425 -11.90906632204075 0
      vertex 36.891010727596395 -11.807566435131761 0
      vertex 36.495694768281425 -11.90906632204075 3
    endloop
  endfacet
  facet normal 0.12533323356430565 -0.9921147013144778 0
    outer loop
      vertex 36.891010727596395 -11.807566435131761 0
      vertex 37.29593081152973 -11.756413132608117 0
      vertex 36.891010727596395 -11.807566435131761 3
    endloop
  endfacet
  facet normal -0.9048270524660119 0.4257792915650886 0
    outer loop
      vertex 40.52177357913682 -16.196404796225206 0
      vertex 40.34799671014255 -16.565699440830574 0
      vertex 40.34799671014255 -16.565699440830574 3
    endloop
  endfacet
  facet normal -0.9510565162951585 0.3090169943749323 0
    outer loop
      vertex 40.64789527366805 -15.808242133285777 0
      vertex 40.52177357913682 -16.196404796225206 0
      vertex 40.52177357913682 -16.196404796225206 3
    endloop
  endfacet
  facet normal -0.9822872507286877 0.18738131458572924 0
    outer loop
      vertex 40.72437277927205 -15.407333009083988 0
      vertex 40.64789527366805 -15.808242133285777 0
      vertex 40.64789527366805 -15.808242133285777 3
    endloop
  endfacet
  facet normal -0.9980267284282714 0.06279051952931576 0
    outer loop
      vertex 40.75 -15 0
      vertex 40.72437277927205 -15.407333009083988 0
      vertex 40.72437277927205 -15.407333009083988 3
    endloop
  endfacet
  facet normal -0.9980267284282714 -0.06279051952931576 0
    outer loop
      vertex 40.72437277927205 -14.592666990916012 0
      vertex 40.75 -15 0
      vertex 40.75 -15 3
    endloop
  endfacet
  facet normal -0.9822872507286879 -0.18738131458572846 0
    outer loop
      vertex 40.64789527366805 -14.191757866714221 0
      vertex 40.72437277927205 -14.592666990916012 0
      vertex 40.72437277927205 -14.592666990916012 3
    endloop
  endfacet
  facet normal -0.9510565162951573 -0.3090169943749362 0
    outer loop
      vertex 40.52177357913682 -13.803595203774798 0
      vertex 40.64789527366805 -14.191757866714221 0
      vertex 40.64789527366805 -14.191757866714221 3
    endloop
  endfacet
  facet normal -0.9048270524660136 -0.42577929156508526 0
    outer loop
      vertex 40.34799671014255 -13.434300559169426 0
      vertex 40.52177357913682 -13.803595203774798 0
      vertex 40.52177357913682 -13.803595203774798 3
    endloop
  endfacet
  facet normal -0.8443279255020153 -0.5358267949789962 0
    outer loop
      vertex 40.129305231718575 -13.089697930049462 0
      vertex 40.34799671014255 -13.434300559169426 0
      vertex 40.34799671014255 -13.434300559169426 3
    endloop
  endfacet
  facet normal -0.6845471059286924 -0.728968627421408 0
    outer loop
      vertex 39.571627966683245 -12.495831960978686 0
      vertex 39.86914803911959 -12.775221905731762 0
      vertex 39.571627966683245 -12.495831960978686 3
    endloop
  endfacet
  facet normal -0.770513242775793 -0.6374239897486852 0
    outer loop
      vertex 39.86914803911959 -12.775221905731762 0
      vertex 40.129305231718575 -13.089697930049462 0
      vertex 40.129305231718575 -13.089697930049462 3
    endloop
  endfacet
  facet normal 0 -1 0
    outer loop
      vertex 37.29593081152973 -11.756413132608117 0
      vertex 37.70406918847027 -11.756413132608117 0
      vertex 37.29593081152973 -11.756413132608117 3
    endloop
  endfacet
  facet normal -0.12533323356430565 -0.9921147013144778 0
    outer loop
      vertex 37.70406918847027 -11.756413132608117 0
      vertex 38.108989272403605 -11.807566435131761 0
      vertex 37.70406918847027 -11.756413132608117 3
    endloop
  endfacet
  facet normal -0.48175367410171216 -0.8763066800438652 0
    outer loop
      vertex 38.88378269758648 -12.059312079485437 0
      vertex 39.24143708368174 -12.255934242118451 0
      vertex 38.88378269758648 -12.059312079485437 3
    endloop
  endfacet
  facet normal -0.2486898871648574 -0.9685831611286304 0
    outer loop
      vertex 38.108989272403605 -11.807566435131761 0
      vertex 38.504305231718575 -11.90906632204075 0
      vertex 38.108989272403605 -11.807566435131761 3
    endloop
  endfacet
  facet normal -0.3681245526846794 -0.9297764858882509 0
    outer loop
      vertex 38.504305231718575 -11.90906632204075 0
      vertex 38.88378269758648 -12.059312079485437 0
      vertex 38.504305231718575 -11.90906632204075 3
    endloop
  endfacet
  facet normal -0.5877852522924693 -0.8090169943749503 0
    outer loop
      vertex 39.24143708368174 -12.255934242118451 0
      vertex 39.571627966683245 -12.495831960978686 0
      vertex 39.24143708368174 -12.255934242118451 3
    endloop
  endfacet
  facet normal 0.3681245526846794 0.9297764858882509 0
    outer loop
      vertex 36.11621730241352 -17.940687920514563 3
      vertex 36.495694768281425 -18.09093367795925 3
      vertex 36.11621730241352 -17.940687920514563 0
    endloop
  endfacet
  facet normal 0.2486898871648574 0.9685831611286304 0
    outer loop
      vertex 36.495694768281425 -18.09093367795925 3
      vertex 36.891010727596395 -18.19243356486824 3
      vertex 36.495694768281425 -18.09093367795925 0
    endloop
  endfacet
  facet normal 0.12533323356430565 0.9921147013144778 0
    outer loop
      vertex 36.891010727596395 -18.19243356486824 3
      vertex 37.29593081152973 -18.243586867391883 3
      vertex 36.891010727596395 -18.19243356486824 0
    endloop
  endfacet
  facet normal 0.684547105928686 0.7289686274214139 0
    outer loop
      vertex 35.13085196088041 -17.22477809426824 0
      vertex 35.13085196088041 -17.22477809426824 3
      vertex 35.42837203331676 -17.504168039021316 3
    endloop
  endfacet
  facet normal 0.7705132427757911 0.6374239897486873 0
    outer loop
      vertex 35.13085196088041 -17.22477809426824 0
      vertex 34.870694768281425 -16.91030206995054 3
      vertex 35.13085196088041 -17.22477809426824 3
    endloop
  endfacet
  facet normal 0.8443279255020165 0.5358267949789943 0
    outer loop
      vertex 34.870694768281425 -16.91030206995054 0
      vertex 34.65200328985745 -16.565699440830574 3
      vertex 34.870694768281425 -16.91030206995054 3
    endloop
  endfacet
  facet normal 0.5877852522924775 0.8090169943749442 0
    outer loop
      vertex 35.42837203331676 -17.504168039021316 3
      vertex 35.75856291631826 -17.74406575788155 3
      vertex 35.42837203331676 -17.504168039021316 0
    endloop
  endfacet
  facet normal 0.4817536741017089 0.8763066800438671 0
    outer loop
      vertex 35.75856291631826 -17.74406575788155 3
      vertex 36.11621730241352 -17.940687920514563 3
      vertex 35.75856291631826 -17.74406575788155 0
    endloop
  endfacet
  facet normal 0 1 0
    outer loop
      vertex 37.29593081152973 -18.243586867391883 3
      vertex 37.70406918847027 -18.243586867391883 3
      vertex 37.29593081152973 -18.243586867391883 0
    endloop
  endfacet
  facet normal -0.12533323356430565 0.9921147013144778 0
    outer loop
      vertex 37.70406918847027 -18.243586867391883 3
      vertex 38.108989272403605 -18.19243356486824 3
      vertex 37.70406918847027 -18.243586867391883 0
    endloop
  endfacet
  facet normal -0.2486898871648574 0.9685831611286304 0
    outer loop
      vertex 38.108989272403605 -18.19243356486824 3
      vertex 38.504305231718575 -18.09093367795925 3
      vertex 38.108989272403605 -18.19243356486824 0
    endloop
  endfacet
  facet normal -0.3681245526846794 0.9297764858882509 0
    outer loop
      vertex 38.504305231718575 -18.09093367795925 3
      vertex 38.88378269758648 -17.940687920514563 3
      vertex 38.504305231718575 -18.09093367795925 0
    endloop
  endfacet
  facet normal -0.4817536741017089 0.8763066800438671 0
    outer loop
      vertex 38.88378269758648 -17.940687920514563 3
      vertex 39.24143708368174 -17.74406575788155 3
      vertex 38.88378269758648 -17.940687920514563 0
    endloop
  endfacet
  facet normal -0.5877852522924693 0.8090169943749503 0
    outer loop
      vertex 39.24143708368174 -17.74406575788155 3
      vertex 39.571627966683245 -17.504168039021316 3
      vertex 39.24143708368174 -17.74406575788155 0
    endloop
  endfacet
  facet normal -0.6845471059286948 0.7289686274214059 0
    outer loop
      vertex 39.571627966683245 -17.504168039021316 3
      vertex 39.86914803911959 -17.22477809426824 3
      vertex 39.571627966683245 -17.504168039021316 0
    endloop
  endfacet
  facet normal -0.7705132427757911 0.6374239897486873 0
    outer loop
      vertex 40.129305231718575 -16.91030206995054 0
      vertex 39.86914803911959 -17.22477809426824 3
      vertex 40.129305231718575 -16.91030206995054 3
    endloop
  endfacet
  facet normal -0.8443279255020165 0.5358267949789943 0
    outer loop
      vertex 40.34799671014255 -16.565699440830574 0
      vertex 40.129305231718575 -16.91030206995054 3
      vertex 40.34799671014255 -16.565699440830574 3
    endloop
  endfacet
  facet normal 0.9048270524660136 0.42577929156508526 0
    outer loop
      vertex 34.65200328985745 -16.565699440830574 0
      vertex 34.47822642086318 -16.196404796225202 3
      vertex 34.65200328985745 -16.565699440830574 3
    endloop
  endfacet
  facet normal 0.9510565162951573 0.3090169943749362 0
    outer loop
      vertex 34.47822642086318 -16.196404796225202 0
      vertex 34.35210472633195 -15.808242133285779 3
      vertex 34.47822642086318 -16.196404796225202 3
    endloop
  endfacet
  facet normal 0.9822872507286879 0.18738131458572846 0
    outer loop
      vertex 34.35210472633195 -15.808242133285779 0
      vertex 34.27562722072795 -15.407333009083988 3
      vertex 34.35210472633195 -15.808242133285779 3
    endloop
  endfacet
  facet normal 0.9980267284282714 0.06279051952931576 0
    outer loop
      vertex 34.25 -15 3
      vertex 34.27562722072795 -15.407333009083988 3
      vertex 34.27562722072795 -15.407333009083988 0
    endloop
  endfacet
  facet normal 0.9980267284282714 -0.06279051952931576 0
    outer loop
      vertex 34.25 -15 0
      vertex 34.27562722072795 -14.592666990916012 3
      vertex 34.25 -15 3
    endloop
  endfacet
  facet normal 0.9822872507286879 -0.18738131458572846 0
    outer loop
      vertex 34.27562722072795 -14.592666990916012 0
      vertex 34.35210472633195 -14.191757866714221 3
      vertex 34.27562722072795 -14.592666990916012 3
    endloop
  endfacet
  facet normal 0.9510565162951573 -0.3090169943749362 0
    outer loop
      vertex 34.35210472633195 -14.191757866714221 0
      vertex 34.47822642086318 -13.803595203774798 3
      vertex 34.35210472633195 -14.191757866714221 3
    endloop
  endfacet
  facet normal 0.9048270524660136 -0.42577929156508526 0
    outer loop
      vertex 34.47822642086318 -13.803595203774798 0
      vertex 34.65200328985745 -13.434300559169426 3
      vertex 34.47822642086318 -13.803595203774798 3
    endloop
  endfacet
  facet normal 0.8443279255020153 -0.5358267949789962 0
    outer loop
      vertex 34.65200328985745 -13.434300559169426 0
      vertex 34.870694768281425 -13.089697930049462 3
      vertex 34.65200328985745 -13.434300559169426 3
    endloop
  endfacet
  facet normal 0.770513242775793 -0.6374239897486852 0
    outer loop
      vertex 34.870694768281425 -13.089697930049462 0
      vertex 35.13085196088041 -12.775221905731762 3
      vertex 34.870694768281425 -13.089697930049462 3
    endloop
  endfacet
  facet normal 0.684547105928686 -0.7289686274214139 0
    outer loop
      vertex 35.42837203331676 -12.495831960978684 3
      vertex 35.13085196088041 -12.775221905731762 3
      vertex 35.42837203331676 -12.495831960978684 0
    endloop
  endfacet
  facet normal 0.5877852522924746 -0.8090169943749462 0
    outer loop
      vertex 35.75856291631826 -12.255934242118451 3
      vertex 35.42837203331676 -12.495831960978684 3
      vertex 35.75856291631826 -12.255934242118451 0
    endloop
  endfacet
  facet normal 0.48175367410171216 -0.8763066800438652 0
    outer loop
      vertex 36.11621730241352 -12.059312079485437 3
      vertex 35.75856291631826 -12.255934242118451 3
      vertex 36.11621730241352 -12.059312079485437 0
    endloop
  endfacet
  facet normal 0.3681245526846794 -0.9297764858882509 0
    outer loop
      vertex 36.495694768281425 -11.90906632204075 3
      vertex 36.11621730241352 -12.059312079485437 3
      vertex 36.495694768281425 -11.90906632204075 0
    endloop
  endfacet
  facet normal 0.2486898871648574 -0.9685831611286304 0
    outer loop
      vertex 36.891010727596395 -11.807566435131761 3
      vertex 36.495694768281425 -11.90906632204075 3
      vertex 36.891010727596395 -11.807566435131761 0
    endloop
  endfacet
  facet normal 0.12533323356430565 -0.9921147013144778 0
    outer loop
      vertex 37.29593081152973 -11.756413132608117 3
      vertex 36.891010727596395 -11.807566435131761 3
      vertex 37.29593081152973 -11.756413132608117 0
    endloop
  endfacet
  facet normal -0.9048270524660119 0.4257792915650886 0
    outer loop
      vertex 40.52177357913682 -16.196404796225206 0
      vertex 40.34799671014255 -16.565699440830574 3
      vertex 40.52177357913682 -16.196404796225206 3
    endloop
  endfacet
  facet normal -0.9510565162951585 0.3090169943749323 0
    outer loop
      vertex 40.64789527366805 -15.808242133285777 0
      vertex 40.52177357913682 -16.196404796225206 3
      vertex 40.64789527366805 -15.808242133285777 3
    endloop
  endfacet
  facet normal -0.9822872507286877 0.18738131458572924 0
    outer loop
      vertex 40.64789527366805 -15.808242133285777 3
      vertex 40.72437277927205 -15.407333009083988 3
      vertex 40.72437277927205 -15.407333009083988 0
    endloop
  endfacet
  facet normal -0.9980267284282714 0.06279051952931576 0
    outer loop
      vertex 40.75 -15 0
      vertex 40.72437277927205 -15.407333009083988 3
      vertex 40.75 -15 3
    endloop
  endfacet
  facet normal -0.9980267284282714 -0.06279051952931576 0
    outer loop
      vertex 40.72437277927205 -14.592666990916012 0
      vertex 40.75 -15 3
      vertex 40.72437277927205 -14.592666990916012 3
    endloop
  endfacet
  facet normal -0.9822872507286879 -0.18738131458572846 0
    outer loop
      vertex 40.64789527366805 -14.191757866714221 0
      vertex 40.72437277927205 -14.592666990916012 3
      vertex 40.64789527366805 -14.191757866714221 3
    endloop
  endfacet
  facet normal -0.9510565162951573 -0.3090169943749362 0
    outer loop
      vertex 40.52177357913682 -13.803595203774798 0
      vertex 40.64789527366805 -14.191757866714221 3
      vertex 40.52177357913682 -13.803595203774798 3
    endloop
  endfacet
  facet normal -0.9048270524660136 -0.42577929156508526 0
    outer loop
      vertex 40.34799671014255 -13.434300559169426 0
      vertex 40.52177357913682 -13.803595203774798 3
      vertex 40.34799671014255 -13.434300559169426 3
    endloop
  endfacet
  facet normal -0.8443279255020153 -0.5358267949789962 0
    outer loop
      vertex 40.129305231718575 -13.089697930049462 0
      vertex 40.34799671014255 -13.434300559169426 3
      vertex 40.129305231718575 -13.089697930049462 3
    endloop
  endfacet
  facet normal -0.770513242775793 -0.6374239897486852 0
    outer loop
      vertex 39.86914803911959 -12.775221905731762 0
      vertex 40.129305231718575 -13.089697930049462 3
      vertex 39.86914803911959 -12.775221905731762 3
    endloop
  endfacet
  facet normal -0.5877852522924693 -0.8090169943749503 0
    outer loop
      vertex 39.571627966683245 -12.495831960978686 3
      vertex 39.24143708368174 -12.255934242118451 3
      vertex 39.571627966683245 -12.495831960978686 0
    endloop
  endfacet
  facet normal -0.6845471059286924 -0.728968627421408 0
    outer loop
      vertex 39.86914803911959 -12.775221905731762 3
      vertex 39.571627966683245 -12.495831960978686 3
      vertex 39.86914803911959 -12.775221905731762 0
    endloop
  endfacet
  facet normal 0 -1 0
    outer loop
      vertex 37.70406918847027 -11.756413132608117 3
      vertex 37.29593081152973 -11.756413132608117 3
      vertex 37.70406918847027 -11.756413132608117 0
    endloop
  endfacet
  facet normal -0.12533323356430565 -0.9921147013144778 0
    outer loop
      vertex 38.108989272403605 -11.807566435131761 3
      vertex 37.70406918847027 -11.756413132608117 3
      vertex 38.108989272403605 -11.807566435131761 0
    endloop
  endfacet
  facet normal -0.2486898871648574 -0.9685831611286304 0
    outer loop
      vertex 38.504305231718575 -11.90906632204075 3
      vertex 38.108989272403605 -11.807566435131761 3
      vertex 38.504305231718575 -11.90906632204075 0
    endloop
  endfacet
  facet normal -0.3681245526846794 -0.9297764858882509 0
    outer loop
      vertex 38.88378269758648 -12.059312079485437 3
      vertex 38.504305231718575 -11.90906632204075 3
      vertex 38.88378269758648 -12.059312079485437 0
    endloop
  endfacet
  facet normal -0.48175367410171216 -0.8763066800438652 0
    outer loop
      vertex 39.24143708368174 -12.255934242118451 3
      vertex 38.88378269758648 -12.059312079485437 3
      vertex 39.24143708368174 -12.255934242118451 0
    endloop
  endfacet
  facet normal 0.4817536741017089 0.8763066800438671 0
    outer loop
      vertex 51.11621730241352 -17.940687920514563 0
      vertex 50.75856291631826 -17.74406575788155 0
      vertex 51.11621730241352 -17.940687920514563 3
    endloop
  endfacet
  facet normal 0.3681245526846794 0.9297764858882509 0
    outer loop
      vertex 51.495694768281425 -18.09093367795925 0
      vertex 51.11621730241352 -17.940687920514563 0
      vertex 51.495694768281425 -18.09093367795925 3
    endloop
  endfacet
  facet normal 0.2486898871648574 0.9685831611286304 0
    outer loop
      vertex 51.891010727596395 -18.19243356486824 0
      vertex 51.495694768281425 -18.09093367795925 0
      vertex 51.891010727596395 -18.19243356486824 3
    endloop
  endfacet
  facet normal 0.7705132427757911 0.6374239897486873 0
    outer loop
      vertex 50.13085196088041 -17.22477809426824 0
      vertex 49.870694768281425 -16.91030206995054 0
      vertex 49.870694768281425 -16.91030206995054 3
    endloop
  endfacet
  facet normal 0.8443279255020165 0.5358267949789943 0
    outer loop
      vertex 49.870694768281425 -16.91030206995054 0
      vertex 49.65200328985745 -16.565699440830574 0
      vertex 49.65200328985745 -16.565699440830574 3
    endloop
  endfacet
  facet normal 0.5877852522924775 0.8090169943749442 0
    outer loop
      vertex 50.75856291631826 -17.74406575788155 0
      vertex 50.42837203331676 -17.504168039021316 0
      vertex 50.75856291631826 -17.74406575788155 3
    endloop
  endfacet
  facet normal 0.684547105928686 0.7289686274214139 0
    outer loop
      vertex 50.42837203331676 -17.504168039021316 0
      vertex 50.13085196088041 -17.22477809426824 0
      vertex 50.42837203331676 -17.504168039021316 3
    endloop
  endfacet
  facet normal 0.12533323356430565 0.9921147013144778 0
    outer loop
      vertex 52.29593081152973 -18.243586867391883 0
      vertex 51.891010727596395 -18.19243356486824 0
      vertex 52.29593081152973 -18.243586867391883 3
    endloop
  endfacet
  facet normal 0 1 0
    outer loop
      vertex 52.70406918847027 -18.243586867391883 0
      vertex 52.29593081152973 -18.243586867391883 0
      vertex 52.70406918847027 -18.243586867391883 3
    endloop
  endfacet
  facet normal -0.12533323356430565 0.9921147013144778 0
    outer loop
      vertex 53.108989272403605 -18.19243356486824 0
      vertex 52.70406918847027 -18.243586867391883 0
      vertex 53.108989272403605 -18.19243356486824 3
    endloop
  endfacet
  facet normal -0.2486898871648574 0.9685831611286304 0
    outer loop
      vertex 53.504305231718575 -18.09093367795925 0
      vertex 53.108989272403605 -18.19243356486824 0
      vertex 53.504305231718575 -18.09093367795925 3
    endloop
  endfacet
  facet normal -0.3681245526846794 0.9297764858882509 0
    outer loop
      vertex 53.88378269758648 -17.940687920514563 0
      vertex 53.504305231718575 -18.09093367795925 0
      vertex 53.88378269758648 -17.940687920514563 3
    endloop
  endfacet
  facet normal -0.4817536741017089 0.8763066800438671 0
    outer loop
      vertex 54.24143708368174 -17.74406575788155 0
      vertex 53.88378269758648 -17.940687920514563 0
      vertex 54.24143708368174 -17.74406575788155 3
    endloop
  endfacet
  facet normal -0.5877852522924693 0.8090169943749503 0
    outer loop
      vertex 54.571627966683245 -17.504168039021316 0
      vertex 54.24143708368174 -17.74406575788155 0
      vertex 54.571627966683245 -17.504168039021316 3
    endloop
  endfacet
  facet normal -0.6845471059286948 0.7289686274214059 0
    outer loop
      vertex 54.86914803911959 -17.22477809426824 0
      vertex 54.571627966683245 -17.504168039021316 0
      vertex 54.86914803911959 -17.22477809426824 3
    endloop
  endfacet
  facet normal -0.7705132427757911 0.6374239897486873 0
    outer loop
      vertex 54.86914803911959 -17.22477809426824 0
      vertex 54.86914803911959 -17.22477809426824 3
      vertex 55.129305231718575 -16.91030206995054 0
    endloop
  endfacet
  facet normal -0.8443279255020165 0.5358267949789943 0
    outer loop
      vertex 55.34799671014255 -16.565699440830574 0
      vertex 55.129305231718575 -16.91030206995054 0
      vertex 55.129305231718575 -16.91030206995054 3
    endloop
  endfacet
  facet normal 0.9048270524660136 0.42577929156508526 0
    outer loop
      vertex 49.65200328985745 -16.565699440830574 0
      vertex 49.47822642086318 -16.196404796225202 0
      vertex 49.47822642086318 -16.196404796225202 3
    endloop
  endfacet
  facet normal 0.9510565162951573 0.3090169943749362 0
    outer loop
      vertex 49.47822642086318 -16.196404796225202 0
      vertex 49.35210472633195 -15.808242133285779 0
      vertex 49.35210472633195 -15.808242133285779 3
    endloop
  endfacet
  facet normal 0.9980267284282714 0.06279051952931576 0
    outer loop
      vertex 49.27562722072795 -15.407333009083988 0
      vertex 49.25 -15 0
      vertex 49.25 -15 3
    endloop
  endfacet
  facet normal 0.9822872507286879 0.18738131458572846 0
    outer loop
      vertex 49.35210472633195 -15.808242133285779 0
      vertex 49.27562722072795 -15.407333009083988 0
      vertex 49.27562722072795 -15.407333009083988 3
    endloop
  endfacet
  facet normal 0.9980267284282714 -0.06279051952931576 0
    outer loop
      vertex 49.25 -15 0
      vertex 49.27562722072795 -14.592666990916012 0
      vertex 49.27562722072795 -14.592666990916012 3
    endloop
  endfacet
  facet normal 0.9822872507286879 -0.18738131458572846 0
    outer loop
      vertex 49.27562722072795 -14.592666990916012 0
      vertex 49.35210472633195 -14.191757866714221 0
      vertex 49.35210472633195 -14.191757866714221 3
    endloop
  endfacet
  facet normal 0.9510565162951573 -0.3090169943749362 0
    outer loop
      vertex 49.35210472633195 -14.191757866714221 0
      vertex 49.47822642086318 -13.803595203774798 0
      vertex 49.47822642086318 -13.803595203774798 3
    endloop
  endfacet
  facet normal 0.9048270524660136 -0.42577929156508526 0
    outer loop
      vertex 49.47822642086318 -13.803595203774798 0
      vertex 49.65200328985745 -13.434300559169426 0
      vertex 49.65200328985745 -13.434300559169426 3
    endloop
  endfacet
  facet normal 0.8443279255020153 -0.5358267949789962 0
    outer loop
      vertex 49.65200328985745 -13.434300559169426 0
      vertex 49.870694768281425 -13.089697930049462 0
      vertex 49.870694768281425 -13.089697930049462 3
    endloop
  endfacet
  facet normal 0.770513242775793 -0.6374239897486852 0
    outer loop
      vertex 49.870694768281425 -13.089697930049462 0
      vertex 50.13085196088041 -12.775221905731762 0
      vertex 50.13085196088041 -12.775221905731762 3
    endloop
  endfacet
  facet normal 0.684547105928686 -0.7289686274214139 0
    outer loop
      vertex 50.13085196088041 -12.775221905731762 0
      vertex 50.42837203331676 -12.495831960978684 0
      vertex 50.13085196088041 -12.775221905731762 3
    endloop
  endfacet
  facet normal 0.5877852522924746 -0.8090169943749462 0
    outer loop
      vertex 50.42837203331676 -12.495831960978684 0
      vertex 50.75856291631826 -12.255934242118451 0
      vertex 50.42837203331676 -12.495831960978684 3
    endloop
  endfacet
  facet normal 0.48175367410171216 -0.8763066800438652 0
    outer loop
      vertex 50.75856291631826 -12.255934242118451 0
      vertex 51.11621730241352 -12.059312079485437 0
      vertex 50.75856291631826 -12.255934242118451 3
    endloop
  endfacet
  facet normal 0.3681245526846794 -0.9297764858882509 0
    outer loop
      vertex 51.11621730241352 -12.059312079485437 0
      vertex 51.495694768281425 -11.90906632204075 0
      vertex 51.11621730241352 -12.059312079485437 3
    endloop
  endfacet
  facet normal 0.2486898871648574 -0.9685831611286304 0
    outer loop
      vertex 51.495694768281425 -11.90906632204075 0
      vertex 51.891010727596395 -11.807566435131761 0
      vertex 51.495694768281425 -11.90906632204075 3
    endloop
  endfacet
  facet normal 0.12533323356430565 -0.9921147013144778 0
    outer loop
      vertex 51.891010727596395 -11.807566435131761 0
      vertex 52.29593081152973 -11.756413132608117 0
      vertex 51.891010727596395 -11.807566435131761 3
    endloop
  endfacet
  facet normal -0.9048270524660119 0.4257792915650886 0
    outer loop
      vertex 55.52177357913682 -16.196404796225206 0
      vertex 55.34799671014255 -16.565699440830574 0
      vertex 55.34799671014255 -16.565699440830574 3
    endloop
  endfacet
  facet normal -0.9510565162951585 0.3090169943749323 0
    outer loop
      vertex 55.64789527366805 -15.808242133285777 0
      vertex 55.52177357913682 -16.196404796225206 0
      vertex 55.52177357913682 -16.196404796225206 3
    endloop
  endfacet
  facet normal -0.9822872507286877 0.18738131458572924 0
    outer loop
      vertex 55.72437277927205 -15.407333009083988 0
      vertex 55.64789527366805 -15.808242133285777 0
      vertex 55.64789527366805 -15.808242133285777 3
    endloop
  endfacet
  facet normal -0.9980267284282714 0.06279051952931576 0
    outer loop
      vertex 55.75 -15 0
      vertex 55.72437277927205 -15.407333009083988 0
      vertex 55.72437277927205 -15.407333009083988 3
    endloop
  endfacet
  facet normal -0.9980267284282714 -0.06279051952931576 0
    outer loop
      vertex 55.72437277927205 -14.592666990916012 0
      vertex 55.75 -15 0
      vertex 55.75 -15 3
    endloop
  endfacet
  facet normal -0.9822872507286879 -0.18738131458572846 0
    outer loop
      vertex 55.64789527366805 -14.191757866714221 0
      vertex 55.72437277927205 -14.592666990916012 0
      vertex 55.72437277927205 -14.592666990916012 3
    endloop
  endfacet
  facet normal -0.9510565162951573 -0.3090169943749362 0
    outer loop
      vertex 55.52177357913682 -13.803595203774798 0
      vertex 55.64789527366805 -14.191757866714221 0
      vertex 55.64789527366805 -14.191757866714221 3
    endloop
  endfacet
  facet normal -0.9048270524660136 -0.42577929156508526 0
    outer loop
      vertex 55.34799671014255 -13.434300559169426 0
      vertex 55.52177357913682 -13.803595203774798 0
      vertex 55.52177357913682 -13.803595203774798 3
    endloop
  endfacet
  facet normal -0.8443279255020153 -0.5358267949789962 0
    outer loop
      vertex 55.129305231718575 -13.089697930049462 0
      vertex 55.34799671014255 -13.434300559169426 0
      vertex 55.34799671014255 -13.434300559169426 3
    endloop
  endfacet
  facet normal -0.6845471059286924 -0.728968627421408 0
    outer loop
      vertex 54.571627966683245 -12.495831960978686 0
      vertex 54.86914803911959 -12.775221905731762 0
      vertex 54.571627966683245 -12.495831960978686 3
    endloop
  endfacet
  facet normal -0.770513242775793 -0.6374239897486852 0
    outer loop
      vertex 54.86914803911959 -12.775221905731762 0
      vertex 55.129305231718575 -13.089697930049462 0
      vertex 55.129305231718575 -13.089697930049462 3
    endloop
  endfacet
  facet normal 0 -1 0
    outer loop
      vertex 52.29593081152973 -11.756413132608117 0
      vertex 52.70406918847027 -11.756413132608117 0
      vertex 52.29593081152973 -11.756413132608117 3
    endloop
  endfacet
  facet normal -0.12533323356430565 -0.9921147013144778 0
    outer loop
      vertex 52.70406918847027 -11.756413132608117 0
      vertex 53.108989272403605 -11.807566435131761 0
      vertex 52.70406918847027 -11.756413132608117 3
    endloop
  endfacet
  facet normal -0.2486898871648574 -0.9685831611286304 0
    outer loop
      vertex 53.108989272403605 -11.807566435131761 0
      vertex 53.504305231718575 -11.90906632204075 0
      vertex 53.108989272403605 -11.807566435131761 3
    endloop
  endfacet
  facet normal -0.3681245526846794 -0.9297764858882509 0
    outer loop
      vertex 53.504305231718575 -11.90906632204075 0
      vertex 53.88378269758648 -12.059312079485437 0
      vertex 53.504305231718575 -11.90906632204075 3
    endloop
  endfacet
  facet normal -0.5877852522924693 -0.8090169943749503 0
    outer loop
      vertex 54.24143708368174 -12.255934242118451 0
      vertex 54.571627966683245 -12.495831960978686 0
      vertex 54.24143708368174 -12.255934242118451 3
    endloop
  endfacet
  facet normal -0.48175367410171216 -0.8763066800438652 0
    outer loop
      vertex 53.88378269758648 -12.059312079485437 0
      vertex 54.24143708368174 -12.255934242118451 0
      vertex 53.88378269758648 -12.059312079485437 3
    endloop
  endfacet
  facet normal 0.3681245526846794 0.9297764858882509 0
    outer loop
      vertex 51.11621730241352 -17.940687920514563 3
      vertex 51.495694768281425 -18.09093367795925 3
      vertex 51.11621730241352 -17.940687920514563 0
    endloop
  endfacet
  facet normal 0.2486898871648574 0.9685831611286304 0
    outer loop
      vertex 51.495694768281425 -18.09093367795925 3
      vertex 51.891010727596395 -18.19243356486824 3
      vertex 51.495694768281425 -18.09093367795925 0
    endloop
  endfacet
  facet normal 0.12533323356430565 0.9921147013144778 0
    outer loop
      vertex 51.891010727596395 -18.19243356486824 3
      vertex 52.29593081152973 -18.243586867391883 3
      vertex 51.891010727596395 -18.19243356486824 0
    endloop
  endfacet
  facet normal 0.7705132427757911 0.6374239897486873 0
    outer loop
      vertex 50.13085196088041 -17.22477809426824 0
      vertex 49.870694768281425 -16.91030206995054 3
      vertex 50.13085196088041 -17.22477809426824 3
    endloop
  endfacet
  facet normal 0.8443279255020165 0.5358267949789943 0
    outer loop
      vertex 49.870694768281425 -16.91030206995054 0
      vertex 49.65200328985745 -16.565699440830574 3
      vertex 49.870694768281425 -16.91030206995054 3
    endloop
  endfacet
  facet normal 0.5877852522924775 0.8090169943749442 0
    outer loop
      vertex 50.42837203331676 -17.504168039021316 3
      vertex 50.75856291631826 -17.74406575788155 3
      vertex 50.42837203331676 -17.504168039021316 0
    endloop
  endfacet
  facet normal 0.4817536741017089 0.8763066800438671 0
    outer loop
      vertex 50.75856291631826 -17.74406575788155 3
      vertex 51.11621730241352 -17.940687920514563 3
      vertex 50.75856291631826 -17.74406575788155 0
    endloop
  endfacet
  facet normal 0.684547105928686 0.7289686274214139 0
    outer loop
      vertex 50.13085196088041 -17.22477809426824 3
      vertex 50.42837203331676 -17.504168039021316 3
      vertex 50.13085196088041 -17.22477809426824 0
    endloop
  endfacet
  facet normal 0 1 0
    outer loop
      vertex 52.29593081152973 -18.243586867391883 3
      vertex 52.70406918847027 -18.243586867391883 3
      vertex 52.29593081152973 -18.243586867391883 0
    endloop
  endfacet
  facet normal -0.12533323356430565 0.9921147013144778 0
    outer loop
      vertex 52.70406918847027 -18.243586867391883 3
      vertex 53.108989272403605 -18.19243356486824 3
      vertex 52.70406918847027 -18.243586867391883 0
    endloop
  endfacet
  facet normal -0.2486898871648574 0.9685831611286304 0
    outer loop
      vertex 53.108989272403605 -18.19243356486824 3
      vertex 53.504305231718575 -18.09093367795925 3
      vertex 53.108989272403605 -18.19243356486824 0
    endloop
  endfacet
  facet normal -0.3681245526846794 0.9297764858882509 0
    outer loop
      vertex 53.504305231718575 -18.09093367795925 3
      vertex 53.88378269758648 -17.940687920514563 3
      vertex 53.504305231718575 -18.09093367795925 0
    endloop
  endfacet
  facet normal -0.4817536741017089 0.8763066800438671 0
    outer loop
      vertex 53.88378269758648 -17.940687920514563 3
      vertex 54.24143708368174 -17.74406575788155 3
      vertex 53.88378269758648 -17.940687920514563 0
    endloop
  endfacet
  facet normal -0.5877852522924693 0.8090169943749503 0
    outer loop
      vertex 54.24143708368174 -17.74406575788155 3
      vertex 54.571627966683245 -17.504168039021316 3
      vertex 54.24143708368174 -17.74406575788155 0
    endloop
  endfacet
  facet normal -0.6845471059286948 0.7289686274214059 0
    outer loop
      vertex 54.571627966683245 -17.504168039021316 3
      vertex 54.86914803911959 -17.22477809426824 3
      vertex 54.571627966683245 -17.504168039021316 0
    endloop
  endfacet
  facet normal -0.7705132427757911 0.6374239897486873 0
    outer loop
      vertex 55.129305231718575 -16.91030206995054 0
      vertex 54.86914803911959 -17.22477809426824 3
      vertex 55.129305231718575 -16.91030206995054 3
    endloop
  endfacet
  facet normal -0.8443279255020165 0.5358267949789943 0
    outer loop
      vertex 55.129305231718575 -16.91030206995054 3
      vertex 55.34799671014255 -16.565699440830574 3
      vertex 55.34799671014255 -16.565699440830574 0
    endloop
  endfacet
  facet normal 0.9048270524660136 0.42577929156508526 0
    outer loop
      vertex 49.47822642086318 -16.196404796225202 3
      vertex 49.65200328985745 -16.565699440830574 3
      vertex 49.65200328985745 -16.565699440830574 0
    endloop
  endfacet
  facet normal 0.9510565162951573 0.3090169943749362 0
    outer loop
      vertex 49.47822642086318 -16.196404796225202 0
      vertex 49.35210472633195 -15.808242133285779 3
      vertex 49.47822642086318 -16.196404796225202 3
    endloop
  endfacet
  facet normal 0.9980267284282714 0.06279051952931576 0
    outer loop
      vertex 49.27562722072795 -15.407333009083988 0
      vertex 49.25 -15 3
      vertex 49.27562722072795 -15.407333009083988 3
    endloop
  endfacet
  facet normal 0.9822872507286879 0.18738131458572846 0
    outer loop
      vertex 49.35210472633195 -15.808242133285779 0
      vertex 49.27562722072795 -15.407333009083988 3
      vertex 49.35210472633195 -15.808242133285779 3
    endloop
  endfacet
  facet normal 0.9980267284282714 -0.06279051952931576 0
    outer loop
      vertex 49.25 -15 0
      vertex 49.27562722072795 -14.592666990916012 3
      vertex 49.25 -15 3
    endloop
  endfacet
  facet normal 0.9822872507286879 -0.18738131458572846 0
    outer loop
      vertex 49.27562722072795 -14.592666990916012 0
      vertex 49.35210472633195 -14.191757866714221 3
      vertex 49.27562722072795 -14.592666990916012 3
    endloop
  endfacet
  facet normal 0.9510565162951573 -0.3090169943749362 0
    outer loop
      vertex 49.35210472633195 -14.191757866714221 0
      vertex 49.47822642086318 -13.803595203774798 3
      vertex 49.35210472633195 -14.191757866714221 3
    endloop
  endfacet
  facet normal 0.9048270524660136 -0.42577929156508526 0
    outer loop
      vertex 49.47822642086318 -13.803595203774798 0
      vertex 49.65200328985745 -13.434300559169426 3
      vertex 49.47822642086318 -13.803595203774798 3
    endloop
  endfacet
  facet normal 0.8443279255020153 -0.5358267949789962 0
    outer loop
      vertex 49.65200328985745 -13.434300559169426 0
      vertex 49.870694768281425 -13.089697930049462 3
      vertex 49.65200328985745 -13.434300559169426 3
    endloop
  endfacet
  facet normal 0.770513242775793 -0.6374239897486852 0
    outer loop
      vertex 49.870694768281425 -13.089697930049462 0
      vertex 50.13085196088041 -12.775221905731762 3
      vertex 49.870694768281425 -13.089697930049462 3
    endloop
  endfacet
  facet normal 0.684547105928686 -0.7289686274214139 0
    outer loop
      vertex 50.42837203331676 -12.495831960978684 3
      vertex 50.13085196088041 -12.775221905731762 3
      vertex 50.42837203331676 -12.495831960978684 0
    endloop
  endfacet
  facet normal 0.5877852522924746 -0.8090169943749462 0
    outer loop
      vertex 50.75856291631826 -12.255934242118451 3
      vertex 50.42837203331676 -12.495831960978684 3
      vertex 50.75856291631826 -12.255934242118451 0
    endloop
  endfacet
  facet normal 0.48175367410171216 -0.8763066800438652 0
    outer loop
      vertex 51.11621730241352 -12.059312079485437 3
      vertex 50.75856291631826 -12.255934242118451 3
      vertex 51.11621730241352 -12.059312079485437 0
    endloop
  endfacet
  facet normal 0.3681245526846794 -0.9297764858882509 0
    outer loop
      vertex 51.495694768281425 -11.90906632204075 3
      vertex 51.11621730241352 -12.059312079485437 3
      vertex 51.495694768281425 -11.90906632204075 0
    endloop
  endfacet
  facet normal 0.2486898871648574 -0.9685831611286304 0
    outer loop
      vertex 51.891010727596395 -11.807566435131761 3
      vertex 51.495694768281425 -11.90906632204075 3
      vertex 51.891010727596395 -11.807566435131761 0
    endloop
  endfacet
  facet normal -0.9048270524660119 0.4257792915650886 0
    outer loop
      vertex 55.52177357913682 -16.196404796225206 0
      vertex 55.34799671014255 -16.565699440830574 3
      vertex 55.52177357913682 -16.196404796225206 3
    endloop
  endfacet
  facet normal -0.9510565162951585 0.3090169943749323 0
    outer loop
      vertex 55.64789527366805 -15.808242133285777 0
      vertex 55.52177357913682 -16.196404796225206 3
      vertex 55.64789527366805 -15.808242133285777 3
    endloop
  endfacet
  facet normal -0.9822872507286877 0.18738131458572924 0
    outer loop
      vertex 55.72437277927205 -15.407333009083988 0
      vertex 55.64789527366805 -15.808242133285777 3
      vertex 55.72437277927205 -15.407333009083988 3
    endloop
  endfacet
  facet normal -0.9980267284282714 0.06279051952931576 0
    outer loop
      vertex 55.75 -15 0
      vertex 55.72437277927205 -15.407333009083988 3
      vertex 55.75 -15 3
    endloop
  endfacet
  facet normal -0.9980267284282714 -0.06279051952931576 0
    outer loop
      vertex 55.72437277927205 -14.592666990916012 0
      vertex 55.75 -15 3
      vertex 55.72437277927205 -14.592666990916012 3
    endloop
  endfacet
  facet normal -0.9822872507286879 -0.18738131458572846 0
    outer loop
      vertex 55.64789527366805 -14.191757866714221 0
      vertex 55.72437277927205 -14.592666990916012 3
      vertex 55.64789527366805 -14.191757866714221 3
    endloop
  endfacet
  facet normal -0.9510565162951573 -0.3090169943749362 0
    outer loop
      vertex 55.52177357913682 -13.803595203774798 0
      vertex 55.64789527366805 -14.191757866714221 3
      vertex 55.52177357913682 -13.803595203774798 3
    endloop
  endfacet
  facet normal -0.9048270524660136 -0.42577929156508526 0
    outer loop
      vertex 55.34799671014255 -13.434300559169426 0
      vertex 55.52177357913682 -13.803595203774798 3
      vertex 55.34799671014255 -13.434300559169426 3
    endloop
  endfacet
  facet normal -0.8443279255020153 -0.5358267949789962 0
    outer loop
      vertex 55.129305231718575 -13.089697930049462 0
      vertex 55.34799671014255 -13.434300559169426 3
      vertex 55.129305231718575 -13.089697930049462 3
    endloop
  endfacet
  facet normal -0.6845471059286924 -0.728968627421408 0
    outer loop
      vertex 54.86914803911959 -12.775221905731762 0
      vertex 54.86914803911959 -12.775221905731762 3
      vertex 54.571627966683245 -12.495831960978686 3
    endloop
  endfacet
  facet normal -0.5877852522924693 -0.8090169943749503 0
    outer loop
      vertex 54.571627966683245 -12.495831960978686 3
      vertex 54.24143708368174 -12.255934242118451 3
      vertex 54.571627966683245 -12.495831960978686 0
    endloop
  endfacet
  facet normal -0.770513242775793 -0.6374239897486852 0
    outer loop
      vertex 54.86914803911959 -12.775221905731762 0
      vertex 55.129305231718575 -13.089697930049462 3
      vertex 54.86914803911959 -12.775221905731762 3
    endloop
  endfacet
  facet normal 0.12533323356430565 -0.9921147013144778 0
    outer loop
      vertex 52.29593081152973 -11.756413132608117 3
      vertex 51.891010727596395 -11.807566435131761 3
      vertex 52.29593081152973 -11.756413132608117 0
    endloop
  endfacet
  facet normal 0 -1 0
    outer loop
      vertex 52.70406918847027 -11.756413132608117 3
      vertex 52.29593081152973 -11.756413132608117 3
      vertex 52.70406918847027 -11.756413132608117 0
    endloop
  endfacet
  facet normal -0.12533323356430565 -0.9921147013144778 0
    outer loop
      vertex 53.108989272403605 -11.807566435131761 3
      vertex 52.70406918847027 -11.756413132608117 3
      vertex 53.108989272403605 -11.807566435131761 0
    endloop
  endfacet
  facet normal -0.2486898871648574 -0.9685831611286304 0
    outer loop
      vertex 53.504305231718575 -11.90906632204075 3
      vertex 53.108989272403605 -11.807566435131761 3
      vertex 53.504305231718575 -11.90906632204075 0
    endloop
  endfacet
  facet normal -0.3681245526846794 -0.9297764858882509 0
    outer loop
      vertex 53.88378269758648 -12.059312079485437 3
      vertex 53.504305231718575 -11.90906632204075 3
      vertex 53.88378269758648 -12.059312079485437 0
    endloop
  endfacet
  facet normal -0.48175367410171216 -0.8763066800438652 0
    outer loop
      vertex 54.24143708368174 -12.255934242118451 3
      vertex 53.88378269758648 -12.059312079485437 3
      vertex 54.24143708368174 -12.255934242118451 0
    endloop
  endfacet
  facet normal 0.8443279255020192 0.5358267949789903 7.864517476972086e-16
    outer loop
      vertex -54.050979980916594 -8.408712303959176 0
      vertex -54.077352024078955 -8.367156613383088 3
      vertex -53.956230589874906 -8.558013454126451 0
    endloop
  endfacet
  facet normal 0.8443279255019934 0.5358267949790307 0
    outer loop
      vertex -54.050979980916594 -8.408712303959176 0
      vertex -54.077352024078955 -8.367156613383088 0
      vertex -54.077352024078955 -8.367156613383088 3
    endloop
  endfacet
  facet normal 0.5877852522924824 0.8090169943749408 0
    outer loop
      vertex -53.464488230962196 -9.019790265903627 0
      vertex -53.64736318154764 -8.88692383699642 0
      vertex -53.464488230962196 -9.019790265903627 3
    endloop
  endfacet
  facet normal 0.36812455268467775 0.9297764858882515 0
    outer loop
      vertex -53.05623058987491 -9.211901729331277 0
      vertex -53.266402724817134 -9.128688694438836 0
      vertex -53.05623058987491 -9.211901729331277 3
    endloop
  endfacet
  facet normal 0.48175367410171976 0.876306680043861 0
    outer loop
      vertex -53.266402724817134 -9.128688694438836 0
      vertex -53.464488230962196 -9.019790265903627 0
      vertex -53.266402724817134 -9.128688694438836 3
    endloop
  endfacet
  facet normal 0.12533323356430603 0.9921147013144777 0
    outer loop
      vertex -52.61302293515276 -9.29644811117089 0
      vertex -52.837286366254304 -9.26811705131164 0
      vertex -52.61302293515276 -9.29644811117089 3
    endloop
  endfacet
  facet normal 0 1 0
    outer loop
      vertex -52.38697706484724 -9.29644811117089 0
      vertex -52.61302293515276 -9.29644811117089 0
      vertex -52.38697706484724 -9.29644811117089 3
    endloop
  endfacet
  facet normal -0.12533323356430603 0.9921147013144777 0
    outer loop
      vertex -52.162713633745696 -9.26811705131164 0
      vertex -52.38697706484724 -9.29644811117089 0
      vertex -52.162713633745696 -9.26811705131164 3
    endloop
  endfacet
  facet normal 0.24868988716484847 0.9685831611286327 0
    outer loop
      vertex -52.837286366254304 -9.26811705131164 0
      vertex -53.05623058987491 -9.211901729331277 0
      vertex -52.837286366254304 -9.26811705131164 3
    endloop
  endfacet
  facet normal 0.6845471059286794 0.7289686274214201 0
    outer loop
      vertex -53.64736318154764 -8.88692383699642 0
      vertex -53.81214352935854 -8.732184790671639 0
      vertex -53.64736318154764 -8.88692383699642 3
    endloop
  endfacet
  facet normal 0.7705132427757933 0.6374239897486849 0
    outer loop
      vertex -53.81214352935854 -8.732184790671639 0
      vertex -53.956230589874906 -8.558013454126451 0
      vertex -53.956230589874906 -8.558013454126451 3
    endloop
  endfacet
  facet normal 0.904827052466022 0.4257792915650676 0
    outer loop
      vertex -54.077352024078955 -8.367156613383088 0
      vertex -54.17359767459885 -8.16262419483242 0
      vertex -54.17359767459885 -8.16262419483242 3
    endloop
  endfacet
  facet normal 0.9510565162951484 0.3090169943749632 0
    outer loop
      vertex -54.17359767459885 -8.16262419483242 0
      vertex -54.24344969003154 -7.947641796896739 0
      vertex -54.24344969003154 -7.947641796896739 3
    endloop
  endfacet
  facet normal 0.9822872507286907 0.18738131458571353 0
    outer loop
      vertex -54.28580646236606 -7.725599820415748 3
      vertex -54.24344969003154 -7.947641796896739 0
      vertex -54.28580646236606 -7.725599820415748 0
    endloop
  endfacet
  facet normal 0.9980267284282727 0.06279051952929687 0
    outer loop
      vertex -54.3 -7.5 3
      vertex -54.28580646236606 -7.725599820415748 0
      vertex -54.3 -7.5 0
    endloop
  endfacet
  facet normal 0.9980267284282727 -0.06279051952929687 0
    outer loop
      vertex -54.28580646236606 -7.274400179584252 3
      vertex -54.3 -7.5 0
      vertex -54.28580646236606 -7.274400179584252 0
    endloop
  endfacet
  facet normal 0.9822872507286907 -0.18738131458571353 0
    outer loop
      vertex -54.24344969003154 -7.052358203103261 3
      vertex -54.28580646236606 -7.274400179584252 0
      vertex -54.24344969003154 -7.052358203103261 0
    endloop
  endfacet
  facet normal 0.9510565162951489 -0.30901699437496205 0
    outer loop
      vertex -54.17359767459885 -6.8373758051675795 3
      vertex -54.24344969003154 -7.052358203103261 0
      vertex -54.17359767459885 -6.8373758051675795 0
    endloop
  endfacet
  facet normal 0.9048270524660211 -0.4257792915650691 0
    outer loop
      vertex -54.077352024078955 -6.632843386616912 3
      vertex -54.17359767459885 -6.8373758051675795 0
      vertex -54.077352024078955 -6.632843386616912 0
    endloop
  endfacet
  facet normal 0.8443279255020147 -0.5358267949789973 0
    outer loop
      vertex -53.956230589874906 -6.441986545873548 3
      vertex -54.077352024078955 -6.632843386616912 0
      vertex -53.956230589874906 -6.441986545873548 0
    endloop
  endfacet
  facet normal 0.7705132427757933 -0.6374239897486849 0
    outer loop
      vertex -53.81214352935854 -6.267815209328361 3
      vertex -53.956230589874906 -6.441986545873548 0
      vertex -53.81214352935854 -6.267815209328361 0
    endloop
  endfacet
  facet normal 0.6845471059286794 -0.7289686274214201 0
    outer loop
      vertex -53.81214352935854 -6.267815209328361 0
      vertex -53.64736318154764 -6.113076163003579 0
      vertex -53.81214352935854 -6.267815209328361 3
    endloop
  endfacet
  facet normal 0.5877852522924798 -0.8090169943749426 0
    outer loop
      vertex -53.64736318154764 -6.113076163003579 0
      vertex -53.464488230962196 -5.980209734096373 0
      vertex -53.64736318154764 -6.113076163003579 3
    endloop
  endfacet
  facet normal 0.48175367410171677 -0.8763066800438628 0
    outer loop
      vertex -53.464488230962196 -5.980209734096373 0
      vertex -53.266402724817134 -5.871311305561165 0
      vertex -53.464488230962196 -5.980209734096373 3
    endloop
  endfacet
  facet normal 0.36812455268467775 -0.9297764858882515 0
    outer loop
      vertex -53.266402724817134 -5.871311305561165 0
      vertex -53.05623058987491 -5.788098270668724 0
      vertex -53.266402724817134 -5.871311305561165 3
    endloop
  endfacet
  facet normal 0.24868988716485213 -0.9685831611286319 0
    outer loop
      vertex -53.05623058987491 -5.788098270668724 0
      vertex -52.837286366254304 -5.7318829486883605 0
      vertex -53.05623058987491 -5.788098270668724 3
    endloop
  endfacet
  facet normal 0.12533323356430603 -0.9921147013144777 0
    outer loop
      vertex -52.837286366254304 -5.7318829486883605 0
      vertex -52.61302293515276 -5.703551888829111 0
      vertex -52.837286366254304 -5.7318829486883605 3
    endloop
  endfacet
  facet normal 0 -1 0
    outer loop
      vertex -52.61302293515276 -5.703551888829111 0
      vertex -52.38697706484724 -5.703551888829111 0
      vertex -52.61302293515276 -5.703551888829111 3
    endloop
  endfacet
  facet normal -0.12533323356430603 -0.9921147013144777 0
    outer loop
      vertex -52.38697706484724 -5.703551888829111 0
      vertex -52.162713633745696 -5.7318829486883605 0
      vertex -52.38697706484724 -5.703551888829111 3
    endloop
  endfacet
  facet normal -0.24868988716485213 -0.9685831611286319 0
    outer loop
      vertex -52.162713633745696 -5.7318829486883605 0
      vertex -51.94376941012509 -5.788098270668724 0
      vertex -52.162713633745696 -5.7318829486883605 3
    endloop
  endfacet
  facet normal -0.24868988716484847 0.9685831611286327 0
    outer loop
      vertex -51.94376941012509 -9.211901729331277 0
      vertex -52.162713633745696 -9.26811705131164 0
      vertex -51.94376941012509 -9.211901729331277 3
    endloop
  endfacet
  facet normal -0.36812455268467775 0.9297764858882515 0
    outer loop
      vertex -51.733597275182866 -9.128688694438836 0
      vertex -51.94376941012509 -9.211901729331277 0
      vertex -51.733597275182866 -9.128688694438836 3
    endloop
  endfacet
  facet normal -0.48175367410171976 0.876306680043861 0
    outer loop
      vertex -51.535511769037804 -9.019790265903627 0
      vertex -51.733597275182866 -9.128688694438836 0
      vertex -51.535511769037804 -9.019790265903627 3
    endloop
  endfacet
  facet normal -0.5877852522924824 0.8090169943749408 0
    outer loop
      vertex -51.35263681845236 -8.88692383699642 0
      vertex -51.535511769037804 -9.019790265903627 0
      vertex -51.35263681845236 -8.88692383699642 3
    endloop
  endfacet
  facet normal -0.6845471059286794 0.7289686274214201 0
    outer loop
      vertex -51.18785647064146 -8.732184790671639 0
      vertex -51.35263681845236 -8.88692383699642 0
      vertex -51.18785647064146 -8.732184790671639 3
    endloop
  endfacet
  facet normal -0.7705132427757933 0.6374239897486849 0
    outer loop
      vertex -51.18785647064146 -8.732184790671639 0
      vertex -51.18785647064146 -8.732184790671639 3
      vertex -51.043769410125094 -8.558013454126451 0
    endloop
  endfacet
  facet normal -0.8443279255020135 0.5358267949789991 0
    outer loop
      vertex -50.922647975921045 -8.367156613383088 0
      vertex -51.043769410125094 -8.558013454126451 0
      vertex -51.043769410125094 -8.558013454126451 3
    endloop
  endfacet
  facet normal -0.9048270524659834 0.4257792915651497 0
    outer loop
      vertex -50.91934479456974 -8.360136995696008 0
      vertex -50.922647975921045 -8.367156613383088 0
      vertex -50.922647975921045 -8.367156613383088 3
    endloop
  endfacet
  facet normal -0.9048270524660218 0.42577929156506783 -2.339383967819732e-16
    outer loop
      vertex -50.91934479456974 -8.360136995696008 0
      vertex -50.922647975921045 -8.367156613383088 3
      vertex -50.82640232540115 -8.162624194832421 0
    endloop
  endfacet
  facet normal -0.9510565162951495 0.3090169943749597 0
    outer loop
      vertex -50.75655030996846 -7.947641796896738 0
      vertex -50.82640232540115 -8.162624194832421 0
      vertex -50.82640232540115 -8.162624194832421 3
    endloop
  endfacet
  facet normal -0.9822872507286907 0.18738131458571428 0
    outer loop
      vertex -50.75655030996846 -7.947641796896738 3
      vertex -50.71419353763394 -7.725599820415748 0
      vertex -50.75655030996846 -7.947641796896738 0
    endloop
  endfacet
  facet normal -0.9980267284282727 0.06279051952929687 0
    outer loop
      vertex -50.71419353763394 -7.725599820415748 3
      vertex -50.7 -7.5 0
      vertex -50.71419353763394 -7.725599820415748 0
    endloop
  endfacet
  facet normal -0.9980267284282727 -0.06279051952929687 0
    outer loop
      vertex -50.7 -7.5 3
      vertex -50.71419353763394 -7.274400179584252 0
      vertex -50.7 -7.5 0
    endloop
  endfacet
  facet normal -0.9822872507286907 -0.18738131458571353 0
    outer loop
      vertex -50.71419353763394 -7.274400179584252 3
      vertex -50.75655030996846 -7.052358203103261 0
      vertex -50.71419353763394 -7.274400179584252 0
    endloop
  endfacet
  facet normal -0.9510565162951489 -0.30901699437496205 0
    outer loop
      vertex -50.75655030996846 -7.052358203103261 3
      vertex -50.82640232540115 -6.8373758051675795 0
      vertex -50.75655030996846 -7.052358203103261 0
    endloop
  endfacet
  facet normal -0.9048270524660211 -0.4257792915650691 0
    outer loop
      vertex -50.82640232540115 -6.8373758051675795 3
      vertex -50.922647975921045 -6.632843386616912 0
      vertex -50.82640232540115 -6.8373758051675795 0
    endloop
  endfacet
  facet normal -0.8443279255020147 -0.5358267949789973 0
    outer loop
      vertex -50.922647975921045 -6.632843386616912 3
      vertex -51.043769410125094 -6.441986545873548 0
      vertex -50.922647975921045 -6.632843386616912 0
    endloop
  endfacet
  facet normal -0.7705132427757933 -0.6374239897486849 0
    outer loop
      vertex -51.043769410125094 -6.441986545873548 3
      vertex -51.18785647064146 -6.267815209328361 0
      vertex -51.043769410125094 -6.441986545873548 0
    endloop
  endfacet
  facet normal -0.48175367410171677 -0.8763066800438628 0
    outer loop
      vertex -51.733597275182866 -5.871311305561165 0
      vertex -51.535511769037804 -5.980209734096373 0
      vertex -51.733597275182866 -5.871311305561165 3
    endloop
  endfacet
  facet normal -0.5877852522924824 -0.8090169943749408 0
    outer loop
      vertex -51.535511769037804 -5.980209734096373 0
      vertex -51.35263681845236 -6.11307616300358 0
      vertex -51.535511769037804 -5.980209734096373 3
    endloop
  endfacet
  facet normal -0.6845471059286774 -0.7289686274214222 0
    outer loop
      vertex -51.35263681845236 -6.11307616300358 0
      vertex -51.18785647064146 -6.267815209328361 0
      vertex -51.35263681845236 -6.11307616300358 3
    endloop
  endfacet
  facet normal -0.36812455268467775 -0.9297764858882515 0
    outer loop
      vertex -51.94376941012509 -5.788098270668724 0
      vertex -51.733597275182866 -5.871311305561165 0
      vertex -51.94376941012509 -5.788098270668724 3
    endloop
  endfacet
  facet normal 0.8443279255020135 0.5358267949789991 0
    outer loop
      vertex -53.956230589874906 -8.558013454126451 0
      vertex -54.077352024078955 -8.367156613383088 3
      vertex -53.956230589874906 -8.558013454126451 3
    endloop
  endfacet
  facet normal 0.904827052466022 0.4257792915650676 0
    outer loop
      vertex -54.077352024078955 -8.367156613383088 0
      vertex -54.17359767459885 -8.16262419483242 3
      vertex -54.077352024078955 -8.367156613383088 3
    endloop
  endfacet
  facet normal 0.36812455268467775 0.9297764858882515 0
    outer loop
      vertex -53.266402724817134 -9.128688694438836 3
      vertex -53.05623058987491 -9.211901729331277 3
      vertex -53.266402724817134 -9.128688694438836 0
    endloop
  endfacet
  facet normal 0.48175367410171976 0.876306680043861 0
    outer loop
      vertex -53.464488230962196 -9.019790265903627 3
      vertex -53.266402724817134 -9.128688694438836 3
      vertex -53.464488230962196 -9.019790265903627 0
    endloop
  endfacet
  facet normal 0.12533323356430603 0.9921147013144777 0
    outer loop
      vertex -52.837286366254304 -9.26811705131164 3
      vertex -52.61302293515276 -9.29644811117089 3
      vertex -52.837286366254304 -9.26811705131164 0
    endloop
  endfacet
  facet normal 0 1 0
    outer loop
      vertex -52.61302293515276 -9.29644811117089 3
      vertex -52.38697706484724 -9.29644811117089 3
      vertex -52.61302293515276 -9.29644811117089 0
    endloop
  endfacet
  facet normal -0.12533323356430603 0.9921147013144777 0
    outer loop
      vertex -52.38697706484724 -9.29644811117089 3
      vertex -52.162713633745696 -9.26811705131164 3
      vertex -52.38697706484724 -9.29644811117089 0
    endloop
  endfacet
  facet normal 0.24868988716484847 0.9685831611286327 0
    outer loop
      vertex -53.05623058987491 -9.211901729331277 3
      vertex -52.837286366254304 -9.26811705131164 3
      vertex -53.05623058987491 -9.211901729331277 0
    endloop
  endfacet
  facet normal -0.24868988716484847 0.9685831611286327 0
    outer loop
      vertex -52.162713633745696 -9.26811705131164 3
      vertex -51.94376941012509 -9.211901729331277 3
      vertex -52.162713633745696 -9.26811705131164 0
    endloop
  endfacet
  facet normal 0.6845471059286794 0.7289686274214201 0
    outer loop
      vertex -53.81214352935854 -8.732184790671639 0
      vertex -53.81214352935854 -8.732184790671639 3
      vertex -53.64736318154764 -8.88692383699642 3
    endloop
  endfacet
  facet normal 0.5877852522924824 0.8090169943749408 0
    outer loop
      vertex -53.64736318154764 -8.88692383699642 3
      vertex -53.464488230962196 -9.019790265903627 3
      vertex -53.64736318154764 -8.88692383699642 0
    endloop
  endfacet
  facet normal 0.7705132427757933 0.6374239897486849 0
    outer loop
      vertex -53.81214352935854 -8.732184790671639 0
      vertex -53.956230589874906 -8.558013454126451 3
      vertex -53.81214352935854 -8.732184790671639 3
    endloop
  endfacet
  facet normal 0.9510565162951484 0.3090169943749632 0
    outer loop
      vertex -54.17359767459885 -8.16262419483242 0
      vertex -54.24344969003154 -7.947641796896739 3
      vertex -54.17359767459885 -8.16262419483242 3
    endloop
  endfacet
  facet normal 0.9822872507286907 0.18738131458571353 0
    outer loop
      vertex -54.28580646236606 -7.725599820415748 3
      vertex -54.24344969003154 -7.947641796896739 3
      vertex -54.24344969003154 -7.947641796896739 0
    endloop
  endfacet
  facet normal 0.9980267284282727 0.06279051952929687 0
    outer loop
      vertex -54.3 -7.5 3
      vertex -54.28580646236606 -7.725599820415748 3
      vertex -54.28580646236606 -7.725599820415748 0
    endloop
  endfacet
  facet normal 0.9980267284282727 -0.06279051952929687 0
    outer loop
      vertex -54.28580646236606 -7.274400179584252 3
      vertex -54.3 -7.5 3
      vertex -54.3 -7.5 0
    endloop
  endfacet
  facet normal 0.9822872507286907 -0.18738131458571353 0
    outer loop
      vertex -54.24344969003154 -7.052358203103261 3
      vertex -54.28580646236606 -7.274400179584252 3
      vertex -54.28580646236606 -7.274400179584252 0
    endloop
  endfacet
  facet normal 0.9510565162951489 -0.30901699437496205 0
    outer loop
      vertex -54.17359767459885 -6.8373758051675795 3
      vertex -54.24344969003154 -7.052358203103261 3
      vertex -54.24344969003154 -7.052358203103261 0
    endloop
  endfacet
  facet normal 0.9048270524660211 -0.4257792915650691 0
    outer loop
      vertex -54.077352024078955 -6.632843386616912 3
      vertex -54.17359767459885 -6.8373758051675795 3
      vertex -54.17359767459885 -6.8373758051675795 0
    endloop
  endfacet
  facet normal 0.8443279255020147 -0.5358267949789973 0
    outer loop
      vertex -53.956230589874906 -6.441986545873548 3
      vertex -54.077352024078955 -6.632843386616912 3
      vertex -54.077352024078955 -6.632843386616912 0
    endloop
  endfacet
  facet normal 0.7705132427757933 -0.6374239897486849 0
    outer loop
      vertex -53.81214352935854 -6.267815209328361 3
      vertex -53.956230589874906 -6.441986545873548 3
      vertex -53.956230589874906 -6.441986545873548 0
    endloop
  endfacet
  facet normal 0.6845471059286794 -0.7289686274214201 0
    outer loop
      vertex -53.64736318154764 -6.113076163003579 3
      vertex -53.81214352935854 -6.267815209328361 3
      vertex -53.64736318154764 -6.113076163003579 0
    endloop
  endfacet
  facet normal 0.5877852522924798 -0.8090169943749426 0
    outer loop
      vertex -53.464488230962196 -5.980209734096373 3
      vertex -53.64736318154764 -6.113076163003579 3
      vertex -53.464488230962196 -5.980209734096373 0
    endloop
  endfacet
  facet normal 0.48175367410171677 -0.8763066800438628 0
    outer loop
      vertex -53.266402724817134 -5.871311305561165 3
      vertex -53.464488230962196 -5.980209734096373 3
      vertex -53.266402724817134 -5.871311305561165 0
    endloop
  endfacet
  facet normal 0.36812455268467775 -0.9297764858882515 0
    outer loop
      vertex -53.05623058987491 -5.788098270668724 3
      vertex -53.266402724817134 -5.871311305561165 3
      vertex -53.05623058987491 -5.788098270668724 0
    endloop
  endfacet
  facet normal 0.24868988716485213 -0.9685831611286319 0
    outer loop
      vertex -52.837286366254304 -5.7318829486883605 3
      vertex -53.05623058987491 -5.788098270668724 3
      vertex -52.837286366254304 -5.7318829486883605 0
    endloop
  endfacet
  facet normal 0.12533323356430603 -0.9921147013144777 0
    outer loop
      vertex -52.61302293515276 -5.703551888829111 3
      vertex -52.837286366254304 -5.7318829486883605 3
      vertex -52.61302293515276 -5.703551888829111 0
    endloop
  endfacet
  facet normal 0 -1 0
    outer loop
      vertex -52.38697706484724 -5.703551888829111 3
      vertex -52.61302293515276 -5.703551888829111 3
      vertex -52.38697706484724 -5.703551888829111 0
    endloop
  endfacet
  facet normal -0.12533323356430603 -0.9921147013144777 0
    outer loop
      vertex -52.162713633745696 -5.7318829486883605 3
      vertex -52.38697706484724 -5.703551888829111 3
      vertex -52.162713633745696 -5.7318829486883605 0
    endloop
  endfacet
  facet normal -0.36812455268467775 0.9297764858882515 0
    outer loop
      vertex -51.94376941012509 -9.211901729331277 3
      vertex -51.733597275182866 -9.128688694438836 3
      vertex -51.94376941012509 -9.211901729331277 0
    endloop
  endfacet
  facet normal -0.48175367410171976 0.876306680043861 0
    outer loop
      vertex -51.733597275182866 -9.128688694438836 3
      vertex -51.535511769037804 -9.019790265903627 3
      vertex -51.733597275182866 -9.128688694438836 0
    endloop
  endfacet
  facet normal -0.5877852522924824 0.8090169943749408 0
    outer loop
      vertex -51.535511769037804 -9.019790265903627 3
      vertex -51.35263681845236 -8.88692383699642 3
      vertex -51.535511769037804 -9.019790265903627 0
    endloop
  endfacet
  facet normal -0.6845471059286794 0.7289686274214201 0
    outer loop
      vertex -51.35263681845236 -8.88692383699642 3
      vertex -51.18785647064146 -8.732184790671639 3
      vertex -51.35263681845236 -8.88692383699642 0
    endloop
  endfacet
  facet normal -0.7705132427757933 0.6374239897486849 0
    outer loop
      vertex -51.043769410125094 -8.558013454126451 0
      vertex -51.18785647064146 -8.732184790671639 3
      vertex -51.043769410125094 -8.558013454126451 3
    endloop
  endfacet
  facet normal -0.8443279255020135 0.5358267949789991 0
    outer loop
      vertex -50.922647975921045 -8.367156613383088 0
      vertex -51.043769410125094 -8.558013454126451 3
      vertex -50.922647975921045 -8.367156613383088 3
    endloop
  endfacet
  facet normal -0.9048270524660205 0.4257792915650706 0
    outer loop
      vertex -50.82640232540115 -8.162624194832421 0
      vertex -50.922647975921045 -8.367156613383088 3
      vertex -50.82640232540115 -8.162624194832421 3
    endloop
  endfacet
  facet normal -0.9510565162951495 0.3090169943749597 0
    outer loop
      vertex -50.82640232540115 -8.162624194832421 3
      vertex -50.75655030996846 -7.947641796896738 3
      vertex -50.75655030996846 -7.947641796896738 0
    endloop
  endfacet
  facet normal -0.9822872507286907 0.18738131458571428 0
    outer loop
      vertex -50.75655030996846 -7.947641796896738 3
      vertex -50.71419353763394 -7.725599820415748 3
      vertex -50.71419353763394 -7.725599820415748 0
    endloop
  endfacet
  facet normal -0.9980267284282727 0.06279051952929687 0
    outer loop
      vertex -50.71419353763394 -7.725599820415748 3
      vertex -50.7 -7.5 3
      vertex -50.7 -7.5 0
    endloop
  endfacet
  facet normal -0.9980267284282727 -0.06279051952929687 0
    outer loop
      vertex -50.7 -7.5 3
      vertex -50.71419353763394 -7.274400179584252 3
      vertex -50.71419353763394 -7.274400179584252 0
    endloop
  endfacet
  facet normal -0.9822872507286907 -0.18738131458571353 0
    outer loop
      vertex -50.71419353763394 -7.274400179584252 3
      vertex -50.75655030996846 -7.052358203103261 3
      vertex -50.75655030996846 -7.052358203103261 0
    endloop
  endfacet
  facet normal -0.9510565162951489 -0.30901699437496205 0
    outer loop
      vertex -50.75655030996846 -7.052358203103261 3
      vertex -50.82640232540115 -6.8373758051675795 3
      vertex -50.82640232540115 -6.8373758051675795 0
    endloop
  endfacet
  facet normal -0.7705132427757933 -0.6374239897486849 0
    outer loop
      vertex -51.043769410125094 -6.441986545873548 3
      vertex -51.18785647064146 -6.267815209328361 3
      vertex -51.18785647064146 -6.267815209328361 0
    endloop
  endfacet
  facet normal -0.6845471059286774 -0.7289686274214222 0
    outer loop
      vertex -51.18785647064146 -6.267815209328361 3
      vertex -51.35263681845236 -6.11307616300358 3
      vertex -51.18785647064146 -6.267815209328361 0
    endloop
  endfacet
  facet normal -0.9048270524660211 -0.4257792915650691 0
    outer loop
      vertex -50.82640232540115 -6.8373758051675795 3
      vertex -50.922647975921045 -6.632843386616912 3
      vertex -50.922647975921045 -6.632843386616912 0
    endloop
  endfacet
  facet normal -0.8443279255020147 -0.5358267949789973 0
    outer loop
      vertex -50.922647975921045 -6.632843386616912 3
      vertex -51.043769410125094 -6.441986545873548 3
      vertex -51.043769410125094 -6.441986545873548 0
    endloop
  endfacet
  facet normal -0.48175367410171677 -0.8763066800438628 0
    outer loop
      vertex -51.535511769037804 -5.980209734096373 3
      vertex -51.733597275182866 -5.871311305561165 3
      vertex -51.535511769037804 -5.980209734096373 0
    endloop
  endfacet
  facet normal -0.36812455268467775 -0.9297764858882515 0
    outer loop
      vertex -51.733597275182866 -5.871311305561165 3
      vertex -51.94376941012509 -5.788098270668724 3
      vertex -51.733597275182866 -5.871311305561165 0
    endloop
  endfacet
  facet normal -0.5877852522924824 -0.8090169943749408 0
    outer loop
      vertex -51.35263681845236 -6.11307616300358 3
      vertex -51.535511769037804 -5.980209734096373 3
      vertex -51.35263681845236 -6.11307616300358 0
    endloop
  endfacet
  facet normal -0.24868988716485213 -0.9685831611286319 0
    outer loop
      vertex -51.94376941012509 -5.788098270668724 3
      vertex -52.162713633745696 -5.7318829486883605 3
      vertex -51.94376941012509 -5.788098270668724 0
    endloop
  endfacet
  facet normal 0.8443279255020147 0.5358267949789973 0
    outer loop
      vertex -53.956230589874906 6.441986545873548 0
      vertex -54.077352024078955 6.632843386616912 0
      vertex -54.077352024078955 6.632843386616912 3
    endloop
  endfacet
  facet normal 0.9048270524660211 0.4257792915650691 0
    outer loop
      vertex -54.077352024078955 6.632843386616912 0
      vertex -54.17359767459885 6.8373758051675795 0
      vertex -54.17359767459885 6.8373758051675795 3
    endloop
  endfacet
  facet normal 0.36812455268467437 0.9297764858882529 0
    outer loop
      vertex -53.05623058987491 5.788098270668724 0
      vertex -53.266402724817134 5.871311305561164 0
      vertex -53.05623058987491 5.788098270668724 3
    endloop
  endfacet
  facet normal 0.6845471059286794 0.7289686274214201 0
    outer loop
      vertex -53.64736318154764 6.113076163003579 0
      vertex -53.81214352935854 6.267815209328361 0
      vertex -53.64736318154764 6.113076163003579 3
    endloop
  endfacet
  facet normal 0.5877852522924798 0.8090169943749426 0
    outer loop
      vertex -53.464488230962196 5.980209734096373 0
      vertex -53.64736318154764 6.113076163003579 0
      vertex -53.464488230962196 5.980209734096373 3
    endloop
  endfacet
  facet normal 0.48175367410171976 0.876306680043861 0
    outer loop
      vertex -53.266402724817134 5.871311305561164 0
      vertex -53.464488230962196 5.980209734096373 0
      vertex -53.266402724817134 5.871311305561164 3
    endloop
  endfacet
  facet normal 0.24868988716485213 0.9685831611286319 0
    outer loop
      vertex -52.837286366254304 5.7318829486883605 0
      vertex -53.05623058987491 5.788098270668724 0
      vertex -52.837286366254304 5.7318829486883605 3
    endloop
  endfacet
  facet normal 0.12533323356430603 0.9921147013144777 0
    outer loop
      vertex -52.61302293515276 5.703551888829111 0
      vertex -52.837286366254304 5.7318829486883605 0
      vertex -52.61302293515276 5.703551888829111 3
    endloop
  endfacet
  facet normal 0 1 0
    outer loop
      vertex -52.38697706484724 5.703551888829111 0
      vertex -52.61302293515276 5.703551888829111 0
      vertex -52.38697706484724 5.703551888829111 3
    endloop
  endfacet
  facet normal -0.12533323356430603 0.9921147013144777 0
    outer loop
      vertex -52.162713633745696 5.7318829486883605 0
      vertex -52.38697706484724 5.703551888829111 0
      vertex -52.162713633745696 5.7318829486883605 3
    endloop
  endfacet
  facet normal 0.7705132427757933 0.6374239897486849 0
    outer loop
      vertex -53.81214352935854 6.267815209328361 0
      vertex -53.956230589874906 6.441986545873548 0
      vertex -53.956230589874906 6.441986545873548 3
    endloop
  endfacet
  facet normal 0.9510565162951489 0.30901699437496205 0
    outer loop
      vertex -54.17359767459885 6.8373758051675795 0
      vertex -54.24344969003154 7.052358203103261 0
      vertex -54.24344969003154 7.052358203103261 3
    endloop
  endfacet
  facet normal 0.9822872507286907 0.18738131458571353 0
    outer loop
      vertex -54.24344969003154 7.052358203103261 0
      vertex -54.28580646236606 7.274400179584252 0
      vertex -54.28580646236606 7.274400179584252 3
    endloop
  endfacet
  facet normal 0.9980267284282727 0.06279051952929687 0
    outer loop
      vertex -54.28580646236606 7.274400179584252 0
      vertex -54.3 7.5 0
      vertex -54.3 7.5 3
    endloop
  endfacet
  facet normal 0.9980267284282727 -0.06279051952929687 0
    outer loop
      vertex -54.3 7.5 0
      vertex -54.28580646236606 7.725599820415748 0
      vertex -54.28580646236606 7.725599820415748 3
    endloop
  endfacet
  facet normal 0.9822872507286907 -0.18738131458571353 0
    outer loop
      vertex -54.28580646236606 7.725599820415748 0
      vertex -54.24344969003154 7.947641796896739 0
      vertex -54.24344969003154 7.947641796896739 3
    endloop
  endfacet
  facet normal 0.9510565162951484 -0.3090169943749632 0
    outer loop
      vertex -54.24344969003154 7.947641796896739 0
      vertex -54.17359767459885 8.16262419483242 0
      vertex -54.17359767459885 8.16262419483242 3
    endloop
  endfacet
  facet normal 0.904827052466022 -0.4257792915650676 0
    outer loop
      vertex -54.17359767459885 8.16262419483242 0
      vertex -54.077352024078955 8.367156613383088 0
      vertex -54.077352024078955 8.367156613383088 3
    endloop
  endfacet
  facet normal 0.8443279255020135 -0.5358267949789991 0
    outer loop
      vertex -54.077352024078955 8.367156613383088 0
      vertex -53.956230589874906 8.558013454126451 0
      vertex -53.956230589874906 8.558013454126451 3
    endloop
  endfacet
  facet normal 0.7705132427757933 -0.6374239897486849 0
    outer loop
      vertex -53.956230589874906 8.558013454126451 0
      vertex -53.81214352935854 8.732184790671639 0
      vertex -53.81214352935854 8.732184790671639 3
    endloop
  endfacet
  facet normal 0.6845471059286794 -0.7289686274214201 0
    outer loop
      vertex -53.81214352935854 8.732184790671639 0
      vertex -53.64736318154764 8.88692383699642 0
      vertex -53.81214352935854 8.732184790671639 3
    endloop
  endfacet
  facet normal 0.5877852522924824 -0.8090169943749408 0
    outer loop
      vertex -53.64736318154764 8.88692383699642 0
      vertex -53.464488230962196 9.019790265903627 0
      vertex -53.64736318154764 8.88692383699642 3
    endloop
  endfacet
  facet normal 0.48175367410171976 -0.876306680043861 0
    outer loop
      vertex -53.464488230962196 9.019790265903627 0
      vertex -53.266402724817134 9.128688694438836 0
      vertex -53.464488230962196 9.019790265903627 3
    endloop
  endfacet
  facet normal 0.36812455268467775 -0.9297764858882515 0
    outer loop
      vertex -53.266402724817134 9.128688694438836 0
      vertex -53.05623058987491 9.211901729331277 0
      vertex -53.266402724817134 9.128688694438836 3
    endloop
  endfacet
  facet normal 0.24868988716484847 -0.9685831611286327 0
    outer loop
      vertex -53.05623058987491 9.211901729331277 0
      vertex -52.837286366254304 9.26811705131164 0
      vertex -53.05623058987491 9.211901729331277 3
    endloop
  endfacet
  facet normal -0.24868988716484847 -0.9685831611286327 0
    outer loop
      vertex -52.162713633745696 9.26811705131164 0
      vertex -51.94376941012509 9.211901729331277 0
      vertex -52.162713633745696 9.26811705131164 3
    endloop
  endfacet
  facet normal 0.12533323356430603 -0.9921147013144777 0
    outer loop
      vertex -52.837286366254304 9.26811705131164 0
      vertex -52.61302293515276 9.29644811117089 0
      vertex -52.837286366254304 9.26811705131164 3
    endloop
  endfacet
  facet normal 0 -1 0
    outer loop
      vertex -52.61302293515276 9.29644811117089 0
      vertex -52.38697706484724 9.29644811117089 0
      vertex -52.61302293515276 9.29644811117089 3
    endloop
  endfacet
  facet normal -0.12533323356430603 -0.9921147013144777 0
    outer loop
      vertex -52.38697706484724 9.29644811117089 0
      vertex -52.162713633745696 9.26811705131164 0
      vertex -52.38697706484724 9.29644811117089 3
    endloop
  endfacet
  facet normal -0.24868988716485213 0.9685831611286319 0
    outer loop
      vertex -51.94376941012509 5.788098270668724 0
      vertex -52.162713633745696 5.7318829486883605 0
      vertex -51.94376941012509 5.788098270668724 3
    endloop
  endfacet
  facet normal -0.36812455268467437 0.9297764858882529 0
    outer loop
      vertex -51.733597275182866 5.871311305561164 0
      vertex -51.94376941012509 5.788098270668724 0
      vertex -51.733597275182866 5.871311305561164 3
    endloop
  endfacet
  facet normal -0.48175367410171677 0.8763066800438628 0
    outer loop
      vertex -51.535511769037804 5.9802097340963725 0
      vertex -51.733597275182866 5.871311305561164 0
      vertex -51.535511769037804 5.9802097340963725 3
    endloop
  endfacet
  facet normal -0.587785252292485 0.8090169943749389 0
    outer loop
      vertex -51.35263681845236 6.11307616300358 0
      vertex -51.535511769037804 5.9802097340963725 0
      vertex -51.35263681845236 6.11307616300358 3
    endloop
  endfacet
  facet normal -0.6845471059286774 0.7289686274214222 0
    outer loop
      vertex -51.18785647064146 6.267815209328361 0
      vertex -51.35263681845236 6.11307616300358 0
      vertex -51.18785647064146 6.267815209328361 3
    endloop
  endfacet
  facet normal -0.7705132427757933 0.6374239897486849 0
    outer loop
      vertex -51.18785647064146 6.267815209328361 0
      vertex -51.18785647064146 6.267815209328361 3
      vertex -51.043769410125094 6.441986545873548 0
    endloop
  endfacet
  facet normal -0.8443279255020147 0.5358267949789973 0
    outer loop
      vertex -50.922647975921045 6.632843386616912 0
      vertex -51.043769410125094 6.441986545873548 0
      vertex -51.043769410125094 6.441986545873548 3
    endloop
  endfacet
  facet normal -0.9048270524660205 0.4257792915650706 0
    outer loop
      vertex -50.82640232540115 6.837375805167579 0
      vertex -50.922647975921045 6.632843386616912 0
      vertex -50.922647975921045 6.632843386616912 3
    endloop
  endfacet
  facet normal -0.9510565162951495 0.3090169943749597 0
    outer loop
      vertex -50.75655030996846 7.052358203103262 0
      vertex -50.82640232540115 6.837375805167579 0
      vertex -50.82640232540115 6.837375805167579 3
    endloop
  endfacet
  facet normal -0.9822872507286907 0.18738131458571428 0
    outer loop
      vertex -50.71419353763394 7.274400179584252 0
      vertex -50.75655030996846 7.052358203103262 0
      vertex -50.75655030996846 7.052358203103262 3
    endloop
  endfacet
  facet normal -0.9980267284282727 0.06279051952929687 0
    outer loop
      vertex -50.7 7.5 0
      vertex -50.71419353763394 7.274400179584252 0
      vertex -50.71419353763394 7.274400179584252 3
    endloop
  endfacet
  facet normal -0.9980267284282727 -0.06279051952929687 0
    outer loop
      vertex -50.71419353763394 7.725599820415748 0
      vertex -50.7 7.5 0
      vertex -50.7 7.5 3
    endloop
  endfacet
  facet normal -0.9822872507286907 -0.18738131458571353 0
    outer loop
      vertex -50.75655030996846 7.947641796896739 0
      vertex -50.71419353763394 7.725599820415748 0
      vertex -50.71419353763394 7.725599820415748 3
    endloop
  endfacet
  facet normal -0.9510565162951484 -0.3090169943749632 0
    outer loop
      vertex -50.82640232540115 8.16262419483242 0
      vertex -50.75655030996846 7.947641796896739 0
      vertex -50.75655030996846 7.947641796896739 3
    endloop
  endfacet
  facet normal -0.904827052466022 -0.4257792915650676 0
    outer loop
      vertex -50.922647975921045 8.367156613383088 0
      vertex -50.82640232540115 8.16262419483242 0
      vertex -50.82640232540115 8.16262419483242 3
    endloop
  endfacet
  facet normal -0.6845471059286753 -0.7289686274214242 0
    outer loop
      vertex -51.35263681845236 8.88692383699642 0
      vertex -51.18785647064146 8.73218479067164 0
      vertex -51.35263681845236 8.88692383699642 3
    endloop
  endfacet
  facet normal -0.8443279255020135 -0.5358267949789991 0
    outer loop
      vertex -51.043769410125094 8.558013454126451 0
      vertex -50.922647975921045 8.367156613383088 0
      vertex -50.922647975921045 8.367156613383088 3
    endloop
  endfacet
  facet normal -0.7705132427757964 -0.637423989748681 0
    outer loop
      vertex -51.18785647064146 8.73218479067164 0
      vertex -51.043769410125094 8.558013454126451 0
      vertex -51.043769410125094 8.558013454126451 3
    endloop
  endfacet
  facet normal -0.48175367410171976 -0.876306680043861 0
    outer loop
      vertex -51.733597275182866 9.128688694438836 0
      vertex -51.535511769037804 9.019790265903627 0
      vertex -51.733597275182866 9.128688694438836 3
    endloop
  endfacet
  facet normal -0.36812455268467775 -0.9297764858882515 0
    outer loop
      vertex -51.94376941012509 9.211901729331277 0
      vertex -51.733597275182866 9.128688694438836 0
      vertex -51.94376941012509 9.211901729331277 3
    endloop
  endfacet
  facet normal -0.5877852522924824 -0.8090169943749408 0
    outer loop
      vertex -51.535511769037804 9.019790265903627 0
      vertex -51.35263681845236 8.88692383699642 0
      vertex -51.535511769037804 9.019790265903627 3
    endloop
  endfacet
  facet normal 0.8443279255020147 0.5358267949789973 0
    outer loop
      vertex -53.956230589874906 6.441986545873548 0
      vertex -54.077352024078955 6.632843386616912 3
      vertex -53.956230589874906 6.441986545873548 3
    endloop
  endfacet
  facet normal 0.9048270524660211 0.4257792915650691 0
    outer loop
      vertex -54.077352024078955 6.632843386616912 0
      vertex -54.17359767459885 6.8373758051675795 3
      vertex -54.077352024078955 6.632843386616912 3
    endloop
  endfacet
  facet normal 0.5877852522924798 0.8090169943749426 0
    outer loop
      vertex -53.64736318154764 6.113076163003579 3
      vertex -53.464488230962196 5.980209734096373 3
      vertex -53.64736318154764 6.113076163003579 0
    endloop
  endfacet
  facet normal 0.48175367410171976 0.876306680043861 0
    outer loop
      vertex -53.464488230962196 5.980209734096373 3
      vertex -53.266402724817134 5.871311305561164 3
      vertex -53.464488230962196 5.980209734096373 0
    endloop
  endfacet
  facet normal 0.36812455268467437 0.9297764858882529 0
    outer loop
      vertex -53.266402724817134 5.871311305561164 3
      vertex -53.05623058987491 5.788098270668724 3
      vertex -53.266402724817134 5.871311305561164 0
    endloop
  endfacet
  facet normal 0.12533323356430603 0.9921147013144777 0
    outer loop
      vertex -52.837286366254304 5.7318829486883605 3
      vertex -52.61302293515276 5.703551888829111 3
      vertex -52.837286366254304 5.7318829486883605 0
    endloop
  endfacet
  facet normal 0.24868988716485213 0.9685831611286319 0
    outer loop
      vertex -53.05623058987491 5.788098270668724 3
      vertex -52.837286366254304 5.7318829486883605 3
      vertex -53.05623058987491 5.788098270668724 0
    endloop
  endfacet
  facet normal 0 1 0
    outer loop
      vertex -52.61302293515276 5.703551888829111 3
      vertex -52.38697706484724 5.703551888829111 3
      vertex -52.61302293515276 5.703551888829111 0
    endloop
  endfacet
  facet normal -0.12533323356430603 0.9921147013144777 0
    outer loop
      vertex -52.38697706484724 5.703551888829111 3
      vertex -52.162713633745696 5.7318829486883605 3
      vertex -52.38697706484724 5.703551888829111 0
    endloop
  endfacet
  facet normal -0.24868988716485213 0.9685831611286319 0
    outer loop
      vertex -52.162713633745696 5.7318829486883605 3
      vertex -51.94376941012509 5.788098270668724 3
      vertex -52.162713633745696 5.7318829486883605 0
    endloop
  endfacet
  facet normal 0.6845471059286794 0.7289686274214201 0
    outer loop
      vertex -53.81214352935854 6.267815209328361 0
      vertex -53.81214352935854 6.267815209328361 3
      vertex -53.64736318154764 6.113076163003579 3
    endloop
  endfacet
  facet normal 0.7705132427757933 0.6374239897486849 0
    outer loop
      vertex -53.81214352935854 6.267815209328361 0
      vertex -53.956230589874906 6.441986545873548 3
      vertex -53.81214352935854 6.267815209328361 3
    endloop
  endfacet
  facet normal 0.9510565162951489 0.30901699437496205 0
    outer loop
      vertex -54.17359767459885 6.8373758051675795 0
      vertex -54.24344969003154 7.052358203103261 3
      vertex -54.17359767459885 6.8373758051675795 3
    endloop
  endfacet
  facet normal 0.9822872507286907 0.18738131458571353 0
    outer loop
      vertex -54.24344969003154 7.052358203103261 0
      vertex -54.28580646236606 7.274400179584252 3
      vertex -54.24344969003154 7.052358203103261 3
    endloop
  endfacet
  facet normal 0.9980267284282727 0.06279051952929687 0
    outer loop
      vertex -54.28580646236606 7.274400179584252 0
      vertex -54.3 7.5 3
      vertex -54.28580646236606 7.274400179584252 3
    endloop
  endfacet
  facet normal 0.9980267284282727 -0.06279051952929687 0
    outer loop
      vertex -54.3 7.5 0
      vertex -54.28580646236606 7.725599820415748 3
      vertex -54.3 7.5 3
    endloop
  endfacet
  facet normal 0.9822872507286907 -0.18738131458571353 0
    outer loop
      vertex -54.28580646236606 7.725599820415748 0
      vertex -54.24344969003154 7.947641796896739 3
      vertex -54.28580646236606 7.725599820415748 3
    endloop
  endfacet
  facet normal 0.9510565162951484 -0.3090169943749632 0
    outer loop
      vertex -54.24344969003154 7.947641796896739 0
      vertex -54.17359767459885 8.16262419483242 3
      vertex -54.24344969003154 7.947641796896739 3
    endloop
  endfacet
  facet normal 0.904827052466022 -0.4257792915650676 0
    outer loop
      vertex -54.17359767459885 8.16262419483242 0
      vertex -54.077352024078955 8.367156613383088 3
      vertex -54.17359767459885 8.16262419483242 3
    endloop
  endfacet
  facet normal 0.8443279255020135 -0.5358267949789991 0
    outer loop
      vertex -54.077352024078955 8.367156613383088 0
      vertex -53.956230589874906 8.558013454126451 3
      vertex -54.077352024078955 8.367156613383088 3
    endloop
  endfacet
  facet normal 0.7705132427757933 -0.6374239897486849 0
    outer loop
      vertex -53.956230589874906 8.558013454126451 0
      vertex -53.81214352935854 8.732184790671639 3
      vertex -53.956230589874906 8.558013454126451 3
    endloop
  endfacet
  facet normal 0.6845471059286794 -0.7289686274214201 0
    outer loop
      vertex -53.64736318154764 8.88692383699642 3
      vertex -53.81214352935854 8.732184790671639 3
      vertex -53.64736318154764 8.88692383699642 0
    endloop
  endfacet
  facet normal 0.5877852522924824 -0.8090169943749408 0
    outer loop
      vertex -53.464488230962196 9.019790265903627 3
      vertex -53.64736318154764 8.88692383699642 3
      vertex -53.464488230962196 9.019790265903627 0
    endloop
  endfacet
  facet normal 0.48175367410171976 -0.876306680043861 0
    outer loop
      vertex -53.266402724817134 9.128688694438836 3
      vertex -53.464488230962196 9.019790265903627 3
      vertex -53.266402724817134 9.128688694438836 0
    endloop
  endfacet
  facet normal 0.36812455268467775 -0.9297764858882515 0
    outer loop
      vertex -53.05623058987491 9.211901729331277 3
      vertex -53.266402724817134 9.128688694438836 3
      vertex -53.05623058987491 9.211901729331277 0
    endloop
  endfacet
  facet normal 0.24868988716484847 -0.9685831611286327 0
    outer loop
      vertex -52.837286366254304 9.26811705131164 3
      vertex -53.05623058987491 9.211901729331277 3
      vertex -52.837286366254304 9.26811705131164 0
    endloop
  endfacet
  facet normal 0.12533323356430603 -0.9921147013144777 0
    outer loop
      vertex -52.61302293515276 9.29644811117089 3
      vertex -52.837286366254304 9.26811705131164 3
      vertex -52.61302293515276 9.29644811117089 0
    endloop
  endfacet
  facet normal 0 -1 0
    outer loop
      vertex -52.38697706484724 9.29644811117089 3
      vertex -52.61302293515276 9.29644811117089 3
      vertex -52.38697706484724 9.29644811117089 0
    endloop
  endfacet
  facet normal -0.12533323356430603 -0.9921147013144777 0
    outer loop
      vertex -52.162713633745696 9.26811705131164 3
      vertex -52.38697706484724 9.29644811117089 3
      vertex -52.162713633745696 9.26811705131164 0
    endloop
  endfacet
  facet normal -0.36812455268467437 0.9297764858882529 0
    outer loop
      vertex -51.94376941012509 5.788098270668724 3
      vertex -51.733597275182866 5.871311305561164 3
      vertex -51.94376941012509 5.788098270668724 0
    endloop
  endfacet
  facet normal -0.48175367410171677 0.8763066800438628 0
    outer loop
      vertex -51.733597275182866 5.871311305561164 3
      vertex -51.535511769037804 5.9802097340963725 3
      vertex -51.733597275182866 5.871311305561164 0
    endloop
  endfacet
  facet normal -0.587785252292485 0.8090169943749389 0
    outer loop
      vertex -51.535511769037804 5.9802097340963725 3
      vertex -51.35263681845236 6.11307616300358 3
      vertex -51.535511769037804 5.9802097340963725 0
    endloop
  endfacet
  facet normal -0.6845471059286774 0.7289686274214222 0
    outer loop
      vertex -51.35263681845236 6.11307616300358 3
      vertex -51.18785647064146 6.267815209328361 3
      vertex -51.35263681845236 6.11307616300358 0
    endloop
  endfacet
  facet normal -0.7705132427757933 0.6374239897486849 0
    outer loop
      vertex -51.043769410125094 6.441986545873548 0
      vertex -51.18785647064146 6.267815209328361 3
      vertex -51.043769410125094 6.441986545873548 3
    endloop
  endfacet
  facet normal -0.8443279255020147 0.5358267949789973 0
    outer loop
      vertex -50.922647975921045 6.632843386616912 0
      vertex -51.043769410125094 6.441986545873548 3
      vertex -50.922647975921045 6.632843386616912 3
    endloop
  endfacet
  facet normal -0.9048270524660205 0.4257792915650706 0
    outer loop
      vertex -50.82640232540115 6.837375805167579 0
      vertex -50.922647975921045 6.632843386616912 3
      vertex -50.82640232540115 6.837375805167579 3
    endloop
  endfacet
  facet normal -0.9510565162951495 0.3090169943749597 0
    outer loop
      vertex -50.75655030996846 7.052358203103262 0
      vertex -50.82640232540115 6.837375805167579 3
      vertex -50.75655030996846 7.052358203103262 3
    endloop
  endfacet
  facet normal -0.9822872507286907 0.18738131458571428 0
    outer loop
      vertex -50.71419353763394 7.274400179584252 0
      vertex -50.75655030996846 7.052358203103262 3
      vertex -50.71419353763394 7.274400179584252 3
    endloop
  endfacet
  facet normal -0.9980267284282727 0.06279051952929687 0
    outer loop
      vertex -50.7 7.5 0
      vertex -50.71419353763394 7.274400179584252 3
      vertex -50.7 7.5 3
    endloop
  endfacet
  facet normal -0.9980267284282727 -0.06279051952929687 0
    outer loop
      vertex -50.71419353763394 7.725599820415748 0
      vertex -50.7 7.5 3
      vertex -50.71419353763394 7.725599820415748 3
    endloop
  endfacet
  facet normal -0.9822872507286907 -0.18738131458571353 0
    outer loop
      vertex -50.75655030996846 7.947641796896739 0
      vertex -50.71419353763394 7.725599820415748 3
      vertex -50.75655030996846 7.947641796896739 3
    endloop
  endfacet
  facet normal -0.9510565162951484 -0.3090169943749632 0
    outer loop
      vertex -50.82640232540115 8.16262419483242 0
      vertex -50.75655030996846 7.947641796896739 3
      vertex -50.82640232540115 8.16262419483242 3
    endloop
  endfacet
  facet normal -0.7705132427757964 -0.637423989748681 0
    outer loop
      vertex -51.18785647064146 8.73218479067164 0
      vertex -51.043769410125094 8.558013454126451 3
      vertex -51.18785647064146 8.73218479067164 3
    endloop
  endfacet
  facet normal -0.5877852522924824 -0.8090169943749408 0
    outer loop
      vertex -51.35263681845236 8.88692383699642 3
      vertex -51.535511769037804 9.019790265903627 3
      vertex -51.35263681845236 8.88692383699642 0
    endloop
  endfacet
  facet normal -0.6845471059286753 -0.7289686274214242 0
    outer loop
      vertex -51.18785647064146 8.73218479067164 3
      vertex -51.35263681845236 8.88692383699642 3
      vertex -51.18785647064146 8.73218479067164 0
    endloop
  endfacet
  facet normal -0.904827052466022 -0.4257792915650676 0
    outer loop
      vertex -50.922647975921045 8.367156613383088 0
      vertex -50.82640232540115 8.16262419483242 3
      vertex -50.922647975921045 8.367156613383088 3
    endloop
  endfacet
  facet normal -0.8443279255020135 -0.5358267949789991 0
    outer loop
      vertex -51.043769410125094 8.558013454126451 0
      vertex -50.922647975921045 8.367156613383088 3
      vertex -51.043769410125094 8.558013454126451 3
    endloop
  endfacet
  facet normal -0.48175367410171976 -0.876306680043861 0
    outer loop
      vertex -51.535511769037804 9.019790265903627 3
      vertex -51.733597275182866 9.128688694438836 3
      vertex -51.535511769037804 9.019790265903627 0
    endloop
  endfacet
  facet normal -0.24868988716484847 -0.9685831611286327 0
    outer loop
      vertex -51.94376941012509 9.211901729331277 3
      vertex -52.162713633745696 9.26811705131164 3
      vertex -51.94376941012509 9.211901729331277 0
    endloop
  endfacet
  facet normal -0.36812455268467775 -0.9297764858882515 0
    outer loop
      vertex -51.733597275182866 9.128688694438836 3
      vertex -51.94376941012509 9.211901729331277 3
      vertex -51.733597275182866 9.128688694438836 0
    endloop
  endfacet
  facet normal 0.36812455268467775 0.9297764858882515 0
    outer loop
      vertex -45.55623058987491 -16.711901729331277 0
      vertex -45.766402724817134 -16.628688694438836 0
      vertex -45.55623058987491 -16.711901729331277 3
    endloop
  endfacet
  facet normal 0.48175367410171976 0.876306680043861 0
    outer loop
      vertex -45.766402724817134 -16.628688694438836 0
      vertex -45.964488230962196 -16.519790265903627 0
      vertex -45.766402724817134 -16.628688694438836 3
    endloop
  endfacet
  facet normal 0.24868988716485582 0.9685831611286309 0
    outer loop
      vertex -45.337286366254304 -16.76811705131164 0
      vertex -45.55623058987491 -16.711901729331277 0
      vertex -45.337286366254304 -16.76811705131164 3
    endloop
  endfacet
  facet normal 0.1253332335642983 0.9921147013144787 0
    outer loop
      vertex -45.11302293515276 -16.79644811117089 0
      vertex -45.337286366254304 -16.76811705131164 0
      vertex -45.11302293515276 -16.79644811117089 3
    endloop
  endfacet
  facet normal 0 1 0
    outer loop
      vertex -44.88697706484724 -16.79644811117089 0
      vertex -45.11302293515276 -16.79644811117089 0
      vertex -44.88697706484724 -16.79644811117089 3
    endloop
  endfacet
  facet normal -0.1253332335642983 0.9921147013144787 0
    outer loop
      vertex -44.662713633745696 -16.76811705131164 0
      vertex -44.88697706484724 -16.79644811117089 0
      vertex -44.662713633745696 -16.76811705131164 3
    endloop
  endfacet
  facet normal 0.8443279255020157 0.5358267949789955 0
    outer loop
      vertex -46.456230589874906 -16.058013454126453 0
      vertex -46.577352024078955 -15.867156613383088 0
      vertex -46.577352024078955 -15.867156613383088 3
    endloop
  endfacet
  facet normal 0.904827052466022 0.4257792915650676 0
    outer loop
      vertex -46.577352024078955 -15.867156613383088 0
      vertex -46.67359767459885 -15.66262419483242 0
      vertex -46.67359767459885 -15.66262419483242 3
    endloop
  endfacet
  facet normal 0.9510565162951489 0.30901699437496205 0
    outer loop
      vertex -46.67359767459885 -15.66262419483242 0
      vertex -46.74344969003154 -15.447641796896738 0
      vertex -46.74344969003154 -15.447641796896738 3
    endloop
  endfacet
  facet normal 0.9822872507286907 0.18738131458571353 0
    outer loop
      vertex -46.74344969003154 -15.447641796896738 0
      vertex -46.78580646236606 -15.225599820415747 0
      vertex -46.78580646236606 -15.225599820415747 3
    endloop
  endfacet
  facet normal 0.5877852522924824 0.8090169943749408 0
    outer loop
      vertex -45.964488230962196 -16.519790265903627 0
      vertex -46.14736318154764 -16.38692383699642 0
      vertex -45.964488230962196 -16.519790265903627 3
    endloop
  endfacet
  facet normal 0.6845471059286794 0.7289686274214201 0
    outer loop
      vertex -46.14736318154764 -16.38692383699642 0
      vertex -46.31214352935854 -16.23218479067164 0
      vertex -46.14736318154764 -16.38692383699642 3
    endloop
  endfacet
  facet normal 0.77051324277579 0.6374239897486887 0
    outer loop
      vertex -46.31214352935854 -16.23218479067164 0
      vertex -46.456230589874906 -16.058013454126453 0
      vertex -46.456230589874906 -16.058013454126453 3
    endloop
  endfacet
  facet normal 0.9980267284282726 0.06279051952929711 0
    outer loop
      vertex -46.78580646236606 -15.225599820415747 0
      vertex -46.8 -15 0
      vertex -46.8 -15 3
    endloop
  endfacet
  facet normal 0.9980267284282726 -0.06279051952929711 0
    outer loop
      vertex -46.8 -15 0
      vertex -46.78580646236606 -14.774400179584253 0
      vertex -46.78580646236606 -14.774400179584253 3
    endloop
  endfacet
  facet normal 0.9822872507286907 -0.18738131458571353 0
    outer loop
      vertex -46.78580646236606 -14.774400179584253 0
      vertex -46.74344969003154 -14.552358203103262 0
      vertex -46.74344969003154 -14.552358203103262 3
    endloop
  endfacet
  facet normal 0.9510565162951489 -0.30901699437496205 0
    outer loop
      vertex -46.74344969003154 -14.552358203103262 0
      vertex -46.67359767459885 -14.33737580516758 0
      vertex -46.67359767459885 -14.33737580516758 3
    endloop
  endfacet
  facet normal 0.904827052466022 -0.4257792915650676 0
    outer loop
      vertex -46.67359767459885 -14.33737580516758 0
      vertex -46.577352024078955 -14.132843386616912 0
      vertex -46.577352024078955 -14.132843386616912 3
    endloop
  endfacet
  facet normal 0.8443279255020135 -0.5358267949789991 0
    outer loop
      vertex -46.577352024078955 -14.132843386616912 0
      vertex -46.456230589874906 -13.941986545873549 0
      vertex -46.456230589874906 -13.941986545873549 3
    endloop
  endfacet
  facet normal 0.7705132427757933 -0.6374239897486849 0
    outer loop
      vertex -46.456230589874906 -13.941986545873549 0
      vertex -46.31214352935854 -13.767815209328361 0
      vertex -46.31214352935854 -13.767815209328361 3
    endloop
  endfacet
  facet normal 0.6845471059286794 -0.7289686274214201 0
    outer loop
      vertex -46.31214352935854 -13.767815209328361 0
      vertex -46.14736318154764 -13.61307616300358 0
      vertex -46.31214352935854 -13.767815209328361 3
    endloop
  endfacet
  facet normal 0.5877852522924824 -0.8090169943749408 0
    outer loop
      vertex -46.14736318154764 -13.61307616300358 0
      vertex -45.964488230962196 -13.480209734096373 0
      vertex -46.14736318154764 -13.61307616300358 3
    endloop
  endfacet
  facet normal 0.48175367410171976 -0.876306680043861 0
    outer loop
      vertex -45.964488230962196 -13.480209734096373 0
      vertex -45.766402724817134 -13.371311305561164 0
      vertex -45.964488230962196 -13.480209734096373 3
    endloop
  endfacet
  facet normal 0.36812455268467775 -0.9297764858882515 0
    outer loop
      vertex -45.766402724817134 -13.371311305561164 0
      vertex -45.55623058987491 -13.288098270668723 0
      vertex -45.766402724817134 -13.371311305561164 3
    endloop
  endfacet
  facet normal 0.24868988716484847 -0.9685831611286327 0
    outer loop
      vertex -45.55623058987491 -13.288098270668723 0
      vertex -45.337286366254304 -13.23188294868836 0
      vertex -45.55623058987491 -13.288098270668723 3
    endloop
  endfacet
  facet normal 0.12533323356430603 -0.9921147013144777 0
    outer loop
      vertex -45.337286366254304 -13.23188294868836 0
      vertex -45.11302293515276 -13.20355188882911 0
      vertex -45.337286366254304 -13.23188294868836 3
    endloop
  endfacet
  facet normal 0 -1 0
    outer loop
      vertex -45.11302293515276 -13.20355188882911 0
      vertex -44.88697706484724 -13.20355188882911 0
      vertex -45.11302293515276 -13.20355188882911 3
    endloop
  endfacet
  facet normal -0.12533323356430603 -0.9921147013144777 0
    outer loop
      vertex -44.88697706484724 -13.20355188882911 0
      vertex -44.662713633745696 -13.23188294868836 0
      vertex -44.88697706484724 -13.20355188882911 3
    endloop
  endfacet
  facet normal -0.24868988716485582 0.9685831611286309 0
    outer loop
      vertex -44.44376941012509 -16.711901729331277 0
      vertex -44.662713633745696 -16.76811705131164 0
      vertex -44.44376941012509 -16.711901729331277 3
    endloop
  endfacet
  facet normal -0.36812455268467775 0.9297764858882515 0
    outer loop
      vertex -44.233597275182866 -16.628688694438836 0
      vertex -44.44376941012509 -16.711901729331277 0
      vertex -44.233597275182866 -16.628688694438836 3
    endloop
  endfacet
  facet normal -0.48175367410171976 0.876306680043861 0
    outer loop
      vertex -44.035511769037804 -16.519790265903627 0
      vertex -44.233597275182866 -16.628688694438836 0
      vertex -44.035511769037804 -16.519790265903627 3
    endloop
  endfacet
  facet normal -0.5877852522924824 0.8090169943749408 0
    outer loop
      vertex -43.85263681845236 -16.38692383699642 0
      vertex -44.035511769037804 -16.519790265903627 0
      vertex -43.85263681845236 -16.38692383699642 3
    endloop
  endfacet
  facet normal -0.6845471059286794 0.7289686274214201 0
    outer loop
      vertex -43.68785647064146 -16.23218479067164 0
      vertex -43.85263681845236 -16.38692383699642 0
      vertex -43.68785647064146 -16.23218479067164 3
    endloop
  endfacet
  facet normal -0.77051324277579 0.6374239897486887 0
    outer loop
      vertex -43.68785647064146 -16.23218479067164 0
      vertex -43.68785647064146 -16.23218479067164 3
      vertex -43.543769410125094 -16.058013454126453 0
    endloop
  endfacet
  facet normal -0.8443279255020157 0.5358267949789955 0
    outer loop
      vertex -43.422647975921045 -15.867156613383088 0
      vertex -43.543769410125094 -16.058013454126453 0
      vertex -43.543769410125094 -16.058013454126453 3
    endloop
  endfacet
  facet normal -0.9048270524660205 0.4257792915650706 0
    outer loop
      vertex -43.32640232540115 -15.662624194832421 0
      vertex -43.422647975921045 -15.867156613383088 0
      vertex -43.422647975921045 -15.867156613383088 3
    endloop
  endfacet
  facet normal -0.9510565162951495 0.3090169943749597 0
    outer loop
      vertex -43.25655030996846 -15.447641796896738 0
      vertex -43.32640232540115 -15.662624194832421 0
      vertex -43.32640232540115 -15.662624194832421 3
    endloop
  endfacet
  facet normal -0.9822872507286907 0.18738131458571353 0
    outer loop
      vertex -43.21419353763394 -15.225599820415747 0
      vertex -43.25655030996846 -15.447641796896738 0
      vertex -43.25655030996846 -15.447641796896738 3
    endloop
  endfacet
  facet normal -0.9980267284282726 0.06279051952929711 0
    outer loop
      vertex -43.2 -15 0
      vertex -43.21419353763394 -15.225599820415747 0
      vertex -43.21419353763394 -15.225599820415747 3
    endloop
  endfacet
  facet normal -0.9980267284282727 -0.06279051952929662 0
    outer loop
      vertex -43.21419353763394 -14.774400179584251 0
      vertex -43.2 -15 0
      vertex -43.2 -15 3
    endloop
  endfacet
  facet normal -0.9510565162951489 -0.30901699437496205 0
    outer loop
      vertex -43.32640232540115 -14.33737580516758 0
      vertex -43.25655030996846 -14.552358203103262 0
      vertex -43.25655030996846 -14.552358203103262 3
    endloop
  endfacet
  facet normal -0.9822872507286905 -0.18738131458571497 0
    outer loop
      vertex -43.25655030996846 -14.552358203103262 0
      vertex -43.21419353763394 -14.774400179584251 0
      vertex -43.21419353763394 -14.774400179584251 3
    endloop
  endfacet
  facet normal -0.904827052466022 -0.4257792915650676 0
    outer loop
      vertex -43.422647975921045 -14.132843386616912 0
      vertex -43.32640232540115 -14.33737580516758 0
      vertex -43.32640232540115 -14.33737580516758 3
    endloop
  endfacet
  facet normal -0.8443279255020135 -0.5358267949789991 0
    outer loop
      vertex -43.543769410125094 -13.941986545873549 0
      vertex -43.422647975921045 -14.132843386616912 0
      vertex -43.422647975921045 -14.132843386616912 3
    endloop
  endfacet
  facet normal -0.7705132427757964 -0.637423989748681 0
    outer loop
      vertex -43.68785647064146 -13.76781520932836 0
      vertex -43.543769410125094 -13.941986545873549 0
      vertex -43.543769410125094 -13.941986545873549 3
    endloop
  endfacet
  facet normal -0.48175367410171976 -0.876306680043861 0
    outer loop
      vertex -44.233597275182866 -13.371311305561164 0
      vertex -44.035511769037804 -13.480209734096373 0
      vertex -44.233597275182866 -13.371311305561164 3
    endloop
  endfacet
  facet normal -0.6845471059286753 -0.7289686274214242 0
    outer loop
      vertex -43.85263681845236 -13.61307616300358 0
      vertex -43.68785647064146 -13.76781520932836 0
      vertex -43.85263681845236 -13.61307616300358 3
    endloop
  endfacet
  facet normal -0.5877852522924824 -0.8090169943749408 0
    outer loop
      vertex -44.035511769037804 -13.480209734096373 0
      vertex -43.85263681845236 -13.61307616300358 0
      vertex -44.035511769037804 -13.480209734096373 3
    endloop
  endfacet
  facet normal -0.24868988716484847 -0.9685831611286327 0
    outer loop
      vertex -44.662713633745696 -13.23188294868836 0
      vertex -44.44376941012509 -13.288098270668723 0
      vertex -44.662713633745696 -13.23188294868836 3
    endloop
  endfacet
  facet normal -0.36812455268467775 -0.9297764858882515 0
    outer loop
      vertex -44.44376941012509 -13.288098270668723 0
      vertex -44.233597275182866 -13.371311305561164 0
      vertex -44.44376941012509 -13.288098270668723 3
    endloop
  endfacet
  facet normal 0.48175367410171976 0.876306680043861 0
    outer loop
      vertex -45.964488230962196 -16.519790265903627 3
      vertex -45.766402724817134 -16.628688694438836 3
      vertex -45.964488230962196 -16.519790265903627 0
    endloop
  endfacet
  facet normal 0.36812455268467775 0.9297764858882515 0
    outer loop
      vertex -45.766402724817134 -16.628688694438836 3
      vertex -45.55623058987491 -16.711901729331277 3
      vertex -45.766402724817134 -16.628688694438836 0
    endloop
  endfacet
  facet normal 0.24868988716485582 0.9685831611286309 0
    outer loop
      vertex -45.55623058987491 -16.711901729331277 3
      vertex -45.337286366254304 -16.76811705131164 3
      vertex -45.55623058987491 -16.711901729331277 0
    endloop
  endfacet
  facet normal 0.1253332335642983 0.9921147013144787 0
    outer loop
      vertex -45.337286366254304 -16.76811705131164 3
      vertex -45.11302293515276 -16.79644811117089 3
      vertex -45.337286366254304 -16.76811705131164 0
    endloop
  endfacet
  facet normal 0 1 0
    outer loop
      vertex -45.11302293515276 -16.79644811117089 3
      vertex -44.88697706484724 -16.79644811117089 3
      vertex -45.11302293515276 -16.79644811117089 0
    endloop
  endfacet
  facet normal -0.1253332335642983 0.9921147013144787 0
    outer loop
      vertex -44.88697706484724 -16.79644811117089 3
      vertex -44.662713633745696 -16.76811705131164 3
      vertex -44.88697706484724 -16.79644811117089 0
    endloop
  endfacet
  facet normal 0.8443279255020157 0.5358267949789955 0
    outer loop
      vertex -46.456230589874906 -16.058013454126453 0
      vertex -46.577352024078955 -15.867156613383088 3
      vertex -46.456230589874906 -16.058013454126453 3
    endloop
  endfacet
  facet normal 0.904827052466022 0.4257792915650676 0
    outer loop
      vertex -46.577352024078955 -15.867156613383088 0
      vertex -46.67359767459885 -15.66262419483242 3
      vertex -46.577352024078955 -15.867156613383088 3
    endloop
  endfacet
  facet normal 0.9510565162951489 0.30901699437496205 0
    outer loop
      vertex -46.67359767459885 -15.66262419483242 0
      vertex -46.74344969003154 -15.447641796896738 3
      vertex -46.67359767459885 -15.66262419483242 3
    endloop
  endfacet
  facet normal 0.9822872507286907 0.18738131458571353 0
    outer loop
      vertex -46.74344969003154 -15.447641796896738 0
      vertex -46.78580646236606 -15.225599820415747 3
      vertex -46.74344969003154 -15.447641796896738 3
    endloop
  endfacet
  facet normal 0.9980267284282726 0.06279051952929711 0
    outer loop
      vertex -46.78580646236606 -15.225599820415747 0
      vertex -46.8 -15 3
      vertex -46.78580646236606 -15.225599820415747 3
    endloop
  endfacet
  facet normal 0.5877852522924824 0.8090169943749408 0
    outer loop
      vertex -46.14736318154764 -16.38692383699642 3
      vertex -45.964488230962196 -16.519790265903627 3
      vertex -46.14736318154764 -16.38692383699642 0
    endloop
  endfacet
  facet normal 0.6845471059286794 0.7289686274214201 0
    outer loop
      vertex -46.31214352935854 -16.23218479067164 0
      vertex -46.31214352935854 -16.23218479067164 3
      vertex -46.14736318154764 -16.38692383699642 3
    endloop
  endfacet
  facet normal 0.77051324277579 0.6374239897486887 0
    outer loop
      vertex -46.31214352935854 -16.23218479067164 0
      vertex -46.456230589874906 -16.058013454126453 3
      vertex -46.31214352935854 -16.23218479067164 3
    endloop
  endfacet
  facet normal 0.9980267284282726 -0.06279051952929711 0
    outer loop
      vertex -46.8 -15 0
      vertex -46.78580646236606 -14.774400179584253 3
      vertex -46.8 -15 3
    endloop
  endfacet
  facet normal 0.9822872507286907 -0.18738131458571353 0
    outer loop
      vertex -46.78580646236606 -14.774400179584253 0
      vertex -46.74344969003154 -14.552358203103262 3
      vertex -46.78580646236606 -14.774400179584253 3
    endloop
  endfacet
  facet normal 0.9510565162951489 -0.30901699437496205 0
    outer loop
      vertex -46.74344969003154 -14.552358203103262 0
      vertex -46.67359767459885 -14.33737580516758 3
      vertex -46.74344969003154 -14.552358203103262 3
    endloop
  endfacet
  facet normal 0.904827052466022 -0.4257792915650676 0
    outer loop
      vertex -46.67359767459885 -14.33737580516758 0
      vertex -46.577352024078955 -14.132843386616912 3
      vertex -46.67359767459885 -14.33737580516758 3
    endloop
  endfacet
  facet normal 0.8443279255020135 -0.5358267949789991 0
    outer loop
      vertex -46.577352024078955 -14.132843386616912 0
      vertex -46.456230589874906 -13.941986545873549 3
      vertex -46.577352024078955 -14.132843386616912 3
    endloop
  endfacet
  facet normal 0.7705132427757933 -0.6374239897486849 0
    outer loop
      vertex -46.456230589874906 -13.941986545873549 0
      vertex -46.31214352935854 -13.767815209328361 3
      vertex -46.456230589874906 -13.941986545873549 3
    endloop
  endfacet
  facet normal 0.6845471059286794 -0.7289686274214201 0
    outer loop
      vertex -46.14736318154764 -13.61307616300358 3
      vertex -46.31214352935854 -13.767815209328361 3
      vertex -46.14736318154764 -13.61307616300358 0
    endloop
  endfacet
  facet normal 0.5877852522924824 -0.8090169943749408 0
    outer loop
      vertex -45.964488230962196 -13.480209734096373 3
      vertex -46.14736318154764 -13.61307616300358 3
      vertex -45.964488230962196 -13.480209734096373 0
    endloop
  endfacet
  facet normal 0.48175367410171976 -0.876306680043861 0
    outer loop
      vertex -45.766402724817134 -13.371311305561164 3
      vertex -45.964488230962196 -13.480209734096373 3
      vertex -45.766402724817134 -13.371311305561164 0
    endloop
  endfacet
  facet normal 0.36812455268467775 -0.9297764858882515 0
    outer loop
      vertex -45.55623058987491 -13.288098270668723 3
      vertex -45.766402724817134 -13.371311305561164 3
      vertex -45.55623058987491 -13.288098270668723 0
    endloop
  endfacet
  facet normal 0.24868988716484847 -0.9685831611286327 0
    outer loop
      vertex -45.337286366254304 -13.23188294868836 3
      vertex -45.55623058987491 -13.288098270668723 3
      vertex -45.337286366254304 -13.23188294868836 0
    endloop
  endfacet
  facet normal 0.12533323356430603 -0.9921147013144777 0
    outer loop
      vertex -45.11302293515276 -13.20355188882911 3
      vertex -45.337286366254304 -13.23188294868836 3
      vertex -45.11302293515276 -13.20355188882911 0
    endloop
  endfacet
  facet normal 0 -1 0
    outer loop
      vertex -44.88697706484724 -13.20355188882911 3
      vertex -45.11302293515276 -13.20355188882911 3
      vertex -44.88697706484724 -13.20355188882911 0
    endloop
  endfacet
  facet normal -0.12533323356430603 -0.9921147013144777 0
    outer loop
      vertex -44.662713633745696 -13.23188294868836 3
      vertex -44.88697706484724 -13.20355188882911 3
      vertex -44.662713633745696 -13.23188294868836 0
    endloop
  endfacet
  facet normal -0.24868988716485582 0.9685831611286309 0
    outer loop
      vertex -44.662713633745696 -16.76811705131164 3
      vertex -44.44376941012509 -16.711901729331277 3
      vertex -44.662713633745696 -16.76811705131164 0
    endloop
  endfacet
  facet normal -0.36812455268467775 0.9297764858882515 0
    outer loop
      vertex -44.44376941012509 -16.711901729331277 3
      vertex -44.233597275182866 -16.628688694438836 3
      vertex -44.44376941012509 -16.711901729331277 0
    endloop
  endfacet
  facet normal -0.48175367410171976 0.876306680043861 0
    outer loop
      vertex -44.233597275182866 -16.628688694438836 3
      vertex -44.035511769037804 -16.519790265903627 3
      vertex -44.233597275182866 -16.628688694438836 0
    endloop
  endfacet
  facet normal -0.5877852522924824 0.8090169943749408 0
    outer loop
      vertex -44.035511769037804 -16.519790265903627 3
      vertex -43.85263681845236 -16.38692383699642 3
      vertex -44.035511769037804 -16.519790265903627 0
    endloop
  endfacet
  facet normal -0.6845471059286794 0.7289686274214201 0
    outer loop
      vertex -43.85263681845236 -16.38692383699642 3
      vertex -43.68785647064146 -16.23218479067164 3
      vertex -43.85263681845236 -16.38692383699642 0
    endloop
  endfacet
  facet normal -0.77051324277579 0.6374239897486887 0
    outer loop
      vertex -43.543769410125094 -16.058013454126453 0
      vertex -43.68785647064146 -16.23218479067164 3
      vertex -43.543769410125094 -16.058013454126453 3
    endloop
  endfacet
  facet normal -0.8443279255020157 0.5358267949789955 0
    outer loop
      vertex -43.422647975921045 -15.867156613383088 0
      vertex -43.543769410125094 -16.058013454126453 3
      vertex -43.422647975921045 -15.867156613383088 3
    endloop
  endfacet
  facet normal -0.9048270524660205 0.4257792915650706 0
    outer loop
      vertex -43.32640232540115 -15.662624194832421 0
      vertex -43.422647975921045 -15.867156613383088 3
      vertex -43.32640232540115 -15.662624194832421 3
    endloop
  endfacet
  facet normal -0.9510565162951495 0.3090169943749597 0
    outer loop
      vertex -43.25655030996846 -15.447641796896738 0
      vertex -43.32640232540115 -15.662624194832421 3
      vertex -43.25655030996846 -15.447641796896738 3
    endloop
  endfacet
  facet normal -0.9822872507286907 0.18738131458571353 0
    outer loop
      vertex -43.21419353763394 -15.225599820415747 0
      vertex -43.25655030996846 -15.447641796896738 3
      vertex -43.21419353763394 -15.225599820415747 3
    endloop
  endfacet
  facet normal -0.9980267284282726 0.06279051952929711 0
    outer loop
      vertex -43.2 -15 0
      vertex -43.21419353763394 -15.225599820415747 3
      vertex -43.2 -15 3
    endloop
  endfacet
  facet normal -0.9980267284282727 -0.06279051952929662 0
    outer loop
      vertex -43.21419353763394 -14.774400179584251 0
      vertex -43.2 -15 3
      vertex -43.21419353763394 -14.774400179584251 3
    endloop
  endfacet
  facet normal -0.9822872507286905 -0.18738131458571497 0
    outer loop
      vertex -43.25655030996846 -14.552358203103262 0
      vertex -43.21419353763394 -14.774400179584251 3
      vertex -43.25655030996846 -14.552358203103262 3
    endloop
  endfacet
  facet normal -0.9510565162951489 -0.30901699437496205 0
    outer loop
      vertex -43.32640232540115 -14.33737580516758 0
      vertex -43.25655030996846 -14.552358203103262 3
      vertex -43.32640232540115 -14.33737580516758 3
    endloop
  endfacet
  facet normal -0.904827052466022 -0.4257792915650676 0
    outer loop
      vertex -43.422647975921045 -14.132843386616912 0
      vertex -43.32640232540115 -14.33737580516758 3
      vertex -43.422647975921045 -14.132843386616912 3
    endloop
  endfacet
  facet normal -0.8443279255020135 -0.5358267949789991 0
    outer loop
      vertex -43.543769410125094 -13.941986545873549 0
      vertex -43.422647975921045 -14.132843386616912 3
      vertex -43.543769410125094 -13.941986545873549 3
    endloop
  endfacet
  facet normal -0.7705132427757964 -0.637423989748681 0
    outer loop
      vertex -43.68785647064146 -13.76781520932836 0
      vertex -43.543769410125094 -13.941986545873549 3
      vertex -43.68785647064146 -13.76781520932836 3
    endloop
  endfacet
  facet normal -0.6845471059286753 -0.7289686274214242 0
    outer loop
      vertex -43.68785647064146 -13.76781520932836 3
      vertex -43.85263681845236 -13.61307616300358 3
      vertex -43.68785647064146 -13.76781520932836 0
    endloop
  endfacet
  facet normal -0.48175367410171976 -0.876306680043861 0
    outer loop
      vertex -44.035511769037804 -13.480209734096373 3
      vertex -44.233597275182866 -13.371311305561164 3
      vertex -44.035511769037804 -13.480209734096373 0
    endloop
  endfacet
  facet normal -0.5877852522924824 -0.8090169943749408 0
    outer loop
      vertex -43.85263681845236 -13.61307616300358 3
      vertex -44.035511769037804 -13.480209734096373 3
      vertex -43.85263681845236 -13.61307616300358 0
    endloop
  endfacet
  facet normal -0.24868988716484847 -0.9685831611286327 0
    outer loop
      vertex -44.44376941012509 -13.288098270668723 3
      vertex -44.662713633745696 -13.23188294868836 3
      vertex -44.44376941012509 -13.288098270668723 0
    endloop
  endfacet
  facet normal -0.36812455268467775 -0.9297764858882515 0
    outer loop
      vertex -44.233597275182866 -13.371311305561164 3
      vertex -44.44376941012509 -13.288098270668723 3
      vertex -44.233597275182866 -13.371311305561164 0
    endloop
  endfacet
  facet normal 0.48175367410171976 0.876306680043861 0
    outer loop
      vertex -30.76640272481713 -16.628688694438836 0
      vertex -30.964488230962193 -16.519790265903627 0
      vertex -30.76640272481713 -16.628688694438836 3
    endloop
  endfacet
  facet normal 0.36812455268467775 0.9297764858882515 0
    outer loop
      vertex -30.556230589874904 -16.711901729331277 0
      vertex -30.76640272481713 -16.628688694438836 0
      vertex -30.556230589874904 -16.711901729331277 3
    endloop
  endfacet
  facet normal 0.2486898871648596 0.9685831611286299 0
    outer loop
      vertex -30.337286366254304 -16.76811705131164 0
      vertex -30.556230589874904 -16.711901729331277 0
      vertex -30.337286366254304 -16.76811705131164 3
    endloop
  endfacet
  facet normal 0.1253332335642983 0.9921147013144787 0
    outer loop
      vertex -30.113022935152763 -16.79644811117089 0
      vertex -30.337286366254304 -16.76811705131164 0
      vertex -30.113022935152763 -16.79644811117089 3
    endloop
  endfacet
  facet normal 0 1 0
    outer loop
      vertex -29.886977064847237 -16.79644811117089 0
      vertex -30.113022935152763 -16.79644811117089 0
      vertex -29.886977064847237 -16.79644811117089 3
    endloop
  endfacet
  facet normal 0.904827052466022 0.4257792915650676 0
    outer loop
      vertex -31.577352024078955 -15.867156613383088 0
      vertex -31.673597674598852 -15.66262419483242 0
      vertex -31.673597674598852 -15.66262419483242 3
    endloop
  endfacet
  facet normal 0.9510565162951535 0.30901699437494784 0
    outer loop
      vertex -31.673597674598852 -15.66262419483242 0
      vertex -31.743449690031536 -15.447641796896738 0
      vertex -31.743449690031536 -15.447641796896738 3
    endloop
  endfacet
  facet normal 0.9822872507286878 0.1873813145857287 0
    outer loop
      vertex -31.743449690031536 -15.447641796896738 0
      vertex -31.78580646236606 -15.225599820415747 0
      vertex -31.78580646236606 -15.225599820415747 3
    endloop
  endfacet
  facet normal 0.6845471059286872 0.7289686274214128 0
    outer loop
      vertex -31.14736318154764 -16.38692383699642 0
      vertex -31.31214352935854 -16.23218479067164 0
      vertex -31.14736318154764 -16.38692383699642 3
    endloop
  endfacet
  facet normal 0.5877852522924749 0.8090169943749461 0
    outer loop
      vertex -30.964488230962193 -16.519790265903627 0
      vertex -31.14736318154764 -16.38692383699642 0
      vertex -30.964488230962193 -16.519790265903627 3
    endloop
  endfacet
  facet normal 0.7705132427757823 0.637423989748698 0
    outer loop
      vertex -31.31214352935854 -16.23218479067164 0
      vertex -31.456230589874906 -16.058013454126453 0
      vertex -31.456230589874906 -16.058013454126453 3
    endloop
  endfacet
  facet normal 0.8443279255020157 0.5358267949789955 0
    outer loop
      vertex -31.456230589874906 -16.058013454126453 0
      vertex -31.577352024078955 -15.867156613383088 0
      vertex -31.577352024078955 -15.867156613383088 3
    endloop
  endfacet
  facet normal 0.9980267284282716 0.06279051952931276 0
    outer loop
      vertex -31.78580646236606 -15.225599820415747 0
      vertex -31.8 -15 0
      vertex -31.8 -15 3
    endloop
  endfacet
  facet normal 0.9980267284282716 -0.06279051952931276 0
    outer loop
      vertex -31.8 -15 0
      vertex -31.78580646236606 -14.774400179584253 0
      vertex -31.78580646236606 -14.774400179584253 3
    endloop
  endfacet
  facet normal 0.9822872507286878 -0.1873813145857287 0
    outer loop
      vertex -31.78580646236606 -14.774400179584253 0
      vertex -31.743449690031536 -14.552358203103262 0
      vertex -31.743449690031536 -14.552358203103262 3
    endloop
  endfacet
  facet normal 0.9510565162951535 -0.30901699437494784 0
    outer loop
      vertex -31.743449690031536 -14.552358203103262 0
      vertex -31.673597674598852 -14.33737580516758 0
      vertex -31.673597674598852 -14.33737580516758 3
    endloop
  endfacet
  facet normal 0.904827052466022 -0.4257792915650676 0
    outer loop
      vertex -31.673597674598852 -14.33737580516758 0
      vertex -31.577352024078955 -14.132843386616912 0
      vertex -31.577352024078955 -14.132843386616912 3
    endloop
  endfacet
  facet normal 0.8443279255020135 -0.5358267949789991 0
    outer loop
      vertex -31.577352024078955 -14.132843386616912 0
      vertex -31.456230589874906 -13.941986545873549 0
      vertex -31.456230589874906 -13.941986545873549 3
    endloop
  endfacet
  facet normal 0.7705132427757855 -0.6374239897486942 0
    outer loop
      vertex -31.456230589874906 -13.941986545873549 0
      vertex -31.31214352935854 -13.767815209328361 0
      vertex -31.31214352935854 -13.767815209328361 3
    endloop
  endfacet
  facet normal 0.6845471059286872 -0.7289686274214128 0
    outer loop
      vertex -31.31214352935854 -13.767815209328361 0
      vertex -31.14736318154764 -13.61307616300358 0
      vertex -31.31214352935854 -13.767815209328361 3
    endloop
  endfacet
  facet normal 0.5877852522924749 -0.8090169943749461 0
    outer loop
      vertex -31.14736318154764 -13.61307616300358 0
      vertex -30.964488230962193 -13.480209734096373 0
      vertex -31.14736318154764 -13.61307616300358 3
    endloop
  endfacet
  facet normal 0.48175367410171976 -0.876306680043861 0
    outer loop
      vertex -30.964488230962193 -13.480209734096373 0
      vertex -30.76640272481713 -13.371311305561164 0
      vertex -30.964488230962193 -13.480209734096373 3
    endloop
  endfacet
  facet normal 0.36812455268467775 -0.9297764858882515 0
    outer loop
      vertex -30.76640272481713 -13.371311305561164 0
      vertex -30.556230589874904 -13.288098270668723 0
      vertex -30.76640272481713 -13.371311305561164 3
    endloop
  endfacet
  facet normal 0.24868988716485224 -0.9685831611286319 0
    outer loop
      vertex -30.556230589874904 -13.288098270668723 0
      vertex -30.337286366254304 -13.23188294868836 0
      vertex -30.556230589874904 -13.288098270668723 3
    endloop
  endfacet
  facet normal 0.12533323356430603 -0.9921147013144777 0
    outer loop
      vertex -30.337286366254304 -13.23188294868836 0
      vertex -30.113022935152763 -13.20355188882911 0
      vertex -30.337286366254304 -13.23188294868836 3
    endloop
  endfacet
  facet normal 0 -1 0
    outer loop
      vertex -30.113022935152763 -13.20355188882911 0
      vertex -29.886977064847237 -13.20355188882911 0
      vertex -30.113022935152763 -13.20355188882911 3
    endloop
  endfacet
  facet normal -0.12533323356430603 -0.9921147013144777 0
    outer loop
      vertex -29.886977064847237 -13.20355188882911 0
      vertex -29.662713633745696 -13.23188294868836 0
      vertex -29.886977064847237 -13.20355188882911 3
    endloop
  endfacet
  facet normal -0.1253332335642983 0.9921147013144787 0
    outer loop
      vertex -29.662713633745696 -16.76811705131164 0
      vertex -29.886977064847237 -16.79644811117089 0
      vertex -29.662713633745696 -16.76811705131164 3
    endloop
  endfacet
  facet normal -0.2486898871648596 0.9685831611286299 0
    outer loop
      vertex -29.443769410125096 -16.711901729331277 0
      vertex -29.662713633745696 -16.76811705131164 0
      vertex -29.443769410125096 -16.711901729331277 3
    endloop
  endfacet
  facet normal -0.36812455268467775 0.9297764858882515 0
    outer loop
      vertex -29.23359727518287 -16.628688694438836 0
      vertex -29.443769410125096 -16.711901729331277 0
      vertex -29.23359727518287 -16.628688694438836 3
    endloop
  endfacet
  facet normal -0.48175367410171976 0.876306680043861 0
    outer loop
      vertex -29.035511769037807 -16.519790265903627 0
      vertex -29.23359727518287 -16.628688694438836 0
      vertex -29.035511769037807 -16.519790265903627 3
    endloop
  endfacet
  facet normal -0.5877852522924674 0.8090169943749516 0
    outer loop
      vertex -28.852636818452357 -16.38692383699642 0
      vertex -29.035511769037807 -16.519790265903627 0
      vertex -28.852636818452357 -16.38692383699642 3
    endloop
  endfacet
  facet normal -0.684547105928695 0.7289686274214054 0
    outer loop
      vertex -28.68785647064146 -16.23218479067164 0
      vertex -28.852636818452357 -16.38692383699642 0
      vertex -28.68785647064146 -16.23218479067164 3
    endloop
  endfacet
  facet normal -0.7705132427757823 0.637423989748698 0
    outer loop
      vertex -28.68785647064146 -16.23218479067164 0
      vertex -28.68785647064146 -16.23218479067164 3
      vertex -28.543769410125094 -16.058013454126453 0
    endloop
  endfacet
  facet normal -0.8443279255020157 0.5358267949789955 0
    outer loop
      vertex -28.422647975921045 -15.867156613383088 0
      vertex -28.543769410125094 -16.058013454126453 0
      vertex -28.543769410125094 -16.058013454126453 3
    endloop
  endfacet
  facet normal -0.9048270524660205 0.4257792915650706 0
    outer loop
      vertex -28.326402325401148 -15.662624194832421 0
      vertex -28.422647975921045 -15.867156613383088 0
      vertex -28.422647975921045 -15.867156613383088 3
    endloop
  endfacet
  facet normal -0.9510565162951542 0.3090169943749455 0
    outer loop
      vertex -28.256550309968464 -15.447641796896738 0
      vertex -28.326402325401148 -15.662624194832421 0
      vertex -28.326402325401148 -15.662624194832421 3
    endloop
  endfacet
  facet normal -0.9822872507286878 0.1873813145857287 0
    outer loop
      vertex -28.21419353763394 -15.225599820415747 0
      vertex -28.256550309968464 -15.447641796896738 0
      vertex -28.256550309968464 -15.447641796896738 3
    endloop
  endfacet
  facet normal -0.9980267284282716 0.06279051952931276 0
    outer loop
      vertex -28.2 -15 0
      vertex -28.21419353763394 -15.225599820415747 0
      vertex -28.21419353763394 -15.225599820415747 3
    endloop
  endfacet
  facet normal -0.9980267284282716 -0.06279051952931228 0
    outer loop
      vertex -28.21419353763394 -14.774400179584251 0
      vertex -28.2 -15 0
      vertex -28.2 -15 3
    endloop
  endfacet
  facet normal -0.9822872507286876 -0.18738131458573015 0
    outer loop
      vertex -28.256550309968464 -14.552358203103262 0
      vertex -28.21419353763394 -14.774400179584251 0
      vertex -28.21419353763394 -14.774400179584251 3
    endloop
  endfacet
  facet normal -0.9510565162951535 -0.30901699437494784 0
    outer loop
      vertex -28.326402325401148 -14.33737580516758 0
      vertex -28.256550309968464 -14.552358203103262 0
      vertex -28.256550309968464 -14.552358203103262 3
    endloop
  endfacet
  facet normal -0.904827052466022 -0.4257792915650676 0
    outer loop
      vertex -28.422647975921045 -14.132843386616912 0
      vertex -28.326402325401148 -14.33737580516758 0
      vertex -28.326402325401148 -14.33737580516758 3
    endloop
  endfacet
  facet normal -0.8443279255020135 -0.5358267949789991 0
    outer loop
      vertex -28.543769410125094 -13.941986545873549 0
      vertex -28.422647975921045 -14.132843386616912 0
      vertex -28.422647975921045 -14.132843386616912 3
    endloop
  endfacet
  facet normal -0.7705132427757886 -0.6374239897486903 0
    outer loop
      vertex -28.68785647064146 -13.76781520932836 0
      vertex -28.543769410125094 -13.941986545873549 0
      vertex -28.543769410125094 -13.941986545873549 3
    endloop
  endfacet
  facet normal -0.48175367410171976 -0.876306680043861 0
    outer loop
      vertex -29.23359727518287 -13.371311305561164 0
      vertex -29.035511769037807 -13.480209734096373 0
      vertex -29.23359727518287 -13.371311305561164 3
    endloop
  endfacet
  facet normal -0.5877852522924674 -0.8090169943749516 0
    outer loop
      vertex -29.035511769037807 -13.480209734096373 0
      vertex -28.852636818452357 -13.61307616300358 0
      vertex -29.035511769037807 -13.480209734096373 3
    endloop
  endfacet
  facet normal -0.24868988716485224 -0.9685831611286319 0
    outer loop
      vertex -29.662713633745696 -13.23188294868836 0
      vertex -29.443769410125096 -13.288098270668723 0
      vertex -29.662713633745696 -13.23188294868836 3
    endloop
  endfacet
  facet normal -0.36812455268467775 -0.9297764858882515 0
    outer loop
      vertex -29.443769410125096 -13.288098270668723 0
      vertex -29.23359727518287 -13.371311305561164 0
      vertex -29.443769410125096 -13.288098270668723 3
    endloop
  endfacet
  facet normal -0.6845471059286911 -0.7289686274214094 0
    outer loop
      vertex -28.852636818452357 -13.61307616300358 0
      vertex -28.68785647064146 -13.76781520932836 0
      vertex -28.852636818452357 -13.61307616300358 3
    endloop
  endfacet
  facet normal 0.36812455268467775 0.9297764858882515 0
    outer loop
      vertex -30.76640272481713 -16.628688694438836 3
      vertex -30.556230589874904 -16.711901729331277 3
      vertex -30.76640272481713 -16.628688694438836 0
    endloop
  endfacet
  facet normal 0.48175367410171976 0.876306680043861 0
    outer loop
      vertex -30.964488230962193 -16.519790265903627 3
      vertex -30.76640272481713 -16.628688694438836 3
      vertex -30.964488230962193 -16.519790265903627 0
    endloop
  endfacet
  facet normal 0.2486898871648596 0.9685831611286299 0
    outer loop
      vertex -30.556230589874904 -16.711901729331277 3
      vertex -30.337286366254304 -16.76811705131164 3
      vertex -30.556230589874904 -16.711901729331277 0
    endloop
  endfacet
  facet normal 0.1253332335642983 0.9921147013144787 0
    outer loop
      vertex -30.337286366254304 -16.76811705131164 3
      vertex -30.113022935152763 -16.79644811117089 3
      vertex -30.337286366254304 -16.76811705131164 0
    endloop
  endfacet
  facet normal 0 1 0
    outer loop
      vertex -30.113022935152763 -16.79644811117089 3
      vertex -29.886977064847237 -16.79644811117089 3
      vertex -30.113022935152763 -16.79644811117089 0
    endloop
  endfacet
  facet normal -0.1253332335642983 0.9921147013144787 0
    outer loop
      vertex -29.886977064847237 -16.79644811117089 3
      vertex -29.662713633745696 -16.76811705131164 3
      vertex -29.886977064847237 -16.79644811117089 0
    endloop
  endfacet
  facet normal 0.904827052466022 0.4257792915650676 0
    outer loop
      vertex -31.577352024078955 -15.867156613383088 0
      vertex -31.673597674598852 -15.66262419483242 3
      vertex -31.577352024078955 -15.867156613383088 3
    endloop
  endfacet
  facet normal 0.9510565162951535 0.30901699437494784 0
    outer loop
      vertex -31.673597674598852 -15.66262419483242 0
      vertex -31.743449690031536 -15.447641796896738 3
      vertex -31.673597674598852 -15.66262419483242 3
    endloop
  endfacet
  facet normal 0.9822872507286878 0.1873813145857287 0
    outer loop
      vertex -31.743449690031536 -15.447641796896738 0
      vertex -31.78580646236606 -15.225599820415747 3
      vertex -31.743449690031536 -15.447641796896738 3
    endloop
  endfacet
  facet normal 0.9980267284282716 0.06279051952931276 0
    outer loop
      vertex -31.78580646236606 -15.225599820415747 0
      vertex -31.8 -15 3
      vertex -31.78580646236606 -15.225599820415747 3
    endloop
  endfacet
  facet normal 0.6845471059286872 0.7289686274214128 0
    outer loop
      vertex -31.31214352935854 -16.23218479067164 3
      vertex -31.14736318154764 -16.38692383699642 3
      vertex -31.31214352935854 -16.23218479067164 0
    endloop
  endfacet
  facet normal 0.7705132427757823 0.637423989748698 0
    outer loop
      vertex -31.31214352935854 -16.23218479067164 0
      vertex -31.456230589874906 -16.058013454126453 3
      vertex -31.31214352935854 -16.23218479067164 3
    endloop
  endfacet
  facet normal 0.5877852522924749 0.8090169943749461 0
    outer loop
      vertex -31.14736318154764 -16.38692383699642 3
      vertex -30.964488230962193 -16.519790265903627 3
      vertex -31.14736318154764 -16.38692383699642 0
    endloop
  endfacet
  facet normal 0.8443279255020157 0.5358267949789955 0
    outer loop
      vertex -31.456230589874906 -16.058013454126453 0
      vertex -31.577352024078955 -15.867156613383088 3
      vertex -31.456230589874906 -16.058013454126453 3
    endloop
  endfacet
  facet normal 0.9980267284282716 -0.06279051952931276 0
    outer loop
      vertex -31.8 -15 0
      vertex -31.78580646236606 -14.774400179584253 3
      vertex -31.8 -15 3
    endloop
  endfacet
  facet normal 0.9822872507286878 -0.1873813145857287 0
    outer loop
      vertex -31.78580646236606 -14.774400179584253 0
      vertex -31.743449690031536 -14.552358203103262 3
      vertex -31.78580646236606 -14.774400179584253 3
    endloop
  endfacet
  facet normal 0.9510565162951535 -0.30901699437494784 0
    outer loop
      vertex -31.743449690031536 -14.552358203103262 0
      vertex -31.673597674598852 -14.33737580516758 3
      vertex -31.743449690031536 -14.552358203103262 3
    endloop
  endfacet
  facet normal 0.904827052466022 -0.4257792915650676 0
    outer loop
      vertex -31.673597674598852 -14.33737580516758 0
      vertex -31.577352024078955 -14.132843386616912 3
      vertex -31.673597674598852 -14.33737580516758 3
    endloop
  endfacet
  facet normal 0.8443279255020135 -0.5358267949789991 0
    outer loop
      vertex -31.577352024078955 -14.132843386616912 0
      vertex -31.456230589874906 -13.941986545873549 3
      vertex -31.577352024078955 -14.132843386616912 3
    endloop
  endfacet
  facet normal 0.7705132427757855 -0.6374239897486942 0
    outer loop
      vertex -31.456230589874906 -13.941986545873549 0
      vertex -31.31214352935854 -13.767815209328361 3
      vertex -31.456230589874906 -13.941986545873549 3
    endloop
  endfacet
  facet normal 0.6845471059286872 -0.7289686274214128 0
    outer loop
      vertex -31.14736318154764 -13.61307616300358 3
      vertex -31.31214352935854 -13.767815209328361 3
      vertex -31.14736318154764 -13.61307616300358 0
    endloop
  endfacet
  facet normal 0.5877852522924749 -0.8090169943749461 0
    outer loop
      vertex -30.964488230962193 -13.480209734096373 3
      vertex -31.14736318154764 -13.61307616300358 3
      vertex -30.964488230962193 -13.480209734096373 0
    endloop
  endfacet
  facet normal 0.48175367410171976 -0.876306680043861 0
    outer loop
      vertex -30.76640272481713 -13.371311305561164 3
      vertex -30.964488230962193 -13.480209734096373 3
      vertex -30.76640272481713 -13.371311305561164 0
    endloop
  endfacet
  facet normal 0.36812455268467775 -0.9297764858882515 0
    outer loop
      vertex -30.556230589874904 -13.288098270668723 3
      vertex -30.76640272481713 -13.371311305561164 3
      vertex -30.556230589874904 -13.288098270668723 0
    endloop
  endfacet
  facet normal 0.24868988716485224 -0.9685831611286319 0
    outer loop
      vertex -30.337286366254304 -13.23188294868836 3
      vertex -30.556230589874904 -13.288098270668723 3
      vertex -30.337286366254304 -13.23188294868836 0
    endloop
  endfacet
  facet normal 0.12533323356430603 -0.9921147013144777 0
    outer loop
      vertex -30.113022935152763 -13.20355188882911 3
      vertex -30.337286366254304 -13.23188294868836 3
      vertex -30.113022935152763 -13.20355188882911 0
    endloop
  endfacet
  facet normal 0 -1 0
    outer loop
      vertex -29.886977064847237 -13.20355188882911 3
      vertex -30.113022935152763 -13.20355188882911 3
      vertex -29.886977064847237 -13.20355188882911 0
    endloop
  endfacet
  facet normal -0.2486898871648596 0.9685831611286299 0
    outer loop
      vertex -29.662713633745696 -16.76811705131164 3
      vertex -29.443769410125096 -16.711901729331277 3
      vertex -29.662713633745696 -16.76811705131164 0
    endloop
  endfacet
  facet normal -0.36812455268467775 0.9297764858882515 0
    outer loop
      vertex -29.443769410125096 -16.711901729331277 3
      vertex -29.23359727518287 -16.628688694438836 3
      vertex -29.443769410125096 -16.711901729331277 0
    endloop
  endfacet
  facet normal -0.48175367410171976 0.876306680043861 0
    outer loop
      vertex -29.23359727518287 -16.628688694438836 3
      vertex -29.035511769037807 -16.519790265903627 3
      vertex -29.23359727518287 -16.628688694438836 0
    endloop
  endfacet
  facet normal -0.5877852522924674 0.8090169943749516 0
    outer loop
      vertex -29.035511769037807 -16.519790265903627 3
      vertex -28.852636818452357 -16.38692383699642 3
      vertex -29.035511769037807 -16.519790265903627 0
    endloop
  endfacet
  facet normal -0.684547105928695 0.7289686274214054 0
    outer loop
      vertex -28.852636818452357 -16.38692383699642 3
      vertex -28.68785647064146 -16.23218479067164 3
      vertex -28.852636818452357 -16.38692383699642 0
    endloop
  endfacet
  facet normal -0.7705132427757823 0.637423989748698 0
    outer loop
      vertex -28.543769410125094 -16.058013454126453 0
      vertex -28.68785647064146 -16.23218479067164 3
      vertex -28.543769410125094 -16.058013454126453 3
    endloop
  endfacet
  facet normal -0.8443279255020157 0.5358267949789955 0
    outer loop
      vertex -28.422647975921045 -15.867156613383088 0
      vertex -28.543769410125094 -16.058013454126453 3
      vertex -28.422647975921045 -15.867156613383088 3
    endloop
  endfacet
  facet normal -0.9048270524660205 0.4257792915650706 0
    outer loop
      vertex -28.326402325401148 -15.662624194832421 0
      vertex -28.422647975921045 -15.867156613383088 3
      vertex -28.326402325401148 -15.662624194832421 3
    endloop
  endfacet
  facet normal -0.9510565162951542 0.3090169943749455 0
    outer loop
      vertex -28.256550309968464 -15.447641796896738 0
      vertex -28.326402325401148 -15.662624194832421 3
      vertex -28.256550309968464 -15.447641796896738 3
    endloop
  endfacet
  facet normal -0.9822872507286878 0.1873813145857287 0
    outer loop
      vertex -28.21419353763394 -15.225599820415747 0
      vertex -28.256550309968464 -15.447641796896738 3
      vertex -28.21419353763394 -15.225599820415747 3
    endloop
  endfacet
  facet normal -0.9980267284282716 0.06279051952931276 0
    outer loop
      vertex -28.2 -15 0
      vertex -28.21419353763394 -15.225599820415747 3
      vertex -28.2 -15 3
    endloop
  endfacet
  facet normal -0.9980267284282716 -0.06279051952931228 0
    outer loop
      vertex -28.21419353763394 -14.774400179584251 0
      vertex -28.2 -15 3
      vertex -28.21419353763394 -14.774400179584251 3
    endloop
  endfacet
  facet normal -0.9822872507286876 -0.18738131458573015 0
    outer loop
      vertex -28.256550309968464 -14.552358203103262 0
      vertex -28.21419353763394 -14.774400179584251 3
      vertex -28.256550309968464 -14.552358203103262 3
    endloop
  endfacet
  facet normal -0.904827052466022 -0.4257792915650676 0
    outer loop
      vertex -28.422647975921045 -14.132843386616912 0
      vertex -28.326402325401148 -14.33737580516758 3
      vertex -28.422647975921045 -14.132843386616912 3
    endloop
  endfacet
  facet normal -0.9510565162951535 -0.30901699437494784 0
    outer loop
      vertex -28.326402325401148 -14.33737580516758 0
      vertex -28.256550309968464 -14.552358203103262 3
      vertex -28.326402325401148 -14.33737580516758 3
    endloop
  endfacet
  facet normal -0.8443279255020135 -0.5358267949789991 0
    outer loop
      vertex -28.543769410125094 -13.941986545873549 0
      vertex -28.422647975921045 -14.132843386616912 3
      vertex -28.543769410125094 -13.941986545873549 3
    endloop
  endfacet
  facet normal -0.7705132427757886 -0.6374239897486903 0
    outer loop
      vertex -28.68785647064146 -13.76781520932836 0
      vertex -28.543769410125094 -13.941986545873549 3
      vertex -28.68785647064146 -13.76781520932836 3
    endloop
  endfacet
  facet normal -0.48175367410171976 -0.876306680043861 0
    outer loop
      vertex -29.035511769037807 -13.480209734096373 3
      vertex -29.23359727518287 -13.371311305561164 3
      vertex -29.035511769037807 -13.480209734096373 0
    endloop
  endfacet
  facet normal -0.5877852522924674 -0.8090169943749516 0
    outer loop
      vertex -28.852636818452357 -13.61307616300358 3
      vertex -29.035511769037807 -13.480209734096373 3
      vertex -28.852636818452357 -13.61307616300358 0
    endloop
  endfacet
  facet normal -0.36812455268467775 -0.9297764858882515 0
    outer loop
      vertex -29.23359727518287 -13.371311305561164 3
      vertex -29.443769410125096 -13.288098270668723 3
      vertex -29.23359727518287 -13.371311305561164 0
    endloop
  endfacet
  facet normal -0.24868988716485224 -0.9685831611286319 0
    outer loop
      vertex -29.443769410125096 -13.288098270668723 3
      vertex -29.662713633745696 -13.23188294868836 3
      vertex -29.443769410125096 -13.288098270668723 0
    endloop
  endfacet
  facet normal -0.12533323356430603 -0.9921147013144777 0
    outer loop
      vertex -29.662713633745696 -13.23188294868836 3
      vertex -29.886977064847237 -13.20355188882911 3
      vertex -29.662713633745696 -13.23188294868836 0
    endloop
  endfacet
  facet normal -0.6845471059286911 -0.7289686274214094 0
    outer loop
      vertex -28.68785647064146 -13.76781520932836 3
      vertex -28.852636818452357 -13.61307616300358 3
      vertex -28.68785647064146 -13.76781520932836 0
    endloop
  endfacet
  facet normal 0.48175367410171643 0.8763066800438629 0
    outer loop
      vertex -15.76640272481713 -16.628688694438836 0
      vertex -15.964488230962194 -16.519790265903627 0
      vertex -15.76640272481713 -16.628688694438836 3
    endloop
  endfacet
  facet normal 0.3681245526846804 0.9297764858882503 0
    outer loop
      vertex -15.556230589874906 -16.711901729331277 0
      vertex -15.76640272481713 -16.628688694438836 0
      vertex -15.556230589874906 -16.711901729331277 3
    endloop
  endfacet
  facet normal 0.24868988716485774 0.9685831611286304 0
    outer loop
      vertex -15.337286366254304 -16.76811705131164 0
      vertex -15.556230589874906 -16.711901729331277 0
      vertex -15.337286366254304 -16.76811705131164 3
    endloop
  endfacet
  facet normal 0.1253332335642993 0.9921147013144785 0
    outer loop
      vertex -15.113022935152765 -16.79644811117089 0
      vertex -15.337286366254304 -16.76811705131164 0
      vertex -15.113022935152765 -16.79644811117089 3
    endloop
  endfacet
  facet normal 0 1 0
    outer loop
      vertex -14.886977064847235 -16.79644811117089 0
      vertex -15.113022935152765 -16.79644811117089 0
      vertex -14.886977064847235 -16.79644811117089 3
    endloop
  endfacet
  facet normal 0.9822872507286878 0.1873813145857287 0
    outer loop
      vertex -16.743449690031536 -15.447641796896738 0
      vertex -16.78580646236606 -15.225599820415747 0
      vertex -16.78580646236606 -15.225599820415747 3
    endloop
  endfacet
  facet normal 0.6845471059286872 0.7289686274214128 0
    outer loop
      vertex -16.14736318154764 -16.38692383699642 0
      vertex -16.31214352935854 -16.23218479067164 0
      vertex -16.14736318154764 -16.38692383699642 3
    endloop
  endfacet
  facet normal 0.5877852522924787 0.8090169943749435 0
    outer loop
      vertex -15.964488230962194 -16.519790265903627 0
      vertex -16.14736318154764 -16.38692383699642 0
      vertex -15.964488230962194 -16.519790265903627 3
    endloop
  endfacet
  facet normal 0.7705132427757823 0.637423989748698 0
    outer loop
      vertex -16.31214352935854 -16.23218479067164 0
      vertex -16.456230589874906 -16.058013454126453 0
      vertex -16.456230589874906 -16.058013454126453 3
    endloop
  endfacet
  facet normal 0.8443279255020157 0.5358267949789955 0
    outer loop
      vertex -16.456230589874906 -16.058013454126453 0
      vertex -16.577352024078955 -15.867156613383088 0
      vertex -16.577352024078955 -15.867156613383088 3
    endloop
  endfacet
  facet normal 0.904827052466022 0.4257792915650676 0
    outer loop
      vertex -16.577352024078955 -15.867156613383088 0
      vertex -16.673597674598852 -15.66262419483242 0
      vertex -16.673597674598852 -15.66262419483242 3
    endloop
  endfacet
  facet normal 0.9510565162951535 0.30901699437494784 0
    outer loop
      vertex -16.673597674598852 -15.66262419483242 0
      vertex -16.743449690031536 -15.447641796896738 0
      vertex -16.743449690031536 -15.447641796896738 3
    endloop
  endfacet
  facet normal 0.9980267284282716 0.06279051952931276 0
    outer loop
      vertex -16.78580646236606 -15.225599820415747 0
      vertex -16.8 -15 0
      vertex -16.8 -15 3
    endloop
  endfacet
  facet normal 0.9980267284282716 -0.06279051952931276 0
    outer loop
      vertex -16.8 -15 0
      vertex -16.78580646236606 -14.774400179584253 0
      vertex -16.78580646236606 -14.774400179584253 3
    endloop
  endfacet
  facet normal 0.9822872507286878 -0.1873813145857287 0
    outer loop
      vertex -16.78580646236606 -14.774400179584253 0
      vertex -16.743449690031536 -14.552358203103262 0
      vertex -16.743449690031536 -14.552358203103262 3
    endloop
  endfacet
  facet normal 0.9510565162951535 -0.30901699437494784 0
    outer loop
      vertex -16.743449690031536 -14.552358203103262 0
      vertex -16.673597674598852 -14.33737580516758 0
      vertex -16.673597674598852 -14.33737580516758 3
    endloop
  endfacet
  facet normal 0.904827052466022 -0.4257792915650676 0
    outer loop
      vertex -16.673597674598852 -14.33737580516758 0
      vertex -16.577352024078955 -14.132843386616912 0
      vertex -16.577352024078955 -14.132843386616912 3
    endloop
  endfacet
  facet normal 0.8443279255020135 -0.5358267949789991 0
    outer loop
      vertex -16.577352024078955 -14.132843386616912 0
      vertex -16.456230589874906 -13.941986545873549 0
      vertex -16.456230589874906 -13.941986545873549 3
    endloop
  endfacet
  facet normal 0.7705132427757855 -0.6374239897486942 0
    outer loop
      vertex -16.456230589874906 -13.941986545873549 0
      vertex -16.31214352935854 -13.767815209328361 0
      vertex -16.31214352935854 -13.767815209328361 3
    endloop
  endfacet
  facet normal 0.6845471059286872 -0.7289686274214128 0
    outer loop
      vertex -16.31214352935854 -13.767815209328361 0
      vertex -16.14736318154764 -13.61307616300358 0
      vertex -16.31214352935854 -13.767815209328361 3
    endloop
  endfacet
  facet normal 0.5877852522924787 -0.8090169943749435 0
    outer loop
      vertex -16.14736318154764 -13.61307616300358 0
      vertex -15.964488230962194 -13.480209734096373 0
      vertex -16.14736318154764 -13.61307616300358 3
    endloop
  endfacet
  facet normal 0.48175367410171643 -0.8763066800438629 0
    outer loop
      vertex -15.964488230962194 -13.480209734096373 0
      vertex -15.76640272481713 -13.371311305561164 0
      vertex -15.964488230962194 -13.480209734096373 3
    endloop
  endfacet
  facet normal 0.3681245526846804 -0.9297764858882503 0
    outer loop
      vertex -15.76640272481713 -13.371311305561164 0
      vertex -15.556230589874906 -13.288098270668723 0
      vertex -15.76640272481713 -13.371311305561164 3
    endloop
  endfacet
  facet normal 0.24868988716485033 -0.9685831611286322 0
    outer loop
      vertex -15.556230589874906 -13.288098270668723 0
      vertex -15.337286366254304 -13.23188294868836 0
      vertex -15.556230589874906 -13.288098270668723 3
    endloop
  endfacet
  facet normal 0.12533323356430603 -0.9921147013144777 0
    outer loop
      vertex -15.337286366254304 -13.23188294868836 0
      vertex -15.113022935152763 -13.20355188882911 0
      vertex -15.337286366254304 -13.23188294868836 3
    endloop
  endfacet
  facet normal 0 -1 0
    outer loop
      vertex -15.113022935152763 -13.20355188882911 0
      vertex -14.886977064847237 -13.20355188882911 0
      vertex -15.113022935152763 -13.20355188882911 3
    endloop
  endfacet
  facet normal -0.1253332335642993 0.9921147013144785 0
    outer loop
      vertex -14.662713633745696 -16.76811705131164 0
      vertex -14.886977064847235 -16.79644811117089 0
      vertex -14.662713633745696 -16.76811705131164 3
    endloop
  endfacet
  facet normal -0.24868988716485774 0.9685831611286304 0
    outer loop
      vertex -14.443769410125094 -16.711901729331277 0
      vertex -14.662713633745696 -16.76811705131164 0
      vertex -14.443769410125094 -16.711901729331277 3
    endloop
  endfacet
  facet normal -0.3681245526846804 0.9297764858882503 0
    outer loop
      vertex -14.23359727518287 -16.628688694438836 0
      vertex -14.443769410125094 -16.711901729331277 0
      vertex -14.23359727518287 -16.628688694438836 3
    endloop
  endfacet
  facet normal -0.48175367410171976 0.876306680043861 0
    outer loop
      vertex -14.035511769037807 -16.519790265903627 0
      vertex -14.23359727518287 -16.628688694438836 0
      vertex -14.035511769037807 -16.519790265903627 3
    endloop
  endfacet
  facet normal -0.5877852522924711 0.8090169943749488 0
    outer loop
      vertex -13.852636818452359 -16.38692383699642 0
      vertex -14.035511769037807 -16.519790265903627 0
      vertex -13.852636818452359 -16.38692383699642 3
    endloop
  endfacet
  facet normal -0.6845471059286872 0.7289686274214128 0
    outer loop
      vertex -13.687856470641458 -16.23218479067164 0
      vertex -13.852636818452359 -16.38692383699642 0
      vertex -13.687856470641458 -16.23218479067164 3
    endloop
  endfacet
  facet normal -0.7705132427757861 0.6374239897486934 0
    outer loop
      vertex -13.687856470641458 -16.23218479067164 0
      vertex -13.687856470641458 -16.23218479067164 3
      vertex -13.543769410125094 -16.058013454126453 0
    endloop
  endfacet
  facet normal -0.8443279255020157 0.5358267949789955 0
    outer loop
      vertex -13.422647975921045 -15.867156613383088 0
      vertex -13.543769410125094 -16.058013454126453 0
      vertex -13.543769410125094 -16.058013454126453 3
    endloop
  endfacet
  facet normal -0.9048270524660205 0.4257792915650706 0
    outer loop
      vertex -13.326402325401148 -15.662624194832421 0
      vertex -13.422647975921045 -15.867156613383088 0
      vertex -13.422647975921045 -15.867156613383088 3
    endloop
  endfacet
  facet normal -0.9510565162951542 0.3090169943749455 0
    outer loop
      vertex -13.256550309968464 -15.447641796896738 0
      vertex -13.326402325401148 -15.662624194832421 0
      vertex -13.326402325401148 -15.662624194832421 3
    endloop
  endfacet
  facet normal -0.9822872507286878 0.1873813145857287 0
    outer loop
      vertex -13.214193537633939 -15.225599820415747 0
      vertex -13.256550309968464 -15.447641796896738 0
      vertex -13.256550309968464 -15.447641796896738 3
    endloop
  endfacet
  facet normal -0.9980267284282716 0.06279051952931276 0
    outer loop
      vertex -13.2 -15 0
      vertex -13.214193537633939 -15.225599820415747 0
      vertex -13.214193537633939 -15.225599820415747 3
    endloop
  endfacet
  facet normal -0.9980267284282716 -0.06279051952931228 0
    outer loop
      vertex -13.214193537633939 -14.774400179584251 0
      vertex -13.2 -15 0
      vertex -13.2 -15 3
    endloop
  endfacet
  facet normal -0.9822872507286876 -0.18738131458573015 0
    outer loop
      vertex -13.256550309968464 -14.552358203103262 0
      vertex -13.214193537633939 -14.774400179584251 0
      vertex -13.214193537633939 -14.774400179584251 3
    endloop
  endfacet
  facet normal -0.9510565162951535 -0.30901699437494784 0
    outer loop
      vertex -13.326402325401148 -14.33737580516758 0
      vertex -13.256550309968464 -14.552358203103262 0
      vertex -13.256550309968464 -14.552358203103262 3
    endloop
  endfacet
  facet normal -0.904827052466022 -0.4257792915650676 0
    outer loop
      vertex -13.422647975921045 -14.132843386616912 0
      vertex -13.326402325401148 -14.33737580516758 0
      vertex -13.326402325401148 -14.33737580516758 3
    endloop
  endfacet
  facet normal -0.7705132427757886 -0.6374239897486903 0
    outer loop
      vertex -13.68785647064146 -13.76781520932836 0
      vertex -13.543769410125094 -13.941986545873549 0
      vertex -13.543769410125094 -13.941986545873549 3
    endloop
  endfacet
  facet normal -0.8443279255020135 -0.5358267949789991 0
    outer loop
      vertex -13.543769410125094 -13.941986545873549 0
      vertex -13.422647975921045 -14.132843386616912 0
      vertex -13.422647975921045 -14.132843386616912 3
    endloop
  endfacet
  facet normal -0.5877852522924749 -0.8090169943749461 0
    outer loop
      vertex -14.035511769037806 -13.480209734096373 0
      vertex -13.852636818452359 -13.61307616300358 0
      vertex -14.035511769037806 -13.480209734096373 3
    endloop
  endfacet
  facet normal -0.48175367410171643 -0.8763066800438629 0
    outer loop
      vertex -14.23359727518287 -13.371311305561164 0
      vertex -14.035511769037806 -13.480209734096373 0
      vertex -14.23359727518287 -13.371311305561164 3
    endloop
  endfacet
  facet normal -0.24868988716485033 -0.9685831611286322 0
    outer loop
      vertex -14.662713633745696 -13.23188294868836 0
      vertex -14.443769410125094 -13.288098270668723 0
      vertex -14.662713633745696 -13.23188294868836 3
    endloop
  endfacet
  facet normal -0.12533323356430603 -0.9921147013144777 0
    outer loop
      vertex -14.886977064847237 -13.20355188882911 0
      vertex -14.662713633745696 -13.23188294868836 0
      vertex -14.886977064847237 -13.20355188882911 3
    endloop
  endfacet
  facet normal -0.3681245526846804 -0.9297764858882503 0
    outer loop
      vertex -14.443769410125094 -13.288098270668723 0
      vertex -14.23359727518287 -13.371311305561164 0
      vertex -14.443769410125094 -13.288098270668723 3
    endloop
  endfacet
  facet normal -0.684547105928687 -0.728968627421413 0
    outer loop
      vertex -13.852636818452359 -13.61307616300358 0
      vertex -13.68785647064146 -13.76781520932836 0
      vertex -13.852636818452359 -13.61307616300358 3
    endloop
  endfacet
  facet normal 0.48175367410171643 0.8763066800438629 0
    outer loop
      vertex -15.964488230962194 -16.519790265903627 3
      vertex -15.76640272481713 -16.628688694438836 3
      vertex -15.964488230962194 -16.519790265903627 0
    endloop
  endfacet
  facet normal 0.24868988716485774 0.9685831611286304 0
    outer loop
      vertex -15.556230589874906 -16.711901729331277 3
      vertex -15.337286366254304 -16.76811705131164 3
      vertex -15.556230589874906 -16.711901729331277 0
    endloop
  endfacet
  facet normal 0.3681245526846804 0.9297764858882503 0
    outer loop
      vertex -15.76640272481713 -16.628688694438836 3
      vertex -15.556230589874906 -16.711901729331277 3
      vertex -15.76640272481713 -16.628688694438836 0
    endloop
  endfacet
  facet normal 0.1253332335642993 0.9921147013144785 0
    outer loop
      vertex -15.337286366254304 -16.76811705131164 3
      vertex -15.113022935152765 -16.79644811117089 3
      vertex -15.337286366254304 -16.76811705131164 0
    endloop
  endfacet
  facet normal 0 1 0
    outer loop
      vertex -15.113022935152765 -16.79644811117089 3
      vertex -14.886977064847235 -16.79644811117089 3
      vertex -15.113022935152765 -16.79644811117089 0
    endloop
  endfacet
  facet normal 0.9822872507286878 0.1873813145857287 0
    outer loop
      vertex -16.743449690031536 -15.447641796896738 0
      vertex -16.78580646236606 -15.225599820415747 3
      vertex -16.743449690031536 -15.447641796896738 3
    endloop
  endfacet
  facet normal 0.9980267284282716 0.06279051952931276 0
    outer loop
      vertex -16.78580646236606 -15.225599820415747 0
      vertex -16.8 -15 3
      vertex -16.78580646236606 -15.225599820415747 3
    endloop
  endfacet
  facet normal 0.7705132427757823 0.637423989748698 0
    outer loop
      vertex -16.31214352935854 -16.23218479067164 0
      vertex -16.456230589874906 -16.058013454126453 3
      vertex -16.31214352935854 -16.23218479067164 3
    endloop
  endfacet
  facet normal 0.5877852522924787 0.8090169943749435 0
    outer loop
      vertex -16.14736318154764 -16.38692383699642 3
      vertex -15.964488230962194 -16.519790265903627 3
      vertex -16.14736318154764 -16.38692383699642 0
    endloop
  endfacet
  facet normal 0.6845471059286872 0.7289686274214128 0
    outer loop
      vertex -16.31214352935854 -16.23218479067164 0
      vertex -16.31214352935854 -16.23218479067164 3
      vertex -16.14736318154764 -16.38692383699642 3
    endloop
  endfacet
  facet normal 0.8443279255020157 0.5358267949789955 0
    outer loop
      vertex -16.456230589874906 -16.058013454126453 0
      vertex -16.577352024078955 -15.867156613383088 3
      vertex -16.456230589874906 -16.058013454126453 3
    endloop
  endfacet
  facet normal 0.904827052466022 0.4257792915650676 0
    outer loop
      vertex -16.577352024078955 -15.867156613383088 0
      vertex -16.673597674598852 -15.66262419483242 3
      vertex -16.577352024078955 -15.867156613383088 3
    endloop
  endfacet
  facet normal 0.9510565162951535 0.30901699437494784 0
    outer loop
      vertex -16.673597674598852 -15.66262419483242 0
      vertex -16.743449690031536 -15.447641796896738 3
      vertex -16.673597674598852 -15.66262419483242 3
    endloop
  endfacet
  facet normal 0.9980267284282716 -0.06279051952931276 0
    outer loop
      vertex -16.8 -15 0
      vertex -16.78580646236606 -14.774400179584253 3
      vertex -16.8 -15 3
    endloop
  endfacet
  facet normal 0.9822872507286878 -0.1873813145857287 0
    outer loop
      vertex -16.78580646236606 -14.774400179584253 0
      vertex -16.743449690031536 -14.552358203103262 3
      vertex -16.78580646236606 -14.774400179584253 3
    endloop
  endfacet
  facet normal 0.9510565162951535 -0.30901699437494784 0
    outer loop
      vertex -16.743449690031536 -14.552358203103262 0
      vertex -16.673597674598852 -14.33737580516758 3
      vertex -16.743449690031536 -14.552358203103262 3
    endloop
  endfacet
  facet normal 0.904827052466022 -0.4257792915650676 0
    outer loop
      vertex -16.673597674598852 -14.33737580516758 0
      vertex -16.577352024078955 -14.132843386616912 3
      vertex -16.673597674598852 -14.33737580516758 3
    endloop
  endfacet
  facet normal 0.8443279255020135 -0.5358267949789991 0
    outer loop
      vertex -16.577352024078955 -14.132843386616912 0
      vertex -16.456230589874906 -13.941986545873549 3
      vertex -16.577352024078955 -14.132843386616912 3
    endloop
  endfacet
  facet normal 0.7705132427757855 -0.6374239897486942 0
    outer loop
      vertex -16.456230589874906 -13.941986545873549 0
      vertex -16.31214352935854 -13.767815209328361 3
      vertex -16.456230589874906 -13.941986545873549 3
    endloop
  endfacet
  facet normal 0.6845471059286872 -0.7289686274214128 0
    outer loop
      vertex -16.14736318154764 -13.61307616300358 3
      vertex -16.31214352935854 -13.767815209328361 3
      vertex -16.14736318154764 -13.61307616300358 0
    endloop
  endfacet
  facet normal 0.5877852522924787 -0.8090169943749435 0
    outer loop
      vertex -15.964488230962194 -13.480209734096373 3
      vertex -16.14736318154764 -13.61307616300358 3
      vertex -15.964488230962194 -13.480209734096373 0
    endloop
  endfacet
  facet normal 0.48175367410171643 -0.8763066800438629 0
    outer loop
      vertex -15.76640272481713 -13.371311305561164 3
      vertex -15.964488230962194 -13.480209734096373 3
      vertex -15.76640272481713 -13.371311305561164 0
    endloop
  endfacet
  facet normal 0.3681245526846804 -0.9297764858882503 0
    outer loop
      vertex -15.556230589874906 -13.288098270668723 3
      vertex -15.76640272481713 -13.371311305561164 3
      vertex -15.556230589874906 -13.288098270668723 0
    endloop
  endfacet
  facet normal 0.24868988716485033 -0.9685831611286322 0
    outer loop
      vertex -15.337286366254304 -13.23188294868836 3
      vertex -15.556230589874906 -13.288098270668723 3
      vertex -15.337286366254304 -13.23188294868836 0
    endloop
  endfacet
  facet normal 0.12533323356430603 -0.9921147013144777 0
    outer loop
      vertex -15.113022935152763 -13.20355188882911 3
      vertex -15.337286366254304 -13.23188294868836 3
      vertex -15.113022935152763 -13.20355188882911 0
    endloop
  endfacet
  facet normal 0 -1 0
    outer loop
      vertex -14.886977064847237 -13.20355188882911 3
      vertex -15.113022935152763 -13.20355188882911 3
      vertex -14.886977064847237 -13.20355188882911 0
    endloop
  endfacet
  facet normal -0.1253332335642993 0.9921147013144785 0
    outer loop
      vertex -14.886977064847235 -16.79644811117089 3
      vertex -14.662713633745696 -16.76811705131164 3
      vertex -14.886977064847235 -16.79644811117089 0
    endloop
  endfacet
  facet normal -0.24868988716485774 0.9685831611286304 0
    outer loop
      vertex -14.662713633745696 -16.76811705131164 3
      vertex -14.443769410125094 -16.711901729331277 3
      vertex -14.662713633745696 -16.76811705131164 0
    endloop
  endfacet
  facet normal -0.3681245526846804 0.9297764858882503 0
    outer loop
      vertex -14.443769410125094 -16.711901729331277 3
      vertex -14.23359727518287 -16.628688694438836 3
      vertex -14.443769410125094 -16.711901729331277 0
    endloop
  endfacet
  facet normal -0.48175367410171976 0.876306680043861 0
    outer loop
      vertex -14.23359727518287 -16.628688694438836 3
      vertex -14.035511769037807 -16.519790265903627 3
      vertex -14.23359727518287 -16.628688694438836 0
    endloop
  endfacet
  facet normal -0.5877852522924711 0.8090169943749488 0
    outer loop
      vertex -14.035511769037807 -16.519790265903627 3
      vertex -13.852636818452359 -16.38692383699642 3
      vertex -14.035511769037807 -16.519790265903627 0
    endloop
  endfacet
  facet normal -0.6845471059286872 0.7289686274214128 0
    outer loop
      vertex -13.852636818452359 -16.38692383699642 3
      vertex -13.687856470641458 -16.23218479067164 3
      vertex -13.852636818452359 -16.38692383699642 0
    endloop
  endfacet
  facet normal -0.7705132427757861 0.6374239897486934 0
    outer loop
      vertex -13.543769410125094 -16.058013454126453 0
      vertex -13.687856470641458 -16.23218479067164 3
      vertex -13.543769410125094 -16.058013454126453 3
    endloop
  endfacet
  facet normal -0.8443279255020157 0.5358267949789955 0
    outer loop
      vertex -13.422647975921045 -15.867156613383088 0
      vertex -13.543769410125094 -16.058013454126453 3
      vertex -13.422647975921045 -15.867156613383088 3
    endloop
  endfacet
  facet normal -0.9048270524660205 0.4257792915650706 0
    outer loop
      vertex -13.326402325401148 -15.662624194832421 0
      vertex -13.422647975921045 -15.867156613383088 3
      vertex -13.326402325401148 -15.662624194832421 3
    endloop
  endfacet
  facet normal -0.9510565162951542 0.3090169943749455 0
    outer loop
      vertex -13.256550309968464 -15.447641796896738 0
      vertex -13.326402325401148 -15.662624194832421 3
      vertex -13.256550309968464 -15.447641796896738 3
    endloop
  endfacet
  facet normal -0.9822872507286878 0.1873813145857287 0
    outer loop
      vertex -13.214193537633939 -15.225599820415747 0
      vertex -13.256550309968464 -15.447641796896738 3
      vertex -13.214193537633939 -15.225599820415747 3
    endloop
  endfacet
  facet normal -0.9980267284282716 0.06279051952931276 0
    outer loop
      vertex -13.2 -15 0
      vertex -13.214193537633939 -15.225599820415747 3
      vertex -13.2 -15 3
    endloop
  endfacet
  facet normal -0.9980267284282716 -0.06279051952931228 0
    outer loop
      vertex -13.214193537633939 -14.774400179584251 0
      vertex -13.2 -15 3
      vertex -13.214193537633939 -14.774400179584251 3
    endloop
  endfacet
  facet normal -0.9822872507286876 -0.18738131458573015 0
    outer loop
      vertex -13.256550309968464 -14.552358203103262 0
      vertex -13.214193537633939 -14.774400179584251 3
      vertex -13.256550309968464 -14.552358203103262 3
    endloop
  endfacet
  facet normal -0.9510565162951535 -0.30901699437494784 0
    outer loop
      vertex -13.326402325401148 -14.33737580516758 0
      vertex -13.256550309968464 -14.552358203103262 3
      vertex -13.326402325401148 -14.33737580516758 3
    endloop
  endfacet
  facet normal -0.904827052466022 -0.4257792915650676 0
    outer loop
      vertex -13.422647975921045 -14.132843386616912 0
      vertex -13.326402325401148 -14.33737580516758 3
      vertex -13.422647975921045 -14.132843386616912 3
    endloop
  endfacet
  facet normal -0.8443279255020135 -0.5358267949789991 0
    outer loop
      vertex -13.543769410125094 -13.941986545873549 0
      vertex -13.422647975921045 -14.132843386616912 3
      vertex -13.543769410125094 -13.941986545873549 3
    endloop
  endfacet
  facet normal -0.7705132427757886 -0.6374239897486903 0
    outer loop
      vertex -13.68785647064146 -13.76781520932836 0
      vertex -13.543769410125094 -13.941986545873549 3
      vertex -13.68785647064146 -13.76781520932836 3
    endloop
  endfacet
  facet normal -0.48175367410171643 -0.8763066800438629 0
    outer loop
      vertex -14.035511769037806 -13.480209734096373 3
      vertex -14.23359727518287 -13.371311305561164 3
      vertex -14.035511769037806 -13.480209734096373 0
    endloop
  endfacet
  facet normal -0.24868988716485033 -0.9685831611286322 0
    outer loop
      vertex -14.443769410125094 -13.288098270668723 3
      vertex -14.662713633745696 -13.23188294868836 3
      vertex -14.443769410125094 -13.288098270668723 0
    endloop
  endfacet
  facet normal -0.12533323356430603 -0.9921147013144777 0
    outer loop
      vertex -14.662713633745696 -13.23188294868836 3
      vertex -14.886977064847237 -13.20355188882911 3
      vertex -14.662713633745696 -13.23188294868836 0
    endloop
  endfacet
  facet normal -0.3681245526846804 -0.9297764858882503 0
    outer loop
      vertex -14.23359727518287 -13.371311305561164 3
      vertex -14.443769410125094 -13.288098270668723 3
      vertex -14.23359727518287 -13.371311305561164 0
    endloop
  endfacet
  facet normal -0.684547105928687 -0.728968627421413 0
    outer loop
      vertex -13.68785647064146 -13.76781520932836 3
      vertex -13.852636818452359 -13.61307616300358 3
      vertex -13.68785647064146 -13.76781520932836 0
    endloop
  endfacet
  facet normal -0.5877852522924749 -0.8090169943749461 0
    outer loop
      vertex -13.852636818452359 -13.61307616300358 3
      vertex -14.035511769037806 -13.480209734096373 3
      vertex -13.852636818452359 -13.61307616300358 0
    endloop
  endfacet
  facet normal 0.3681245526846796 0.9297764858882507 0
    outer loop
      vertex -0.5562305898749054 -16.711901729331277 0
      vertex -0.7664027248171305 -16.628688694438836 0
      vertex -0.5562305898749054 -16.711901729331277 3
    endloop
  endfacet
  facet normal 0.4817536741017177 0.8763066800438623 0
    outer loop
      vertex -0.7664027248171305 -16.628688694438836 0
      vertex -0.9644882309621942 -16.519790265903627 0
      vertex -0.7664027248171305 -16.628688694438836 3
    endloop
  endfacet
  facet normal 0.24868988716485876 0.9685831611286302 0
    outer loop
      vertex -0.3372863662543047 -16.76811705131164 0
      vertex -0.5562305898749054 -16.711901729331277 0
      vertex -0.3372863662543047 -16.76811705131164 3
    endloop
  endfacet
  facet normal 0.1253332335642988 0.9921147013144785 0
    outer loop
      vertex -0.11302293515276478 -16.79644811117089 0
      vertex -0.3372863662543047 -16.76811705131164 0
      vertex -0.11302293515276478 -16.79644811117089 3
    endloop
  endfacet
  facet normal 0.6845471059286888 0.7289686274214114 0
    outer loop
      vertex -1.1473631815476413 -16.38692383699642 0
      vertex -1.312143529358541 -16.23218479067164 0
      vertex -1.1473631815476413 -16.38692383699642 3
    endloop
  endfacet
  facet normal 0.5877852522924741 0.8090169943749466 0
    outer loop
      vertex -0.9644882309621942 -16.519790265903627 0
      vertex -1.1473631815476413 -16.38692383699642 0
      vertex -0.9644882309621942 -16.519790265903627 3
    endloop
  endfacet
  facet normal 0.7705132427757857 0.637423989748694 0
    outer loop
      vertex -1.312143529358541 -16.23218479067164 0
      vertex -1.4562305898749055 -16.058013454126453 0
      vertex -1.4562305898749055 -16.058013454126453 3
    endloop
  endfacet
  facet normal 0.8443279255020167 0.5358267949789942 0
    outer loop
      vertex -1.4562305898749055 -16.058013454126453 0
      vertex -1.5773520240789543 -15.867156613383088 0
      vertex -1.5773520240789543 -15.867156613383088 3
    endloop
  endfacet
  facet normal 0.90482705246602 0.42577929156507166 0
    outer loop
      vertex -1.5773520240789543 -15.867156613383088 0
      vertex -1.6735976745988526 -15.66262419483242 0
      vertex -1.6735976745988526 -15.66262419483242 3
    endloop
  endfacet
  facet normal 0.9510565162951538 0.30901699437494695 0
    outer loop
      vertex -1.6735976745988526 -15.66262419483242 0
      vertex -1.743449690031536 -15.447641796896738 0
      vertex -1.743449690031536 -15.447641796896738 3
    endloop
  endfacet
  facet normal 0.9822872507286887 0.18738131458572493 0
    outer loop
      vertex -1.743449690031536 -15.447641796896738 0
      vertex -1.78580646236606 -15.225599820415747 0
      vertex -1.78580646236606 -15.225599820415747 3
    endloop
  endfacet
  facet normal 0.9980267284282716 0.06279051952931375 0
    outer loop
      vertex -1.78580646236606 -15.225599820415747 0
      vertex -1.8 -15 0
      vertex -1.8 -15 3
    endloop
  endfacet
  facet normal 0.9980267284282716 -0.06279051952931375 0
    outer loop
      vertex -1.8 -15 0
      vertex -1.78580646236606 -14.774400179584253 0
      vertex -1.78580646236606 -14.774400179584253 3
    endloop
  endfacet
  facet normal 0.9822872507286887 -0.18738131458572493 0
    outer loop
      vertex -1.78580646236606 -14.774400179584253 0
      vertex -1.743449690031536 -14.552358203103262 0
      vertex -1.743449690031536 -14.552358203103262 3
    endloop
  endfacet
  facet normal 0.9510565162951538 -0.30901699437494695 0
    outer loop
      vertex -1.743449690031536 -14.552358203103262 0
      vertex -1.6735976745988526 -14.33737580516758 0
      vertex -1.6735976745988526 -14.33737580516758 3
    endloop
  endfacet
  facet normal 0.90482705246602 -0.42577929156507166 0
    outer loop
      vertex -1.6735976745988526 -14.33737580516758 0
      vertex -1.5773520240789543 -14.132843386616912 0
      vertex -1.5773520240789543 -14.132843386616912 3
    endloop
  endfacet
  facet normal 0.8443279255020144 -0.5358267949789977 0
    outer loop
      vertex -1.5773520240789543 -14.132843386616912 0
      vertex -1.4562305898749055 -13.941986545873549 0
      vertex -1.4562305898749055 -13.941986545873549 3
    endloop
  endfacet
  facet normal 0.7705132427757888 -0.6374239897486901 0
    outer loop
      vertex -1.4562305898749055 -13.941986545873549 0
      vertex -1.312143529358541 -13.767815209328361 0
      vertex -1.312143529358541 -13.767815209328361 3
    endloop
  endfacet
  facet normal 0.6845471059286888 -0.7289686274214114 0
    outer loop
      vertex -1.312143529358541 -13.767815209328361 0
      vertex -1.1473631815476413 -13.61307616300358 0
      vertex -1.312143529358541 -13.767815209328361 3
    endloop
  endfacet
  facet normal 0.5877852522924741 -0.8090169943749466 0
    outer loop
      vertex -1.1473631815476413 -13.61307616300358 0
      vertex -0.9644882309621942 -13.480209734096373 0
      vertex -1.1473631815476413 -13.61307616300358 3
    endloop
  endfacet
  facet normal 0.4817536741017185 -0.8763066800438617 0
    outer loop
      vertex -0.9644882309621942 -13.480209734096373 0
      vertex -0.7664027248171309 -13.371311305561164 0
      vertex -0.9644882309621942 -13.480209734096373 3
    endloop
  endfacet
  facet normal 0.3681245526846789 -0.9297764858882509 0
    outer loop
      vertex -0.7664027248171309 -13.371311305561164 0
      vertex -0.5562305898749054 -13.288098270668723 0
      vertex -0.7664027248171309 -13.371311305561164 3
    endloop
  endfacet
  facet normal 0.2486898871648509 -0.9685831611286322 0
    outer loop
      vertex -0.5562305898749054 -13.288098270668723 0
      vertex -0.33728636625430425 -13.23188294868836 0
      vertex -0.5562305898749054 -13.288098270668723 3
    endloop
  endfacet
  facet normal 0.12533323356430628 -0.9921147013144777 0
    outer loop
      vertex -0.33728636625430425 -13.23188294868836 0
      vertex -0.1130229351527639 -13.20355188882911 0
      vertex -0.33728636625430425 -13.23188294868836 3
    endloop
  endfacet
  facet normal 0 -1 0
    outer loop
      vertex -0.1130229351527639 -13.20355188882911 0
      vertex 0.1130229351527639 -13.20355188882911 0
      vertex -0.1130229351527639 -13.20355188882911 3
    endloop
  endfacet
  facet normal 0.24868988716485876 0.9685831611286302 0
    outer loop
      vertex -0.5562305898749054 -16.711901729331277 3
      vertex -0.3372863662543047 -16.76811705131164 3
      vertex -0.5562305898749054 -16.711901729331277 0
    endloop
  endfacet
  facet normal 0.4817536741017177 0.8763066800438623 0
    outer loop
      vertex -0.9644882309621942 -16.519790265903627 3
      vertex -0.7664027248171305 -16.628688694438836 3
      vertex -0.9644882309621942 -16.519790265903627 0
    endloop
  endfacet
  facet normal 0.3681245526846796 0.9297764858882507 0
    outer loop
      vertex -0.7664027248171305 -16.628688694438836 3
      vertex -0.5562305898749054 -16.711901729331277 3
      vertex -0.7664027248171305 -16.628688694438836 0
    endloop
  endfacet
  facet normal 0.1253332335642988 0.9921147013144785 0
    outer loop
      vertex -0.3372863662543047 -16.76811705131164 3
      vertex -0.11302293515276478 -16.79644811117089 3
      vertex -0.3372863662543047 -16.76811705131164 0
    endloop
  endfacet
  facet normal 0 1 0
    outer loop
      vertex -0.11302293515276478 -16.79644811117089 3
      vertex 0.11302293515276478 -16.79644811117089 3
      vertex -0.11302293515276478 -16.79644811117089 0
    endloop
  endfacet
  facet normal 0.5877852522924741 0.8090169943749466 0
    outer loop
      vertex -1.1473631815476413 -16.38692383699642 3
      vertex -0.9644882309621942 -16.519790265903627 3
      vertex -1.1473631815476413 -16.38692383699642 0
    endloop
  endfacet
  facet normal 0.6845471059286888 0.7289686274214114 0
    outer loop
      vertex -1.312143529358541 -16.23218479067164 0
      vertex -1.312143529358541 -16.23218479067164 3
      vertex -1.1473631815476413 -16.38692383699642 3
    endloop
  endfacet
  facet normal 0.7705132427757857 0.637423989748694 0
    outer loop
      vertex -1.312143529358541 -16.23218479067164 0
      vertex -1.4562305898749055 -16.058013454126453 3
      vertex -1.312143529358541 -16.23218479067164 3
    endloop
  endfacet
  facet normal 0.8443279255020167 0.5358267949789942 0
    outer loop
      vertex -1.4562305898749055 -16.058013454126453 0
      vertex -1.5773520240789543 -15.867156613383088 3
      vertex -1.4562305898749055 -16.058013454126453 3
    endloop
  endfacet
  facet normal 0.90482705246602 0.42577929156507166 0
    outer loop
      vertex -1.5773520240789543 -15.867156613383088 0
      vertex -1.6735976745988526 -15.66262419483242 3
      vertex -1.5773520240789543 -15.867156613383088 3
    endloop
  endfacet
  facet normal 0.9510565162951538 0.30901699437494695 0
    outer loop
      vertex -1.6735976745988526 -15.66262419483242 0
      vertex -1.743449690031536 -15.447641796896738 3
      vertex -1.6735976745988526 -15.66262419483242 3
    endloop
  endfacet
  facet normal 0.9822872507286887 0.18738131458572493 0
    outer loop
      vertex -1.743449690031536 -15.447641796896738 0
      vertex -1.78580646236606 -15.225599820415747 3
      vertex -1.743449690031536 -15.447641796896738 3
    endloop
  endfacet
  facet normal 0.9980267284282716 0.06279051952931375 0
    outer loop
      vertex -1.78580646236606 -15.225599820415747 0
      vertex -1.8 -15 3
      vertex -1.78580646236606 -15.225599820415747 3
    endloop
  endfacet
  facet normal 0.9980267284282716 -0.06279051952931375 0
    outer loop
      vertex -1.8 -15 0
      vertex -1.78580646236606 -14.774400179584253 3
      vertex -1.8 -15 3
    endloop
  endfacet
  facet normal 0.9822872507286887 -0.18738131458572493 0
    outer loop
      vertex -1.743449690031536 -14.552358203103262 3
      vertex -1.78580646236606 -14.774400179584253 3
      vertex -1.78580646236606 -14.774400179584253 0
    endloop
  endfacet
  facet normal 0.9510565162951538 -0.30901699437494695 0
    outer loop
      vertex -1.6735976745988526 -14.33737580516758 3
      vertex -1.743449690031536 -14.552358203103262 3
      vertex -1.743449690031536 -14.552358203103262 0
    endloop
  endfacet
  facet normal 0.90482705246602 -0.42577929156507166 0
    outer loop
      vertex -1.6735976745988526 -14.33737580516758 0
      vertex -1.5773520240789543 -14.132843386616912 3
      vertex -1.6735976745988526 -14.33737580516758 3
    endloop
  endfacet
  facet normal 0.8443279255020144 -0.5358267949789977 0
    outer loop
      vertex -1.5773520240789543 -14.132843386616912 0
      vertex -1.4562305898749055 -13.941986545873549 3
      vertex -1.5773520240789543 -14.132843386616912 3
    endloop
  endfacet
  facet normal 0.7705132427757888 -0.6374239897486901 0
    outer loop
      vertex -1.4562305898749055 -13.941986545873549 0
      vertex -1.312143529358541 -13.767815209328361 3
      vertex -1.4562305898749055 -13.941986545873549 3
    endloop
  endfacet
  facet normal 0.6845471059286888 -0.7289686274214114 0
    outer loop
      vertex -1.1473631815476413 -13.61307616300358 3
      vertex -1.312143529358541 -13.767815209328361 3
      vertex -1.1473631815476413 -13.61307616300358 0
    endloop
  endfacet
  facet normal 0.5877852522924741 -0.8090169943749466 0
    outer loop
      vertex -0.9644882309621942 -13.480209734096373 3
      vertex -1.1473631815476413 -13.61307616300358 3
      vertex -0.9644882309621942 -13.480209734096373 0
    endloop
  endfacet
  facet normal 0.4817536741017185 -0.8763066800438617 0
    outer loop
      vertex -0.7664027248171309 -13.371311305561164 3
      vertex -0.9644882309621942 -13.480209734096373 3
      vertex -0.7664027248171309 -13.371311305561164 0
    endloop
  endfacet
  facet normal 0.3681245526846789 -0.9297764858882509 0
    outer loop
      vertex -0.5562305898749054 -13.288098270668723 3
      vertex -0.7664027248171309 -13.371311305561164 3
      vertex -0.5562305898749054 -13.288098270668723 0
    endloop
  endfacet
  facet normal 0.2486898871648509 -0.9685831611286322 0
    outer loop
      vertex -0.33728636625430425 -13.23188294868836 3
      vertex -0.5562305898749054 -13.288098270668723 3
      vertex -0.33728636625430425 -13.23188294868836 0
    endloop
  endfacet
  facet normal 0.12533323356430628 -0.9921147013144777 0
    outer loop
      vertex -0.1130229351527639 -13.20355188882911 3
      vertex -0.33728636625430425 -13.23188294868836 3
      vertex -0.1130229351527639 -13.20355188882911 0
    endloop
  endfacet
  facet normal 0 1 0
    outer loop
      vertex -0.11302293515276478 -16.79644811117089 0
      vertex 0.11302293515276478 -16.79644811117089 3
      vertex 0.11302293515276478 -16.79644811117089 0
    endloop
  endfacet
  facet normal -0.1253332335642988 0.9921147013144785 0
    outer loop
      vertex 0.3372863662543047 -16.76811705131164 0
      vertex 0.11302293515276478 -16.79644811117089 0
      vertex 0.3372863662543047 -16.76811705131164 3
    endloop
  endfacet
  facet normal -0.24868988716485876 0.9685831611286302 0
    outer loop
      vertex 0.5562305898749054 -16.711901729331277 0
      vertex 0.3372863662543047 -16.76811705131164 0
      vertex 0.5562305898749054 -16.711901729331277 3
    endloop
  endfacet
  facet normal -0.3681245526846796 0.9297764858882507 0
    outer loop
      vertex 0.7664027248171305 -16.628688694438836 0
      vertex 0.5562305898749054 -16.711901729331277 0
      vertex 0.7664027248171305 -16.628688694438836 3
    endloop
  endfacet
  facet normal -0.4817536741017196 0.8763066800438613 0
    outer loop
      vertex 0.9644882309621932 -16.519790265903627 0
      vertex 0.7664027248171305 -16.628688694438836 0
      vertex 0.9644882309621932 -16.519790265903627 3
    endloop
  endfacet
  facet normal -0.5877852522924707 0.8090169943749491 0
    outer loop
      vertex 1.147363181547642 -16.38692383699642 0
      vertex 0.9644882309621932 -16.519790265903627 0
      vertex 1.147363181547642 -16.38692383699642 3
    endloop
  endfacet
  facet normal -0.6845471059286903 0.7289686274214101 0
    outer loop
      vertex 1.312143529358541 -16.23218479067164 0
      vertex 1.147363181547642 -16.38692383699642 0
      vertex 1.312143529358541 -16.23218479067164 3
    endloop
  endfacet
  facet normal -0.7705132427757857 0.637423989748694 0
    outer loop
      vertex 1.312143529358541 -16.23218479067164 0
      vertex 1.312143529358541 -16.23218479067164 3
      vertex 1.4562305898749055 -16.058013454126453 0
    endloop
  endfacet
  facet normal -0.8443279255020167 0.5358267949789942 0
    outer loop
      vertex 1.5773520240789543 -15.867156613383088 0
      vertex 1.4562305898749055 -16.058013454126453 0
      vertex 1.4562305898749055 -16.058013454126453 3
    endloop
  endfacet
  facet normal -0.904827052466019 0.4257792915650739 0
    outer loop
      vertex 1.6735976745988523 -15.662624194832421 0
      vertex 1.5773520240789543 -15.867156613383088 0
      vertex 1.5773520240789543 -15.867156613383088 3
    endloop
  endfacet
  facet normal -0.9510565162951539 0.3090169943749464 0
    outer loop
      vertex 1.7434496900315362 -15.447641796896738 0
      vertex 1.6735976745988523 -15.662624194832421 0
      vertex 1.6735976745988523 -15.662624194832421 3
    endloop
  endfacet
  facet normal -0.9822872507286888 0.18738131458572396 0
    outer loop
      vertex 1.78580646236606 -15.225599820415747 0
      vertex 1.7434496900315362 -15.447641796896738 0
      vertex 1.7434496900315362 -15.447641796896738 3
    endloop
  endfacet
  facet normal -0.9980267284282716 0.06279051952931375 0
    outer loop
      vertex 1.8 -15 0
      vertex 1.78580646236606 -15.225599820415747 0
      vertex 1.78580646236606 -15.225599820415747 3
    endloop
  endfacet
  facet normal -0.9980267284282716 -0.06279051952931326 0
    outer loop
      vertex 1.78580646236606 -14.774400179584251 0
      vertex 1.8 -15 0
      vertex 1.8 -15 3
    endloop
  endfacet
  facet normal -0.9822872507286884 -0.18738131458572638 0
    outer loop
      vertex 1.743449690031536 -14.552358203103262 0
      vertex 1.78580646236606 -14.774400179584251 0
      vertex 1.78580646236606 -14.774400179584251 3
    endloop
  endfacet
  facet normal -0.9510565162951538 -0.30901699437494695 0
    outer loop
      vertex 1.6735976745988526 -14.33737580516758 0
      vertex 1.743449690031536 -14.552358203103262 0
      vertex 1.743449690031536 -14.552358203103262 3
    endloop
  endfacet
  facet normal -0.9048270524660204 -0.42577929156507077 0
    outer loop
      vertex 1.5773520240789545 -14.132843386616912 0
      vertex 1.6735976745988526 -14.33737580516758 0
      vertex 1.6735976745988526 -14.33737580516758 3
    endloop
  endfacet
  facet normal -0.844327925502014 -0.5358267949789984 0
    outer loop
      vertex 1.4562305898749055 -13.941986545873549 0
      vertex 1.5773520240789545 -14.132843386616912 0
      vertex 1.5773520240789545 -14.132843386616912 3
    endloop
  endfacet
  facet normal -0.7705132427757916 -0.6374239897486867 0
    outer loop
      vertex 1.3121435293585408 -13.76781520932836 0
      vertex 1.4562305898749055 -13.941986545873549 0
      vertex 1.4562305898749055 -13.941986545873549 3
    endloop
  endfacet
  facet normal -0.48175367410171877 -0.8763066800438617 0
    outer loop
      vertex 0.7664027248171309 -13.371311305561164 0
      vertex 0.964488230962194 -13.480209734096373 0
      vertex 0.7664027248171309 -13.371311305561164 3
    endloop
  endfacet
  facet normal -0.2486898871648509 -0.9685831611286322 0
    outer loop
      vertex 0.33728636625430425 -13.23188294868836 0
      vertex 0.5562305898749054 -13.288098270668723 0
      vertex 0.33728636625430425 -13.23188294868836 3
    endloop
  endfacet
  facet normal -0.12533323356430628 -0.9921147013144777 0
    outer loop
      vertex 0.1130229351527639 -13.20355188882911 0
      vertex 0.33728636625430425 -13.23188294868836 0
      vertex 0.1130229351527639 -13.20355188882911 3
    endloop
  endfacet
  facet normal -0.3681245526846789 -0.9297764858882509 0
    outer loop
      vertex 0.5562305898749054 -13.288098270668723 0
      vertex 0.7664027248171309 -13.371311305561164 0
      vertex 0.5562305898749054 -13.288098270668723 3
    endloop
  endfacet
  facet normal -0.6845471059286855 -0.7289686274214144 0
    outer loop
      vertex 1.1473631815476415 -13.61307616300358 0
      vertex 1.3121435293585408 -13.76781520932836 0
      vertex 1.1473631815476415 -13.61307616300358 3
    endloop
  endfacet
  facet normal -0.5877852522924736 -0.8090169943749472 0
    outer loop
      vertex 0.964488230962194 -13.480209734096373 0
      vertex 1.1473631815476415 -13.61307616300358 0
      vertex 0.964488230962194 -13.480209734096373 3
    endloop
  endfacet
  facet normal -0.1253332335642988 0.9921147013144785 0
    outer loop
      vertex 0.11302293515276478 -16.79644811117089 3
      vertex 0.3372863662543047 -16.76811705131164 3
      vertex 0.11302293515276478 -16.79644811117089 0
    endloop
  endfacet
  facet normal -0.24868988716485876 0.9685831611286302 0
    outer loop
      vertex 0.3372863662543047 -16.76811705131164 3
      vertex 0.5562305898749054 -16.711901729331277 3
      vertex 0.3372863662543047 -16.76811705131164 0
    endloop
  endfacet
  facet normal -0.3681245526846796 0.9297764858882507 0
    outer loop
      vertex 0.5562305898749054 -16.711901729331277 3
      vertex 0.7664027248171305 -16.628688694438836 3
      vertex 0.5562305898749054 -16.711901729331277 0
    endloop
  endfacet
  facet normal -0.4817536741017196 0.8763066800438613 0
    outer loop
      vertex 0.7664027248171305 -16.628688694438836 3
      vertex 0.9644882309621932 -16.519790265903627 3
      vertex 0.7664027248171305 -16.628688694438836 0
    endloop
  endfacet
  facet normal -0.5877852522924707 0.8090169943749491 0
    outer loop
      vertex 0.9644882309621932 -16.519790265903627 3
      vertex 1.147363181547642 -16.38692383699642 3
      vertex 0.9644882309621932 -16.519790265903627 0
    endloop
  endfacet
  facet normal -0.6845471059286903 0.7289686274214101 0
    outer loop
      vertex 1.147363181547642 -16.38692383699642 3
      vertex 1.312143529358541 -16.23218479067164 3
      vertex 1.147363181547642 -16.38692383699642 0
    endloop
  endfacet
  facet normal -0.7705132427757857 0.637423989748694 0
    outer loop
      vertex 1.4562305898749055 -16.058013454126453 0
      vertex 1.312143529358541 -16.23218479067164 3
      vertex 1.4562305898749055 -16.058013454126453 3
    endloop
  endfacet
  facet normal -0.8443279255020167 0.5358267949789942 0
    outer loop
      vertex 1.5773520240789543 -15.867156613383088 0
      vertex 1.4562305898749055 -16.058013454126453 3
      vertex 1.5773520240789543 -15.867156613383088 3
    endloop
  endfacet
  facet normal -0.904827052466019 0.4257792915650739 0
    outer loop
      vertex 1.6735976745988523 -15.662624194832421 0
      vertex 1.5773520240789543 -15.867156613383088 3
      vertex 1.6735976745988523 -15.662624194832421 3
    endloop
  endfacet
  facet normal -0.9510565162951539 0.3090169943749464 0
    outer loop
      vertex 1.7434496900315362 -15.447641796896738 0
      vertex 1.6735976745988523 -15.662624194832421 3
      vertex 1.7434496900315362 -15.447641796896738 3
    endloop
  endfacet
  facet normal -0.9822872507286888 0.18738131458572396 0
    outer loop
      vertex 1.78580646236606 -15.225599820415747 0
      vertex 1.7434496900315362 -15.447641796896738 3
      vertex 1.78580646236606 -15.225599820415747 3
    endloop
  endfacet
  facet normal -0.9980267284282716 0.06279051952931375 0
    outer loop
      vertex 1.78580646236606 -15.225599820415747 3
      vertex 1.8 -15 3
      vertex 1.8 -15 0
    endloop
  endfacet
  facet normal -0.9980267284282716 -0.06279051952931326 0
    outer loop
      vertex 1.8 -15 3
      vertex 1.78580646236606 -14.774400179584251 3
      vertex 1.78580646236606 -14.774400179584251 0
    endloop
  endfacet
  facet normal -0.9822872507286884 -0.18738131458572638 0
    outer loop
      vertex 1.743449690031536 -14.552358203103262 0
      vertex 1.78580646236606 -14.774400179584251 3
      vertex 1.743449690031536 -14.552358203103262 3
    endloop
  endfacet
  facet normal -0.9510565162951538 -0.30901699437494695 0
    outer loop
      vertex 1.6735976745988526 -14.33737580516758 0
      vertex 1.743449690031536 -14.552358203103262 3
      vertex 1.6735976745988526 -14.33737580516758 3
    endloop
  endfacet
  facet normal -0.9048270524660204 -0.42577929156507077 0
    outer loop
      vertex 1.5773520240789545 -14.132843386616912 0
      vertex 1.6735976745988526 -14.33737580516758 3
      vertex 1.5773520240789545 -14.132843386616912 3
    endloop
  endfacet
  facet normal -0.7705132427757916 -0.6374239897486867 0
    outer loop
      vertex 1.3121435293585408 -13.76781520932836 0
      vertex 1.4562305898749055 -13.941986545873549 3
      vertex 1.3121435293585408 -13.76781520932836 3
    endloop
  endfacet
  facet normal -0.844327925502014 -0.5358267949789984 0
    outer loop
      vertex 1.4562305898749055 -13.941986545873549 0
      vertex 1.5773520240789545 -14.132843386616912 3
      vertex 1.4562305898749055 -13.941986545873549 3
    endloop
  endfacet
  facet normal -0.48175367410171877 -0.8763066800438617 0
    outer loop
      vertex 0.964488230962194 -13.480209734096373 3
      vertex 0.7664027248171309 -13.371311305561164 3
      vertex 0.964488230962194 -13.480209734096373 0
    endloop
  endfacet
  facet normal 0 -1 0
    outer loop
      vertex 0.1130229351527639 -13.20355188882911 0
      vertex 0.1130229351527639 -13.20355188882911 3
      vertex -0.1130229351527639 -13.20355188882911 3
    endloop
  endfacet
  facet normal -0.12533323356430628 -0.9921147013144777 0
    outer loop
      vertex 0.33728636625430425 -13.23188294868836 3
      vertex 0.1130229351527639 -13.20355188882911 3
      vertex 0.33728636625430425 -13.23188294868836 0
    endloop
  endfacet
  facet normal -0.3681245526846789 -0.9297764858882509 0
    outer loop
      vertex 0.7664027248171309 -13.371311305561164 3
      vertex 0.5562305898749054 -13.288098270668723 3
      vertex 0.7664027248171309 -13.371311305561164 0
    endloop
  endfacet
  facet normal -0.2486898871648509 -0.9685831611286322 0
    outer loop
      vertex 0.5562305898749054 -13.288098270668723 3
      vertex 0.33728636625430425 -13.23188294868836 3
      vertex 0.5562305898749054 -13.288098270668723 0
    endloop
  endfacet
  facet normal -0.6845471059286855 -0.7289686274214144 0
    outer loop
      vertex 1.3121435293585408 -13.76781520932836 0
      vertex 1.3121435293585408 -13.76781520932836 3
      vertex 1.1473631815476415 -13.61307616300358 3
    endloop
  endfacet
  facet normal -0.5877852522924736 -0.8090169943749472 0
    outer loop
      vertex 1.1473631815476415 -13.61307616300358 3
      vertex 0.964488230962194 -13.480209734096373 3
      vertex 1.1473631815476415 -13.61307616300358 0
    endloop
  endfacet
  facet normal 0.3681245526846804 0.9297764858882503 0
    outer loop
      vertex 14.443769410125094 -16.711901729331277 0
      vertex 14.23359727518287 -16.628688694438836 0
      vertex 14.443769410125094 -16.711901729331277 3
    endloop
  endfacet
  facet normal 0.48175367410171643 0.8763066800438629 0
    outer loop
      vertex 14.23359727518287 -16.628688694438836 0
      vertex 14.035511769037806 -16.519790265903627 0
      vertex 14.23359727518287 -16.628688694438836 3
    endloop
  endfacet
  facet normal 0.24868988716485774 0.9685831611286304 0
    outer loop
      vertex 14.662713633745696 -16.76811705131164 0
      vertex 14.443769410125094 -16.711901729331277 0
      vertex 14.662713633745696 -16.76811705131164 3
    endloop
  endfacet
  facet normal 0.1253332335642993 0.9921147013144785 0
    outer loop
      vertex 14.886977064847235 -16.79644811117089 0
      vertex 14.662713633745696 -16.76811705131164 0
      vertex 14.886977064847235 -16.79644811117089 3
    endloop
  endfacet
  facet normal 0.6845471059286872 0.7289686274214128 0
    outer loop
      vertex 13.852636818452359 -16.38692383699642 0
      vertex 13.687856470641458 -16.23218479067164 0
      vertex 13.852636818452359 -16.38692383699642 3
    endloop
  endfacet
  facet normal 0.8443279255020157 0.5358267949789955 0
    outer loop
      vertex 13.543769410125094 -16.058013454126453 0
      vertex 13.422647975921045 -15.867156613383088 0
      vertex 13.422647975921045 -15.867156613383088 3
    endloop
  endfacet
  facet normal 0.7705132427757861 0.6374239897486934 0
    outer loop
      vertex 13.687856470641458 -16.23218479067164 0
      vertex 13.543769410125094 -16.058013454126453 0
      vertex 13.543769410125094 -16.058013454126453 3
    endloop
  endfacet
  facet normal 0.5877852522924749 0.8090169943749461 0
    outer loop
      vertex 14.035511769037806 -16.519790265903627 0
      vertex 13.852636818452359 -16.38692383699642 0
      vertex 14.035511769037806 -16.519790265903627 3
    endloop
  endfacet
  facet normal 0.904827052466022 0.4257792915650676 0
    outer loop
      vertex 13.422647975921045 -15.867156613383088 0
      vertex 13.326402325401148 -15.66262419483242 0
      vertex 13.326402325401148 -15.66262419483242 3
    endloop
  endfacet
  facet normal 0.9510565162951535 0.30901699437494784 0
    outer loop
      vertex 13.326402325401148 -15.66262419483242 0
      vertex 13.256550309968464 -15.447641796896738 0
      vertex 13.256550309968464 -15.447641796896738 3
    endloop
  endfacet
  facet normal 0.9822872507286878 0.1873813145857287 0
    outer loop
      vertex 13.256550309968464 -15.447641796896738 0
      vertex 13.214193537633939 -15.225599820415747 0
      vertex 13.214193537633939 -15.225599820415747 3
    endloop
  endfacet
  facet normal 0.9980267284282716 0.06279051952931276 0
    outer loop
      vertex 13.214193537633939 -15.225599820415747 0
      vertex 13.2 -15 0
      vertex 13.2 -15 3
    endloop
  endfacet
  facet normal 0.9980267284282716 -0.06279051952931276 0
    outer loop
      vertex 13.2 -15 0
      vertex 13.214193537633939 -14.774400179584253 0
      vertex 13.214193537633939 -14.774400179584253 3
    endloop
  endfacet
  facet normal 0.9822872507286878 -0.1873813145857287 0
    outer loop
      vertex 13.214193537633939 -14.774400179584253 0
      vertex 13.256550309968464 -14.552358203103262 0
      vertex 13.256550309968464 -14.552358203103262 3
    endloop
  endfacet
  facet normal 0.9510565162951535 -0.30901699437494784 0
    outer loop
      vertex 13.256550309968464 -14.552358203103262 0
      vertex 13.326402325401148 -14.33737580516758 0
      vertex 13.326402325401148 -14.33737580516758 3
    endloop
  endfacet
  facet normal 0.904827052466022 -0.4257792915650676 0
    outer loop
      vertex 13.326402325401148 -14.33737580516758 0
      vertex 13.422647975921045 -14.132843386616912 0
      vertex 13.422647975921045 -14.132843386616912 3
    endloop
  endfacet
  facet normal 0.8443279255020135 -0.5358267949789991 0
    outer loop
      vertex 13.422647975921045 -14.132843386616912 0
      vertex 13.543769410125094 -13.941986545873549 0
      vertex 13.543769410125094 -13.941986545873549 3
    endloop
  endfacet
  facet normal 0.7705132427757894 -0.6374239897486895 0
    outer loop
      vertex 13.543769410125094 -13.941986545873549 0
      vertex 13.687856470641458 -13.767815209328361 0
      vertex 13.687856470641458 -13.767815209328361 3
    endloop
  endfacet
  facet normal 0.6845471059286872 -0.7289686274214128 0
    outer loop
      vertex 13.687856470641458 -13.767815209328361 0
      vertex 13.852636818452359 -13.61307616300358 0
      vertex 13.687856470641458 -13.767815209328361 3
    endloop
  endfacet
  facet normal 0.5877852522924749 -0.8090169943749461 0
    outer loop
      vertex 13.852636818452359 -13.61307616300358 0
      vertex 14.035511769037806 -13.480209734096373 0
      vertex 13.852636818452359 -13.61307616300358 3
    endloop
  endfacet
  facet normal 0.48175367410171643 -0.8763066800438629 0
    outer loop
      vertex 14.035511769037806 -13.480209734096373 0
      vertex 14.23359727518287 -13.371311305561164 0
      vertex 14.035511769037806 -13.480209734096373 3
    endloop
  endfacet
  facet normal 0.3681245526846804 -0.9297764858882503 0
    outer loop
      vertex 14.23359727518287 -13.371311305561164 0
      vertex 14.443769410125094 -13.288098270668723 0
      vertex 14.23359727518287 -13.371311305561164 3
    endloop
  endfacet
  facet normal 0.24868988716485033 -0.9685831611286322 0
    outer loop
      vertex 14.443769410125094 -13.288098270668723 0
      vertex 14.662713633745696 -13.23188294868836 0
      vertex 14.443769410125094 -13.288098270668723 3
    endloop
  endfacet
  facet normal 0.12533323356430603 -0.9921147013144777 0
    outer loop
      vertex 14.662713633745696 -13.23188294868836 0
      vertex 14.886977064847237 -13.20355188882911 0
      vertex 14.662713633745696 -13.23188294868836 3
    endloop
  endfacet
  facet normal 0 1 0
    outer loop
      vertex 15.113022935152765 -16.79644811117089 0
      vertex 14.886977064847235 -16.79644811117089 0
      vertex 15.113022935152765 -16.79644811117089 3
    endloop
  endfacet
  facet normal -0.1253332335642993 0.9921147013144785 0
    outer loop
      vertex 15.337286366254304 -16.76811705131164 0
      vertex 15.113022935152765 -16.79644811117089 0
      vertex 15.337286366254304 -16.76811705131164 3
    endloop
  endfacet
  facet normal -0.24868988716485774 0.9685831611286304 0
    outer loop
      vertex 15.556230589874906 -16.711901729331277 0
      vertex 15.337286366254304 -16.76811705131164 0
      vertex 15.556230589874906 -16.711901729331277 3
    endloop
  endfacet
  facet normal -0.3681245526846804 0.9297764858882503 0
    outer loop
      vertex 15.76640272481713 -16.628688694438836 0
      vertex 15.556230589874906 -16.711901729331277 0
      vertex 15.76640272481713 -16.628688694438836 3
    endloop
  endfacet
  facet normal -0.48175367410171976 0.876306680043861 0
    outer loop
      vertex 15.964488230962193 -16.519790265903627 0
      vertex 15.76640272481713 -16.628688694438836 0
      vertex 15.964488230962193 -16.519790265903627 3
    endloop
  endfacet
  facet normal -0.5877852522924674 0.8090169943749516 0
    outer loop
      vertex 16.147363181547643 -16.38692383699642 0
      vertex 15.964488230962193 -16.519790265903627 0
      vertex 16.147363181547643 -16.38692383699642 3
    endloop
  endfacet
  facet normal -0.684547105928695 0.7289686274214054 0
    outer loop
      vertex 16.31214352935854 -16.23218479067164 0
      vertex 16.147363181547643 -16.38692383699642 0
      vertex 16.31214352935854 -16.23218479067164 3
    endloop
  endfacet
  facet normal -0.7705132427757823 0.637423989748698 0
    outer loop
      vertex 16.31214352935854 -16.23218479067164 0
      vertex 16.31214352935854 -16.23218479067164 3
      vertex 16.456230589874906 -16.058013454126453 0
    endloop
  endfacet
  facet normal -0.8443279255020157 0.5358267949789955 0
    outer loop
      vertex 16.577352024078955 -15.867156613383088 0
      vertex 16.456230589874906 -16.058013454126453 0
      vertex 16.456230589874906 -16.058013454126453 3
    endloop
  endfacet
  facet normal -0.9048270524660205 0.4257792915650706 0
    outer loop
      vertex 16.673597674598852 -15.662624194832421 0
      vertex 16.577352024078955 -15.867156613383088 0
      vertex 16.577352024078955 -15.867156613383088 3
    endloop
  endfacet
  facet normal -0.9510565162951542 0.3090169943749455 0
    outer loop
      vertex 16.743449690031536 -15.447641796896738 0
      vertex 16.673597674598852 -15.662624194832421 0
      vertex 16.673597674598852 -15.662624194832421 3
    endloop
  endfacet
  facet normal -0.9822872507286878 0.1873813145857287 0
    outer loop
      vertex 16.78580646236606 -15.225599820415747 0
      vertex 16.743449690031536 -15.447641796896738 0
      vertex 16.743449690031536 -15.447641796896738 3
    endloop
  endfacet
  facet normal -0.9980267284282716 0.06279051952931276 0
    outer loop
      vertex 16.8 -15 0
      vertex 16.78580646236606 -15.225599820415747 0
      vertex 16.78580646236606 -15.225599820415747 3
    endloop
  endfacet
  facet normal -0.9510565162951535 -0.30901699437494784 0
    outer loop
      vertex 16.673597674598852 -14.33737580516758 0
      vertex 16.743449690031536 -14.552358203103262 0
      vertex 16.743449690031536 -14.552358203103262 3
    endloop
  endfacet
  facet normal -0.904827052466022 -0.4257792915650676 0
    outer loop
      vertex 16.577352024078955 -14.132843386616912 0
      vertex 16.673597674598852 -14.33737580516758 0
      vertex 16.673597674598852 -14.33737580516758 3
    endloop
  endfacet
  facet normal -0.8443279255020135 -0.5358267949789991 0
    outer loop
      vertex 16.456230589874906 -13.941986545873549 0
      vertex 16.577352024078955 -14.132843386616912 0
      vertex 16.577352024078955 -14.132843386616912 3
    endloop
  endfacet
  facet normal -0.7705132427757886 -0.6374239897486903 0
    outer loop
      vertex 16.31214352935854 -13.76781520932836 0
      vertex 16.456230589874906 -13.941986545873549 0
      vertex 16.456230589874906 -13.941986545873549 3
    endloop
  endfacet
  facet normal -0.9980267284282716 -0.06279051952931228 0
    outer loop
      vertex 16.78580646236606 -14.774400179584251 0
      vertex 16.8 -15 0
      vertex 16.8 -15 3
    endloop
  endfacet
  facet normal -0.9822872507286876 -0.18738131458573015 0
    outer loop
      vertex 16.743449690031536 -14.552358203103262 0
      vertex 16.78580646236606 -14.774400179584251 0
      vertex 16.78580646236606 -14.774400179584251 3
    endloop
  endfacet
  facet normal 0 -1 0
    outer loop
      vertex 14.886977064847237 -13.20355188882911 0
      vertex 15.113022935152763 -13.20355188882911 0
      vertex 14.886977064847237 -13.20355188882911 3
    endloop
  endfacet
  facet normal -0.12533323356430603 -0.9921147013144777 0
    outer loop
      vertex 15.113022935152763 -13.20355188882911 0
      vertex 15.337286366254304 -13.23188294868836 0
      vertex 15.113022935152763 -13.20355188882911 3
    endloop
  endfacet
  facet normal -0.24868988716485033 -0.9685831611286322 0
    outer loop
      vertex 15.337286366254304 -13.23188294868836 0
      vertex 15.556230589874906 -13.288098270668723 0
      vertex 15.337286366254304 -13.23188294868836 3
    endloop
  endfacet
  facet normal -0.3681245526846804 -0.9297764858882503 0
    outer loop
      vertex 15.556230589874906 -13.288098270668723 0
      vertex 15.76640272481713 -13.371311305561164 0
      vertex 15.556230589874906 -13.288098270668723 3
    endloop
  endfacet
  facet normal -0.6845471059286911 -0.7289686274214094 0
    outer loop
      vertex 16.147363181547643 -13.61307616300358 0
      vertex 16.31214352935854 -13.76781520932836 0
      vertex 16.147363181547643 -13.61307616300358 3
    endloop
  endfacet
  facet normal -0.5877852522924711 -0.8090169943749488 0
    outer loop
      vertex 15.964488230962194 -13.480209734096373 0
      vertex 16.147363181547643 -13.61307616300358 0
      vertex 15.964488230962194 -13.480209734096373 3
    endloop
  endfacet
  facet normal -0.48175367410171643 -0.8763066800438629 0
    outer loop
      vertex 15.76640272481713 -13.371311305561164 0
      vertex 15.964488230962194 -13.480209734096373 0
      vertex 15.76640272481713 -13.371311305561164 3
    endloop
  endfacet
  facet normal 0.48175367410171643 0.8763066800438629 0
    outer loop
      vertex 14.035511769037806 -16.519790265903627 3
      vertex 14.23359727518287 -16.628688694438836 3
      vertex 14.035511769037806 -16.519790265903627 0
    endloop
  endfacet
  facet normal 0.3681245526846804 0.9297764858882503 0
    outer loop
      vertex 14.23359727518287 -16.628688694438836 3
      vertex 14.443769410125094 -16.711901729331277 3
      vertex 14.23359727518287 -16.628688694438836 0
    endloop
  endfacet
  facet normal 0.24868988716485774 0.9685831611286304 0
    outer loop
      vertex 14.443769410125094 -16.711901729331277 3
      vertex 14.662713633745696 -16.76811705131164 3
      vertex 14.443769410125094 -16.711901729331277 0
    endloop
  endfacet
  facet normal 0.1253332335642993 0.9921147013144785 0
    outer loop
      vertex 14.662713633745696 -16.76811705131164 3
      vertex 14.886977064847235 -16.79644811117089 3
      vertex 14.662713633745696 -16.76811705131164 0
    endloop
  endfacet
  facet normal 0.5877852522924749 0.8090169943749461 0
    outer loop
      vertex 13.852636818452359 -16.38692383699642 3
      vertex 14.035511769037806 -16.519790265903627 3
      vertex 13.852636818452359 -16.38692383699642 0
    endloop
  endfacet
  facet normal 0.7705132427757861 0.6374239897486934 0
    outer loop
      vertex 13.687856470641458 -16.23218479067164 0
      vertex 13.543769410125094 -16.058013454126453 3
      vertex 13.687856470641458 -16.23218479067164 3
    endloop
  endfacet
  facet normal 0.6845471059286872 0.7289686274214128 0
    outer loop
      vertex 13.687856470641458 -16.23218479067164 0
      vertex 13.687856470641458 -16.23218479067164 3
      vertex 13.852636818452359 -16.38692383699642 3
    endloop
  endfacet
  facet normal 0.8443279255020157 0.5358267949789955 0
    outer loop
      vertex 13.543769410125094 -16.058013454126453 0
      vertex 13.422647975921045 -15.867156613383088 3
      vertex 13.543769410125094 -16.058013454126453 3
    endloop
  endfacet
  facet normal 0.904827052466022 0.4257792915650676 0
    outer loop
      vertex 13.422647975921045 -15.867156613383088 0
      vertex 13.326402325401148 -15.66262419483242 3
      vertex 13.422647975921045 -15.867156613383088 3
    endloop
  endfacet
  facet normal 0.9510565162951535 0.30901699437494784 0
    outer loop
      vertex 13.326402325401148 -15.66262419483242 0
      vertex 13.256550309968464 -15.447641796896738 3
      vertex 13.326402325401148 -15.66262419483242 3
    endloop
  endfacet
  facet normal 0.9822872507286878 0.1873813145857287 0
    outer loop
      vertex 13.256550309968464 -15.447641796896738 0
      vertex 13.214193537633939 -15.225599820415747 3
      vertex 13.256550309968464 -15.447641796896738 3
    endloop
  endfacet
  facet normal 0.9980267284282716 0.06279051952931276 0
    outer loop
      vertex 13.214193537633939 -15.225599820415747 0
      vertex 13.2 -15 3
      vertex 13.214193537633939 -15.225599820415747 3
    endloop
  endfacet
  facet normal 0.9980267284282716 -0.06279051952931276 0
    outer loop
      vertex 13.2 -15 0
      vertex 13.214193537633939 -14.774400179584253 3
      vertex 13.2 -15 3
    endloop
  endfacet
  facet normal 0.9822872507286878 -0.1873813145857287 0
    outer loop
      vertex 13.214193537633939 -14.774400179584253 0
      vertex 13.256550309968464 -14.552358203103262 3
      vertex 13.214193537633939 -14.774400179584253 3
    endloop
  endfacet
  facet normal 0.9510565162951535 -0.30901699437494784 0
    outer loop
      vertex 13.256550309968464 -14.552358203103262 0
      vertex 13.326402325401148 -14.33737580516758 3
      vertex 13.256550309968464 -14.552358203103262 3
    endloop
  endfacet
  facet normal 0.904827052466022 -0.4257792915650676 0
    outer loop
      vertex 13.326402325401148 -14.33737580516758 0
      vertex 13.422647975921045 -14.132843386616912 3
      vertex 13.326402325401148 -14.33737580516758 3
    endloop
  endfacet
  facet normal 0.8443279255020135 -0.5358267949789991 0
    outer loop
      vertex 13.422647975921045 -14.132843386616912 0
      vertex 13.543769410125094 -13.941986545873549 3
      vertex 13.422647975921045 -14.132843386616912 3
    endloop
  endfacet
  facet normal 0.7705132427757894 -0.6374239897486895 0
    outer loop
      vertex 13.543769410125094 -13.941986545873549 0
      vertex 13.687856470641458 -13.767815209328361 3
      vertex 13.543769410125094 -13.941986545873549 3
    endloop
  endfacet
  facet normal 0.6845471059286872 -0.7289686274214128 0
    outer loop
      vertex 13.852636818452359 -13.61307616300358 3
      vertex 13.687856470641458 -13.767815209328361 3
      vertex 13.852636818452359 -13.61307616300358 0
    endloop
  endfacet
  facet normal 0.5877852522924749 -0.8090169943749461 0
    outer loop
      vertex 14.035511769037806 -13.480209734096373 3
      vertex 13.852636818452359 -13.61307616300358 3
      vertex 14.035511769037806 -13.480209734096373 0
    endloop
  endfacet
  facet normal 0.48175367410171643 -0.8763066800438629 0
    outer loop
      vertex 14.23359727518287 -13.371311305561164 3
      vertex 14.035511769037806 -13.480209734096373 3
      vertex 14.23359727518287 -13.371311305561164 0
    endloop
  endfacet
  facet normal 0.3681245526846804 -0.9297764858882503 0
    outer loop
      vertex 14.443769410125094 -13.288098270668723 3
      vertex 14.23359727518287 -13.371311305561164 3
      vertex 14.443769410125094 -13.288098270668723 0
    endloop
  endfacet
  facet normal 0.24868988716485033 -0.9685831611286322 0
    outer loop
      vertex 14.662713633745696 -13.23188294868836 3
      vertex 14.443769410125094 -13.288098270668723 3
      vertex 14.662713633745696 -13.23188294868836 0
    endloop
  endfacet
  facet normal 0.12533323356430603 -0.9921147013144777 0
    outer loop
      vertex 14.886977064847237 -13.20355188882911 3
      vertex 14.662713633745696 -13.23188294868836 3
      vertex 14.886977064847237 -13.20355188882911 0
    endloop
  endfacet
  facet normal 0 1 0
    outer loop
      vertex 14.886977064847235 -16.79644811117089 3
      vertex 15.113022935152765 -16.79644811117089 3
      vertex 14.886977064847235 -16.79644811117089 0
    endloop
  endfacet
  facet normal -0.1253332335642993 0.9921147013144785 0
    outer loop
      vertex 15.113022935152765 -16.79644811117089 3
      vertex 15.337286366254304 -16.76811705131164 3
      vertex 15.113022935152765 -16.79644811117089 0
    endloop
  endfacet
  facet normal -0.24868988716485774 0.9685831611286304 0
    outer loop
      vertex 15.337286366254304 -16.76811705131164 3
      vertex 15.556230589874906 -16.711901729331277 3
      vertex 15.337286366254304 -16.76811705131164 0
    endloop
  endfacet
  facet normal -0.3681245526846804 0.9297764858882503 0
    outer loop
      vertex 15.556230589874906 -16.711901729331277 3
      vertex 15.76640272481713 -16.628688694438836 3
      vertex 15.556230589874906 -16.711901729331277 0
    endloop
  endfacet
  facet normal -0.48175367410171976 0.876306680043861 0
    outer loop
      vertex 15.76640272481713 -16.628688694438836 3
      vertex 15.964488230962193 -16.519790265903627 3
      vertex 15.76640272481713 -16.628688694438836 0
    endloop
  endfacet
  facet normal -0.5877852522924674 0.8090169943749516 0
    outer loop
      vertex 15.964488230962193 -16.519790265903627 3
      vertex 16.147363181547643 -16.38692383699642 3
      vertex 15.964488230962193 -16.519790265903627 0
    endloop
  endfacet
  facet normal -0.684547105928695 0.7289686274214054 0
    outer loop
      vertex 16.147363181547643 -16.38692383699642 3
      vertex 16.31214352935854 -16.23218479067164 3
      vertex 16.147363181547643 -16.38692383699642 0
    endloop
  endfacet
  facet normal -0.7705132427757823 0.637423989748698 0
    outer loop
      vertex 16.456230589874906 -16.058013454126453 0
      vertex 16.31214352935854 -16.23218479067164 3
      vertex 16.456230589874906 -16.058013454126453 3
    endloop
  endfacet
  facet normal -0.8443279255020157 0.5358267949789955 0
    outer loop
      vertex 16.577352024078955 -15.867156613383088 0
      vertex 16.456230589874906 -16.058013454126453 3
      vertex 16.577352024078955 -15.867156613383088 3
    endloop
  endfacet
  facet normal -0.9048270524660205 0.4257792915650706 0
    outer loop
      vertex 16.673597674598852 -15.662624194832421 0
      vertex 16.577352024078955 -15.867156613383088 3
      vertex 16.673597674598852 -15.662624194832421 3
    endloop
  endfacet
  facet normal -0.9510565162951542 0.3090169943749455 0
    outer loop
      vertex 16.743449690031536 -15.447641796896738 0
      vertex 16.673597674598852 -15.662624194832421 3
      vertex 16.743449690031536 -15.447641796896738 3
    endloop
  endfacet
  facet normal -0.9822872507286878 0.1873813145857287 0
    outer loop
      vertex 16.78580646236606 -15.225599820415747 0
      vertex 16.743449690031536 -15.447641796896738 3
      vertex 16.78580646236606 -15.225599820415747 3
    endloop
  endfacet
  facet normal -0.9510565162951535 -0.30901699437494784 0
    outer loop
      vertex 16.673597674598852 -14.33737580516758 0
      vertex 16.743449690031536 -14.552358203103262 3
      vertex 16.673597674598852 -14.33737580516758 3
    endloop
  endfacet
  facet normal -0.904827052466022 -0.4257792915650676 0
    outer loop
      vertex 16.577352024078955 -14.132843386616912 0
      vertex 16.673597674598852 -14.33737580516758 3
      vertex 16.577352024078955 -14.132843386616912 3
    endloop
  endfacet
  facet normal -0.8443279255020135 -0.5358267949789991 0
    outer loop
      vertex 16.456230589874906 -13.941986545873549 0
      vertex 16.577352024078955 -14.132843386616912 3
      vertex 16.456230589874906 -13.941986545873549 3
    endloop
  endfacet
  facet normal -0.7705132427757886 -0.6374239897486903 0
    outer loop
      vertex 16.31214352935854 -13.76781520932836 0
      vertex 16.456230589874906 -13.941986545873549 3
      vertex 16.31214352935854 -13.76781520932836 3
    endloop
  endfacet
  facet normal -0.9980267284282716 0.06279051952931276 0
    outer loop
      vertex 16.8 -15 0
      vertex 16.78580646236606 -15.225599820415747 3
      vertex 16.8 -15 3
    endloop
  endfacet
  facet normal -0.9980267284282716 -0.06279051952931228 0
    outer loop
      vertex 16.78580646236606 -14.774400179584251 0
      vertex 16.8 -15 3
      vertex 16.78580646236606 -14.774400179584251 3
    endloop
  endfacet
  facet normal -0.9822872507286876 -0.18738131458573015 0
    outer loop
      vertex 16.743449690031536 -14.552358203103262 0
      vertex 16.78580646236606 -14.774400179584251 3
      vertex 16.743449690031536 -14.552358203103262 3
    endloop
  endfacet
  facet normal 0 -1 0
    outer loop
      vertex 15.113022935152763 -13.20355188882911 3
      vertex 14.886977064847237 -13.20355188882911 3
      vertex 15.113022935152763 -13.20355188882911 0
    endloop
  endfacet
  facet normal -0.12533323356430603 -0.9921147013144777 0
    outer loop
      vertex 15.337286366254304 -13.23188294868836 3
      vertex 15.113022935152763 -13.20355188882911 3
      vertex 15.337286366254304 -13.23188294868836 0
    endloop
  endfacet
  facet normal -0.24868988716485033 -0.9685831611286322 0
    outer loop
      vertex 15.556230589874906 -13.288098270668723 3
      vertex 15.337286366254304 -13.23188294868836 3
      vertex 15.556230589874906 -13.288098270668723 0
    endloop
  endfacet
  facet normal -0.3681245526846804 -0.9297764858882503 0
    outer loop
      vertex 15.76640272481713 -13.371311305561164 3
      vertex 15.556230589874906 -13.288098270668723 3
      vertex 15.76640272481713 -13.371311305561164 0
    endloop
  endfacet
  facet normal -0.6845471059286911 -0.7289686274214094 0
    outer loop
      vertex 16.31214352935854 -13.76781520932836 3
      vertex 16.147363181547643 -13.61307616300358 3
      vertex 16.31214352935854 -13.76781520932836 0
    endloop
  endfacet
  facet normal -0.48175367410171643 -0.8763066800438629 0
    outer loop
      vertex 15.964488230962194 -13.480209734096373 3
      vertex 15.76640272481713 -13.371311305561164 3
      vertex 15.964488230962194 -13.480209734096373 0
    endloop
  endfacet
  facet normal -0.5877852522924711 -0.8090169943749488 0
    outer loop
      vertex 16.147363181547643 -13.61307616300358 3
      vertex 15.964488230962194 -13.480209734096373 3
      vertex 16.147363181547643 -13.61307616300358 0
    endloop
  endfacet
  facet normal 0.48175367410171976 0.876306680043861 0
    outer loop
      vertex 29.23359727518287 -16.628688694438836 0
      vertex 29.035511769037807 -16.519790265903627 0
      vertex 29.23359727518287 -16.628688694438836 3
    endloop
  endfacet
  facet normal 0.36812455268467775 0.9297764858882515 0
    outer loop
      vertex 29.443769410125096 -16.711901729331277 0
      vertex 29.23359727518287 -16.628688694438836 0
      vertex 29.443769410125096 -16.711901729331277 3
    endloop
  endfacet
  facet normal 0.2486898871648596 0.9685831611286299 0
    outer loop
      vertex 29.662713633745696 -16.76811705131164 0
      vertex 29.443769410125096 -16.711901729331277 0
      vertex 29.662713633745696 -16.76811705131164 3
    endloop
  endfacet
  facet normal 0.6845471059286872 0.7289686274214128 0
    outer loop
      vertex 28.85263681845236 -16.38692383699642 0
      vertex 28.68785647064146 -16.23218479067164 0
      vertex 28.85263681845236 -16.38692383699642 3
    endloop
  endfacet
  facet normal 0.7705132427757823 0.637423989748698 0
    outer loop
      vertex 28.68785647064146 -16.23218479067164 0
      vertex 28.543769410125094 -16.058013454126453 0
      vertex 28.543769410125094 -16.058013454126453 3
    endloop
  endfacet
  facet normal 0.8443279255020157 0.5358267949789955 0
    outer loop
      vertex 28.543769410125094 -16.058013454126453 0
      vertex 28.422647975921045 -15.867156613383088 0
      vertex 28.422647975921045 -15.867156613383088 3
    endloop
  endfacet
  facet normal 0.5877852522924749 0.8090169943749461 0
    outer loop
      vertex 29.035511769037807 -16.519790265903627 0
      vertex 28.85263681845236 -16.38692383699642 0
      vertex 29.035511769037807 -16.519790265903627 3
    endloop
  endfacet
  facet normal 0.9510565162951535 0.30901699437494784 0
    outer loop
      vertex 28.326402325401148 -15.66262419483242 0
      vertex 28.256550309968464 -15.447641796896738 0
      vertex 28.256550309968464 -15.447641796896738 3
    endloop
  endfacet
  facet normal 0.904827052466022 0.4257792915650676 0
    outer loop
      vertex 28.422647975921045 -15.867156613383088 0
      vertex 28.326402325401148 -15.66262419483242 0
      vertex 28.326402325401148 -15.66262419483242 3
    endloop
  endfacet
  facet normal 0.9822872507286878 0.1873813145857287 0
    outer loop
      vertex 28.256550309968464 -15.447641796896738 0
      vertex 28.21419353763394 -15.225599820415747 0
      vertex 28.21419353763394 -15.225599820415747 3
    endloop
  endfacet
  facet normal 0.9980267284282716 0.06279051952931276 0
    outer loop
      vertex 28.21419353763394 -15.225599820415747 0
      vertex 28.2 -15 0
      vertex 28.2 -15 3
    endloop
  endfacet
  facet normal 0.9980267284282716 -0.06279051952931276 0
    outer loop
      vertex 28.2 -15 0
      vertex 28.21419353763394 -14.774400179584253 0
      vertex 28.21419353763394 -14.774400179584253 3
    endloop
  endfacet
  facet normal 0.9822872507286878 -0.1873813145857287 0
    outer loop
      vertex 28.21419353763394 -14.774400179584253 0
      vertex 28.256550309968464 -14.552358203103262 0
      vertex 28.256550309968464 -14.552358203103262 3
    endloop
  endfacet
  facet normal 0.9510565162951535 -0.30901699437494784 0
    outer loop
      vertex 28.256550309968464 -14.552358203103262 0
      vertex 28.326402325401148 -14.33737580516758 0
      vertex 28.326402325401148 -14.33737580516758 3
    endloop
  endfacet
  facet normal 0.904827052466022 -0.4257792915650676 0
    outer loop
      vertex 28.326402325401148 -14.33737580516758 0
      vertex 28.422647975921045 -14.132843386616912 0
      vertex 28.422647975921045 -14.132843386616912 3
    endloop
  endfacet
  facet normal 0.8443279255020135 -0.5358267949789991 0
    outer loop
      vertex 28.422647975921045 -14.132843386616912 0
      vertex 28.543769410125094 -13.941986545873549 0
      vertex 28.543769410125094 -13.941986545873549 3
    endloop
  endfacet
  facet normal 0.7705132427757855 -0.6374239897486942 0
    outer loop
      vertex 28.543769410125094 -13.941986545873549 0
      vertex 28.68785647064146 -13.767815209328361 0
      vertex 28.68785647064146 -13.767815209328361 3
    endloop
  endfacet
  facet normal 0.6845471059286872 -0.7289686274214128 0
    outer loop
      vertex 28.68785647064146 -13.767815209328361 0
      vertex 28.85263681845236 -13.61307616300358 0
      vertex 28.68785647064146 -13.767815209328361 3
    endloop
  endfacet
  facet normal 0.5877852522924749 -0.8090169943749461 0
    outer loop
      vertex 28.85263681845236 -13.61307616300358 0
      vertex 29.035511769037807 -13.480209734096373 0
      vertex 28.85263681845236 -13.61307616300358 3
    endloop
  endfacet
  facet normal 0.48175367410171976 -0.876306680043861 0
    outer loop
      vertex 29.035511769037807 -13.480209734096373 0
      vertex 29.23359727518287 -13.371311305561164 0
      vertex 29.035511769037807 -13.480209734096373 3
    endloop
  endfacet
  facet normal 0.36812455268467775 -0.9297764858882515 0
    outer loop
      vertex 29.23359727518287 -13.371311305561164 0
      vertex 29.443769410125096 -13.288098270668723 0
      vertex 29.23359727518287 -13.371311305561164 3
    endloop
  endfacet
  facet normal 0.24868988716485224 -0.9685831611286319 0
    outer loop
      vertex 29.443769410125096 -13.288098270668723 0
      vertex 29.662713633745696 -13.23188294868836 0
      vertex 29.443769410125096 -13.288098270668723 3
    endloop
  endfacet
  facet normal 0.12533323356430603 -0.9921147013144777 0
    outer loop
      vertex 29.662713633745696 -13.23188294868836 0
      vertex 29.886977064847237 -13.20355188882911 0
      vertex 29.662713633745696 -13.23188294868836 3
    endloop
  endfacet
  facet normal 0.1253332335642983 0.9921147013144787 0
    outer loop
      vertex 29.886977064847237 -16.79644811117089 0
      vertex 29.662713633745696 -16.76811705131164 0
      vertex 29.886977064847237 -16.79644811117089 3
    endloop
  endfacet
  facet normal 0 1 0
    outer loop
      vertex 30.113022935152763 -16.79644811117089 0
      vertex 29.886977064847237 -16.79644811117089 0
      vertex 30.113022935152763 -16.79644811117089 3
    endloop
  endfacet
  facet normal -0.1253332335642983 0.9921147013144787 0
    outer loop
      vertex 30.337286366254304 -16.76811705131164 0
      vertex 30.113022935152763 -16.79644811117089 0
      vertex 30.337286366254304 -16.76811705131164 3
    endloop
  endfacet
  facet normal -0.2486898871648596 0.9685831611286299 0
    outer loop
      vertex 30.556230589874904 -16.711901729331277 0
      vertex 30.337286366254304 -16.76811705131164 0
      vertex 30.556230589874904 -16.711901729331277 3
    endloop
  endfacet
  facet normal -0.36812455268467775 0.9297764858882515 0
    outer loop
      vertex 30.76640272481713 -16.628688694438836 0
      vertex 30.556230589874904 -16.711901729331277 0
      vertex 30.76640272481713 -16.628688694438836 3
    endloop
  endfacet
  facet normal -0.48175367410171976 0.876306680043861 0
    outer loop
      vertex 30.964488230962193 -16.519790265903627 0
      vertex 30.76640272481713 -16.628688694438836 0
      vertex 30.964488230962193 -16.519790265903627 3
    endloop
  endfacet
  facet normal -0.5877852522924674 0.8090169943749516 0
    outer loop
      vertex 31.147363181547643 -16.38692383699642 0
      vertex 30.964488230962193 -16.519790265903627 0
      vertex 31.147363181547643 -16.38692383699642 3
    endloop
  endfacet
  facet normal -0.684547105928695 0.7289686274214054 0
    outer loop
      vertex 31.31214352935854 -16.23218479067164 0
      vertex 31.147363181547643 -16.38692383699642 0
      vertex 31.31214352935854 -16.23218479067164 3
    endloop
  endfacet
  facet normal -0.7705132427757823 0.637423989748698 0
    outer loop
      vertex 31.31214352935854 -16.23218479067164 0
      vertex 31.31214352935854 -16.23218479067164 3
      vertex 31.456230589874906 -16.058013454126453 0
    endloop
  endfacet
  facet normal -0.8443279255020157 0.5358267949789955 0
    outer loop
      vertex 31.577352024078955 -15.867156613383088 0
      vertex 31.456230589874906 -16.058013454126453 0
      vertex 31.456230589874906 -16.058013454126453 3
    endloop
  endfacet
  facet normal -0.9048270524660205 0.4257792915650706 0
    outer loop
      vertex 31.673597674598852 -15.662624194832421 0
      vertex 31.577352024078955 -15.867156613383088 0
      vertex 31.577352024078955 -15.867156613383088 3
    endloop
  endfacet
  facet normal -0.9510565162951542 0.3090169943749455 0
    outer loop
      vertex 31.743449690031536 -15.447641796896738 0
      vertex 31.673597674598852 -15.662624194832421 0
      vertex 31.673597674598852 -15.662624194832421 3
    endloop
  endfacet
  facet normal -0.9822872507286878 0.1873813145857287 0
    outer loop
      vertex 31.78580646236606 -15.225599820415747 0
      vertex 31.743449690031536 -15.447641796896738 0
      vertex 31.743449690031536 -15.447641796896738 3
    endloop
  endfacet
  facet normal -0.9980267284282716 0.06279051952931276 0
    outer loop
      vertex 31.8 -15 0
      vertex 31.78580646236606 -15.225599820415747 0
      vertex 31.78580646236606 -15.225599820415747 3
    endloop
  endfacet
  facet normal -0.8443279255020135 -0.5358267949789991 0
    outer loop
      vertex 31.456230589874906 -13.941986545873549 0
      vertex 31.577352024078955 -14.132843386616912 0
      vertex 31.577352024078955 -14.132843386616912 3
    endloop
  endfacet
  facet normal -0.7705132427757886 -0.6374239897486903 0
    outer loop
      vertex 31.31214352935854 -13.76781520932836 0
      vertex 31.456230589874906 -13.941986545873549 0
      vertex 31.456230589874906 -13.941986545873549 3
    endloop
  endfacet
  facet normal -0.9980267284282716 -0.06279051952931228 0
    outer loop
      vertex 31.78580646236606 -14.774400179584251 0
      vertex 31.8 -15 0
      vertex 31.8 -15 3
    endloop
  endfacet
  facet normal -0.9822872507286876 -0.18738131458573015 0
    outer loop
      vertex 31.743449690031536 -14.552358203103262 0
      vertex 31.78580646236606 -14.774400179584251 0
      vertex 31.78580646236606 -14.774400179584251 3
    endloop
  endfacet
  facet normal -0.9510565162951535 -0.30901699437494784 0
    outer loop
      vertex 31.673597674598852 -14.33737580516758 0
      vertex 31.743449690031536 -14.552358203103262 0
      vertex 31.743449690031536 -14.552358203103262 3
    endloop
  endfacet
  facet normal -0.904827052466022 -0.4257792915650676 0
    outer loop
      vertex 31.577352024078955 -14.132843386616912 0
      vertex 31.673597674598852 -14.33737580516758 0
      vertex 31.673597674598852 -14.33737580516758 3
    endloop
  endfacet
  facet normal 0 -1 0
    outer loop
      vertex 29.886977064847237 -13.20355188882911 0
      vertex 30.113022935152763 -13.20355188882911 0
      vertex 29.886977064847237 -13.20355188882911 3
    endloop
  endfacet
  facet normal -0.12533323356430603 -0.9921147013144777 0
    outer loop
      vertex 30.113022935152763 -13.20355188882911 0
      vertex 30.337286366254304 -13.23188294868836 0
      vertex 30.113022935152763 -13.20355188882911 3
    endloop
  endfacet
  facet normal -0.24868988716485224 -0.9685831611286319 0
    outer loop
      vertex 30.337286366254304 -13.23188294868836 0
      vertex 30.556230589874904 -13.288098270668723 0
      vertex 30.337286366254304 -13.23188294868836 3
    endloop
  endfacet
  facet normal -0.36812455268467775 -0.9297764858882515 0
    outer loop
      vertex 30.556230589874904 -13.288098270668723 0
      vertex 30.76640272481713 -13.371311305561164 0
      vertex 30.556230589874904 -13.288098270668723 3
    endloop
  endfacet
  facet normal -0.48175367410171976 -0.876306680043861 0
    outer loop
      vertex 30.76640272481713 -13.371311305561164 0
      vertex 30.964488230962193 -13.480209734096373 0
      vertex 30.76640272481713 -13.371311305561164 3
    endloop
  endfacet
  facet normal -0.5877852522924674 -0.8090169943749516 0
    outer loop
      vertex 30.964488230962193 -13.480209734096373 0
      vertex 31.147363181547643 -13.61307616300358 0
      vertex 30.964488230962193 -13.480209734096373 3
    endloop
  endfacet
  facet normal -0.6845471059286911 -0.7289686274214094 0
    outer loop
      vertex 31.147363181547643 -13.61307616300358 0
      vertex 31.31214352935854 -13.76781520932836 0
      vertex 31.147363181547643 -13.61307616300358 3
    endloop
  endfacet
  facet normal 0.48175367410171976 0.876306680043861 0
    outer loop
      vertex 29.035511769037807 -16.519790265903627 3
      vertex 29.23359727518287 -16.628688694438836 3
      vertex 29.035511769037807 -16.519790265903627 0
    endloop
  endfacet
  facet normal 0.2486898871648596 0.9685831611286299 0
    outer loop
      vertex 29.443769410125096 -16.711901729331277 3
      vertex 29.662713633745696 -16.76811705131164 3
      vertex 29.443769410125096 -16.711901729331277 0
    endloop
  endfacet
  facet normal 0.1253332335642983 0.9921147013144787 0
    outer loop
      vertex 29.662713633745696 -16.76811705131164 3
      vertex 29.886977064847237 -16.79644811117089 3
      vertex 29.662713633745696 -16.76811705131164 0
    endloop
  endfacet
  facet normal 0.36812455268467775 0.9297764858882515 0
    outer loop
      vertex 29.23359727518287 -16.628688694438836 3
      vertex 29.443769410125096 -16.711901729331277 3
      vertex 29.23359727518287 -16.628688694438836 0
    endloop
  endfacet
  facet normal 0.6845471059286872 0.7289686274214128 0
    outer loop
      vertex 28.68785647064146 -16.23218479067164 0
      vertex 28.68785647064146 -16.23218479067164 3
      vertex 28.85263681845236 -16.38692383699642 3
    endloop
  endfacet
  facet normal 0.7705132427757823 0.637423989748698 0
    outer loop
      vertex 28.68785647064146 -16.23218479067164 0
      vertex 28.543769410125094 -16.058013454126453 3
      vertex 28.68785647064146 -16.23218479067164 3
    endloop
  endfacet
  facet normal 0.8443279255020157 0.5358267949789955 0
    outer loop
      vertex 28.543769410125094 -16.058013454126453 0
      vertex 28.422647975921045 -15.867156613383088 3
      vertex 28.543769410125094 -16.058013454126453 3
    endloop
  endfacet
  facet normal 0.5877852522924749 0.8090169943749461 0
    outer loop
      vertex 28.85263681845236 -16.38692383699642 3
      vertex 29.035511769037807 -16.519790265903627 3
      vertex 28.85263681845236 -16.38692383699642 0
    endloop
  endfacet
  facet normal 0.9510565162951535 0.30901699437494784 0
    outer loop
      vertex 28.326402325401148 -15.66262419483242 0
      vertex 28.256550309968464 -15.447641796896738 3
      vertex 28.326402325401148 -15.66262419483242 3
    endloop
  endfacet
  facet normal 0.904827052466022 0.4257792915650676 0
    outer loop
      vertex 28.422647975921045 -15.867156613383088 0
      vertex 28.326402325401148 -15.66262419483242 3
      vertex 28.422647975921045 -15.867156613383088 3
    endloop
  endfacet
  facet normal 0.9822872507286878 0.1873813145857287 0
    outer loop
      vertex 28.256550309968464 -15.447641796896738 0
      vertex 28.21419353763394 -15.225599820415747 3
      vertex 28.256550309968464 -15.447641796896738 3
    endloop
  endfacet
  facet normal 0.9980267284282716 0.06279051952931276 0
    outer loop
      vertex 28.21419353763394 -15.225599820415747 0
      vertex 28.2 -15 3
      vertex 28.21419353763394 -15.225599820415747 3
    endloop
  endfacet
  facet normal 0.9980267284282716 -0.06279051952931276 0
    outer loop
      vertex 28.2 -15 0
      vertex 28.21419353763394 -14.774400179584253 3
      vertex 28.2 -15 3
    endloop
  endfacet
  facet normal 0.9822872507286878 -0.1873813145857287 0
    outer loop
      vertex 28.21419353763394 -14.774400179584253 0
      vertex 28.256550309968464 -14.552358203103262 3
      vertex 28.21419353763394 -14.774400179584253 3
    endloop
  endfacet
  facet normal 0.9510565162951535 -0.30901699437494784 0
    outer loop
      vertex 28.326402325401148 -14.33737580516758 3
      vertex 28.256550309968464 -14.552358203103262 3
      vertex 28.256550309968464 -14.552358203103262 0
    endloop
  endfacet
  facet normal 0.904827052466022 -0.4257792915650676 0
    outer loop
      vertex 28.326402325401148 -14.33737580516758 0
      vertex 28.422647975921045 -14.132843386616912 3
      vertex 28.326402325401148 -14.33737580516758 3
    endloop
  endfacet
  facet normal 0.8443279255020135 -0.5358267949789991 0
    outer loop
      vertex 28.422647975921045 -14.132843386616912 0
      vertex 28.543769410125094 -13.941986545873549 3
      vertex 28.422647975921045 -14.132843386616912 3
    endloop
  endfacet
  facet normal 0.7705132427757855 -0.6374239897486942 0
    outer loop
      vertex 28.543769410125094 -13.941986545873549 0
      vertex 28.68785647064146 -13.767815209328361 3
      vertex 28.543769410125094 -13.941986545873549 3
    endloop
  endfacet
  facet normal 0.6845471059286872 -0.7289686274214128 0
    outer loop
      vertex 28.85263681845236 -13.61307616300358 3
      vertex 28.68785647064146 -13.767815209328361 3
      vertex 28.85263681845236 -13.61307616300358 0
    endloop
  endfacet
  facet normal 0.5877852522924749 -0.8090169943749461 0
    outer loop
      vertex 29.035511769037807 -13.480209734096373 3
      vertex 28.85263681845236 -13.61307616300358 3
      vertex 29.035511769037807 -13.480209734096373 0
    endloop
  endfacet
  facet normal 0.48175367410171976 -0.876306680043861 0
    outer loop
      vertex 29.23359727518287 -13.371311305561164 3
      vertex 29.035511769037807 -13.480209734096373 3
      vertex 29.23359727518287 -13.371311305561164 0
    endloop
  endfacet
  facet normal 0.36812455268467775 -0.9297764858882515 0
    outer loop
      vertex 29.443769410125096 -13.288098270668723 3
      vertex 29.23359727518287 -13.371311305561164 3
      vertex 29.443769410125096 -13.288098270668723 0
    endloop
  endfacet
  facet normal 0.24868988716485224 -0.9685831611286319 0
    outer loop
      vertex 29.662713633745696 -13.23188294868836 3
      vertex 29.443769410125096 -13.288098270668723 3
      vertex 29.662713633745696 -13.23188294868836 0
    endloop
  endfacet
  facet normal 0 1 0
    outer loop
      vertex 29.886977064847237 -16.79644811117089 3
      vertex 30.113022935152763 -16.79644811117089 3
      vertex 29.886977064847237 -16.79644811117089 0
    endloop
  endfacet
  facet normal -0.1253332335642983 0.9921147013144787 0
    outer loop
      vertex 30.113022935152763 -16.79644811117089 3
      vertex 30.337286366254304 -16.76811705131164 3
      vertex 30.113022935152763 -16.79644811117089 0
    endloop
  endfacet
  facet normal -0.2486898871648596 0.9685831611286299 0
    outer loop
      vertex 30.337286366254304 -16.76811705131164 3
      vertex 30.556230589874904 -16.711901729331277 3
      vertex 30.337286366254304 -16.76811705131164 0
    endloop
  endfacet
  facet normal -0.36812455268467775 0.9297764858882515 0
    outer loop
      vertex 30.556230589874904 -16.711901729331277 3
      vertex 30.76640272481713 -16.628688694438836 3
      vertex 30.556230589874904 -16.711901729331277 0
    endloop
  endfacet
  facet normal -0.48175367410171976 0.876306680043861 0
    outer loop
      vertex 30.76640272481713 -16.628688694438836 3
      vertex 30.964488230962193 -16.519790265903627 3
      vertex 30.76640272481713 -16.628688694438836 0
    endloop
  endfacet
  facet normal -0.5877852522924674 0.8090169943749516 0
    outer loop
      vertex 30.964488230962193 -16.519790265903627 3
      vertex 31.147363181547643 -16.38692383699642 3
      vertex 30.964488230962193 -16.519790265903627 0
    endloop
  endfacet
  facet normal -0.684547105928695 0.7289686274214054 0
    outer loop
      vertex 31.147363181547643 -16.38692383699642 3
      vertex 31.31214352935854 -16.23218479067164 3
      vertex 31.147363181547643 -16.38692383699642 0
    endloop
  endfacet
  facet normal -0.7705132427757823 0.637423989748698 0
    outer loop
      vertex 31.456230589874906 -16.058013454126453 0
      vertex 31.31214352935854 -16.23218479067164 3
      vertex 31.456230589874906 -16.058013454126453 3
    endloop
  endfacet
  facet normal -0.8443279255020157 0.5358267949789955 0
    outer loop
      vertex 31.577352024078955 -15.867156613383088 0
      vertex 31.456230589874906 -16.058013454126453 3
      vertex 31.577352024078955 -15.867156613383088 3
    endloop
  endfacet
  facet normal -0.9048270524660205 0.4257792915650706 0
    outer loop
      vertex 31.673597674598852 -15.662624194832421 0
      vertex 31.577352024078955 -15.867156613383088 3
      vertex 31.673597674598852 -15.662624194832421 3
    endloop
  endfacet
  facet normal -0.9510565162951542 0.3090169943749455 0
    outer loop
      vertex 31.743449690031536 -15.447641796896738 0
      vertex 31.673597674598852 -15.662624194832421 3
      vertex 31.743449690031536 -15.447641796896738 3
    endloop
  endfacet
  facet normal -0.9822872507286878 0.1873813145857287 0
    outer loop
      vertex 31.78580646236606 -15.225599820415747 0
      vertex 31.743449690031536 -15.447641796896738 3
      vertex 31.78580646236606 -15.225599820415747 3
    endloop
  endfacet
  facet normal -0.8443279255020135 -0.5358267949789991 0
    outer loop
      vertex 31.456230589874906 -13.941986545873549 0
      vertex 31.577352024078955 -14.132843386616912 3
      vertex 31.456230589874906 -13.941986545873549 3
    endloop
  endfacet
  facet normal -0.7705132427757886 -0.6374239897486903 0
    outer loop
      vertex 31.31214352935854 -13.76781520932836 0
      vertex 31.456230589874906 -13.941986545873549 3
      vertex 31.31214352935854 -13.76781520932836 3
    endloop
  endfacet
  facet normal -0.9980267284282716 0.06279051952931276 0
    outer loop
      vertex 31.8 -15 0
      vertex 31.78580646236606 -15.225599820415747 3
      vertex 31.8 -15 3
    endloop
  endfacet
  facet normal -0.9980267284282716 -0.06279051952931228 0
    outer loop
      vertex 31.8 -15 3
      vertex 31.78580646236606 -14.774400179584251 3
      vertex 31.78580646236606 -14.774400179584251 0
    endloop
  endfacet
  facet normal -0.9822872507286876 -0.18738131458573015 0
    outer loop
      vertex 31.743449690031536 -14.552358203103262 0
      vertex 31.78580646236606 -14.774400179584251 3
      vertex 31.743449690031536 -14.552358203103262 3
    endloop
  endfacet
  facet normal -0.9510565162951535 -0.30901699437494784 0
    outer loop
      vertex 31.673597674598852 -14.33737580516758 0
      vertex 31.743449690031536 -14.552358203103262 3
      vertex 31.673597674598852 -14.33737580516758 3
    endloop
  endfacet
  facet normal -0.904827052466022 -0.4257792915650676 0
    outer loop
      vertex 31.577352024078955 -14.132843386616912 0
      vertex 31.673597674598852 -14.33737580516758 3
      vertex 31.577352024078955 -14.132843386616912 3
    endloop
  endfacet
  facet normal 0.12533323356430603 -0.9921147013144777 0
    outer loop
      vertex 29.886977064847237 -13.20355188882911 3
      vertex 29.662713633745696 -13.23188294868836 3
      vertex 29.886977064847237 -13.20355188882911 0
    endloop
  endfacet
  facet normal 0 -1 0
    outer loop
      vertex 30.113022935152763 -13.20355188882911 3
      vertex 29.886977064847237 -13.20355188882911 3
      vertex 30.113022935152763 -13.20355188882911 0
    endloop
  endfacet
  facet normal -0.24868988716485224 -0.9685831611286319 0
    outer loop
      vertex 30.556230589874904 -13.288098270668723 3
      vertex 30.337286366254304 -13.23188294868836 3
      vertex 30.556230589874904 -13.288098270668723 0
    endloop
  endfacet
  facet normal -0.12533323356430603 -0.9921147013144777 0
    outer loop
      vertex 30.337286366254304 -13.23188294868836 3
      vertex 30.113022935152763 -13.20355188882911 3
      vertex 30.337286366254304 -13.23188294868836 0
    endloop
  endfacet
  facet normal -0.48175367410171976 -0.876306680043861 0
    outer loop
      vertex 30.964488230962193 -13.480209734096373 3
      vertex 30.76640272481713 -13.371311305561164 3
      vertex 30.964488230962193 -13.480209734096373 0
    endloop
  endfacet
  facet normal -0.5877852522924674 -0.8090169943749516 0
    outer loop
      vertex 31.147363181547643 -13.61307616300358 3
      vertex 30.964488230962193 -13.480209734096373 3
      vertex 31.147363181547643 -13.61307616300358 0
    endloop
  endfacet
  facet normal -0.6845471059286911 -0.7289686274214094 0
    outer loop
      vertex 31.31214352935854 -13.76781520932836 0
      vertex 31.31214352935854 -13.76781520932836 3
      vertex 31.147363181547643 -13.61307616300358 3
    endloop
  endfacet
  facet normal -0.36812455268467775 -0.9297764858882515 0
    outer loop
      vertex 30.76640272481713 -13.371311305561164 3
      vertex 30.556230589874904 -13.288098270668723 3
      vertex 30.76640272481713 -13.371311305561164 0
    endloop
  endfacet
  facet normal 0.36812455268467775 0.9297764858882515 0
    outer loop
      vertex 44.44376941012509 -16.711901729331277 0
      vertex 44.233597275182866 -16.628688694438836 0
      vertex 44.44376941012509 -16.711901729331277 3
    endloop
  endfacet
  facet normal 0.24868988716485582 0.9685831611286309 0
    outer loop
      vertex 44.662713633745696 -16.76811705131164 0
      vertex 44.44376941012509 -16.711901729331277 0
      vertex 44.662713633745696 -16.76811705131164 3
    endloop
  endfacet
  facet normal 0.48175367410171976 0.876306680043861 0
    outer loop
      vertex 44.233597275182866 -16.628688694438836 0
      vertex 44.035511769037804 -16.519790265903627 0
      vertex 44.233597275182866 -16.628688694438836 3
    endloop
  endfacet
  facet normal 0.77051324277579 0.6374239897486887 0
    outer loop
      vertex 43.68785647064146 -16.23218479067164 0
      vertex 43.543769410125094 -16.058013454126453 0
      vertex 43.543769410125094 -16.058013454126453 3
    endloop
  endfacet
  facet normal 0.8443279255020157 0.5358267949789955 0
    outer loop
      vertex 43.543769410125094 -16.058013454126453 0
      vertex 43.422647975921045 -15.867156613383088 0
      vertex 43.422647975921045 -15.867156613383088 3
    endloop
  endfacet
  facet normal 0.6845471059286794 0.7289686274214201 0
    outer loop
      vertex 43.85263681845236 -16.38692383699642 0
      vertex 43.68785647064146 -16.23218479067164 0
      vertex 43.85263681845236 -16.38692383699642 3
    endloop
  endfacet
  facet normal 0.5877852522924824 0.8090169943749408 0
    outer loop
      vertex 44.035511769037804 -16.519790265903627 0
      vertex 43.85263681845236 -16.38692383699642 0
      vertex 44.035511769037804 -16.519790265903627 3
    endloop
  endfacet
  facet normal 0.904827052466022 0.4257792915650676 0
    outer loop
      vertex 43.422647975921045 -15.867156613383088 0
      vertex 43.32640232540115 -15.66262419483242 0
      vertex 43.32640232540115 -15.66262419483242 3
    endloop
  endfacet
  facet normal 0.9510565162951489 0.30901699437496205 0
    outer loop
      vertex 43.32640232540115 -15.66262419483242 0
      vertex 43.25655030996846 -15.447641796896738 0
      vertex 43.25655030996846 -15.447641796896738 3
    endloop
  endfacet
  facet normal 0.9822872507286907 0.18738131458571353 0
    outer loop
      vertex 43.25655030996846 -15.447641796896738 0
      vertex 43.21419353763394 -15.225599820415747 0
      vertex 43.21419353763394 -15.225599820415747 3
    endloop
  endfacet
  facet normal 0.9980267284282726 0.06279051952929711 0
    outer loop
      vertex 43.21419353763394 -15.225599820415747 0
      vertex 43.2 -15 0
      vertex 43.2 -15 3
    endloop
  endfacet
  facet normal 0.9980267284282726 -0.06279051952929711 0
    outer loop
      vertex 43.2 -15 0
      vertex 43.21419353763394 -14.774400179584253 0
      vertex 43.21419353763394 -14.774400179584253 3
    endloop
  endfacet
  facet normal 0.9822872507286907 -0.18738131458571353 0
    outer loop
      vertex 43.21419353763394 -14.774400179584253 0
      vertex 43.25655030996846 -14.552358203103262 0
      vertex 43.25655030996846 -14.552358203103262 3
    endloop
  endfacet
  facet normal 0.9510565162951489 -0.30901699437496205 0
    outer loop
      vertex 43.25655030996846 -14.552358203103262 0
      vertex 43.32640232540115 -14.33737580516758 0
      vertex 43.32640232540115 -14.33737580516758 3
    endloop
  endfacet
  facet normal 0.904827052466022 -0.4257792915650676 0
    outer loop
      vertex 43.32640232540115 -14.33737580516758 0
      vertex 43.422647975921045 -14.132843386616912 0
      vertex 43.422647975921045 -14.132843386616912 3
    endloop
  endfacet
  facet normal 0.8443279255020135 -0.5358267949789991 0
    outer loop
      vertex 43.422647975921045 -14.132843386616912 0
      vertex 43.543769410125094 -13.941986545873549 0
      vertex 43.543769410125094 -13.941986545873549 3
    endloop
  endfacet
  facet normal 0.7705132427757933 -0.6374239897486849 0
    outer loop
      vertex 43.543769410125094 -13.941986545873549 0
      vertex 43.68785647064146 -13.767815209328361 0
      vertex 43.68785647064146 -13.767815209328361 3
    endloop
  endfacet
  facet normal 0.6845471059286794 -0.7289686274214201 0
    outer loop
      vertex 43.68785647064146 -13.767815209328361 0
      vertex 43.85263681845236 -13.61307616300358 0
      vertex 43.68785647064146 -13.767815209328361 3
    endloop
  endfacet
  facet normal 0.5877852522924824 -0.8090169943749408 0
    outer loop
      vertex 43.85263681845236 -13.61307616300358 0
      vertex 44.035511769037804 -13.480209734096373 0
      vertex 43.85263681845236 -13.61307616300358 3
    endloop
  endfacet
  facet normal 0.48175367410171976 -0.876306680043861 0
    outer loop
      vertex 44.035511769037804 -13.480209734096373 0
      vertex 44.233597275182866 -13.371311305561164 0
      vertex 44.035511769037804 -13.480209734096373 3
    endloop
  endfacet
  facet normal 0.36812455268467775 -0.9297764858882515 0
    outer loop
      vertex 44.233597275182866 -13.371311305561164 0
      vertex 44.44376941012509 -13.288098270668723 0
      vertex 44.233597275182866 -13.371311305561164 3
    endloop
  endfacet
  facet normal 0.24868988716484847 -0.9685831611286327 0
    outer loop
      vertex 44.44376941012509 -13.288098270668723 0
      vertex 44.662713633745696 -13.23188294868836 0
      vertex 44.44376941012509 -13.288098270668723 3
    endloop
  endfacet
  facet normal 0.1253332335642983 0.9921147013144787 0
    outer loop
      vertex 44.88697706484724 -16.79644811117089 0
      vertex 44.662713633745696 -16.76811705131164 0
      vertex 44.88697706484724 -16.79644811117089 3
    endloop
  endfacet
  facet normal 0 1 0
    outer loop
      vertex 45.11302293515276 -16.79644811117089 0
      vertex 44.88697706484724 -16.79644811117089 0
      vertex 45.11302293515276 -16.79644811117089 3
    endloop
  endfacet
  facet normal -0.1253332335642983 0.9921147013144787 0
    outer loop
      vertex 45.337286366254304 -16.76811705131164 0
      vertex 45.11302293515276 -16.79644811117089 0
      vertex 45.337286366254304 -16.76811705131164 3
    endloop
  endfacet
  facet normal -0.24868988716485582 0.9685831611286309 0
    outer loop
      vertex 45.55623058987491 -16.711901729331277 0
      vertex 45.337286366254304 -16.76811705131164 0
      vertex 45.55623058987491 -16.711901729331277 3
    endloop
  endfacet
  facet normal -0.36812455268467775 0.9297764858882515 0
    outer loop
      vertex 45.766402724817134 -16.628688694438836 0
      vertex 45.55623058987491 -16.711901729331277 0
      vertex 45.766402724817134 -16.628688694438836 3
    endloop
  endfacet
  facet normal -0.48175367410171976 0.876306680043861 0
    outer loop
      vertex 45.964488230962196 -16.519790265903627 0
      vertex 45.766402724817134 -16.628688694438836 0
      vertex 45.964488230962196 -16.519790265903627 3
    endloop
  endfacet
  facet normal -0.5877852522924824 0.8090169943749408 0
    outer loop
      vertex 46.14736318154764 -16.38692383699642 0
      vertex 45.964488230962196 -16.519790265903627 0
      vertex 46.14736318154764 -16.38692383699642 3
    endloop
  endfacet
  facet normal -0.6845471059286794 0.7289686274214201 0
    outer loop
      vertex 46.31214352935854 -16.23218479067164 0
      vertex 46.14736318154764 -16.38692383699642 0
      vertex 46.31214352935854 -16.23218479067164 3
    endloop
  endfacet
  facet normal -0.77051324277579 0.6374239897486887 0
    outer loop
      vertex 46.31214352935854 -16.23218479067164 0
      vertex 46.31214352935854 -16.23218479067164 3
      vertex 46.456230589874906 -16.058013454126453 0
    endloop
  endfacet
  facet normal -0.8443279255020157 0.5358267949789955 0
    outer loop
      vertex 46.577352024078955 -15.867156613383088 0
      vertex 46.456230589874906 -16.058013454126453 0
      vertex 46.456230589874906 -16.058013454126453 3
    endloop
  endfacet
  facet normal -0.9048270524660205 0.4257792915650706 0
    outer loop
      vertex 46.67359767459885 -15.662624194832421 0
      vertex 46.577352024078955 -15.867156613383088 0
      vertex 46.577352024078955 -15.867156613383088 3
    endloop
  endfacet
  facet normal -0.9510565162951495 0.3090169943749597 0
    outer loop
      vertex 46.74344969003154 -15.447641796896738 0
      vertex 46.67359767459885 -15.662624194832421 0
      vertex 46.67359767459885 -15.662624194832421 3
    endloop
  endfacet
  facet normal -0.9822872507286907 0.18738131458571353 0
    outer loop
      vertex 46.78580646236606 -15.225599820415747 0
      vertex 46.74344969003154 -15.447641796896738 0
      vertex 46.74344969003154 -15.447641796896738 3
    endloop
  endfacet
  facet normal -0.9980267284282726 0.06279051952929711 0
    outer loop
      vertex 46.8 -15 0
      vertex 46.78580646236606 -15.225599820415747 0
      vertex 46.78580646236606 -15.225599820415747 3
    endloop
  endfacet
  facet normal -0.7705132427757964 -0.637423989748681 0
    outer loop
      vertex 46.31214352935854 -13.76781520932836 0
      vertex 46.456230589874906 -13.941986545873549 0
      vertex 46.456230589874906 -13.941986545873549 3
    endloop
  endfacet
  facet normal -0.9980267284282727 -0.06279051952929662 0
    outer loop
      vertex 46.78580646236606 -14.774400179584251 0
      vertex 46.8 -15 0
      vertex 46.8 -15 3
    endloop
  endfacet
  facet normal -0.9822872507286905 -0.18738131458571497 0
    outer loop
      vertex 46.74344969003154 -14.552358203103262 0
      vertex 46.78580646236606 -14.774400179584251 0
      vertex 46.78580646236606 -14.774400179584251 3
    endloop
  endfacet
  facet normal -0.9510565162951489 -0.30901699437496205 0
    outer loop
      vertex 46.67359767459885 -14.33737580516758 0
      vertex 46.74344969003154 -14.552358203103262 0
      vertex 46.74344969003154 -14.552358203103262 3
    endloop
  endfacet
  facet normal -0.904827052466022 -0.4257792915650676 0
    outer loop
      vertex 46.577352024078955 -14.132843386616912 0
      vertex 46.67359767459885 -14.33737580516758 0
      vertex 46.67359767459885 -14.33737580516758 3
    endloop
  endfacet
  facet normal -0.8443279255020135 -0.5358267949789991 0
    outer loop
      vertex 46.456230589874906 -13.941986545873549 0
      vertex 46.577352024078955 -14.132843386616912 0
      vertex 46.577352024078955 -14.132843386616912 3
    endloop
  endfacet
  facet normal 0.12533323356430603 -0.9921147013144777 0
    outer loop
      vertex 44.662713633745696 -13.23188294868836 0
      vertex 44.88697706484724 -13.20355188882911 0
      vertex 44.662713633745696 -13.23188294868836 3
    endloop
  endfacet
  facet normal 0 -1 0
    outer loop
      vertex 44.88697706484724 -13.20355188882911 0
      vertex 45.11302293515276 -13.20355188882911 0
      vertex 44.88697706484724 -13.20355188882911 3
    endloop
  endfacet
  facet normal -0.24868988716484847 -0.9685831611286327 0
    outer loop
      vertex 45.337286366254304 -13.23188294868836 0
      vertex 45.55623058987491 -13.288098270668723 0
      vertex 45.337286366254304 -13.23188294868836 3
    endloop
  endfacet
  facet normal -0.12533323356430603 -0.9921147013144777 0
    outer loop
      vertex 45.11302293515276 -13.20355188882911 0
      vertex 45.337286366254304 -13.23188294868836 0
      vertex 45.11302293515276 -13.20355188882911 3
    endloop
  endfacet
  facet normal -0.48175367410171976 -0.876306680043861 0
    outer loop
      vertex 45.766402724817134 -13.371311305561164 0
      vertex 45.964488230962196 -13.480209734096373 0
      vertex 45.766402724817134 -13.371311305561164 3
    endloop
  endfacet
  facet normal -0.6845471059286753 -0.7289686274214242 0
    outer loop
      vertex 46.14736318154764 -13.61307616300358 0
      vertex 46.31214352935854 -13.76781520932836 0
      vertex 46.14736318154764 -13.61307616300358 3
    endloop
  endfacet
  facet normal -0.5877852522924824 -0.8090169943749408 0
    outer loop
      vertex 45.964488230962196 -13.480209734096373 0
      vertex 46.14736318154764 -13.61307616300358 0
      vertex 45.964488230962196 -13.480209734096373 3
    endloop
  endfacet
  facet normal -0.36812455268467775 -0.9297764858882515 0
    outer loop
      vertex 45.55623058987491 -13.288098270668723 0
      vertex 45.766402724817134 -13.371311305561164 0
      vertex 45.55623058987491 -13.288098270668723 3
    endloop
  endfacet
  facet normal 0.48175367410171976 0.876306680043861 0
    outer loop
      vertex 44.035511769037804 -16.519790265903627 3
      vertex 44.233597275182866 -16.628688694438836 3
      vertex 44.035511769037804 -16.519790265903627 0
    endloop
  endfacet
  facet normal 0.24868988716485582 0.9685831611286309 0
    outer loop
      vertex 44.44376941012509 -16.711901729331277 3
      vertex 44.662713633745696 -16.76811705131164 3
      vertex 44.44376941012509 -16.711901729331277 0
    endloop
  endfacet
  facet normal 0.36812455268467775 0.9297764858882515 0
    outer loop
      vertex 44.233597275182866 -16.628688694438836 3
      vertex 44.44376941012509 -16.711901729331277 3
      vertex 44.233597275182866 -16.628688694438836 0
    endloop
  endfacet
  facet normal 0.77051324277579 0.6374239897486887 0
    outer loop
      vertex 43.68785647064146 -16.23218479067164 0
      vertex 43.543769410125094 -16.058013454126453 3
      vertex 43.68785647064146 -16.23218479067164 3
    endloop
  endfacet
  facet normal 0.8443279255020157 0.5358267949789955 0
    outer loop
      vertex 43.543769410125094 -16.058013454126453 0
      vertex 43.422647975921045 -15.867156613383088 3
      vertex 43.543769410125094 -16.058013454126453 3
    endloop
  endfacet
  facet normal 0.5877852522924824 0.8090169943749408 0
    outer loop
      vertex 43.85263681845236 -16.38692383699642 3
      vertex 44.035511769037804 -16.519790265903627 3
      vertex 43.85263681845236 -16.38692383699642 0
    endloop
  endfacet
  facet normal 0.6845471059286794 0.7289686274214201 0
    outer loop
      vertex 43.68785647064146 -16.23218479067164 0
      vertex 43.68785647064146 -16.23218479067164 3
      vertex 43.85263681845236 -16.38692383699642 3
    endloop
  endfacet
  facet normal 0.904827052466022 0.4257792915650676 0
    outer loop
      vertex 43.32640232540115 -15.66262419483242 3
      vertex 43.422647975921045 -15.867156613383088 3
      vertex 43.422647975921045 -15.867156613383088 0
    endloop
  endfacet
  facet normal 0.9510565162951489 0.30901699437496205 0
    outer loop
      vertex 43.32640232540115 -15.66262419483242 0
      vertex 43.25655030996846 -15.447641796896738 3
      vertex 43.32640232540115 -15.66262419483242 3
    endloop
  endfacet
  facet normal 0.9980267284282726 0.06279051952929711 0
    outer loop
      vertex 43.21419353763394 -15.225599820415747 0
      vertex 43.2 -15 3
      vertex 43.21419353763394 -15.225599820415747 3
    endloop
  endfacet
  facet normal 0.9822872507286907 0.18738131458571353 0
    outer loop
      vertex 43.25655030996846 -15.447641796896738 0
      vertex 43.21419353763394 -15.225599820415747 3
      vertex 43.25655030996846 -15.447641796896738 3
    endloop
  endfacet
  facet normal 0.9980267284282726 -0.06279051952929711 0
    outer loop
      vertex 43.2 -15 0
      vertex 43.21419353763394 -14.774400179584253 3
      vertex 43.2 -15 3
    endloop
  endfacet
  facet normal 0.9822872507286907 -0.18738131458571353 0
    outer loop
      vertex 43.21419353763394 -14.774400179584253 0
      vertex 43.25655030996846 -14.552358203103262 3
      vertex 43.21419353763394 -14.774400179584253 3
    endloop
  endfacet
  facet normal 0.9510565162951489 -0.30901699437496205 0
    outer loop
      vertex 43.25655030996846 -14.552358203103262 0
      vertex 43.32640232540115 -14.33737580516758 3
      vertex 43.25655030996846 -14.552358203103262 3
    endloop
  endfacet
  facet normal 0.904827052466022 -0.4257792915650676 0
    outer loop
      vertex 43.32640232540115 -14.33737580516758 0
      vertex 43.422647975921045 -14.132843386616912 3
      vertex 43.32640232540115 -14.33737580516758 3
    endloop
  endfacet
  facet normal 0.8443279255020135 -0.5358267949789991 0
    outer loop
      vertex 43.422647975921045 -14.132843386616912 0
      vertex 43.543769410125094 -13.941986545873549 3
      vertex 43.422647975921045 -14.132843386616912 3
    endloop
  endfacet
  facet normal 0.7705132427757933 -0.6374239897486849 0
    outer loop
      vertex 43.543769410125094 -13.941986545873549 0
      vertex 43.68785647064146 -13.767815209328361 3
      vertex 43.543769410125094 -13.941986545873549 3
    endloop
  endfacet
  facet normal 0.6845471059286794 -0.7289686274214201 0
    outer loop
      vertex 43.85263681845236 -13.61307616300358 3
      vertex 43.68785647064146 -13.767815209328361 3
      vertex 43.85263681845236 -13.61307616300358 0
    endloop
  endfacet
  facet normal 0.5877852522924824 -0.8090169943749408 0
    outer loop
      vertex 44.035511769037804 -13.480209734096373 3
      vertex 43.85263681845236 -13.61307616300358 3
      vertex 44.035511769037804 -13.480209734096373 0
    endloop
  endfacet
  facet normal 0.48175367410171976 -0.876306680043861 0
    outer loop
      vertex 44.233597275182866 -13.371311305561164 3
      vertex 44.035511769037804 -13.480209734096373 3
      vertex 44.233597275182866 -13.371311305561164 0
    endloop
  endfacet
  facet normal 0.36812455268467775 -0.9297764858882515 0
    outer loop
      vertex 44.44376941012509 -13.288098270668723 3
      vertex 44.233597275182866 -13.371311305561164 3
      vertex 44.44376941012509 -13.288098270668723 0
    endloop
  endfacet
  facet normal 0.24868988716484847 -0.9685831611286327 0
    outer loop
      vertex 44.662713633745696 -13.23188294868836 3
      vertex 44.44376941012509 -13.288098270668723 3
      vertex 44.662713633745696 -13.23188294868836 0
    endloop
  endfacet
  facet normal 0.1253332335642983 0.9921147013144787 0
    outer loop
      vertex 44.662713633745696 -16.76811705131164 3
      vertex 44.88697706484724 -16.79644811117089 3
      vertex 44.662713633745696 -16.76811705131164 0
    endloop
  endfacet
  facet normal 0 1 0
    outer loop
      vertex 44.88697706484724 -16.79644811117089 3
      vertex 45.11302293515276 -16.79644811117089 3
      vertex 44.88697706484724 -16.79644811117089 0
    endloop
  endfacet
  facet normal -0.1253332335642983 0.9921147013144787 0
    outer loop
      vertex 45.11302293515276 -16.79644811117089 3
      vertex 45.337286366254304 -16.76811705131164 3
      vertex 45.11302293515276 -16.79644811117089 0
    endloop
  endfacet
  facet normal -0.24868988716485582 0.9685831611286309 0
    outer loop
      vertex 45.337286366254304 -16.76811705131164 3
      vertex 45.55623058987491 -16.711901729331277 3
      vertex 45.337286366254304 -16.76811705131164 0
    endloop
  endfacet
  facet normal -0.36812455268467775 0.9297764858882515 0
    outer loop
      vertex 45.55623058987491 -16.711901729331277 3
      vertex 45.766402724817134 -16.628688694438836 3
      vertex 45.55623058987491 -16.711901729331277 0
    endloop
  endfacet
  facet normal -0.48175367410171976 0.876306680043861 0
    outer loop
      vertex 45.766402724817134 -16.628688694438836 3
      vertex 45.964488230962196 -16.519790265903627 3
      vertex 45.766402724817134 -16.628688694438836 0
    endloop
  endfacet
  facet normal -0.5877852522924824 0.8090169943749408 0
    outer loop
      vertex 45.964488230962196 -16.519790265903627 3
      vertex 46.14736318154764 -16.38692383699642 3
      vertex 45.964488230962196 -16.519790265903627 0
    endloop
  endfacet
  facet normal -0.6845471059286794 0.7289686274214201 0
    outer loop
      vertex 46.14736318154764 -16.38692383699642 3
      vertex 46.31214352935854 -16.23218479067164 3
      vertex 46.14736318154764 -16.38692383699642 0
    endloop
  endfacet
  facet normal -0.77051324277579 0.6374239897486887 0
    outer loop
      vertex 46.456230589874906 -16.058013454126453 0
      vertex 46.31214352935854 -16.23218479067164 3
      vertex 46.456230589874906 -16.058013454126453 3
    endloop
  endfacet
  facet normal -0.8443279255020157 0.5358267949789955 0
    outer loop
      vertex 46.456230589874906 -16.058013454126453 3
      vertex 46.577352024078955 -15.867156613383088 3
      vertex 46.577352024078955 -15.867156613383088 0
    endloop
  endfacet
  facet normal -0.9048270524660205 0.4257792915650706 0
    outer loop
      vertex 46.67359767459885 -15.662624194832421 0
      vertex 46.577352024078955 -15.867156613383088 3
      vertex 46.67359767459885 -15.662624194832421 3
    endloop
  endfacet
  facet normal -0.9510565162951495 0.3090169943749597 0
    outer loop
      vertex 46.74344969003154 -15.447641796896738 0
      vertex 46.67359767459885 -15.662624194832421 3
      vertex 46.74344969003154 -15.447641796896738 3
    endloop
  endfacet
  facet normal -0.9822872507286907 0.18738131458571353 0
    outer loop
      vertex 46.78580646236606 -15.225599820415747 0
      vertex 46.74344969003154 -15.447641796896738 3
      vertex 46.78580646236606 -15.225599820415747 3
    endloop
  endfacet
  facet normal -0.7705132427757964 -0.637423989748681 0
    outer loop
      vertex 46.31214352935854 -13.76781520932836 0
      vertex 46.456230589874906 -13.941986545873549 3
      vertex 46.31214352935854 -13.76781520932836 3
    endloop
  endfacet
  facet normal -0.9980267284282726 0.06279051952929711 0
    outer loop
      vertex 46.8 -15 0
      vertex 46.78580646236606 -15.225599820415747 3
      vertex 46.8 -15 3
    endloop
  endfacet
  facet normal -0.9980267284282727 -0.06279051952929662 0
    outer loop
      vertex 46.78580646236606 -14.774400179584251 0
      vertex 46.8 -15 3
      vertex 46.78580646236606 -14.774400179584251 3
    endloop
  endfacet
  facet normal -0.9822872507286905 -0.18738131458571497 0
    outer loop
      vertex 46.74344969003154 -14.552358203103262 0
      vertex 46.78580646236606 -14.774400179584251 3
      vertex 46.74344969003154 -14.552358203103262 3
    endloop
  endfacet
  facet normal -0.9510565162951489 -0.30901699437496205 0
    outer loop
      vertex 46.67359767459885 -14.33737580516758 0
      vertex 46.74344969003154 -14.552358203103262 3
      vertex 46.67359767459885 -14.33737580516758 3
    endloop
  endfacet
  facet normal -0.904827052466022 -0.4257792915650676 0
    outer loop
      vertex 46.577352024078955 -14.132843386616912 0
      vertex 46.67359767459885 -14.33737580516758 3
      vertex 46.577352024078955 -14.132843386616912 3
    endloop
  endfacet
  facet normal -0.8443279255020135 -0.5358267949789991 0
    outer loop
      vertex 46.456230589874906 -13.941986545873549 0
      vertex 46.577352024078955 -14.132843386616912 3
      vertex 46.456230589874906 -13.941986545873549 3
    endloop
  endfacet
  facet normal 0.12533323356430603 -0.9921147013144777 0
    outer loop
      vertex 44.88697706484724 -13.20355188882911 3
      vertex 44.662713633745696 -13.23188294868836 3
      vertex 44.88697706484724 -13.20355188882911 0
    endloop
  endfacet
  facet normal 0 -1 0
    outer loop
      vertex 45.11302293515276 -13.20355188882911 3
      vertex 44.88697706484724 -13.20355188882911 3
      vertex 45.11302293515276 -13.20355188882911 0
    endloop
  endfacet
  facet normal -0.24868988716484847 -0.9685831611286327 0
    outer loop
      vertex 45.55623058987491 -13.288098270668723 3
      vertex 45.337286366254304 -13.23188294868836 3
      vertex 45.55623058987491 -13.288098270668723 0
    endloop
  endfacet
  facet normal -0.12533323356430603 -0.9921147013144777 0
    outer loop
      vertex 45.337286366254304 -13.23188294868836 3
      vertex 45.11302293515276 -13.20355188882911 3
      vertex 45.337286366254304 -13.23188294868836 0
    endloop
  endfacet
  facet normal -0.48175367410171976 -0.876306680043861 0
    outer loop
      vertex 45.964488230962196 -13.480209734096373 3
      vertex 45.766402724817134 -13.371311305561164 3
      vertex 45.964488230962196 -13.480209734096373 0
    endloop
  endfacet
  facet normal -0.6845471059286753 -0.7289686274214242 0
    outer loop
      vertex 46.31214352935854 -13.76781520932836 3
      vertex 46.14736318154764 -13.61307616300358 3
      vertex 46.31214352935854 -13.76781520932836 0
    endloop
  endfacet
  facet normal -0.5877852522924824 -0.8090169943749408 0
    outer loop
      vertex 46.14736318154764 -13.61307616300358 3
      vertex 45.964488230962196 -13.480209734096373 3
      vertex 46.14736318154764 -13.61307616300358 0
    endloop
  endfacet
  facet normal -0.36812455268467775 -0.9297764858882515 0
    outer loop
      vertex 45.766402724817134 -13.371311305561164 3
      vertex 45.55623058987491 -13.288098270668723 3
      vertex 45.766402724817134 -13.371311305561164 0
    endloop
  endfacet
endsolid OpenSCAD_Model
